# Blender 5.1.2
# www.blender.org
mtllib Mothership.mtl
o MotherShip
v -0.000004 10.065425 -9.801712
v -0.000004 11.695027 -19.509033
v -0.000004 9.097742 -63.439331
v -0.000004 6.923340 -83.146957
v -0.000004 2.012610 -95.694038
v -0.000004 1.060669 -98.078522
v -0.000004 0.089935 -99.518471
v -0.000004 -1.870404 -99.518471
v -0.000004 -2.841138 -98.078522
v -0.000004 -3.793079 -95.694038
v -0.000004 -5.604199 -88.192123
v -0.000004 -6.445935 -83.146957
v -0.000004 -7.234168 -77.301041
v -0.000004 -7.961304 -70.710678
v -0.000004 -10.542353 -63.439331
v -0.000004 -12.381653 -29.028465
v -0.000004 -11.054904 -19.509033
v -0.000004 -10.717361 -9.801712
v 0.960732 10.065425 -9.754517
v 1.912216 11.695027 -19.415092
v 2.845284 7.385480 -28.888687
v 3.750950 9.519141 -38.084076
v 4.620492 5.589887 -46.912689
v 5.445537 5.085370 -55.289505
v 6.218138 9.097742 -63.133858
v 6.930855 8.438708 -70.370186
v 7.576823 7.711572 -76.928818
v 8.149823 6.923340 -82.746582
v 8.182618 6.081604 -81.910988
v 8.571915 2.936603 -85.807976
v 9.379652 2.012610 -95.233246
v 9.613373 1.060669 -97.606247
v 9.754513 0.089935 -99.039261
v 7.919028 -0.890234 -81.193756
v 9.754513 -1.870404 -99.039261
v 9.613373 -2.841138 -97.606247
v 9.379652 -3.793079 -95.233246
v 9.055599 -4.717072 -91.943069
v 8.644337 -5.604199 -87.767456
v 8.149823 -6.445935 -82.746582
v 7.576823 -7.234168 -76.928818
v 6.930855 -7.961304 -70.370186
v 6.218138 -10.542353 -63.133858
v 5.445537 -11.126947 -55.289505
v 4.620492 -11.631464 -46.912689
v 3.750950 -12.051044 -38.084076
v 2.845284 -12.381653 -28.888687
v 1.912216 -11.054904 -19.415092
v 0.960732 -10.717361 -9.754517
v 1.912216 10.065425 -9.613373
v 3.806020 11.695027 -19.134171
v 5.663169 7.385480 -28.470695
v 7.465780 9.519141 -37.533035
v 9.196491 5.589887 -46.233902
v 10.838634 5.085370 -54.489517
v 12.376396 6.839868 -62.220367
v 13.794966 6.180835 -69.351990
v 15.080681 5.453699 -75.815720
v 16.221163 4.665466 -81.549316
v 17.205425 3.823730 -86.497543
v 18.023991 2.936603 -90.612732
v 18.668976 2.012610 -93.855309
v 19.134167 1.060669 -96.193970
v 19.415087 0.089935 -97.606255
v 15.761795 -0.890234 -80.018951
v 19.415087 -1.870404 -97.606255
v 19.134167 -2.841138 -96.193970
v 18.668976 -3.793079 -93.855309
v 18.023991 -4.717072 -90.612732
v 17.205425 -5.604199 -86.497543
v 16.221163 -6.445935 -81.549316
v 15.080681 -7.234168 -75.815720
v 13.794966 -7.961304 -69.351990
v 12.376396 -8.620337 -62.220367
v 10.838634 -9.204932 -54.489517
v 9.196491 -9.709449 -46.233902
v 7.465780 -10.129028 -37.533035
v 5.663169 -10.459638 -28.470695
v 3.806020 -9.132892 -19.134171
v 1.912216 -8.795349 -9.613373
v 2.845284 10.065425 -9.379654
v 5.663170 11.695027 -18.668983
v 8.426516 7.385480 -27.778511
v 11.108711 9.519141 -36.620529
v 13.683922 5.589887 -45.109856
v 16.127350 5.085370 -53.164757
v 18.415462 6.839868 -60.707657
v 20.526222 6.180835 -67.665901
v 22.439304 5.453699 -73.972481
v 24.136284 4.665466 -79.566681
v 25.600819 3.823730 -84.394608
v 26.818802 2.936603 -88.409744
v 27.778507 2.012610 -91.573486
v 28.470688 1.060669 -93.855293
v 28.888683 0.089935 -95.233238
v 23.452768 -0.890234 -78.073524
v 28.888683 -1.870404 -95.233238
v 28.470688 -2.841138 -93.855293
v 27.778507 -3.793079 -91.573486
v 26.818802 -4.717072 -88.409744
v 25.600819 -5.604199 -84.394608
v 24.136284 -6.445935 -79.566681
v 22.439304 -7.234168 -73.972481
v 20.526222 -7.961304 -67.665901
v 18.415462 -8.620337 -60.707657
v 16.127350 -9.204932 -53.164757
v 13.683922 -9.709449 -45.109856
v 11.108711 -10.129028 -36.620529
v 8.426516 -10.459638 -27.778511
v 5.663170 -9.132892 -18.668983
v 2.845284 -8.795349 -9.379654
v 3.750949 10.065425 -9.055603
v 7.465780 11.695027 -18.023994
v 11.108709 7.385480 -26.818810
v 14.644659 9.519141 -35.355347
v 18.039570 5.589887 -43.551376
v 21.260750 5.085370 -51.327995
v 24.277176 6.839868 -58.610298
v 27.059801 6.180835 -65.328148
v 29.581825 5.453699 -71.416840
v 31.818960 4.665466 -76.817780
v 33.749660 3.823730 -81.478897
v 35.355331 2.936603 -85.355324
v 36.620518 2.012610 -88.409767
v 37.533020 1.060669 -90.612732
v 38.084064 0.089935 -91.943077
v 30.917877 -0.890234 -75.376205
v 38.084064 -1.870404 -91.943077
v 37.533020 -2.841138 -90.612732
v 36.620518 -3.793079 -88.409767
v 35.355331 -4.717072 -85.355324
v 33.749660 -5.604199 -81.478897
v 31.818960 -6.445935 -76.817780
v 29.581825 -7.234168 -71.416840
v 27.059801 -7.961304 -65.328148
v 24.277176 -8.620337 -58.610298
v 21.260750 -9.204932 -51.327995
v 18.039570 -9.709449 -43.551376
v 14.644659 -10.129028 -35.355347
v 11.108709 -10.459638 -26.818810
v 7.465780 -9.132892 -18.023994
v 3.750949 -8.795349 -9.055603
v 4.620492 10.065425 -8.644333
v 9.196491 11.695027 -17.205429
v 13.683922 7.385480 -25.600822
v 18.039570 9.519141 -33.749664
v 22.221485 5.589887 -41.573479
v 26.189396 5.085370 -48.996918
v 29.905088 6.839868 -55.948486
v 33.332779 6.180835 -62.361252
v 36.439457 5.453699 -68.173416
v 39.195202 4.665466 -73.329079
v 41.573475 3.823730 -77.778511
v 43.551369 2.936603 -81.478882
v 45.109852 2.012610 -84.394608
v 46.233891 1.060669 -86.497528
v 46.912678 0.089935 -87.767448
v 38.085232 -0.890234 -71.952972
v 46.912678 -1.870404 -87.767448
v 46.233891 -2.841138 -86.497528
v 45.109852 -3.793079 -84.394608
v 43.551369 -4.717072 -81.478882
v 41.573475 -5.604199 -77.778511
v 39.195202 -6.445935 -73.329079
v 36.439457 -7.234168 -68.173416
v 33.332779 -7.961304 -62.361252
v 29.905088 -8.620337 -55.948486
v 26.189396 -9.204932 -48.996918
v 22.221485 -9.709449 -41.573479
v 18.039570 -10.129028 -33.749664
v 13.683922 -10.459638 -25.600822
v 9.196491 -9.132892 -17.205429
v 4.620492 -8.795349 -8.644333
v 5.445537 10.065425 -8.149826
v 10.838634 11.695027 -16.221169
v 16.127348 7.385480 -24.136292
v 21.260750 9.519141 -31.818970
v 26.189396 5.589887 -39.195206
v 30.865824 5.085370 -46.193970
v 35.244999 6.839868 -52.747864
v 39.284744 6.180835 -58.793777
v 42.946156 5.453699 -64.273445
v 46.193974 4.665466 -69.134171
v 48.996914 3.823730 -73.329071
v 51.327984 2.936603 -76.817757
v 53.164753 2.012610 -79.566681
v 54.489502 1.060669 -81.549301
v 55.289494 0.089935 -82.746582
v 44.885803 -0.890234 -67.836792
v 55.289494 -1.870404 -82.746582
v 54.489502 -2.841138 -81.549301
v 53.164753 -3.793079 -79.566681
v 51.327984 -4.717072 -76.817757
v 48.996914 -5.604199 -73.329071
v 46.193974 -6.445935 -69.134171
v 42.946156 -7.234168 -64.273445
v 39.284744 -7.961304 -58.793777
v 35.244999 -8.620337 -52.747864
v 30.865824 -9.204932 -46.193970
v 26.189396 -9.709449 -39.195206
v 21.260750 -10.129028 -31.818970
v 16.127348 -10.459638 -24.136292
v 10.838634 -9.132892 -16.221169
v 5.445537 -8.795349 -8.149826
v 6.218138 10.065425 -7.576828
v 12.376396 11.695027 -15.080688
v 18.415461 7.385480 -22.439308
v 24.277178 9.519141 -29.581833
v 29.905088 5.589887 -36.439461
v 35.244995 5.085370 -42.946152
v 40.245480 6.839868 -49.039261
v 44.858376 6.180835 -54.660095
v 49.039257 5.453699 -59.754486
v 52.747868 4.665466 -64.273468
v 55.948483 3.823730 -68.173431
v 58.610283 2.936603 -71.416840
v 60.707645 2.012610 -73.972488
v 62.220348 1.060669 -75.815712
v 63.133842 0.089935 -76.928818
v 51.254101 -0.890234 -63.067307
v 63.133842 -1.870404 -76.928818
v 62.220348 -2.841138 -75.815712
v 60.707645 -3.793079 -73.972488
v 58.610283 -4.717072 -71.416840
v 55.948483 -5.604199 -68.173431
v 52.747868 -6.445935 -64.273468
v 49.039257 -7.234168 -59.754486
v 44.858376 -7.961304 -54.660095
v 40.245480 -8.620337 -49.039261
v 35.244995 -7.748859 -42.946152
v 29.905088 -8.253375 -36.439461
v 24.277178 -8.672956 -29.581833
v 18.415461 -10.459638 -22.439308
v 12.376396 -9.132892 -15.080688
v 6.218138 -8.795349 -7.576828
v 6.930855 10.065425 -6.930862
v 13.794966 11.695027 -13.794968
v 20.526220 7.385480 -20.526230
v 27.059803 9.519141 -27.059807
v 33.332779 5.589887 -33.332779
v 39.284740 5.085370 -39.284744
v 44.858372 6.839868 -44.858376
v 49.999996 6.180835 -50.000000
v 54.660084 5.453699 -54.660065
v 58.793774 4.665466 -58.793777
v 62.361237 3.823730 -62.361244
v 65.328133 2.936603 -65.328133
v 67.665894 2.012610 -67.665894
v 69.351982 1.060669 -69.351974
v 70.370178 0.089935 -70.370178
v 57.128792 -0.890234 -57.690445
v 70.370178 -1.870404 -70.370178
v 69.351982 -2.841138 -69.351974
v 67.665894 -3.793079 -67.665894
v 65.328133 -4.717072 -65.328133
v 62.361237 -5.604199 -62.361244
v 58.793774 -6.445935 -58.793777
v 54.660084 -7.234168 -54.660065
v 49.999996 -7.961304 -50.000000
v 44.858372 -8.620337 -44.858376
v 39.284740 -7.748859 -39.284744
v 33.332779 -8.253375 -33.332779
v 27.059803 -8.672956 -27.059807
v 20.526220 -10.459638 -20.526230
v 13.794966 -9.132892 -13.794968
v 6.930855 -8.795349 -6.930862
v 7.576824 10.065425 -6.218140
v 15.080683 11.695027 -12.376404
v 22.439304 7.385480 -18.415466
v 29.581827 9.519141 -24.277184
v 36.439457 5.589887 -29.905090
v 42.946152 5.085370 -35.244995
v 49.039253 6.839868 -40.245483
v 54.660088 6.180835 -44.858383
v 59.754505 5.453699 -49.039238
v 64.273468 4.665466 -52.747871
v 68.173424 3.823730 -55.948486
v 71.416832 2.936603 -58.610275
v 73.972481 2.012610 -60.707649
v 75.815720 1.060669 -62.220345
v 76.928810 0.089935 -63.133842
v 62.453300 -0.890234 -51.757996
v 76.928810 -1.870404 -63.133842
v 75.815720 -2.841138 -62.220345
v 73.972481 -3.793079 -60.707649
v 71.416832 -4.717072 -58.610275
v 68.173424 -5.604199 -55.948486
v 64.273468 -6.445935 -52.747871
v 59.754505 -7.234168 -49.039238
v 54.660088 -7.961304 -44.858383
v 49.039253 -8.620337 -40.245483
v 42.946152 -7.748859 -35.244995
v 36.439457 -8.253375 -29.905090
v 29.581827 -8.672956 -24.277184
v 22.439304 -10.459638 -18.415466
v 15.080683 -9.132892 -12.376404
v 7.576824 -8.795349 -6.218140
v 8.149823 10.065425 -5.445541
v 16.221165 11.695027 -10.838638
v 24.136284 7.385480 -16.127350
v 31.818962 9.519141 -21.260757
v 39.195206 5.589887 -26.189400
v 46.193966 5.085370 -30.865822
v 52.747864 6.839868 -35.244995
v 58.793774 6.180835 -39.284744
v 64.273460 5.453699 -42.946136
v 69.134171 4.665466 -46.193977
v 73.329056 3.823730 -48.996918
v 76.817749 2.936603 -51.327980
v 79.566673 2.012610 -53.164749
v 81.549309 1.060669 -54.489494
v 82.746582 0.089935 -55.289490
v 67.176353 -0.890234 -45.327095
v 82.746582 -1.870404 -55.289490
v 81.549309 -2.841138 -54.489494
v 79.566673 -3.793079 -53.164749
v 76.817749 -4.717072 -51.327980
v 73.329056 -5.604199 -48.996918
v 69.134171 -6.445935 -46.193977
v 64.273460 -7.234168 -42.946136
v 58.793774 -7.961304 -39.284744
v 52.747864 -8.620337 -35.244995
v 46.193966 -9.204932 -30.865822
v 39.195206 -9.709449 -26.189400
v 31.818962 -10.129028 -21.260757
v 24.136284 -10.459638 -16.127350
v 16.221165 -9.132892 -10.838638
v 8.149823 -8.795349 -5.445541
v 8.644337 10.065425 -4.620499
v 17.205427 11.695027 -9.196487
v 25.600819 7.385480 -13.683929
v 33.749664 9.519141 -18.039574
v 41.573479 5.589887 -22.221489
v 48.996906 5.085370 -26.189392
v 55.948483 6.839868 -29.905090
v 62.361244 6.180835 -33.332779
v 68.173424 5.453699 -36.439438
v 73.329071 4.665466 -39.195206
v 77.778488 3.823730 -41.573471
v 81.478874 2.936603 -43.551361
v 84.394600 2.012610 -45.109848
v 86.497528 1.060669 -46.233887
v 87.767456 0.089935 -46.912674
v 71.252464 -0.890234 -38.459671
v 87.767456 -1.870404 -46.912674
v 86.497528 -2.841138 -46.233887
v 84.394600 -3.793079 -45.109848
v 81.478874 -4.717072 -43.551361
v 77.778488 -5.604199 -41.573471
v 73.329071 -6.445935 -39.195206
v 68.173424 -7.234168 -36.439438
v 62.361244 -7.961304 -33.332779
v 55.948483 -8.620337 -29.905090
v 48.996906 -9.204932 -26.189392
v 41.573479 -9.709449 -22.221489
v 33.749664 -10.129028 -18.039574
v 25.600819 -10.459638 -13.683929
v 17.205427 -9.132892 -9.196487
v 8.644337 -8.795349 -4.620499
v 9.055599 10.065425 -3.750946
v 18.023993 11.695027 -7.465790
v 26.818802 7.385480 -11.108719
v 35.355339 9.519141 -14.644653
v 43.551376 5.589887 -18.039566
v 51.327980 5.085370 -21.260742
v 58.610283 6.839868 -24.277176
v 65.328148 6.180835 -27.059799
v 71.416840 5.453699 -29.581810
v 76.817772 4.665466 -31.818962
v 81.478874 3.823730 -33.749664
v 85.355316 2.936603 -35.355324
v 88.409752 2.012610 -36.620514
v 90.612732 1.060669 -37.533012
v 91.943077 0.089935 -38.084061
v 74.642372 -0.890234 -31.221848
v 91.943077 -1.870404 -38.084061
v 90.612732 -2.841138 -37.533012
v 88.409752 -3.793079 -36.620514
v 85.355316 -4.717072 -35.355324
v 81.478874 -5.604199 -33.749664
v 76.817772 -6.445935 -31.818962
v 71.416840 -7.234168 -29.581810
v 65.328148 -7.961304 -27.059799
v 58.610283 -8.620337 -24.277176
v 51.327980 -9.204932 -21.260742
v 43.551376 -9.709449 -18.039566
v 35.355339 -10.129028 -14.644653
v 26.818802 -10.459638 -11.108719
v 18.023993 -9.132892 -7.465790
v 9.055599 -8.795349 -3.750946
v 9.379652 10.065425 -2.845291
v 18.668978 11.695027 -5.663177
v 27.778505 7.385480 -8.426514
v 36.620522 9.519141 -11.108719
v 45.109852 5.589887 -13.683929
v 53.164738 5.085370 -16.127350
v 60.707634 6.839868 -18.415466
v 67.665894 6.180835 -20.526222
v 73.972466 5.453699 -22.439293
v 79.566681 4.665466 -24.136292
v 84.394577 3.823730 -25.600822
v 88.409737 2.936603 -26.818794
v 91.573471 2.012610 -27.778503
v 93.855286 1.060669 -28.470680
v 95.233231 0.089935 -28.888680
v 77.313431 -0.890234 -23.683350
v 95.233231 -1.870404 -28.888680
v 93.855286 -2.841138 -28.470680
v 91.573471 -3.793079 -27.778503
v 88.409737 -4.717072 -26.818794
v 84.394577 -5.604199 -25.600822
v 79.566681 -6.445935 -24.136292
v 73.972466 -7.234168 -22.439293
v 67.665894 -7.961304 -20.526222
v 60.707634 -8.620337 -18.415466
v 53.164738 -9.204932 -16.127350
v 45.109852 -9.709449 -13.683929
v 36.620522 -10.129028 -11.108719
v 27.778505 -10.459638 -8.426514
v 18.668978 -9.132892 -5.663177
v 9.379652 -8.795349 -2.845291
v 9.613373 10.065425 -1.912216
v 19.134169 11.695027 -3.806015
v 28.470688 7.385480 -5.663177
v 37.533028 9.519141 -7.465790
v 46.233894 5.589887 -9.196487
v 54.489491 5.085370 -10.838638
v 62.220341 6.839868 -12.376404
v 69.351990 6.180835 -13.794968
v 75.815697 5.453699 -15.080673
v 81.549316 4.665466 -16.221169
v 86.497513 3.823730 -17.205429
v 90.612717 2.936603 -18.023987
v 93.855293 2.012610 -18.668976
v 96.193954 1.060669 -19.134155
v 97.606247 0.089935 -19.415085
v 79.239922 -0.890234 -15.916763
v 97.606247 -1.870404 -19.415085
v 96.193954 -2.841138 -19.134155
v 93.855293 -3.793079 -18.668976
v 90.612717 -4.717072 -18.023987
v 86.497513 -5.604199 -17.205429
v 81.549316 -6.445935 -16.221169
v 75.815697 -7.234168 -15.080673
v 69.351990 -7.961304 -13.794968
v 62.220341 -8.620337 -12.376404
v 54.489491 -9.204932 -10.838638
v 46.233894 -9.709449 -9.196487
v 37.533028 -10.129028 -7.465790
v 28.470688 -10.459638 -5.663177
v 19.134169 -9.132892 -3.806015
v 9.613373 -8.795349 -1.912216
v 9.754511 10.065425 -0.960739
v 19.415087 11.695027 -1.912216
v 28.888681 7.385480 -2.845291
v 38.084068 9.519141 -3.750946
v 46.912678 5.589887 -4.620499
v 55.289478 5.085370 -5.445541
v 63.133831 9.097742 -6.218140
v 70.370186 8.438708 -6.930862
v 76.928787 7.711572 -7.576813
v 82.746582 6.923340 -8.149826
v 83.079529 6.081604 -8.067535
v 87.032127 2.936603 -8.451340
v 95.233231 2.012610 -9.379654
v 97.606224 1.060669 -9.613358
v 99.039253 0.089935 -9.754517
v 80.403282 -0.890234 -7.996887
v 99.039253 -1.870404 -9.754517
v 97.606224 -2.841138 -9.613358
v 95.233231 -3.793079 -9.379654
v 91.943054 -4.717072 -9.055588
v 87.767426 -5.604199 -8.644348
v 82.746582 -6.445935 -8.149826
v 76.928787 -7.234168 -7.576813
v 70.370186 -7.961304 -6.930862
v 63.133831 -10.542353 -6.218140
v 55.289478 -11.126947 -5.445541
v 46.912678 -11.631464 -4.620499
v 38.084068 -12.051044 -3.750946
v 28.888681 -12.381653 -2.845291
v 19.415087 -11.054904 -1.912216
v 9.754511 -10.717361 -0.960739
v 9.801710 10.065425 0.000000
v 19.509027 11.695027 0.000000
v 29.028461 7.385480 0.000000
v 38.268341 9.519141 0.000000
v 47.139668 5.589887 0.000000
v 55.556999 5.085370 0.000000
v 63.439308 9.097742 0.000000
v 70.710678 8.438708 0.000000
v 77.301018 7.711572 0.000015
v 83.146957 6.923340 0.000000
v 83.481514 6.081604 0.000000
v 87.453232 2.936603 0.000000
v 95.694023 2.012610 0.000000
v 98.078499 1.060669 0.000015
v 99.518463 0.089935 0.000000
v 80.792320 -0.890234 0.000000
v 99.518463 -1.870404 0.000000
v 98.078499 -2.841138 0.000015
v 95.694023 -3.793079 0.000000
v 92.387924 -4.717072 0.000000
v 88.192093 -5.604199 0.000000
v 83.146957 -6.445935 0.000000
v 77.301018 -7.234168 0.000015
v 70.710678 -7.961304 0.000000
v 63.439308 -10.542353 0.000000
v 55.556999 -11.126947 0.000000
v 47.139668 -11.631464 0.000000
v 38.268341 -12.051044 0.000000
v 29.028461 -12.381653 0.000000
v 19.509027 -11.054904 0.000000
v 9.801710 -10.717361 0.000000
v 9.754511 10.065425 0.960739
v 19.415087 11.695027 1.912216
v 28.888681 7.385480 2.845291
v 38.084068 9.519141 3.750961
v 46.912678 5.589887 4.620499
v 55.289478 5.085370 5.445541
v 63.133831 9.097742 6.218140
v 70.370186 8.438708 6.930862
v 76.928795 7.711572 7.576828
v 82.746582 6.923340 8.149826
v 83.079529 6.081604 8.067520
v 87.032127 2.936603 8.451355
v 95.233231 2.012610 9.379654
v 97.606224 1.060669 9.613388
v 99.039253 0.089935 9.754517
v 80.403282 -0.890234 7.996887
v 99.039253 -1.870404 9.754517
v 97.606224 -2.841138 9.613388
v 95.233231 -3.793079 9.379654
v 91.943054 -4.717072 9.055603
v 87.767426 -5.604199 8.644333
v 82.746582 -6.445935 8.149826
v 76.928795 -7.234168 7.576828
v 70.370186 -7.961304 6.930862
v 63.133831 -10.542353 6.218140
v 55.289478 -11.126947 5.445541
v 46.912678 -11.631464 4.620499
v 38.084068 -12.051044 3.750961
v 28.888681 -12.381653 2.845291
v 19.415087 -11.054904 1.912216
v 9.754511 -10.717361 0.960739
v 9.613373 10.065425 1.912216
v 19.134167 11.695027 3.806030
v 28.470688 7.385480 5.663177
v 37.533028 9.519141 7.465790
v 46.233891 5.589887 9.196503
v 54.489487 5.085370 10.838638
v 62.220337 6.839868 12.376404
v 69.351990 6.180835 13.794968
v 75.815704 5.453699 15.080688
v 81.549316 4.665466 16.221161
v 86.497513 3.823730 17.205414
v 90.612717 2.936603 18.024002
v 93.855293 2.012610 18.668976
v 96.193947 1.060669 19.134171
v 97.606247 0.089935 19.415100
v 79.239914 -0.890234 15.916763
v 97.606247 -1.870404 19.415100
v 96.193947 -2.841138 19.134171
v 93.855293 -3.793079 18.668976
v 90.612717 -4.717072 18.024002
v 86.497513 -5.604199 17.205414
v 81.549316 -6.445935 16.221161
v 75.815704 -7.234168 15.080688
v 69.351990 -7.961304 13.794968
v 62.220337 -8.620337 12.376404
v 54.489487 -9.204932 10.838638
v 46.233891 -9.709449 9.196503
v 37.533028 -10.129028 7.465790
v 28.470688 -10.459638 5.663177
v 19.134167 -9.132892 3.806030
v 9.613373 -8.795349 1.912216
v 9.379650 10.065425 2.845291
v 18.668974 11.695027 5.663177
v 27.778505 7.385480 8.426514
v 36.620522 9.519141 11.108719
v 45.109848 5.589887 13.683929
v 53.164734 5.085370 16.127350
v 60.707626 6.839868 18.415466
v 67.665901 6.180835 20.526230
v 73.972466 5.453699 22.439316
v 79.566681 4.665466 24.136292
v 84.394577 3.823730 25.600815
v 88.409729 2.936603 26.818802
v 91.573471 2.012610 27.778503
v 93.855263 1.060669 28.470703
v 95.233231 0.089935 28.888687
v 77.313431 -0.890234 23.683350
v 95.233231 -1.870404 28.888687
v 93.855263 -2.841138 28.470703
v 91.573471 -3.793079 27.778503
v 88.409729 -4.717072 26.818802
v 84.394577 -5.604199 25.600815
v 79.566681 -6.445935 24.136292
v 73.972466 -7.234168 22.439316
v 67.665901 -7.961304 20.526230
v 60.707626 -8.620337 18.415466
v 53.164734 -9.204932 16.127350
v 45.109848 -9.709449 13.683929
v 36.620522 -10.129028 11.108719
v 27.778505 -10.459638 8.426514
v 18.668974 -9.132892 5.663177
v 9.379650 -8.795349 2.845291
v 9.055597 10.065425 3.750946
v 18.023989 11.695027 7.465790
v 26.818802 7.385480 11.108704
v 35.355339 9.519141 14.644669
v 43.551373 5.589887 18.039581
v 51.327972 5.085370 21.260742
v 58.610271 6.839868 24.277176
v 65.328148 6.180835 27.059814
v 71.416824 5.453699 29.581833
v 76.817780 4.665466 31.818970
v 81.478874 3.823730 33.749649
v 85.355309 2.936603 35.355331
v 88.409752 2.012610 36.620514
v 90.612701 1.060669 37.533020
v 91.943069 0.089935 38.084076
v 74.642372 -0.890234 31.221848
v 91.943069 -1.870404 38.084076
v 90.612701 -2.841138 37.533020
v 88.409752 -3.793079 36.620514
v 85.355309 -4.717072 35.355331
v 81.478874 -5.604199 33.749649
v 76.817780 -6.445935 31.818970
v 71.416824 -7.234168 29.581833
v 65.328148 -7.961304 27.059814
v 58.610271 -8.620337 24.277176
v 51.327972 -9.204932 21.260742
v 43.551373 -9.709449 18.039581
v 35.355339 -10.129028 14.644669
v 26.818802 -10.459638 11.108704
v 18.023989 -9.132892 7.465790
v 9.055597 -8.795349 3.750946
v 8.644335 10.065425 4.620499
v 17.205423 11.695027 9.196503
v 25.600817 7.385480 13.683929
v 33.749664 9.519141 18.039581
v 41.573471 5.589887 22.221497
v 48.996899 5.085370 26.189392
v 55.948467 6.839868 29.905090
v 62.361244 6.180835 33.332794
v 68.173401 5.453699 36.439453
v 73.329079 4.665466 39.195206
v 77.778488 3.823730 41.573456
v 81.478867 2.936603 43.551376
v 84.394592 2.012610 45.109863
v 86.497498 1.060669 46.233887
v 87.767441 0.089935 46.912689
v 71.252464 -0.890234 38.459656
v 87.767441 -1.870404 46.912689
v 86.497498 -2.841138 46.233887
v 84.394592 -3.793079 45.109863
v 81.478867 -4.717072 43.551376
v 77.778488 -5.604199 41.573456
v 73.329079 -6.445935 39.195206
v 68.173401 -7.234168 36.439453
v 62.361244 -7.961304 33.332794
v 55.948467 -8.620337 29.905090
v 48.996899 -9.204932 26.189392
v 41.573471 -9.709449 22.221497
v 33.749664 -10.129028 18.039581
v 25.600817 -10.459638 13.683929
v 17.205423 -9.132892 9.196503
v 8.644335 -8.795349 4.620499
v 8.149822 10.065425 5.445541
v 16.221159 11.695027 10.838638
v 24.136282 7.385480 16.127350
v 31.818962 9.519141 21.260757
v 39.195198 5.589887 26.189392
v 46.193954 5.085370 30.865814
v 52.747849 6.839868 35.244995
v 58.793774 6.180835 39.284760
v 64.273430 5.453699 42.946167
v 69.134171 4.665466 46.193970
v 73.329048 3.823730 48.996902
v 76.817741 2.936603 51.327988
v 79.566666 2.012610 53.164764
v 81.549271 1.060669 54.489502
v 82.746567 0.089935 55.289505
v 67.176353 -0.890234 45.327087
v 82.746567 -1.870404 55.289505
v 81.549271 -2.841138 54.489502
v 79.566666 -3.793079 53.164764
v 76.817741 -4.717072 51.327988
v 73.329048 -5.604199 48.996902
v 69.134171 -6.445935 46.193970
v 64.273430 -7.234168 42.946167
v 58.793774 -7.961304 39.284760
v 52.747849 -8.620337 35.244995
v 46.193954 -9.204932 30.865814
v 39.195198 -9.709449 26.189392
v 31.818962 -10.129028 21.260757
v 24.136282 -10.459638 16.127350
v 16.221159 -9.132892 10.838638
v 8.149822 -8.795349 5.445541
v 7.576822 10.065425 6.218140
v 15.080677 11.695027 12.376404
v 22.439302 7.385480 18.415466
v 29.581825 9.519141 24.277191
v 36.439453 5.589887 29.905090
v 42.946140 5.085370 35.244995
v 49.039242 6.839868 40.245468
v 54.660088 6.180835 44.858383
v 59.754471 5.453699 49.039261
v 64.273468 4.665466 52.747864
v 68.173409 3.823730 55.948471
v 71.416824 2.936603 58.610291
v 73.972473 2.012610 60.707642
v 75.815681 1.060669 62.220337
v 76.928802 0.089935 63.133850
v 62.453300 -0.890234 51.757996
v 76.928802 -1.870404 63.133850
v 75.815681 -2.841138 62.220337
v 73.972473 -3.793079 60.707642
v 71.416824 -4.717072 58.610291
v 68.173409 -5.604199 55.948471
v 64.273468 -6.445935 52.747864
v 59.754471 -7.234168 49.039261
v 54.660088 -7.961304 44.858383
v 49.039242 -8.620337 40.245468
v 42.946140 -9.204932 35.244995
v 36.439453 -9.709449 29.905090
v 29.581825 -10.129028 24.277191
v 22.439302 -10.459638 18.415466
v 15.080677 -9.132892 12.376404
v 7.576822 -8.795349 6.218140
v 6.930853 10.065425 6.930862
v 13.794960 11.695027 13.794968
v 20.526220 7.385480 20.526215
v 27.059801 9.519141 27.059814
v 33.332775 5.589887 33.332779
v 39.284729 5.085370 39.284729
v 44.858360 6.839868 44.858368
v 49.999996 6.180835 50.000000
v 54.660049 5.453699 54.660080
v 58.793774 4.665466 58.793777
v 62.361217 3.823730 62.361221
v 65.328117 2.936603 65.328125
v 67.665878 2.012610 67.665894
v 69.351944 1.060669 69.351974
v 70.370171 0.089935 70.370178
v 57.128792 -0.890234 57.690445
v 70.370171 -1.870404 70.370178
v 69.351944 -2.841138 69.351974
v 67.665878 -3.793079 67.665894
v 65.328117 -4.717072 65.328125
v 62.361217 -5.604199 62.361221
v 58.793774 -6.445935 58.793777
v 54.660049 -7.234168 54.660080
v 49.999996 -7.961304 50.000000
v 44.858360 -8.620337 44.858368
v 39.284729 -7.748859 39.284729
v 33.332775 -8.253375 33.332779
v 27.059801 -8.672956 27.059814
v 20.526220 -10.459638 20.526215
v 13.794960 -9.132892 13.794968
v 6.930853 -8.795349 6.930862
v 6.218137 10.065425 7.576828
v 12.376390 11.695027 15.080688
v 18.415461 7.385480 22.439301
v 24.277176 9.519141 29.581833
v 29.905085 5.589887 36.439453
v 35.244984 5.085370 42.946136
v 40.245464 6.839868 49.039246
v 44.858376 6.180835 54.660095
v 49.039223 5.453699 59.754501
v 52.747868 4.665466 64.273468
v 55.948463 3.823730 68.173401
v 58.610260 2.936603 71.416840
v 60.707630 2.012610 73.972473
v 62.220310 1.060669 75.815704
v 63.133831 0.089935 76.928818
v 51.254101 -0.890234 63.067307
v 63.133831 -1.870404 76.928818
v 62.220310 -2.841138 75.815704
v 60.707630 -3.793079 73.972473
v 58.610260 -4.717072 71.416840
v 55.948463 -5.604199 68.173401
v 52.747868 -6.445935 64.273468
v 49.039223 -7.234168 59.754501
v 44.858376 -7.961304 54.660095
v 40.245464 -8.620337 49.039246
v 35.244984 -7.748859 42.946136
v 29.905085 -8.253375 36.439453
v 24.277176 -8.672956 29.581833
v 18.415461 -10.459638 22.439301
v 12.376390 -9.132892 15.080688
v 6.218137 -8.795349 7.576828
v 5.445536 10.065425 8.149826
v 10.838629 11.695027 16.221161
v 16.127348 7.385480 24.136292
v 21.260748 9.519141 31.818970
v 26.189392 5.589887 39.195206
v 30.865810 5.085370 46.193954
v 35.244984 6.839868 52.747849
v 39.284740 6.180835 58.793777
v 42.946121 5.453699 64.273453
v 46.193974 4.665466 69.134171
v 48.996891 3.823730 73.329041
v 51.327961 2.936603 76.817749
v 53.164734 2.012610 79.566666
v 54.489460 1.060669 81.549286
v 55.289478 0.089935 82.746582
v 44.885803 -0.890234 67.836792
v 55.289478 -1.870404 82.746582
v 54.489460 -2.841138 81.549286
v 53.164734 -3.793079 79.566666
v 51.327961 -4.717072 76.817749
v 48.996891 -5.604199 73.329041
v 46.193974 -6.445935 69.134171
v 42.946121 -7.234168 64.273453
v 39.284740 -7.961304 58.793777
v 35.244984 -8.620337 52.747849
v 30.865810 -7.748859 46.193954
v 26.189392 -8.253375 39.195206
v 21.260748 -8.672956 31.818970
v 16.127348 -10.459638 24.136292
v 10.838629 -9.132892 16.221161
v 5.445536 -8.795349 8.149826
v 4.620491 10.065425 8.644333
v 9.196486 11.695027 17.205429
v 13.683922 7.385480 25.600815
v 18.039566 9.519141 33.749664
v 22.221481 5.589887 41.573471
v 26.189383 5.085370 48.996902
v 29.905075 6.839868 55.948471
v 33.332775 6.180835 62.361252
v 36.439423 5.453699 68.173416
v 39.195202 4.665466 73.329071
v 41.573452 3.823730 77.778473
v 43.551346 2.936603 81.478882
v 45.109833 2.012610 84.394592
v 46.233849 1.060669 86.497498
v 46.912659 0.089935 87.767456
v 38.085232 -0.890234 71.952972
v 46.912659 -1.870404 87.767456
v 46.233849 -2.841138 86.497498
v 45.109833 -3.793079 84.394592
v 43.551346 -4.717072 81.478882
v 41.573452 -5.604199 77.778473
v 39.195202 -6.445935 73.329071
v 36.439423 -7.234168 68.173416
v 33.332775 -7.961304 62.361252
v 29.905075 -8.620337 55.948471
v 26.189383 -9.204932 48.996902
v 22.221481 -9.709449 41.573471
v 18.039566 -10.129028 33.749664
v 13.683922 -10.459638 25.600815
v 9.196486 -9.132892 17.205429
v 4.620491 -8.795349 8.644333
v 3.750949 10.065425 9.055603
v 7.465775 11.695027 18.023987
v 11.108709 7.385480 26.818802
v 14.644653 9.519141 35.355347
v 18.039566 5.589887 43.551376
v 21.260736 5.085370 51.327972
v 24.277164 6.839868 58.610260
v 27.059797 6.180835 65.328156
v 29.581795 5.453699 71.416824
v 31.818960 4.665466 76.817780
v 33.749641 3.823730 81.478851
v 35.355305 2.936603 85.355316
v 36.620499 2.012610 88.409744
v 37.532982 1.060669 90.612701
v 38.084045 0.089935 91.943085
v 30.917879 -0.890234 75.376205
v 38.084045 -1.870404 91.943085
v 37.532982 -2.841138 90.612701
v 36.620499 -3.793079 88.409744
v 35.355305 -4.717072 85.355316
v 33.749641 -5.604199 81.478851
v 31.818960 -6.445935 76.817780
v 29.581795 -7.234168 71.416824
v 27.059797 -7.961304 65.328156
v 24.277164 -8.620337 58.610260
v 21.260736 -9.204932 51.327972
v 18.039566 -9.709449 43.551376
v 14.644653 -10.129028 35.355347
v 11.108709 -10.459638 26.818802
v 7.465775 -9.132892 18.023987
v 3.750949 -8.795349 9.055603
v 2.845283 10.065425 9.379654
v 5.663164 11.695027 18.668976
v 8.426516 7.385480 27.778503
v 11.108706 9.519141 36.620529
v 13.683918 5.589887 45.109848
v 16.127338 5.085370 53.164734
v 18.415451 6.839868 60.707611
v 20.526218 6.180835 67.665894
v 22.439278 5.453699 73.972443
v 24.136284 4.665466 79.566681
v 25.600803 3.823730 84.394562
v 26.818775 2.936603 88.409729
v 27.778490 2.012610 91.573456
v 28.470652 1.060669 93.855255
v 28.888664 0.089935 95.233231
v 23.452770 -0.890234 78.073517
v 28.888664 -1.870404 95.233231
v 28.470652 -2.841138 93.855255
v 27.778490 -3.793079 91.573456
v 26.818775 -4.717072 88.409729
v 25.600803 -5.604199 84.394562
v 24.136284 -6.445935 79.566681
v 22.439278 -7.234168 73.972443
v 20.526218 -7.961304 67.665894
v 18.415451 -8.620337 60.707611
v 16.127338 -9.204932 53.164734
v 13.683918 -9.709449 45.109848
v 11.108706 -10.129028 36.620529
v 8.426516 -10.459638 27.778503
v 5.663164 -9.132892 18.668976
v 2.845283 -8.795349 9.379654
v 1.912215 10.065425 9.613373
v 3.806015 11.695027 19.134171
v 5.663170 7.385480 28.470688
v 7.465775 9.519141 37.533035
v 9.196487 5.589887 46.233887
v 10.838627 5.085370 54.489487
v 12.376389 6.839868 62.220322
v 13.794962 6.180835 69.351990
v 15.080658 5.453699 75.815674
v 16.221163 4.665466 81.549316
v 17.205414 3.823730 86.497498
v 18.023966 2.936603 90.612701
v 18.668961 2.012610 93.855286
v 19.134132 1.060669 96.193924
v 19.415070 0.089935 97.606232
v 15.761797 -0.890234 80.018951
v 19.415070 -1.870404 97.606232
v 19.134132 -2.841138 96.193924
v 18.668961 -3.793079 93.855286
v 18.023966 -4.717072 90.612701
v 17.205414 -5.604199 86.497498
v 16.221163 -6.445935 81.549316
v 15.080658 -7.234168 75.815674
v 13.794962 -7.961304 69.351990
v 12.376389 -8.620337 62.220322
v 10.838627 -9.204932 54.489487
v 9.196487 -9.709449 46.233887
v 7.465775 -10.129028 37.533035
v 5.663170 -10.459638 28.470688
v 3.806015 -9.132892 19.134171
v 1.912215 -8.795349 9.613373
v 0.960732 10.065425 9.754517
v 1.912211 11.695027 19.415085
v 2.845285 7.385480 28.888687
v 3.750944 9.519141 38.084076
v 4.620490 5.589887 46.912674
v 5.445532 5.085370 55.289474
v 6.218133 9.097742 63.133820
v 6.930852 8.438708 70.370178
v 7.576804 7.711572 76.928772
v 8.149822 6.923340 82.746582
v 8.182611 6.081604 81.910950
v 8.571896 2.936603 85.807938
v 9.379637 2.012610 95.233215
v 9.613342 1.060669 97.606201
v 9.754498 0.089935 99.039246
v 7.919030 -0.890234 81.193756
v 9.754498 -1.870404 99.039246
v 9.613342 -2.841138 97.606201
v 9.379637 -3.793079 95.233215
v 9.055578 -4.717072 91.943024
v 8.644327 -5.604199 87.767410
v 8.149822 -6.445935 82.746582
v 7.576804 -7.234168 76.928772
v 6.930852 -7.961304 70.370178
v 6.218133 -10.542353 63.133820
v 5.445532 -11.126947 55.289474
v 4.620490 -11.631464 46.912674
v 3.750944 -12.051044 38.084076
v 2.845285 -12.381653 28.888687
v 1.912211 -11.054904 19.415085
v 0.960732 -10.717361 9.754517
v -0.000004 10.065425 9.801712
v -0.000008 11.695027 19.509033
v -0.000002 7.385480 29.028458
v -0.000009 9.519141 38.268341
v -0.000005 5.589887 47.139664
v -0.000006 5.085370 55.556992
v -0.000005 9.097742 63.439285
v -0.000006 8.438708 70.710678
v -0.000019 7.711572 77.300995
v -0.000005 6.923340 83.146957
v -0.000008 6.081604 82.307281
v -0.000019 2.936603 86.223114
v -0.000017 2.012610 95.694016
v -0.000030 1.060669 98.078461
v -0.000017 0.089935 99.518463
v -0.000002 -0.890234 81.586609
v -0.000017 -1.870404 99.518463
v -0.000030 -2.841138 98.078461
v -0.000017 -3.793079 95.694016
v -0.000020 -4.717072 92.387909
v -0.000009 -5.604199 88.192078
v -0.000005 -6.445935 83.146957
v -0.000019 -7.234168 77.300995
v -0.000006 -7.961304 70.710678
v -0.000005 -10.542353 63.439285
v -0.000006 -11.126947 55.556992
v -0.000005 -11.631464 47.139664
v -0.000009 -12.051044 38.268341
v -0.000002 -12.381653 29.028458
v -0.000008 -11.054904 19.509033
v -0.000004 -10.717361 9.801712
v -0.960740 10.065425 9.754517
v -1.912227 11.695027 19.415085
v -2.845289 7.385480 28.888687
v -3.750963 9.519141 38.084076
v -4.620500 5.589887 46.912674
v -5.445543 5.085370 55.289474
v -6.218143 9.097742 63.133820
v -6.930865 8.438708 70.370178
v -7.576842 7.711572 76.928772
v -8.149832 6.923340 82.746582
v -8.182625 6.081604 81.910950
v -8.571932 2.936603 85.807938
v -9.379671 2.012610 95.233215
v -9.613400 1.060669 97.606201
v -9.754532 0.089935 99.039246
v -7.919034 -0.890234 81.193756
v -9.754532 -1.870404 99.039246
v -9.613400 -2.841138 97.606201
v -9.379671 -3.793079 95.233215
v -9.055618 -4.717072 91.943024
v -8.644344 -5.604199 87.767410
v -8.149832 -6.445935 82.746582
v -7.576842 -7.234168 76.928772
v -6.930865 -7.961304 70.370178
v -6.218143 -10.542353 63.133820
v -5.445543 -11.126947 55.289474
v -4.620500 -11.631464 46.912674
v -3.750963 -12.051044 38.084076
v -2.845289 -12.381653 28.888687
v -1.912227 -11.054904 19.415085
v -0.960740 -10.717361 9.754517
v -1.912223 10.065425 9.613373
v -3.806031 11.695027 19.134171
v -5.663174 7.385480 28.470688
v -7.465793 9.519141 37.533035
v -9.196497 5.589887 46.233887
v -10.838636 5.085370 54.489471
v -12.376396 6.839868 62.220322
v -13.794975 6.180835 69.351990
v -15.080696 5.453699 75.815689
v -16.221172 4.665466 81.549316
v -17.205429 3.823730 86.497498
v -18.024006 2.936603 90.612701
v -18.668993 2.012610 93.855286
v -19.134190 1.060669 96.193909
v -19.415104 0.089935 97.606232
v -15.761801 -0.890234 80.018951
v -19.415104 -1.870404 97.606232
v -19.134190 -2.841138 96.193909
v -18.668993 -3.793079 93.855286
v -18.024006 -4.717072 90.612701
v -17.205429 -5.604199 86.497498
v -16.221172 -6.445935 81.549316
v -15.080696 -7.234168 75.815689
v -13.794975 -7.961304 69.351990
v -12.376396 -8.620337 62.220322
v -10.838636 -9.204932 54.489471
v -9.196497 -9.709449 46.233887
v -7.465793 -10.129028 37.533035
v -5.663174 -10.459638 28.470688
v -3.806031 -9.132892 19.134171
v -1.912223 -8.795349 9.613373
v -2.845291 10.065425 9.379654
v -5.663180 11.695027 18.668976
v -8.426519 7.385480 27.778503
v -11.108723 9.519141 36.620514
v -13.683926 5.589887 45.109848
v -16.127350 5.085370 53.164734
v -18.415459 6.839868 60.707611
v -20.526234 6.180835 67.665894
v -22.439316 5.453699 73.972443
v -24.136293 4.665466 79.566681
v -25.600817 3.823730 84.394562
v -26.818813 2.936603 88.409698
v -27.778522 2.012610 91.573456
v -28.470707 1.060669 93.855225
v -28.888699 0.089935 95.233215
v -23.452774 -0.890234 78.073517
v -28.888699 -1.870404 95.233215
v -28.470707 -2.841138 93.855225
v -27.778522 -3.793079 91.573456
v -26.818813 -4.717072 88.409698
v -25.600817 -5.604199 84.394562
v -24.136293 -6.445935 79.566681
v -22.439316 -7.234168 73.972443
v -20.526234 -7.961304 67.665894
v -18.415459 -8.620337 60.707611
v -16.127350 -9.204932 53.164734
v -13.683926 -9.709449 45.109848
v -11.108723 -10.129028 36.620514
v -8.426519 -10.459638 27.778503
v -5.663180 -9.132892 18.668976
v -2.845291 -8.795349 9.379654
v -3.750957 10.065425 9.055603
v -7.465790 11.695027 18.023987
v -11.108713 7.385480 26.818802
v -14.644670 9.519141 35.355347
v -18.039572 5.589887 43.551361
v -21.260746 5.085370 51.327972
v -24.277168 6.839868 58.610260
v -27.059813 6.180835 65.328156
v -29.581833 5.453699 71.416809
v -31.818968 4.665466 76.817780
v -33.749653 3.823730 81.478867
v -35.355339 2.936603 85.355286
v -36.620533 2.012610 88.409744
v -37.533035 1.060669 90.612671
v -38.084080 0.089935 91.943054
v -30.917885 -0.890234 75.376205
v -38.084080 -1.870404 91.943054
v -37.533035 -2.841138 90.612671
v -36.620533 -3.793079 88.409744
v -35.355339 -4.717072 85.355286
v -33.749653 -5.604199 81.478867
v -31.818968 -6.445935 76.817780
v -29.581833 -7.234168 71.416809
v -27.059813 -7.961304 65.328156
v -24.277168 -8.620337 58.610260
v -21.260746 -9.204932 51.327972
v -18.039572 -9.709449 43.551361
v -14.644670 -10.129028 35.355347
v -11.108713 -10.459638 26.818802
v -7.465790 -9.132892 18.023987
v -3.750957 -8.795349 9.055603
v -4.620499 10.065425 8.644333
v -9.196499 11.695027 17.205429
v -13.683924 7.385480 25.600815
v -18.039581 9.519141 33.749664
v -22.221485 5.589887 41.573471
v -26.189388 5.085370 48.996887
v -29.905075 6.839868 55.948456
v -33.332790 6.180835 62.361252
v -36.439461 5.453699 68.173386
v -39.195210 4.665466 73.329071
v -41.573463 3.823730 77.778473
v -43.551373 2.936603 81.478851
v -45.109867 2.012610 84.394592
v -46.233898 1.060669 86.497467
v -46.912693 0.089935 87.767426
v -38.085239 -0.890234 71.952972
v -46.912693 -1.870404 87.767426
v -46.233898 -2.841138 86.497467
v -45.109867 -3.793079 84.394592
v -43.551373 -4.717072 81.478851
v -41.573463 -5.604199 77.778473
v -39.195210 -6.445935 73.329071
v -36.439461 -7.234168 68.173386
v -33.332790 -7.961304 62.361252
v -29.905075 -8.620337 55.948456
v -26.189388 -9.204932 48.996887
v -22.221485 -9.709449 41.573471
v -18.039581 -10.129028 33.749664
v -13.683924 -10.459638 25.600815
v -9.196499 -9.132892 17.205429
v -4.620499 -8.795349 8.644333
v -5.445543 10.065425 8.149826
v -10.838642 11.695027 16.221161
v -16.127350 7.385480 24.136276
v -21.260761 9.519141 31.818970
v -26.189396 5.589887 39.195190
v -30.865814 5.085370 46.193939
v -35.244980 6.839868 52.747833
v -39.284756 6.180835 58.793777
v -42.946156 5.453699 64.273407
v -46.193981 4.665466 69.134171
v -48.996899 3.823730 73.329041
v -51.327984 2.936603 76.817719
v -53.164768 2.012610 79.566650
v -54.489502 1.060669 81.549240
v -55.289509 0.089935 82.746567
v -44.885811 -0.890234 67.836792
v -55.289509 -1.870404 82.746567
v -54.489502 -2.841138 81.549240
v -53.164768 -3.793079 79.566650
v -51.327984 -4.717072 76.817719
v -48.996899 -5.604199 73.329041
v -46.193981 -6.445935 69.134171
v -42.946156 -7.234168 64.273407
v -39.284756 -7.961304 58.793777
v -35.244980 -8.620337 52.747833
v -30.865814 -9.204932 46.193939
v -26.189396 -9.709449 39.195190
v -21.260761 -10.129028 31.818970
v -16.127350 -10.459638 24.136276
v -10.838642 -9.132892 16.221161
v -5.445543 -8.795349 8.149826
v -6.218144 10.065425 7.576828
v -12.376402 11.695027 15.080673
v -18.415462 7.385480 22.439301
v -24.277187 9.519141 29.581818
v -29.905087 5.589887 36.439453
v -35.244984 5.085370 42.946136
v -40.245457 6.839868 49.039215
v -44.858387 6.180835 54.660095
v -49.039253 5.453699 59.754456
v -52.747875 4.665466 64.273468
v -55.948467 3.823730 68.173401
v -58.610279 2.936603 71.416809
v -60.707661 2.012610 73.972473
v -62.220341 1.060669 75.815643
v -63.133854 0.089935 76.928802
v -51.254108 -0.890234 63.067307
v -63.133854 -1.870404 76.928802
v -62.220341 -2.841138 75.815643
v -60.707661 -3.793079 73.972473
v -58.610279 -4.717072 71.416809
v -55.948467 -5.604199 68.173401
v -52.747875 -6.445935 64.273468
v -49.039253 -7.234168 59.754456
v -44.858387 -7.961304 54.660095
v -40.245457 -8.620337 49.039215
v -35.244984 -7.748859 42.946136
v -29.905087 -8.253375 36.439453
v -24.277187 -8.672956 29.581818
v -18.415462 -10.459638 22.439301
v -12.376402 -9.132892 15.080673
v -6.218144 -8.795349 7.576828
v -6.930861 10.065425 6.930862
v -13.794971 11.695027 13.794952
v -20.526222 7.385480 20.526215
v -27.059813 9.519141 27.059799
v -33.332775 5.589887 33.332779
v -39.284725 5.085370 39.284729
v -44.858349 6.839868 44.858337
v -50.000004 6.180835 50.000000
v -54.660076 5.453699 54.660034
v -58.793781 4.665466 58.793777
v -62.361221 3.823730 62.361206
v -65.328117 2.936603 65.328094
v -67.665901 2.012610 67.665863
v -69.351959 1.060669 69.351913
v -70.370186 0.089935 70.370178
v -57.128799 -0.890234 57.690445
v -70.370186 -1.870404 70.370178
v -69.351959 -2.841138 69.351913
v -67.665901 -3.793079 67.665863
v -65.328117 -4.717072 65.328094
v -62.361221 -5.604199 62.361206
v -58.793781 -6.445935 58.793777
v -54.660076 -7.234168 54.660034
v -50.000004 -7.961304 50.000000
v -44.858349 -8.620337 44.858337
v -39.284725 -7.748859 39.284729
v -33.332775 -8.253375 33.332779
v -27.059813 -8.672956 27.059799
v -20.526222 -10.459638 20.526215
v -13.794971 -9.132892 13.794952
v -6.930861 -8.795349 6.930862
v -7.576829 10.065425 6.218140
v -15.080687 11.695027 12.376389
v -22.439304 7.385480 18.415466
v -29.581837 9.519141 24.277176
v -36.439449 5.589887 29.905090
v -42.946133 5.085370 35.244980
v -49.039227 6.839868 40.245453
v -54.660095 6.180835 44.858383
v -59.754494 5.453699 49.039215
v -64.273468 4.665466 52.747864
v -68.173401 3.823730 55.948456
v -71.416817 2.936603 58.610245
v -73.972488 2.012610 60.707626
v -75.815689 1.060669 62.220291
v -76.928818 0.089935 63.133835
v -62.453308 -0.890234 51.757996
v -76.928818 -1.870404 63.133835
v -75.815689 -2.841138 62.220291
v -73.972488 -3.793079 60.707626
v -71.416817 -4.717072 58.610245
v -68.173401 -5.604199 55.948456
v -64.273468 -6.445935 52.747864
v -59.754494 -7.234168 49.039215
v -54.660095 -7.961304 44.858383
v -49.039227 -8.620337 40.245453
v -42.946133 -7.748859 35.244980
v -36.439449 -8.253375 29.905090
v -29.581837 -8.672956 24.277176
v -22.439304 -10.459638 18.415466
v -15.080687 -9.132892 12.376389
v -7.576829 -8.795349 6.218140
v -0.000004 -8.495704 0.000000
v -8.149828 10.065425 5.445541
v -16.221169 11.695027 10.838623
v -24.136284 7.385480 16.127350
v -31.818972 9.519141 21.260742
v -39.195194 5.589887 26.189392
v -46.193947 5.085370 30.865814
v -52.747833 6.839868 35.244965
v -58.793781 6.180835 39.284744
v -64.273438 5.453699 42.946106
v -69.134171 4.665466 46.193970
v -73.329033 3.823730 48.996887
v -76.817734 2.936603 51.327942
v -79.566673 2.012610 53.164734
v -81.549271 1.060669 54.489441
v -82.746582 0.089935 55.289490
v -67.176353 -0.890234 45.327087
v -82.746582 -1.870404 55.289490
v -81.549271 -2.841138 54.489441
v -79.566673 -3.793079 53.164734
v -76.817734 -4.717072 51.327942
v -73.329033 -5.604199 48.996887
v -69.134171 -6.445935 46.193970
v -64.273438 -7.234168 42.946106
v -58.793781 -7.961304 39.284744
v -52.747833 -8.620337 35.244965
v -46.193947 -9.204932 30.865814
v -39.195194 -9.709449 26.189392
v -31.818972 -10.129028 21.260742
v -24.136284 -10.459638 16.127350
v -16.221169 -9.132892 10.838623
v -8.149828 -8.795349 5.445541
v -8.644341 10.065425 4.620499
v -17.205431 11.695027 9.196487
v -25.600819 7.385480 13.683914
v -33.749672 9.519141 18.039566
v -41.573467 5.589887 22.221481
v -48.996891 5.085370 26.189377
v -55.948448 6.839868 29.905060
v -62.361252 6.180835 33.332779
v -68.173401 5.453699 36.439423
v -73.329071 4.665466 39.195206
v -77.778465 3.823730 41.573456
v -81.478859 2.936603 43.551331
v -84.394592 2.012610 45.109833
v -86.497482 1.060669 46.233841
v -87.767456 0.089935 46.912659
v -71.252464 -0.890234 38.459671
v -87.767456 -1.870404 46.912659
v -86.497482 -2.841138 46.233841
v -84.394592 -3.793079 45.109833
v -81.478859 -4.717072 43.551331
v -77.778465 -5.604199 41.573456
v -73.329071 -6.445935 39.195206
v -68.173401 -7.234168 36.439423
v -62.361252 -7.961304 33.332779
v -55.948448 -8.620337 29.905060
v -48.996891 -9.204932 26.189377
v -41.573467 -9.709449 22.221481
v -33.749672 -10.129028 18.039566
v -25.600819 -10.459638 13.683914
v -17.205431 -9.132892 9.196487
v -8.644341 -8.795349 4.620499
v -0.000004 10.517028 0.000000
v -9.055603 10.065425 3.750946
v -18.023994 11.695027 7.465775
v -26.818802 7.385480 11.108704
v -35.355347 9.519141 14.644653
v -43.551365 5.589887 18.039566
v -51.327965 5.085370 21.260742
v -58.610249 6.839868 24.277145
v -65.328148 6.180835 27.059799
v -71.416809 5.453699 29.581787
v -76.817772 4.665466 31.818970
v -81.478851 3.823730 33.749634
v -85.355293 2.936603 35.355301
v -88.409744 2.012610 36.620483
v -90.612679 1.060669 37.532974
v -91.943077 0.089935 38.084045
v -74.642372 -0.890234 31.221848
v -91.943077 -1.870404 38.084045
v -90.612679 -2.841138 37.532974
v -88.409744 -3.793079 36.620483
v -85.355293 -4.717072 35.355301
v -81.478851 -5.604199 33.749634
v -76.817772 -6.445935 31.818970
v -71.416809 -7.234168 29.581787
v -65.328148 -7.961304 27.059799
v -58.610249 -8.620337 24.277145
v -51.327965 -9.204932 21.260742
v -43.551365 -9.709449 18.039566
v -35.355347 -10.129028 14.644653
v -26.818802 -10.459638 11.108704
v -18.023994 -9.132892 7.465775
v -9.055603 -8.795349 3.750946
v -9.379656 10.065425 2.845291
v -18.668978 11.695027 5.663162
v -27.778505 7.385480 8.426514
v -36.620529 9.519141 11.108704
v -45.109840 5.589887 13.683929
v -53.164722 5.085370 16.127335
v -60.707600 6.839868 18.415436
v -67.665894 6.180835 20.526215
v -73.972435 5.453699 22.439270
v -79.566681 4.665466 24.136292
v -84.394554 3.823730 25.600800
v -88.409706 2.936603 26.818771
v -91.573463 2.012610 27.778488
v -93.855225 1.060669 28.470642
v -95.233231 0.089935 28.888672
v -77.313431 -0.890234 23.683350
v -95.233231 -1.870404 28.888672
v -93.855225 -2.841138 28.470642
v -91.573463 -3.793079 27.778488
v -88.409706 -4.717072 26.818771
v -84.394554 -5.604199 25.600800
v -79.566681 -6.445935 24.136292
v -73.972435 -7.234168 22.439270
v -67.665894 -7.961304 20.526215
v -60.707600 -8.620337 18.415436
v -53.164722 -9.204932 16.127335
v -45.109840 -9.709449 13.683929
v -36.620529 -10.129028 11.108704
v -27.778505 -10.459638 8.426514
v -18.668978 -9.132892 5.663162
v -9.379656 -8.795349 2.845291
v -9.613377 10.065425 1.912216
v -19.134169 11.695027 3.806015
v -28.470688 7.385480 5.663177
v -37.533035 9.519141 7.465775
v -46.233883 5.589887 9.196487
v -54.489475 5.085370 10.838623
v -62.220303 6.839868 12.376373
v -69.351990 6.180835 13.794968
v -75.815666 5.453699 15.080658
v -81.549316 4.665466 16.221161
v -86.497490 3.823730 17.205414
v -90.612686 2.936603 18.023956
v -93.855286 2.012610 18.668945
v -96.193893 1.060669 19.134125
v -97.606239 0.089935 19.415070
v -79.239922 -0.890234 15.916763
v -97.606239 -1.870404 19.415070
v -96.193893 -2.841138 19.134125
v -93.855286 -3.793079 18.668945
v -90.612686 -4.717072 18.023956
v -86.497490 -5.604199 17.205414
v -81.549316 -6.445935 16.221161
v -75.815666 -7.234168 15.080658
v -69.351990 -7.961304 13.794968
v -62.220303 -8.620337 12.376373
v -54.489475 -9.204932 10.838623
v -46.233883 -9.709449 9.196487
v -37.533035 -10.129028 7.465775
v -28.470688 -10.459638 5.663177
v -19.134169 -9.132892 3.806015
v -9.613377 -8.795349 1.912216
v -9.754517 10.065425 0.960739
v -19.415087 11.695027 1.912216
v -28.888681 7.385480 2.845291
v -38.084076 9.519141 3.750946
v -46.912666 5.589887 4.620499
v -55.289463 5.085370 5.445526
v -63.133793 9.097742 6.218124
v -70.370186 8.438708 6.930862
v -76.928757 7.711572 7.576797
v -82.746582 6.923340 8.149826
v -83.079506 6.081604 8.067505
v -87.032089 2.936603 8.451324
v -95.233223 2.012610 9.379623
v -97.606163 1.060669 9.613342
v -99.039246 0.089935 9.754501
v -80.403282 -0.890234 7.996887
v -99.039246 -1.870404 9.754501
v -97.606163 -2.841138 9.613342
v -95.233223 -3.793079 9.379623
v -91.943016 -4.717072 9.055573
v -87.767403 -5.604199 8.644318
v -82.746582 -6.445935 8.149826
v -76.928757 -7.234168 7.576797
v -70.370186 -7.961304 6.930862
v -63.133793 -10.542353 6.218124
v -55.289463 -11.126947 5.445526
v -46.912666 -11.631464 4.620499
v -38.084076 -12.051044 3.750946
v -28.888681 -12.381653 2.845291
v -19.415087 -11.054904 1.912216
v -9.754517 -10.717361 0.960739
v -9.801714 10.065425 0.000000
v -19.509027 11.695027 0.000000
v -29.028461 7.385480 0.000000
v -38.268349 9.519141 -0.000015
v -47.139656 5.589887 0.000000
v -55.556984 5.085370 0.000000
v -63.439266 9.097742 -0.000015
v -70.710678 8.438708 0.000000
v -77.300980 7.711572 -0.000015
v -83.146957 6.923340 0.000000
v -83.481491 6.081604 -0.000015
v -87.453194 2.936603 -0.000015
v -95.694016 2.012610 -0.000031
v -98.078430 1.060669 -0.000031
v -99.518456 0.089935 -0.000015
v -80.792320 -0.890234 0.000000
v -99.518456 -1.870404 -0.000015
v -98.078430 -2.841138 -0.000031
v -95.694016 -3.793079 -0.000031
v -92.387886 -4.717072 -0.000015
v -88.192070 -5.604199 -0.000015
v -83.146957 -6.445935 0.000000
v -77.300980 -7.234168 -0.000015
v -70.710678 -7.961304 0.000000
v -63.439266 -10.542353 -0.000015
v -55.556984 -11.126947 0.000000
v -47.139656 -11.631464 0.000000
v -38.268349 -12.051044 -0.000015
v -29.028461 -12.381653 0.000000
v -19.509027 -11.054904 0.000000
v -9.801714 -10.717361 0.000000
v -9.754517 10.065425 -0.960739
v -19.415087 11.695027 -1.912231
v -28.888681 7.385480 -2.845291
v -38.084076 9.519141 -3.750961
v -46.912666 5.589887 -4.620483
v -55.289463 5.085370 -5.445541
v -63.133789 9.097742 -6.218140
v -70.370186 8.438708 -6.930862
v -76.928757 7.711572 -7.576843
v -82.746582 6.923340 -8.149826
v -83.079506 6.081604 -8.067535
v -87.032089 2.936603 -8.451355
v -95.233223 2.012610 -9.379684
v -97.606155 1.060669 -9.613403
v -99.039246 0.089935 -9.754532
v -80.403282 -0.890234 -7.996887
v -99.039246 -1.870404 -9.754532
v -97.606155 -2.841138 -9.613403
v -95.233223 -3.793079 -9.379684
v -91.943016 -4.717072 -9.055618
v -87.767403 -5.604199 -8.644348
v -82.746582 -6.445935 -8.149826
v -76.928757 -7.234168 -7.576843
v -70.370186 -7.961304 -6.930862
v -63.133789 -10.542353 -6.218140
v -55.289463 -11.126947 -5.445541
v -46.912666 -11.631464 -4.620483
v -38.084076 -12.051044 -3.750961
v -28.888681 -12.381653 -2.845291
v -19.415087 -11.054904 -1.912231
v -9.754517 -10.717361 -0.960739
v -9.613377 10.065425 -1.912216
v -19.134167 11.695027 -3.806030
v -28.470688 7.385480 -5.663177
v -37.533031 9.519141 -7.465790
v -46.233879 5.589887 -9.196487
v -54.489471 5.085370 -10.838638
v -62.220295 6.839868 -12.376404
v -69.351990 6.180835 -13.794968
v -75.815666 5.453699 -15.080688
v -81.549316 4.665466 -16.221169
v -86.497482 3.823730 -17.205429
v -90.612679 2.936603 -18.024002
v -93.855278 2.012610 -18.668999
v -96.193878 1.060669 -19.134186
v -97.606239 0.089935 -19.415100
v -79.239914 -0.890234 -15.916756
v -97.606239 -1.870404 -19.415100
v -96.193878 -2.841138 -19.134186
v -93.855278 -3.793079 -18.668999
v -90.612679 -4.717072 -18.024002
v -86.497482 -5.604199 -17.205429
v -81.549316 -6.445935 -16.221169
v -75.815666 -7.234168 -15.080688
v -69.351990 -7.961304 -13.794968
v -62.220295 -8.620337 -12.376404
v -54.489471 -9.204932 -10.838638
v -46.233879 -9.709449 -9.196487
v -37.533031 -10.129028 -7.465790
v -28.470688 -10.459638 -5.663177
v -19.134167 -9.132892 -3.806030
v -9.613377 -8.795349 -1.912216
v -9.379656 10.065425 -2.845291
v -18.668974 11.695027 -5.663177
v -27.778505 7.385480 -8.426514
v -36.620522 9.519141 -11.108719
v -45.109837 5.589887 -13.683914
v -53.164719 5.085370 -16.127342
v -60.707588 6.839868 -18.415451
v -67.665901 6.180835 -20.526230
v -73.972427 5.453699 -22.439308
v -79.566681 4.665466 -24.136292
v -84.394547 3.823730 -25.600815
v -88.409691 2.936603 -26.818810
v -91.573456 2.012610 -27.778534
v -93.855194 1.060669 -28.470695
v -95.233223 0.089935 -28.888695
v -77.313431 -0.890234 -23.683342
v -95.233223 -1.870404 -28.888695
v -93.855194 -2.841138 -28.470695
v -91.573456 -3.793079 -27.778534
v -88.409691 -4.717072 -26.818810
v -84.394547 -5.604199 -25.600815
v -79.566681 -6.445935 -24.136292
v -73.972427 -7.234168 -22.439308
v -67.665901 -7.961304 -20.526230
v -60.707588 -8.620337 -18.415451
v -53.164719 -9.204932 -16.127342
v -45.109837 -9.709449 -13.683914
v -36.620522 -10.129028 -11.108719
v -27.778505 -10.459638 -8.426514
v -18.668974 -9.132892 -5.663177
v -9.379656 -8.795349 -2.845291
v -9.055603 10.065425 -3.750946
v -18.023989 11.695027 -7.465790
v -26.818802 7.385480 -11.108704
v -35.355339 9.519141 -14.644669
v -43.551361 5.589887 -18.039558
v -51.327957 5.085370 -21.260742
v -58.610233 6.839868 -24.277161
v -65.328148 6.180835 -27.059807
v -71.416786 5.453699 -29.581825
v -76.817780 4.665466 -31.818970
v -81.478851 3.823730 -33.749657
v -85.355270 2.936603 -35.355331
v -88.409737 2.012610 -36.620537
v -90.612633 1.060669 -37.533020
v -91.943062 0.089935 -38.084076
v -74.642372 -0.890234 -31.221848
v -91.943062 -1.870404 -38.084076
v -90.612633 -2.841138 -37.533020
v -88.409737 -3.793079 -36.620537
v -85.355270 -4.717072 -35.355331
v -81.478851 -5.604199 -33.749657
v -76.817780 -6.445935 -31.818970
v -71.416786 -7.234168 -29.581825
v -65.328148 -7.961304 -27.059807
v -58.610233 -8.620337 -24.277161
v -51.327957 -9.204932 -21.260742
v -43.551361 -9.709449 -18.039558
v -35.355339 -10.129028 -14.644669
v -26.818802 -10.459638 -11.108704
v -18.023989 -9.132892 -7.465790
v -9.055603 -8.795349 -3.750946
v -8.644341 10.065425 -4.620499
v -17.205423 11.695027 -9.196503
v -25.600817 7.385480 -13.683914
v -33.749664 9.519141 -18.039581
v -41.573463 5.589887 -22.221474
v -48.996883 5.085370 -26.189384
v -55.948429 6.839868 -29.905067
v -62.361252 6.180835 -33.332787
v -68.173363 5.453699 -36.439453
v -73.329079 4.665466 -39.195206
v -77.778465 3.823730 -41.573471
v -81.478828 2.936603 -43.551361
v -84.394577 2.012610 -45.109863
v -86.497429 1.060669 -46.233879
v -87.767433 0.089935 -46.912689
v -71.252464 -0.890234 -38.459663
v -87.767433 -1.870404 -46.912689
v -86.497429 -2.841138 -46.233879
v -84.394577 -3.793079 -45.109863
v -81.478828 -4.717072 -43.551361
v -77.778465 -5.604199 -41.573471
v -73.329079 -6.445935 -39.195206
v -68.173363 -7.234168 -36.439453
v -62.361252 -7.961304 -33.332787
v -55.948429 -8.620337 -29.905067
v -48.996883 -9.204932 -26.189384
v -41.573463 -9.709449 -22.221474
v -33.749664 -10.129028 -18.039581
v -25.600817 -10.459638 -13.683914
v -17.205423 -9.132892 -9.196503
v -8.644341 -8.795349 -4.620499
v -8.149828 10.065425 -5.445541
v -16.221159 11.695027 -10.838638
v -24.136282 7.385480 -16.127350
v -31.818960 9.519141 -21.260757
v -39.195190 5.589887 -26.189384
v -46.193939 5.085370 -30.865807
v -52.747810 6.839868 -35.244972
v -58.793781 6.180835 -39.284752
v -64.273392 5.453699 -42.946144
v -69.134171 4.665466 -46.193977
v -73.329025 3.823730 -48.996902
v -76.817703 2.936603 -51.327972
v -79.566650 2.012610 -53.164764
v -81.549202 1.060669 -54.489479
v -82.746567 0.089935 -55.289505
v -67.176353 -0.890234 -45.327095
v -82.746567 -1.870404 -55.289505
v -81.549202 -2.841138 -54.489479
v -79.566650 -3.793079 -53.164764
v -76.817703 -4.717072 -51.327972
v -73.329025 -5.604199 -48.996902
v -69.134171 -6.445935 -46.193977
v -64.273392 -7.234168 -42.946144
v -58.793781 -7.961304 -39.284752
v -52.747810 -8.620337 -35.244972
v -46.193939 -9.204932 -30.865807
v -39.195190 -9.709449 -26.189384
v -31.818960 -10.129028 -21.260757
v -24.136282 -10.459638 -16.127350
v -16.221159 -9.132892 -10.838638
v -8.149828 -8.795349 -5.445541
v -7.576828 10.065425 -6.218140
v -15.080677 11.695027 -12.376404
v -22.439302 7.385480 -18.415459
v -29.581825 9.519141 -24.277184
v -36.439445 5.589887 -29.905075
v -42.946125 5.085370 -35.244980
v -49.039204 6.839868 -40.245445
v -54.660095 6.180835 -44.858383
v -59.754444 5.453699 -49.039238
v -64.273468 4.665466 -52.747871
v -68.173393 3.823730 -55.948471
v -71.416786 2.936603 -58.610268
v -73.972458 2.012610 -60.707657
v -75.815613 1.060669 -62.220322
v -76.928802 0.089935 -63.133850
v -62.453308 -0.890234 -51.757996
v -76.928802 -1.870404 -63.133850
v -75.815613 -2.841138 -62.220322
v -73.972458 -3.793079 -60.707657
v -71.416786 -4.717072 -58.610268
v -68.173393 -5.604199 -55.948471
v -64.273468 -6.445935 -52.747871
v -59.754444 -7.234168 -49.039238
v -54.660095 -7.961304 -44.858383
v -49.039204 -8.620337 -40.245445
v -42.946125 -7.748859 -35.244980
v -36.439445 -8.253375 -29.905075
v -29.581825 -8.672956 -24.277184
v -22.439302 -10.459638 -18.415459
v -15.080677 -9.132892 -12.376404
v -7.576828 -8.795349 -6.218140
v -6.930859 10.065425 -6.930862
v -13.794960 11.695027 -13.794968
v -20.526220 7.385480 -20.526215
v -27.059801 9.519141 -27.059807
v -33.332771 5.589887 -33.332764
v -39.284714 5.085370 -39.284714
v -44.858322 6.839868 -44.858337
v -50.000004 6.180835 -50.000000
v -54.660023 5.453699 -54.660065
v -58.793781 4.665466 -58.793777
v -62.361210 3.823730 -62.361221
v -65.328079 2.936603 -65.328110
v -67.665863 2.012610 -67.665901
v -69.351883 1.060669 -69.351936
v -70.370171 0.089935 -70.370186
v -57.128799 -0.890234 -57.690445
v -70.370171 -1.870404 -70.370186
v -69.351883 -2.841138 -69.351936
v -67.665863 -3.793079 -67.665901
v -65.328079 -4.717072 -65.328110
v -62.361210 -5.604199 -62.361221
v -58.793781 -6.445935 -58.793777
v -54.660023 -7.234168 -54.660065
v -50.000004 -7.961304 -50.000000
v -44.858322 -8.620337 -44.858337
v -39.284714 -7.748859 -39.284714
v -33.332771 -8.253375 -33.332764
v -27.059801 -8.672956 -27.059807
v -20.526220 -10.459638 -20.526215
v -13.794960 -9.132892 -13.794968
v -6.930859 -8.795349 -6.930862
v -6.218143 10.065425 -7.576828
v -12.376390 11.695027 -15.080688
v -18.415461 7.385480 -22.439301
v -24.277176 9.519141 -29.581833
v -29.905083 5.589887 -36.439438
v -35.244972 5.085370 -42.946121
v -40.245430 6.839868 -49.039215
v -44.858383 6.180835 -54.660095
v -49.039196 5.453699 -59.754478
v -52.747875 4.665466 -64.273468
v -55.948456 3.823730 -68.173401
v -58.610233 2.936603 -71.416809
v -60.707619 2.012610 -73.972488
v -62.220261 1.060669 -75.815666
v -63.133839 0.089935 -76.928818
v -51.254108 -0.890234 -63.067307
v -63.133839 -1.870404 -76.928818
v -62.220261 -2.841138 -75.815666
v -60.707619 -3.793079 -73.972488
v -58.610233 -4.717072 -71.416809
v -55.948456 -5.604199 -68.173401
v -52.747875 -6.445935 -64.273468
v -49.039196 -7.234168 -59.754478
v -44.858383 -7.961304 -54.660095
v -40.245430 -8.620337 -49.039215
v -35.244972 -7.748859 -42.946121
v -29.905083 -8.253375 -36.439438
v -24.277176 -8.672956 -29.581833
v -18.415461 -10.459638 -22.439301
v -12.376390 -9.132892 -15.080688
v -6.218143 -8.795349 -7.576828
v -5.445542 10.065425 -8.149826
v -10.838629 11.695027 -16.221161
v -16.127348 7.385480 -24.136276
v -21.260748 9.519141 -31.818970
v -26.189392 5.589887 -39.195183
v -30.865799 5.085370 -46.193939
v -35.244953 6.839868 -52.747818
v -39.284748 6.180835 -58.793777
v -42.946095 5.453699 -64.273422
v -46.193981 4.665466 -69.134171
v -48.996883 3.823730 -73.329033
v -51.327934 2.936603 -76.817719
v -53.164722 2.012610 -79.566673
v -54.489418 1.060669 -81.549240
v -55.289486 0.089935 -82.746582
v -44.885811 -0.890234 -67.836792
v -55.289486 -1.870404 -82.746582
v -54.489418 -2.841138 -81.549240
v -53.164722 -3.793079 -79.566673
v -51.327934 -4.717072 -76.817719
v -48.996883 -5.604199 -73.329033
v -46.193981 -6.445935 -69.134171
v -42.946095 -7.234168 -64.273422
v -39.284748 -7.961304 -58.793777
v -35.244953 -8.620337 -52.747818
v -30.865799 -9.204932 -46.193939
v -26.189392 -9.709449 -39.195183
v -21.260748 -10.129028 -31.818970
v -16.127348 -10.459638 -24.136276
v -10.838629 -9.132892 -16.221161
v -5.445542 -8.795349 -8.149826
v -4.620498 10.065425 -8.644333
v -9.196486 11.695027 -17.205429
v -13.683922 7.385480 -25.600815
v -18.039566 9.519141 -33.749664
v -22.221481 5.589887 -41.573456
v -26.189373 5.085370 -48.996880
v -29.905048 6.839868 -55.948425
v -33.332783 6.180835 -62.361252
v -36.439400 5.453699 -68.173378
v -39.195210 4.665466 -73.329071
v -41.573444 3.823730 -77.778465
v -43.551323 2.936603 -81.478836
v -45.109821 2.012610 -84.394592
v -46.233814 1.060669 -86.497452
v -46.912666 0.089935 -87.767456
v -38.085239 -0.890234 -71.952972
v -46.912666 -1.870404 -87.767456
v -46.233814 -2.841138 -86.497452
v -45.109821 -3.793079 -84.394592
v -43.551323 -4.717072 -81.478836
v -41.573444 -5.604199 -77.778465
v -39.195210 -6.445935 -73.329071
v -36.439400 -7.234168 -68.173378
v -33.332783 -7.961304 -62.361252
v -29.905048 -8.620337 -55.948425
v -26.189373 -9.204932 -48.996880
v -22.221481 -9.709449 -41.573456
v -18.039566 -10.129028 -33.749664
v -13.683922 -10.459638 -25.600815
v -9.196486 -9.132892 -17.205429
v -4.620498 -8.795349 -8.644333
v -3.750956 10.065425 -9.055603
v -7.465775 11.695027 -18.023987
v -11.108711 7.385480 -26.818794
v -14.644653 9.519141 -35.355331
v -18.039568 5.589887 -43.551353
v -21.260729 5.085370 -51.327950
v -24.277142 6.839868 -58.610229
v -27.059805 6.180835 -65.328148
v -29.581776 5.453699 -71.416786
v -31.818968 4.665466 -76.817772
v -33.749634 3.823730 -81.478851
v -35.355289 2.936603 -85.355270
v -36.620487 2.012610 -88.409744
v -37.532951 1.060669 -90.612648
v -38.084053 0.089935 -91.943077
v -30.917887 -0.890234 -75.376205
v -38.084053 -1.870404 -91.943077
v -37.532951 -2.841138 -90.612648
v -36.620487 -3.793079 -88.409744
v -35.355289 -4.717072 -85.355270
v -33.749634 -5.604199 -81.478851
v -31.818968 -6.445935 -76.817772
v -29.581776 -7.234168 -71.416786
v -27.059805 -7.961304 -65.328148
v -24.277142 -8.620337 -58.610229
v -21.260729 -9.204932 -51.327950
v -18.039568 -9.709449 -43.551353
v -14.644653 -10.129028 -35.355331
v -11.108711 -10.459638 -26.818794
v -7.465775 -9.132892 -18.023987
v -3.750956 -8.795349 -9.055603
v -2.845290 10.065425 -9.379654
v -5.663166 11.695027 -18.668976
v -8.426517 7.385480 -27.778496
v -11.108707 9.519141 -36.620514
v -13.683922 5.589887 -45.109825
v -16.127333 5.085370 -53.164703
v -18.415434 6.839868 -60.707573
v -20.526226 6.180835 -67.665894
v -22.439262 5.453699 -73.972412
v -24.136292 4.665466 -79.566681
v -25.600796 3.823730 -84.394554
v -26.818764 2.936603 -88.409683
v -27.778479 2.012610 -91.573456
v -28.470627 1.060669 -93.855194
v -28.888672 0.089935 -95.233231
v -23.452778 -0.890234 -78.073524
v -28.888672 -1.870404 -95.233231
v -28.470627 -2.841138 -93.855194
v -27.778479 -3.793079 -91.573456
v -26.818764 -4.717072 -88.409683
v -25.600796 -5.604199 -84.394554
v -24.136292 -6.445935 -79.566681
v -22.439262 -7.234168 -73.972412
v -20.526226 -7.961304 -67.665894
v -18.415434 -8.620337 -60.707573
v -16.127333 -9.204932 -53.164703
v -13.683922 -9.709449 -45.109825
v -11.108707 -10.129028 -36.620514
v -8.426517 -10.459638 -27.778496
v -5.663166 -9.132892 -18.668976
v -2.845290 -8.795349 -9.379654
v -1.912222 10.065425 -9.613373
v -3.806016 11.695027 -19.134163
v -5.663174 7.385480 -28.470680
v -7.465777 9.519141 -37.533020
v -9.196493 5.589887 -46.233871
v -10.838623 5.085370 -54.489456
v -12.376377 6.839868 -62.220276
v -13.794970 6.180835 -69.351990
v -15.080647 5.453699 -75.815643
v -16.221170 4.665466 -81.549316
v -17.205406 3.823730 -86.497490
v -18.023960 2.936603 -90.612663
v -18.668949 2.012610 -93.855270
v -19.134113 1.060669 -96.193863
v -19.415077 0.089935 -97.606239
v -15.761805 -0.890234 -80.018951
v -19.415077 -1.870404 -97.606239
v -19.134113 -2.841138 -96.193863
v -18.668949 -3.793079 -93.855270
v -18.023960 -4.717072 -90.612663
v -17.205406 -5.604199 -86.497490
v -16.221170 -6.445935 -81.549316
v -15.080647 -7.234168 -75.815643
v -13.794970 -7.961304 -69.351990
v -12.376377 -8.620337 -62.220276
v -10.838623 -9.204932 -54.489456
v -9.196493 -9.709449 -46.233871
v -7.465777 -10.129028 -37.533020
v -5.663174 -10.459638 -28.470680
v -3.806016 -9.132892 -19.134163
v -1.912222 -8.795349 -9.613373
v -0.960739 10.065425 -9.754517
v -1.912214 11.695027 -19.415077
v -2.845289 7.385480 -28.888672
v -3.750948 9.519141 -38.084061
v -4.620498 5.589887 -46.912651
v -5.445531 5.085370 -55.289444
v -6.218127 9.097742 -63.133766
v -6.930860 8.438708 -70.370186
v -7.576797 7.711572 -76.928734
v -8.149830 6.923340 -82.746582
v -8.182602 6.081604 -81.910934
v -8.571892 2.936603 -85.807907
v -9.379625 2.012610 -95.233208
v -9.613329 1.060669 -97.606133
v -9.754503 0.089935 -99.039246
v -7.919037 -0.890234 -81.193756
v -9.754503 -1.870404 -99.039246
v -9.613329 -2.841138 -97.606133
v -9.379625 -3.793079 -95.233208
v -9.055574 -4.717072 -91.942993
v -8.644320 -5.604199 -87.767403
v -8.149830 -6.445935 -82.746582
v -7.576797 -7.234168 -76.928734
v -6.930860 -7.961304 -70.370186
v -6.218127 -10.542353 -63.133766
v -5.445531 -11.126947 -55.289444
v -4.620498 -11.631464 -46.912651
v -3.750948 -12.051044 -38.084061
v -2.845289 -12.381653 -28.888672
v -1.912214 -11.054904 -19.415077
v -0.960739 -10.717361 -9.754517
v -0.000003 7.385480 -29.028458
v 0.000005 9.519141 -38.268341
v -0.000005 5.589887 -47.139641
v 0.000004 5.085370 -55.556961
v -0.000001 8.438708 -70.710678
v 0.000022 7.711572 -77.300957
v 0.000015 6.081604 -82.307266
v 0.000019 2.936603 -86.223091
v -0.000005 -0.890234 -81.586617
v 0.000019 -4.717072 -92.387863
v 0.000004 -11.126947 -55.556961
v -0.000005 -11.631464 -47.139641
v 0.000005 -12.051044 -38.268341
v -3.788416 -5.063782 3.109070
v -0.000004 -6.024786 -4.900864
v 0.480364 -6.024786 -4.877258
v 0.956106 -5.063782 -4.806686
v 1.422640 -5.063782 -4.689835
v 1.875473 -5.063782 -4.527802
v 2.310244 -5.063782 -4.322174
v 2.722766 -5.063782 -4.074921
v 3.109067 -5.063782 -3.788406
v 3.465425 -5.063782 -3.465424
v 3.788410 -5.063782 -3.109070
v 4.074910 -5.063782 -2.722763
v 4.322166 -5.063782 -2.310242
v 4.527797 -5.063782 -1.875473
v 4.689824 -5.063782 -1.422638
v 4.806684 -5.063782 -0.956116
v 4.877254 -6.024786 -0.480362
v 4.900853 -6.024786 0.000000
v 4.877254 -6.024786 0.480362
v 4.806684 -5.063782 0.956116
v 4.689823 -5.063782 1.422638
v 4.527797 -5.063782 1.875473
v 4.322165 -5.063782 2.310242
v 4.074909 -5.063782 2.722763
v 3.788409 -5.063782 3.109070
v 3.465425 -5.063782 3.465424
v 3.109066 -5.063782 3.788406
v 2.722766 -5.063782 4.074921
v 2.310244 -5.063782 4.322174
v 1.875473 -5.063782 4.527802
v 1.422640 -5.063782 4.689819
v 0.956106 -5.063782 4.806686
v 0.480364 -6.024786 4.877258
v -0.000004 -6.024786 4.900848
v -0.480372 -6.024786 4.877258
v -0.956113 -5.063782 4.806686
v -1.422647 -5.063782 4.689819
v -1.875480 -5.063782 4.527802
v -2.310251 -5.063782 4.322174
v -2.722774 -5.063782 4.074905
v -3.109074 -5.063782 3.788406
v -3.465432 -5.063782 3.465424
v -4.074916 -5.063782 2.722763
v -4.322173 -5.063782 2.310242
v -4.527804 -5.063782 1.875473
v -4.689830 -5.063782 1.422638
v -4.806691 -5.063782 0.956116
v -4.877260 -6.024786 0.480362
v -4.900859 -6.024786 0.000000
v -4.877260 -6.024786 -0.480362
v -4.806691 -5.063782 -0.956116
v -4.689830 -5.063782 -1.422638
v -4.527803 -5.063782 -1.875473
v -4.322172 -5.063782 -2.310242
v -4.074916 -5.063782 -2.722763
v -3.788416 -5.063782 -3.109070
v -3.465431 -5.063782 -3.465424
v -3.109073 -5.063782 -3.788406
v -2.722773 -5.063782 -4.074905
v -2.310251 -5.063782 -4.322174
v -1.875480 -5.063782 -4.527802
v -1.422647 -5.063782 -4.689819
v -0.956113 -5.063782 -4.806686
v -0.480371 -6.024786 -4.877258
v 5.033015 5.337628 -51.101097
v 10.017563 5.337628 -50.361710
v 6.908492 5.589887 -46.573296
v 8.142086 5.085370 -54.889511
v 14.905636 5.337628 -49.137306
v 11.440207 5.589887 -45.671879
v 13.482992 5.085370 -53.827137
v 19.650160 5.337628 -47.439686
v 15.861746 5.589887 -44.330616
v 18.694050 5.085370 -52.246376
v 24.205441 5.337628 -45.285198
v 23.725073 5.085370 -50.162457
v 20.130527 5.589887 -42.562428
v 28.527611 5.337628 -42.694588
v 24.205441 5.589887 -40.384342
v 28.527611 5.085370 -47.595444
v 32.575043 5.337628 -39.692806
v 28.047241 5.589887 -37.817333
v 33.055408 5.085370 -44.570061
v 36.308762 5.337628 -36.308762
v 31.618935 5.589887 -34.886120
v 37.264870 5.085370 -41.115448
v 39.692802 5.337628 -32.575043
v 34.886116 5.589887 -31.618935
v 41.115448 5.085370 -37.264870
v 42.694588 5.337628 -28.527611
v 37.817329 5.589887 -28.047245
v 44.570061 5.085370 -33.055408
v 45.285194 5.337628 -24.205441
v 40.384342 5.589887 -24.205444
v 47.595436 5.085370 -28.527607
v 47.439678 5.337628 -19.650154
v 50.162445 5.085370 -23.725067
v 42.562428 5.589887 -20.130527
v 49.137295 5.337628 -14.905640
v 44.330612 5.589887 -15.861748
v 52.246361 5.085370 -18.694046
v 50.361694 5.337628 -10.017563
v 45.671875 5.589887 -11.440208
v 53.827114 5.085370 -13.482994
v 51.101078 5.337628 -5.033020
v 46.573288 5.589887 -6.908493
v 54.889484 5.085370 -8.142090
v 51.348335 5.337628 0.000000
v 47.026173 5.589887 -2.310249
v 55.423241 5.085370 -2.722771
v 51.101078 5.337628 5.033020
v 47.026173 5.589887 2.310249
v 55.423241 5.085370 2.722771
v 50.361687 5.337628 10.017570
v 46.573284 5.589887 6.908501
v 54.889481 5.085370 8.142090
v 49.137291 5.337628 14.905640
v 53.827110 5.085370 13.482994
v 45.671867 5.589887 11.440216
v 47.439674 5.337628 19.650162
v 44.330612 5.589887 15.861755
v 52.246353 5.085370 18.694046
v 45.285187 5.337628 24.205444
v 42.562424 5.589887 20.130539
v 50.162437 5.085370 23.725067
v 42.694576 5.337628 28.527603
v 40.384335 5.589887 24.205444
v 47.595428 5.085370 28.527603
v 39.692795 5.337628 32.575043
v 37.817326 5.589887 28.047241
v 44.570045 5.085370 33.055405
v 36.308754 5.337628 36.308754
v 34.886116 5.589887 31.618935
v 41.115433 5.085370 37.264862
v 32.575035 5.337628 39.692795
v 37.264854 5.085370 41.115433
v 31.618931 5.589887 34.886116
v 28.527601 5.337628 42.694580
v 28.047237 5.589887 37.817329
v 33.055397 5.085370 44.570045
v 24.205433 5.337628 45.285187
v 24.205437 5.589887 40.384338
v 28.527596 5.085370 47.595428
v 19.650150 5.337628 47.439674
v 23.725060 5.085370 50.162437
v 20.130524 5.589887 42.562424
v 14.905628 5.337628 49.137291
v 15.861742 5.589887 44.330612
v 18.694038 5.085370 52.246353
v 10.017557 5.337628 50.361687
v 11.440203 5.589887 45.671867
v 13.482983 5.085370 53.827110
v 5.033010 5.337628 51.101074
v 6.908488 5.589887 46.573280
v 8.142079 5.085370 54.889481
v -0.000005 5.337628 51.348328
v 2.310242 5.589887 47.026169
v 2.722763 5.085370 55.423233
v -5.033022 5.337628 51.101074
v -2.310253 5.589887 47.026169
v -2.722775 5.085370 55.423233
v -10.017567 5.337628 50.361679
v -6.908499 5.589887 46.573280
v -8.142090 5.085370 54.889473
v -14.905638 5.337628 49.137291
v -13.482993 5.085370 53.827103
v -11.440211 5.589887 45.671867
v -19.650158 5.337628 47.439667
v -15.861749 5.589887 44.330605
v -18.694048 5.085370 52.246353
v -24.205437 5.337628 45.285179
v -20.130527 5.589887 42.562416
v -23.725067 5.085370 50.162430
v -28.527605 5.337628 42.694565
v -24.205441 5.589887 40.384331
v -28.527601 5.085370 47.595413
v -32.575035 5.337628 39.692795
v -28.047241 5.589887 37.817322
v -33.055397 5.085370 44.570038
v -36.308750 5.337628 36.308754
v -31.618931 5.589887 34.886116
v -37.264854 5.085370 41.115433
v -39.692791 5.337628 32.575035
v -34.886112 5.589887 31.618935
v -41.115429 5.085370 37.264854
v -42.694572 5.337628 28.527603
v -44.570038 5.085370 33.055397
v -37.817322 5.589887 28.047241
v -45.285179 5.337628 24.205429
v -40.384331 5.589887 24.205437
v -47.595421 5.085370 28.527596
v -47.439667 5.337628 19.650154
v -42.562416 5.589887 20.130524
v -50.162430 5.085370 23.725060
v -49.137283 5.337628 14.905632
v -44.330605 5.589887 15.861748
v -52.246346 5.085370 18.694038
v -50.361679 5.337628 10.017555
v -45.671860 5.589887 11.440208
v -53.827099 5.085370 13.482979
v -51.101067 5.337628 5.033012
v -46.573273 5.589887 6.908493
v -54.889469 5.085370 8.142075
v -51.348320 5.337628 0.000000
v -55.423225 5.085370 2.722763
v -47.026161 5.589887 2.310249
v -51.101067 5.337628 -5.033012
v -47.026161 5.589887 -2.310242
v -55.423225 5.085370 -2.722771
v -50.361675 5.337628 -10.017563
v -46.573273 5.589887 -6.908485
v -54.889465 5.085370 -8.142090
v -49.137276 5.337628 -14.905628
v -45.671860 5.589887 -11.440201
v -53.827095 5.085370 -13.482990
v -47.439659 5.337628 -19.650150
v -44.330597 5.589887 -15.861736
v -52.246338 5.085370 -18.694042
v -45.285172 5.337628 -24.205429
v -42.562412 5.589887 -20.130516
v -50.162422 5.085370 -23.725063
v -42.694565 5.337628 -28.527596
v -40.384327 5.589887 -24.205429
v -47.595413 5.085370 -28.527596
v -39.692787 5.337628 -32.575027
v -44.570030 5.085370 -33.055393
v -37.817318 5.589887 -28.047230
v -36.308743 5.337628 -36.308739
v -34.886108 5.589887 -31.618919
v -41.115417 5.085370 -37.264847
v -32.575027 5.337628 -39.692780
v -31.618927 5.589887 -34.886101
v -37.264843 5.085370 -41.115417
v -28.527596 5.337628 -42.694561
v -28.047237 5.589887 -37.817310
v -33.055386 5.085370 -44.570030
v -24.205427 5.337628 -45.285168
v -24.205437 5.589887 -40.384319
v -28.527586 5.085370 -47.595409
v -19.650148 5.337628 -47.439651
v -20.130524 5.589887 -42.562405
v -23.725052 5.085370 -50.162415
v -14.905627 5.337628 -49.137264
v -15.861745 5.589887 -44.330589
v -18.694031 5.085370 -52.246326
v -10.017558 5.337628 -50.361664
v -13.482978 5.085370 -53.827080
v -11.440207 5.589887 -45.671848
v -5.033014 5.337628 -51.101048
v -6.908495 5.589887 -46.573261
v -8.142077 5.085370 -54.889450
v -0.000001 5.337628 -51.348301
v -2.310251 5.589887 -47.026146
v -2.722764 5.085370 -55.423203
v 2.310244 5.589887 -47.026165
v 2.722770 5.085370 -55.423233
v -2.516508 5.337628 -51.224674
v -7.525286 5.337628 -50.731354
v -12.461593 5.337628 -49.749466
v -17.277887 5.337628 -48.288460
v -21.927788 5.337628 -46.362411
v -26.366512 5.337628 -43.989864
v -30.551311 5.337628 -41.193672
v -34.441887 5.337628 -38.000759
v -38.000763 5.337628 -34.441883
v -41.193676 5.337628 -30.551311
v -43.989868 5.337628 -26.366512
v -46.362415 5.337628 -21.927790
v -48.288467 5.337628 -17.277889
v -49.749474 5.337628 -12.461596
v -50.731369 5.337628 -7.525288
v -51.224693 5.337628 -2.516506
v -51.224693 5.337628 2.516506
v -50.731373 5.337628 7.525284
v -49.749481 5.337628 12.461594
v -48.288475 5.337628 17.277893
v -46.362423 5.337628 21.927792
v -43.989876 5.337628 26.366516
v -41.193680 5.337628 30.551319
v -38.000771 5.337628 34.441895
v -34.441895 5.337628 38.000774
v -30.551319 5.337628 41.193680
v -26.366520 5.337628 43.989872
v -21.927797 5.337628 46.362423
v -17.277897 5.337628 48.288479
v -12.461602 5.337628 49.749485
v -7.525294 5.337628 50.731377
v -2.516514 5.337628 51.224701
v 2.516502 5.337628 51.224701
v 7.525284 5.337628 50.731380
v 12.461593 5.337628 49.749489
v 17.277889 5.337628 48.288483
v 21.927792 5.337628 46.362431
v 26.366516 5.337628 43.989883
v 30.551319 5.337628 41.193687
v 34.441895 5.337628 38.000774
v 38.000774 5.337628 34.441898
v 41.193687 5.337628 30.551323
v 43.989883 5.337628 26.366524
v 46.362431 5.337628 21.927803
v 48.288483 5.337628 17.277901
v 49.749489 5.337628 12.461605
v 50.731384 5.337628 7.525295
v 51.224709 5.337628 2.516510
v 51.224709 5.337628 -2.516510
v 50.731384 5.337628 -7.525291
v 49.749496 5.337628 -12.461601
v 48.288486 5.337628 -17.277897
v 46.362434 5.337628 -21.927797
v 43.989891 5.337628 -26.366526
v 41.193695 5.337628 -30.551327
v 38.000782 5.337628 -34.441902
v 34.441902 5.337628 -38.000786
v 30.551327 5.337628 -41.193695
v 26.366526 5.337628 -43.989891
v 21.927799 5.337628 -46.362442
v 17.277897 5.337628 -48.288498
v 12.461599 5.337628 -49.749508
v 7.525289 5.337628 -50.731403
v 2.516507 5.337628 -51.224701
v 2.378750 9.883567 -24.151890
v 0.956106 11.695027 -19.462063
v 4.734594 9.883567 -23.802433
v 2.859118 11.695027 -19.274632
v 4.254226 7.385480 -28.679691
v 7.044843 9.883567 -23.223747
v 4.734595 11.695027 -18.901577
v 7.044842 7.385480 -28.124603
v 9.287245 9.883567 -22.421402
v 9.767612 7.385480 -27.298660
v 6.564475 11.695027 -18.346489
v 11.440207 9.883567 -21.403126
v 8.331136 11.695027 -17.614712
v 12.396316 7.385480 -26.209816
v 13.482991 9.883567 -20.178730
v 10.017563 11.695027 -16.713299
v 14.905635 7.385480 -24.868557
v 15.395928 9.883567 -18.759998
v 11.607515 11.695027 -15.650928
v 17.271404 7.385480 -23.287800
v 17.160593 9.883567 -17.160599
v 13.085681 11.695027 -14.437828
v 19.470840 7.385480 -21.482769
v 18.759995 9.883567 -15.395935
v 14.437824 11.695027 -13.085686
v 21.482761 7.385480 -19.470848
v 20.178724 9.883567 -13.482994
v 15.650924 11.695027 -11.607521
v 23.287794 7.385480 -17.271408
v 21.403122 9.883567 -11.440208
v 24.868551 7.385480 -14.905640
v 16.713295 11.695027 -10.017563
v 22.421398 9.883567 -9.287254
v 17.614710 11.695027 -8.331139
v 26.209810 7.385480 -12.396324
v 23.223742 9.883567 -7.044846
v 18.346485 11.695027 -6.564484
v 27.298653 7.385480 -9.767616
v 23.802429 9.883567 -4.734596
v 18.901573 11.695027 -4.734596
v 28.124596 7.385480 -7.044846
v 24.151884 9.883567 -2.378754
v 19.274628 11.695027 -2.859116
v 28.679684 7.385480 -4.254234
v 24.268745 9.883567 0.000000
v 19.462057 11.695027 -0.956108
v 28.958572 7.385480 -1.422646
v 24.151884 9.883567 2.378754
v 28.958572 7.385480 1.422646
v 19.462057 11.695027 0.956108
v 23.802427 9.883567 4.734604
v 19.274628 11.695027 2.859123
v 28.679684 7.385480 4.254234
v 23.223740 9.883567 7.044846
v 18.901569 11.695027 4.734604
v 28.124596 7.385480 7.044846
v 22.421394 9.883567 9.287247
v 18.346481 11.695027 6.564484
v 27.298653 7.385480 9.767609
v 21.403120 9.883567 11.440216
v 17.614706 11.695027 8.331146
v 26.209808 7.385480 12.396317
v 20.178720 9.883567 13.482994
v 16.713291 11.695027 10.017570
v 24.868549 7.385480 14.905640
v 18.759991 9.883567 15.395935
v 15.650918 11.695027 11.607521
v 23.287792 7.385480 17.271408
v 17.160591 9.883567 17.160591
v 21.482761 7.385480 19.470840
v 14.437819 11.695027 13.085686
v 15.395926 9.883567 18.759995
v 13.085675 11.695027 14.437828
v 19.470840 7.385480 21.482758
v 13.482988 9.883567 20.178726
v 11.607510 11.695027 15.650925
v 17.271404 7.385480 23.287796
v 11.440204 9.883567 21.403122
v 14.905635 7.385480 24.868553
v 10.017557 11.695027 16.713295
v 9.287242 9.883567 22.421394
v 8.331130 11.695027 17.614708
v 12.396316 7.385480 26.209808
v 7.044840 9.883567 23.223740
v 6.564469 11.695027 18.346481
v 9.767612 7.385480 27.298653
v 4.734592 9.883567 23.802429
v 4.734590 11.695027 18.901573
v 7.044843 7.385480 28.124596
v 2.378748 9.883567 24.151886
v 2.859113 11.695027 19.274628
v 4.254227 7.385480 28.679688
v -0.000005 9.883567 24.268745
v 0.956101 11.695027 19.462059
v 1.422641 7.385480 28.958572
v -2.378758 9.883567 24.151886
v -1.422646 7.385480 28.958572
v -0.956118 11.695027 19.462059
v -4.734602 9.883567 23.802429
v -2.859129 11.695027 19.274628
v -4.254231 7.385480 28.679688
v -7.044850 9.883567 23.223740
v -4.734606 11.695027 18.901573
v -7.044847 7.385480 28.124596
v -9.287251 9.883567 22.421394
v -6.564485 11.695027 18.346481
v -9.767616 7.385480 27.298653
v -11.440211 9.883567 21.403122
v -8.331144 11.695027 17.614708
v -12.396318 7.385480 26.209808
v -13.482996 9.883567 20.178719
v -10.017570 11.695027 16.713295
v -14.905637 7.385480 24.868546
v -15.395932 9.883567 18.759987
v -11.607522 11.695027 15.650917
v -17.271406 7.385480 23.287788
v -17.160597 9.883567 17.160583
v -19.470842 7.385480 21.482758
v -13.085687 11.695027 14.437813
v -18.759995 9.883567 15.395927
v -14.437829 11.695027 13.085670
v -21.482763 7.385480 19.470840
v -20.178726 9.883567 13.482986
v -15.650928 11.695027 11.607506
v -23.287794 7.385480 17.271408
v -21.403126 9.883567 11.440201
v -16.713299 11.695027 10.017555
v -24.868551 7.385480 14.905632
v -22.421398 9.883567 9.287239
v -17.614712 11.695027 8.331131
v -26.209810 7.385480 12.396309
v -23.223742 9.883567 7.044838
v -18.346485 11.695027 6.564468
v -27.298653 7.385480 9.767609
v -23.802429 9.883567 4.734596
v -18.901573 11.695027 4.734589
v -28.124596 7.385480 7.044846
v -24.151884 9.883567 2.378754
v -28.679684 7.385480 4.254234
v -19.274628 11.695027 2.859116
v -24.268745 9.883567 0.000000
v -19.462057 11.695027 0.956108
v -28.958572 7.385480 1.422646
v -24.151884 9.883567 -2.378761
v -19.462057 11.695027 -0.956116
v -28.958572 7.385480 -1.422646
v -23.802427 9.883567 -4.734604
v -19.274628 11.695027 -2.859131
v -28.679684 7.385480 -4.254234
v -23.223740 9.883567 -7.044846
v -18.901569 11.695027 -4.734604
v -28.124596 7.385480 -7.044846
v -22.421394 9.883567 -9.287247
v -18.346481 11.695027 -6.564484
v -27.298653 7.385480 -9.767609
v -21.403120 9.883567 -11.440208
v -17.614706 11.695027 -8.331146
v -26.209808 7.385480 -12.396309
v -20.178720 9.883567 -13.482994
v -24.868549 7.385480 -14.905632
v -16.713291 11.695027 -10.017570
v -18.759991 9.883567 -15.395931
v -15.650918 11.695027 -11.607521
v -23.287792 7.385480 -17.271404
v -17.160591 9.883567 -17.160591
v -14.437819 11.695027 -13.085686
v -21.482761 7.385480 -19.470837
v -15.395926 9.883567 -18.759995
v -13.085675 11.695027 -14.437828
v -19.470840 7.385480 -21.482758
v -13.482988 9.883567 -20.178719
v -11.607510 11.695027 -15.650925
v -17.271404 7.385480 -23.287788
v -11.440204 9.883567 -21.403122
v -10.017557 11.695027 -16.713295
v -14.905635 7.385480 -24.868546
v -9.287243 9.883567 -22.421391
v -8.331130 11.695027 -17.614708
v -12.396317 7.385480 -26.209805
v -7.044842 9.883567 -23.223736
v -9.767614 7.385480 -27.298645
v -6.564470 11.695027 -18.346481
v -4.734595 9.883567 -23.802422
v -4.734591 11.695027 -18.901569
v -7.044846 7.385480 -28.124588
v -2.378752 9.883567 -24.151875
v -2.859115 11.695027 -19.274620
v -4.254231 7.385480 -28.679676
v -1.422646 7.385480 -28.958565
v -0.000003 9.883567 -24.268745
v 1.422640 7.385480 -28.958572
v -0.956109 11.695027 -19.462055
v -1.189378 9.883567 -24.210310
v -3.556674 9.883567 -23.977148
v -5.889719 9.883567 -23.513079
v -8.166042 9.883567 -22.822563
v -10.363724 9.883567 -21.912256
v -12.461596 9.883567 -20.790920
v -14.439457 9.883567 -19.469357
v -16.278259 9.883567 -17.960293
v -17.960291 9.883567 -16.278261
v -19.469357 9.883567 -14.439463
v -20.790920 9.883567 -12.461601
v -21.912258 9.883567 -10.363728
v -22.822567 9.883567 -8.166046
v -23.513084 9.883567 -5.889725
v -23.977156 9.883567 -3.556683
v -24.210316 9.883567 -1.189381
v -24.210316 9.883567 1.189377
v -23.977158 9.883567 3.556675
v -23.513084 9.883567 5.889717
v -22.822571 9.883567 8.166039
v -21.912262 9.883567 10.363720
v -20.790926 9.883567 12.461594
v -19.469360 9.883567 14.439457
v -17.960297 9.883567 16.278255
v -16.278265 9.883567 17.960285
v -14.439465 9.883567 19.469353
v -12.461603 9.883567 20.790920
v -10.363731 9.883567 21.912258
v -8.166051 9.883567 22.822567
v -5.889726 9.883567 23.513084
v -3.556680 9.883567 23.977158
v -1.189381 9.883567 24.210316
v 1.189371 9.883567 24.210316
v 3.556670 9.883567 23.977158
v 5.889716 9.883567 23.513084
v 8.166040 9.883567 22.822567
v 10.363723 9.883567 21.912258
v 12.461596 9.883567 20.790924
v 14.439457 9.883567 19.469360
v 16.278259 9.883567 17.960293
v 17.960291 9.883567 16.278263
v 19.469357 9.883567 14.439465
v 20.790920 9.883567 12.461605
v 21.912258 9.883567 10.363731
v 22.822567 9.883567 8.166046
v 23.513084 9.883567 5.889725
v 23.977156 9.883567 3.556679
v 24.210316 9.883567 1.189377
v 24.210316 9.883567 -1.189377
v 23.977158 9.883567 -3.556675
v 23.513084 9.883567 -5.889721
v 22.822571 9.883567 -8.166050
v 21.912260 9.883567 -10.363731
v 20.790924 9.883567 -12.461601
v 19.469360 9.883567 -14.439465
v 17.960293 9.883567 -16.278267
v 16.278261 9.883567 -17.960299
v 14.439460 9.883567 -19.469364
v 12.461599 9.883567 -20.790928
v 10.363726 9.883567 -21.912264
v 8.166044 9.883567 -22.822575
v 5.889719 9.883567 -23.513090
v 3.556672 9.883567 -23.977161
v 1.189373 9.883567 -24.210318
v 2.378750 9.883567 -24.151890
v 2.845284 7.385480 -28.888687
v 4.734594 9.883567 -23.802433
v 5.663169 7.385480 -28.470695
v 4.254226 7.385480 -28.679691
v 7.044843 9.883567 -23.223747
v 8.426516 7.385480 -27.778511
v 7.044842 7.385480 -28.124603
v 9.287245 9.883567 -22.421402
v 11.108709 7.385480 -26.818810
v 9.767612 7.385480 -27.298660
v 11.440207 9.883567 -21.403126
v 13.683922 7.385480 -25.600822
v 12.396316 7.385480 -26.209816
v 13.482991 9.883567 -20.178730
v 16.127348 7.385480 -24.136292
v 14.905635 7.385480 -24.868557
v 15.395928 9.883567 -18.759998
v 18.415461 7.385480 -22.439308
v 17.271404 7.385480 -23.287800
v 17.160593 9.883567 -17.160599
v 20.526220 7.385480 -20.526230
v 19.470840 7.385480 -21.482769
v 18.759995 9.883567 -15.395935
v 22.439304 7.385480 -18.415466
v 21.482761 7.385480 -19.470848
v 20.178724 9.883567 -13.482994
v 24.136284 7.385480 -16.127350
v 23.287794 7.385480 -17.271408
v 21.403122 9.883567 -11.440208
v 25.600819 7.385480 -13.683929
v 24.868551 7.385480 -14.905640
v 22.421398 9.883567 -9.287254
v 26.818802 7.385480 -11.108719
v 26.209810 7.385480 -12.396324
v 23.223742 9.883567 -7.044846
v 27.778505 7.385480 -8.426514
v 27.298653 7.385480 -9.767616
v 23.802429 9.883567 -4.734596
v 28.470688 7.385480 -5.663177
v 28.124596 7.385480 -7.044846
v 24.151884 9.883567 -2.378754
v 28.888681 7.385480 -2.845291
v 28.679684 7.385480 -4.254234
v 24.268745 9.883567 0.000000
v 29.028461 7.385480 0.000000
v 28.958572 7.385480 -1.422646
v 24.151884 9.883567 2.378754
v 28.888681 7.385480 2.845291
v 28.958572 7.385480 1.422646
v 23.802427 9.883567 4.734604
v 28.470688 7.385480 5.663177
v 28.679684 7.385480 4.254234
v 23.223740 9.883567 7.044846
v 27.778505 7.385480 8.426514
v 28.124596 7.385480 7.044846
v 22.421394 9.883567 9.287247
v 26.818802 7.385480 11.108704
v 27.298653 7.385480 9.767609
v 21.403120 9.883567 11.440216
v 25.600817 7.385480 13.683929
v 26.209808 7.385480 12.396317
v 20.178720 9.883567 13.482994
v 24.136282 7.385480 16.127350
v 24.868549 7.385480 14.905640
v 18.759991 9.883567 15.395935
v 22.439302 7.385480 18.415466
v 23.287792 7.385480 17.271408
v 17.160591 9.883567 17.160591
v 20.526220 7.385480 20.526215
v 21.482761 7.385480 19.470840
v 15.395926 9.883567 18.759995
v 18.415461 7.385480 22.439301
v 19.470840 7.385480 21.482758
v 13.482988 9.883567 20.178726
v 16.127348 7.385480 24.136292
v 17.271404 7.385480 23.287796
v 11.440204 9.883567 21.403122
v 13.683922 7.385480 25.600815
v 14.905635 7.385480 24.868553
v 9.287242 9.883567 22.421394
v 11.108709 7.385480 26.818802
v 12.396316 7.385480 26.209808
v 7.044840 9.883567 23.223740
v 8.426516 7.385480 27.778503
v 9.767612 7.385480 27.298653
v 4.734592 9.883567 23.802429
v 5.663170 7.385480 28.470688
v 7.044843 7.385480 28.124596
v 2.378748 9.883567 24.151886
v 2.845285 7.385480 28.888687
v 4.254227 7.385480 28.679688
v -0.000005 9.883567 24.268745
v -0.000002 7.385480 29.028458
v 1.422641 7.385480 28.958572
v -2.378758 9.883567 24.151886
v -2.845289 7.385480 28.888687
v -1.422646 7.385480 28.958572
v -4.734602 9.883567 23.802429
v -5.663174 7.385480 28.470688
v -4.254231 7.385480 28.679688
v -7.044850 9.883567 23.223740
v -8.426519 7.385480 27.778503
v -7.044847 7.385480 28.124596
v -9.287251 9.883567 22.421394
v -11.108713 7.385480 26.818802
v -9.767616 7.385480 27.298653
v -11.440211 9.883567 21.403122
v -13.683924 7.385480 25.600815
v -12.396318 7.385480 26.209808
v -13.482996 9.883567 20.178719
v -16.127350 7.385480 24.136276
v -14.905637 7.385480 24.868546
v -15.395932 9.883567 18.759987
v -18.415462 7.385480 22.439301
v -17.271406 7.385480 23.287788
v -17.160597 9.883567 17.160583
v -20.526222 7.385480 20.526215
v -19.470842 7.385480 21.482758
v -18.759995 9.883567 15.395927
v -22.439304 7.385480 18.415466
v -21.482763 7.385480 19.470840
v -20.178726 9.883567 13.482986
v -24.136284 7.385480 16.127350
v -23.287794 7.385480 17.271408
v -21.403126 9.883567 11.440201
v -25.600819 7.385480 13.683914
v -24.868551 7.385480 14.905632
v -22.421398 9.883567 9.287239
v -26.818802 7.385480 11.108704
v -26.209810 7.385480 12.396309
v -23.223742 9.883567 7.044838
v -27.778505 7.385480 8.426514
v -27.298653 7.385480 9.767609
v -23.802429 9.883567 4.734596
v -28.470688 7.385480 5.663177
v -28.124596 7.385480 7.044846
v -24.151884 9.883567 2.378754
v -28.888681 7.385480 2.845291
v -28.679684 7.385480 4.254234
v -24.268745 9.883567 0.000000
v -29.028461 7.385480 0.000000
v -28.958572 7.385480 1.422646
v -24.151884 9.883567 -2.378761
v -28.888681 7.385480 -2.845291
v -28.958572 7.385480 -1.422646
v -23.802427 9.883567 -4.734604
v -28.470688 7.385480 -5.663177
v -28.679684 7.385480 -4.254234
v -23.223740 9.883567 -7.044846
v -27.778505 7.385480 -8.426514
v -28.124596 7.385480 -7.044846
v -22.421394 9.883567 -9.287247
v -26.818802 7.385480 -11.108704
v -27.298653 7.385480 -9.767609
v -21.403120 9.883567 -11.440208
v -25.600817 7.385480 -13.683914
v -26.209808 7.385480 -12.396309
v -20.178720 9.883567 -13.482994
v -24.136282 7.385480 -16.127350
v -24.868549 7.385480 -14.905632
v -18.759991 9.883567 -15.395931
v -22.439302 7.385480 -18.415459
v -23.287792 7.385480 -17.271404
v -17.160591 9.883567 -17.160591
v -20.526220 7.385480 -20.526215
v -21.482761 7.385480 -19.470837
v -15.395926 9.883567 -18.759995
v -18.415461 7.385480 -22.439301
v -19.470840 7.385480 -21.482758
v -13.482988 9.883567 -20.178719
v -16.127348 7.385480 -24.136276
v -17.271404 7.385480 -23.287788
v -11.440204 9.883567 -21.403122
v -13.683922 7.385480 -25.600815
v -14.905635 7.385480 -24.868546
v -9.287243 9.883567 -22.421391
v -11.108711 7.385480 -26.818794
v -12.396317 7.385480 -26.209805
v -7.044842 9.883567 -23.223736
v -8.426517 7.385480 -27.778496
v -9.767614 7.385480 -27.298645
v -4.734595 9.883567 -23.802422
v -5.663174 7.385480 -28.470680
v -7.044846 7.385480 -28.124588
v -2.378752 9.883567 -24.151875
v -2.845289 7.385480 -28.888672
v -4.254231 7.385480 -28.679676
v -1.422646 7.385480 -28.958565
v -0.000003 9.883567 -24.268745
v -0.000003 7.385480 -29.028458
v 1.422640 7.385480 -28.958572
v -1.189378 9.883567 -24.210310
v -3.556674 9.883567 -23.977148
v -5.889719 9.883567 -23.513079
v -8.166042 9.883567 -22.822563
v -10.363724 9.883567 -21.912256
v -12.461596 9.883567 -20.790920
v -14.439457 9.883567 -19.469357
v -16.278259 9.883567 -17.960293
v -17.960291 9.883567 -16.278261
v -19.469357 9.883567 -14.439463
v -20.790920 9.883567 -12.461601
v -21.912258 9.883567 -10.363728
v -22.822567 9.883567 -8.166046
v -23.513084 9.883567 -5.889725
v -23.977156 9.883567 -3.556683
v -24.210316 9.883567 -1.189381
v -24.210316 9.883567 1.189377
v -23.977158 9.883567 3.556675
v -23.513084 9.883567 5.889717
v -22.822571 9.883567 8.166039
v -21.912262 9.883567 10.363720
v -20.790926 9.883567 12.461594
v -19.469360 9.883567 14.439457
v -17.960297 9.883567 16.278255
v -16.278265 9.883567 17.960285
v -14.439465 9.883567 19.469353
v -12.461603 9.883567 20.790920
v -10.363731 9.883567 21.912258
v -8.166051 9.883567 22.822567
v -5.889726 9.883567 23.513084
v -3.556680 9.883567 23.977158
v -1.189381 9.883567 24.210316
v 1.189371 9.883567 24.210316
v 3.556670 9.883567 23.977158
v 5.889716 9.883567 23.513084
v 8.166040 9.883567 22.822567
v 10.363723 9.883567 21.912258
v 12.461596 9.883567 20.790924
v 14.439457 9.883567 19.469360
v 16.278259 9.883567 17.960293
v 17.960291 9.883567 16.278263
v 19.469357 9.883567 14.439465
v 20.790920 9.883567 12.461605
v 21.912258 9.883567 10.363731
v 22.822567 9.883567 8.166046
v 23.513084 9.883567 5.889725
v 23.977156 9.883567 3.556679
v 24.210316 9.883567 1.189377
v 24.210316 9.883567 -1.189377
v 23.977158 9.883567 -3.556675
v 23.513084 9.883567 -5.889721
v 22.822571 9.883567 -8.166050
v 21.912260 9.883567 -10.363731
v 20.790924 9.883567 -12.461601
v 19.469360 9.883567 -14.439465
v 17.960293 9.883567 -16.278267
v 16.278261 9.883567 -17.960299
v 14.439460 9.883567 -19.469364
v 12.461599 9.883567 -20.790928
v 10.363726 9.883567 -21.912264
v 8.166044 9.883567 -22.822575
v 5.889719 9.883567 -23.513090
v 3.556672 9.883567 -23.977161
v 1.189373 9.883567 -24.210318
v 0.956106 11.695027 -19.462063
v -0.000004 11.695027 -19.509033
v 2.859118 11.695027 -19.274632
v 1.912216 11.695027 -19.415092
v 4.734595 11.695027 -18.901577
v 3.806020 11.695027 -19.134171
v 6.564475 11.695027 -18.346489
v 5.663170 11.695027 -18.668983
v 8.331136 11.695027 -17.614712
v 7.465780 11.695027 -18.023994
v 10.017563 11.695027 -16.713299
v 9.196491 11.695027 -17.205429
v 11.607515 11.695027 -15.650928
v 10.838634 11.695027 -16.221169
v 13.085681 11.695027 -14.437828
v 12.376396 11.695027 -15.080688
v 14.437824 11.695027 -13.085686
v 13.794966 11.695027 -13.794968
v 15.650924 11.695027 -11.607521
v 15.080683 11.695027 -12.376404
v 16.713295 11.695027 -10.017563
v 16.221165 11.695027 -10.838638
v 17.614710 11.695027 -8.331139
v 17.205427 11.695027 -9.196487
v 18.346485 11.695027 -6.564484
v 18.023993 11.695027 -7.465790
v 18.901573 11.695027 -4.734596
v 18.668978 11.695027 -5.663177
v 19.274628 11.695027 -2.859116
v 19.134169 11.695027 -3.806015
v 19.462057 11.695027 -0.956108
v 19.415087 11.695027 -1.912216
v 19.462057 11.695027 0.956108
v 19.415087 11.695027 1.912216
v 19.274628 11.695027 2.859123
v 18.901569 11.695027 4.734604
v 19.134167 11.695027 3.806030
v 18.346481 11.695027 6.564484
v 18.668974 11.695027 5.663177
v 17.614706 11.695027 8.331146
v 18.023989 11.695027 7.465790
v 16.713291 11.695027 10.017570
v 17.205423 11.695027 9.196503
v 15.650918 11.695027 11.607521
v 16.221159 11.695027 10.838638
v 14.437819 11.695027 13.085686
v 15.080677 11.695027 12.376404
v 13.085675 11.695027 14.437828
v 13.794960 11.695027 13.794968
v 11.607510 11.695027 15.650925
v 12.376390 11.695027 15.080688
v 10.017557 11.695027 16.713295
v 10.838629 11.695027 16.221161
v 8.331130 11.695027 17.614708
v 9.196486 11.695027 17.205429
v 6.564469 11.695027 18.346481
v 7.465775 11.695027 18.023987
v 4.734590 11.695027 18.901573
v 5.663164 11.695027 18.668976
v 2.859113 11.695027 19.274628
v 3.806015 11.695027 19.134171
v 0.956101 11.695027 19.462059
v 1.912211 11.695027 19.415085
v -0.956118 11.695027 19.462059
v -1.912227 11.695027 19.415085
v -2.859129 11.695027 19.274628
v -4.734606 11.695027 18.901573
v -3.806031 11.695027 19.134171
v -6.564485 11.695027 18.346481
v -5.663180 11.695027 18.668976
v -8.331144 11.695027 17.614708
v -7.465790 11.695027 18.023987
v -10.017570 11.695027 16.713295
v -9.196499 11.695027 17.205429
v -11.607522 11.695027 15.650917
v -10.838642 11.695027 16.221161
v -13.085687 11.695027 14.437813
v -13.794971 11.695027 13.794952
v -14.437829 11.695027 13.085670
v -15.650928 11.695027 11.607506
v -15.080687 11.695027 12.376389
v -16.713299 11.695027 10.017555
v -16.221169 11.695027 10.838623
v -17.614712 11.695027 8.331131
v -17.205431 11.695027 9.196487
v -18.346485 11.695027 6.564468
v -18.023994 11.695027 7.465775
v -18.901573 11.695027 4.734589
v -18.668978 11.695027 5.663162
v -19.274628 11.695027 2.859116
v -19.134169 11.695027 3.806015
v -19.462057 11.695027 0.956108
v -19.415087 11.695027 1.912216
v -19.462057 11.695027 -0.956116
v -19.509027 11.695027 0.000000
v -19.274628 11.695027 -2.859131
v -19.415087 11.695027 -1.912231
v -18.901569 11.695027 -4.734604
v -19.134167 11.695027 -3.806030
v -18.346481 11.695027 -6.564484
v -18.668974 11.695027 -5.663177
v -17.614706 11.695027 -8.331146
v -18.023989 11.695027 -7.465790
v -16.713291 11.695027 -10.017570
v -17.205423 11.695027 -9.196503
v -15.650918 11.695027 -11.607521
v -16.221159 11.695027 -10.838638
v -14.437819 11.695027 -13.085686
v -15.080677 11.695027 -12.376404
v -13.085675 11.695027 -14.437828
v -13.794960 11.695027 -13.794968
v -11.607510 11.695027 -15.650925
v -12.376390 11.695027 -15.080688
v -10.017557 11.695027 -16.713295
v -10.838629 11.695027 -16.221161
v -8.331130 11.695027 -17.614708
v -9.196486 11.695027 -17.205429
v -6.564470 11.695027 -18.346481
v -7.465775 11.695027 -18.023987
v -4.734591 11.695027 -18.901569
v -5.663166 11.695027 -18.668976
v -2.859115 11.695027 -19.274620
v -3.806016 11.695027 -19.134163
v -0.956109 11.695027 -19.462055
v -1.912214 11.695027 -19.415077
v 2.378750 9.196940 -24.151890
v 4.734594 9.196940 -23.802433
v 7.044843 9.196940 -23.223747
v 9.287245 9.196940 -22.421402
v 11.440207 9.196940 -21.403126
v 13.482991 9.196940 -20.178730
v 15.395928 9.196940 -18.759998
v 17.160593 9.196940 -17.160599
v 18.759995 9.196940 -15.395935
v 20.178724 9.196940 -13.482994
v 21.403122 9.196940 -11.440208
v 22.421398 9.196940 -9.287254
v 23.223742 9.196940 -7.044846
v 23.802429 9.196940 -4.734596
v 24.151884 9.196940 -2.378754
v 19.509027 11.695027 0.000000
v 24.268745 9.196940 0.000000
v 24.151884 9.196940 2.378754
v 23.802427 9.196940 4.734604
v 23.223740 9.196940 7.044846
v 22.421394 9.196940 9.287247
v 21.403120 9.196940 11.440216
v 20.178720 9.196940 13.482994
v 18.759991 9.196940 15.395935
v 17.160591 9.196940 17.160591
v 15.395926 9.196940 18.759995
v 13.482988 9.196940 20.178726
v 11.440204 9.196940 21.403122
v 9.287242 9.196940 22.421394
v 7.044840 9.196940 23.223740
v 4.734592 9.196940 23.802429
v 2.378748 9.196940 24.151886
v -0.000008 11.695027 19.509033
v -0.000005 9.196940 24.268745
v -2.378758 9.196940 24.151886
v -4.734602 9.196940 23.802429
v -7.044850 9.196940 23.223740
v -9.287251 9.196940 22.421394
v -11.440211 9.196940 21.403122
v -13.482996 9.196940 20.178719
v -12.376402 11.695027 15.080673
v -15.395932 9.196940 18.759987
v -17.160597 9.196940 17.160583
v -18.759995 9.196940 15.395927
v -20.178726 9.196940 13.482986
v -21.403126 9.196940 11.440201
v -22.421398 9.196940 9.287239
v -23.223742 9.196940 7.044838
v -23.802429 9.196940 4.734596
v -24.151884 9.196940 2.378754
v -24.268745 9.196940 0.000000
v -24.151884 9.196940 -2.378761
v -23.802427 9.196940 -4.734604
v -23.223740 9.196940 -7.044846
v -22.421394 9.196940 -9.287247
v -21.403120 9.196940 -11.440208
v -20.178720 9.196940 -13.482994
v -18.759991 9.196940 -15.395931
v -17.160591 9.196940 -17.160591
v -15.395926 9.196940 -18.759995
v -13.482988 9.196940 -20.178719
v -11.440204 9.196940 -21.403122
v -9.287243 9.196940 -22.421391
v -7.044842 9.196940 -23.223736
v -4.734595 9.196940 -23.802422
v -2.378752 9.196940 -24.151875
v -0.000003 9.196940 -24.268745
v -1.189378 9.196940 -24.210310
v -3.556674 9.196940 -23.977148
v -5.889719 9.196940 -23.513079
v -8.166042 9.196940 -22.822563
v -10.363724 9.196940 -21.912256
v -12.461596 9.196940 -20.790920
v -14.439457 9.196940 -19.469357
v -16.278259 9.196940 -17.960293
v -17.960291 9.196940 -16.278261
v -19.469357 9.196940 -14.439463
v -20.790920 9.196940 -12.461601
v -21.912258 9.196940 -10.363728
v -22.822567 9.196940 -8.166046
v -23.513084 9.196940 -5.889725
v -23.977156 9.196940 -3.556683
v -24.210316 9.196940 -1.189381
v -24.210316 9.196940 1.189377
v -23.977158 9.196940 3.556675
v -23.513084 9.196940 5.889717
v -22.822571 9.196940 8.166039
v -21.912262 9.196940 10.363720
v -20.790926 9.196940 12.461594
v -19.469360 9.196940 14.439457
v -17.960297 9.196940 16.278255
v -16.278265 9.196940 17.960285
v -14.439465 9.196940 19.469353
v -12.461603 9.196940 20.790920
v -10.363731 9.196940 21.912258
v -8.166051 9.196940 22.822567
v -5.889726 9.196940 23.513084
v -3.556680 9.196940 23.977158
v -1.189381 9.196940 24.210316
v 1.189371 9.196940 24.210316
v 3.556670 9.196940 23.977158
v 5.889716 9.196940 23.513084
v 8.166040 9.196940 22.822567
v 10.363723 9.196940 21.912258
v 12.461596 9.196940 20.790924
v 14.439457 9.196940 19.469360
v 16.278259 9.196940 17.960293
v 17.960291 9.196940 16.278263
v 19.469357 9.196940 14.439465
v 20.790920 9.196940 12.461605
v 21.912258 9.196940 10.363731
v 22.822567 9.196940 8.166046
v 23.513084 9.196940 5.889725
v 23.977156 9.196940 3.556679
v 24.210316 9.196940 1.189377
v 24.210316 9.196940 -1.189377
v 23.977158 9.196940 -3.556675
v 23.513084 9.196940 -5.889721
v 22.822571 9.196940 -8.166050
v 21.912260 9.196940 -10.363731
v 20.790924 9.196940 -12.461601
v 19.469360 9.196940 -14.439465
v 17.960293 9.196940 -16.278267
v 16.278261 9.196940 -17.960299
v 14.439460 9.196940 -19.469364
v 12.461599 9.196940 -20.790928
v 10.363726 9.196940 -21.912264
v 8.166044 9.196940 -22.822575
v 5.889719 9.196940 -23.513090
v 3.556672 9.196940 -23.977161
v 1.189373 9.196940 -24.210318
vn 0.0275 -0.8289 -0.5588
vn 0.0199 0.9141 -0.4049
vn -0.0340 -0.7219 0.6912
vn 0.0182 -0.9286 -0.3707
vn 0.0029 0.9982 -0.0598
vn 0.0132 -0.9630 -0.2691
vn -0.0223 0.8910 0.4535
vn 0.0102 -0.9783 -0.2069
vn 0.0044 0.9959 -0.0903
vn 0.0081 -0.9863 -0.1646
vn 0.0054 0.9940 -0.1097
vn 0.0066 -0.9910 -0.1336
vn 0.0066 0.9910 -0.1336
vn 0.0054 -0.9940 -0.1097
vn 0.0344 -0.7034 -0.7099
vn 0.0164 -0.9423 -0.3345
vn 0.0303 0.7793 -0.6259
vn 0.0036 -0.9973 -0.0740
vn 0.0048 0.9953 -0.0971
vn 0.0029 -0.9982 -0.0598
vn 0.0182 0.9286 -0.3707
vn 0.0023 0.9989 -0.0460
vn 0.0023 -0.9989 -0.0472
vn 0.0275 0.8289 -0.5588
vn -0.0081 0.9862 0.1656
vn 0.0018 -0.9994 -0.0358
vn 0.0027 -0.9985 -0.0546
vn -0.0000 1.0000 -0.0000
vn -0.0068 -0.9904 0.1380
vn 0.0027 0.9985 -0.0546
vn -0.0111 0.9743 0.2250
vn -0.0017 -0.9994 0.0348
vn 0.0395 0.9630 -0.2665
vn 0.3893 -0.9209 -0.0171
vn 0.0545 0.9286 -0.3671
vn 0.0068 0.9989 -0.0456
vn 0.4592 -0.8883 0.0030
vn 0.0821 0.8289 -0.5534
vn -0.0243 0.9862 0.1640
vn 0.5607 -0.8276 0.0255
vn 0.0081 -0.9985 -0.0540
vn 0.8577 -0.0000 0.5141
vn 0.6753 -0.6995 0.2337
vn 0.0080 0.9985 -0.0540
vn -0.0331 0.9743 0.2228
vn 0.8743 -0.4468 0.1897
vn 0.0821 -0.8289 -0.5534
vn 0.0595 0.9141 -0.4010
vn 0.7728 -0.4176 0.4779
vn 0.0545 -0.9286 -0.3671
vn 0.0088 0.9982 -0.0593
vn 0.0395 -0.9630 -0.2666
vn -0.0319 0.9761 0.2152
vn 0.0304 -0.9783 -0.2049
vn 0.3157 0.9485 -0.0249
vn 0.0242 -0.9863 -0.1630
vn 0.2944 0.9544 -0.0488
vn 0.0196 -0.9910 -0.1323
vn 0.2791 0.9573 -0.0761
vn 0.0161 -0.9940 -0.1086
vn 0.1777 0.9754 -0.1306
vn 0.3240 -0.9007 -0.2894
vn -0.1177 0.9657 -0.2316
vn 0.3403 -0.9396 -0.0365
vn 0.1359 0.8289 -0.5427
vn -0.0403 0.9862 0.1608
vn 0.0087 -0.9994 -0.0347
vn 0.0134 -0.9985 -0.0529
vn -0.0336 -0.9904 0.1341
vn 0.0132 0.9985 -0.0528
vn -0.0547 0.9743 0.2185
vn -0.0085 -0.9994 0.0338
vn 0.1359 -0.8289 -0.5427
vn 0.0985 0.9141 -0.3932
vn -0.1473 -0.7953 0.5881
vn 0.0902 -0.9286 -0.3600
vn 0.0146 0.9982 -0.0581
vn 0.0655 -0.9630 -0.2614
vn -0.0529 0.9761 0.2110
vn 0.0503 -0.9783 -0.2009
vn 0.0220 0.9959 -0.0877
vn 0.0400 -0.9863 -0.1598
vn 0.0267 0.9940 -0.1065
vn 0.0325 -0.9910 -0.1298
vn 0.0325 0.9910 -0.1298
vn 0.0267 -0.9940 -0.1065
vn 0.0400 0.9863 -0.1598
vn 0.0220 -0.9959 -0.0877
vn 0.0503 0.9783 -0.2009
vn 0.0180 -0.9973 -0.0718
vn 0.0655 0.9630 -0.2614
vn 0.0146 -0.9982 -0.0581
vn 0.0902 0.9286 -0.3600
vn 0.0112 0.9989 -0.0447
vn 0.0115 -0.9989 -0.0459
vn 0.0183 0.9985 -0.0512
vn -0.0759 0.9743 0.2121
vn -0.0117 -0.9994 0.0328
vn 0.1885 -0.8289 -0.5267
vn 0.1366 0.9141 -0.3817
vn -0.2042 -0.7953 0.5708
vn 0.1250 -0.9286 -0.3495
vn 0.0202 0.9982 -0.0564
vn 0.0908 -0.9630 -0.2537
vn -0.0733 0.9761 0.2048
vn 0.0698 -0.9783 -0.1950
vn 0.0304 0.9959 -0.0851
vn 0.0555 -0.9863 -0.1551
vn 0.0370 0.9940 -0.1034
vn 0.0451 -0.9910 -0.1260
vn 0.0451 0.9910 -0.1260
vn 0.0370 -0.9940 -0.1034
vn 0.0555 0.9863 -0.1551
vn 0.0304 -0.9959 -0.0851
vn 0.0698 0.9783 -0.1950
vn 0.0249 -0.9973 -0.0697
vn 0.0908 0.9630 -0.2537
vn 0.0202 -0.9982 -0.0564
vn 0.1250 0.9286 -0.3495
vn 0.0155 0.9989 -0.0434
vn 0.0159 -0.9989 -0.0445
vn 0.1885 0.8289 -0.5267
vn -0.0558 0.9862 0.1561
vn 0.0121 -0.9994 -0.0337
vn 0.0185 -0.9985 -0.0512
vn -0.0466 -0.9904 0.1301
vn 0.1587 -0.9286 -0.3355
vn 0.0256 0.9982 -0.0542
vn 0.1152 -0.9630 -0.2436
vn -0.0930 0.9761 0.1966
vn 0.0885 -0.9783 -0.1872
vn 0.0386 0.9959 -0.0817
vn 0.0704 -0.9863 -0.1489
vn 0.0469 0.9940 -0.0993
vn 0.0572 -0.9910 -0.1209
vn 0.0572 0.9910 -0.1209
vn 0.0469 -0.9940 -0.0993
vn 0.0704 0.9863 -0.1489
vn 0.0386 -0.9959 -0.0817
vn 0.0885 0.9783 -0.1872
vn 0.0317 -0.9973 -0.0669
vn 0.1152 0.9630 -0.2436
vn 0.0256 -0.9982 -0.0542
vn 0.1587 0.9286 -0.3355
vn 0.0197 0.9989 -0.0417
vn 0.0202 -0.9989 -0.0428
vn 0.2392 0.8289 -0.5057
vn -0.0709 0.9862 0.1498
vn 0.0153 -0.9994 -0.0324
vn 0.0234 -0.9985 -0.0490
vn -0.9700 -0.0000 0.2430
vn -0.0591 -0.9904 0.1249
vn 0.0232 0.9985 -0.0490
vn -0.0963 0.9743 0.2036
vn -0.0149 -0.9994 0.0315
vn 0.2392 -0.8289 -0.5057
vn 0.1733 0.9141 -0.3665
vn -0.2592 -0.7953 0.5481
vn 0.1065 -0.9783 -0.1776
vn 0.0465 0.9959 -0.0775
vn 0.0847 -0.9863 -0.1413
vn 0.0564 0.9940 -0.0942
vn 0.0688 -0.9910 -0.1147
vn 0.0688 0.9910 -0.1147
vn 0.0564 -0.9940 -0.0942
vn 0.0847 0.9863 -0.1413
vn 0.0465 -0.9959 -0.0775
vn 0.1065 0.9783 -0.1776
vn 0.0381 -0.9973 -0.0635
vn 0.1385 0.9630 -0.2311
vn 0.0308 -0.9982 -0.0514
vn 0.1908 0.9286 -0.3183
vn 0.0237 0.9989 -0.0395
vn 0.0243 -0.9989 -0.0406
vn 0.2876 0.8289 -0.4799
vn -0.0852 0.9862 0.1422
vn 0.0184 -0.9994 -0.0307
vn 0.0280 -0.9985 -0.0463
vn -0.0710 -0.9904 0.1185
vn 0.0277 0.9985 -0.0463
vn -0.1158 0.9743 0.1932
vn -0.0179 -0.9994 0.0298
vn 0.2876 -0.8289 -0.4799
vn 0.2084 0.9141 -0.3477
vn -0.3117 -0.7953 0.5200
vn 0.1908 -0.9286 -0.3184
vn 0.0308 0.9982 -0.0514
vn 0.1385 -0.9630 -0.2311
vn -0.1118 0.9761 0.1866
vn 0.0797 -0.9910 -0.1075
vn 0.0797 0.9910 -0.1075
vn 0.0654 -0.9940 -0.0882
vn 0.0981 0.9863 -0.1323
vn 0.0538 -0.9959 -0.0726
vn 0.1234 0.9783 -0.1663
vn 0.1350 -0.9593 0.2480
vn 0.1605 0.9630 -0.2164
vn 0.2833 -0.9514 0.1207
vn 0.2211 0.9286 -0.2981
vn 0.0274 0.9989 -0.0370
vn 0.3266 -0.9306 0.1653
vn 0.3333 0.8289 -0.4494
vn -0.0987 0.9862 0.1331
vn 0.0213 -0.9994 -0.0288
vn 0.0323 -0.9985 -0.0431
vn -0.0823 -0.9904 0.1110
vn 0.0320 0.9986 -0.0432
vn -0.1342 0.9743 0.1809
vn -0.0207 -0.9994 0.0279
vn 0.3333 -0.8289 -0.4494
vn 0.2415 0.9141 -0.3256
vn -0.3612 -0.7953 0.4869
vn 0.2211 -0.9286 -0.2981
vn 0.0357 0.9982 -0.0481
vn 0.1605 -0.9630 -0.2164
vn -0.1296 0.9761 0.1747
vn 0.1234 -0.9783 -0.1663
vn 0.0538 0.9959 -0.0726
vn 0.0981 -0.9863 -0.1323
vn 0.0654 0.9940 -0.0882
vn 0.0607 -0.9959 -0.0670
vn 0.1391 0.9783 -0.1534
vn -0.0739 -0.9939 0.0815
vn 0.1810 0.9630 -0.1997
vn 0.0402 -0.9982 -0.0444
vn 0.2493 0.9286 -0.2750
vn 0.0309 0.9989 -0.0341
vn 0.0318 -0.9989 -0.0350
vn 0.3757 0.8289 -0.4145
vn -0.1113 0.9862 0.1228
vn 0.1276 -0.9818 -0.1408
vn 0.0362 -0.9986 -0.0396
vn -0.0928 -0.9904 0.1024
vn 0.0359 0.9986 -0.0397
vn -0.1513 0.9743 0.1669
vn -0.0234 -0.9994 0.0258
vn 0.3757 -0.8289 -0.4145
vn 0.2722 0.9141 -0.3004
vn -0.4071 -0.7953 0.4492
vn 0.2493 -0.9286 -0.2750
vn 0.0402 0.9982 -0.0444
vn 0.1810 -0.9630 -0.1997
vn -0.1461 0.9761 0.1612
vn 0.1391 -0.9783 -0.1534
vn 0.0607 0.9959 -0.0670
vn 0.1106 -0.9863 -0.1221
vn 0.0737 0.9940 -0.0814
vn 0.0898 -0.9910 -0.0991
vn 0.0898 0.9910 -0.0991
vn 0.0737 -0.9940 -0.0814
vn 0.1106 0.9863 -0.1221
vn 0.0444 -0.9982 -0.0402
vn 0.2750 0.9286 -0.2493
vn 0.0341 0.9989 -0.0309
vn 0.0350 -0.9989 -0.0318
vn 0.4145 0.8289 -0.3757
vn -0.1228 0.9862 0.1113
vn 0.1408 -0.9818 -0.1276
vn 0.0398 -0.9986 -0.0357
vn 0.8032 -0.0000 0.5957
vn -0.1024 -0.9904 0.0928
vn 0.0395 0.9986 -0.0358
vn -0.1669 0.9743 0.1513
vn -0.0258 -0.9994 0.0234
vn 0.4145 -0.8289 -0.3757
vn 0.3004 0.9141 -0.2722
vn -0.4492 -0.7953 0.4071
vn 0.2750 -0.9286 -0.2493
vn 0.0444 0.9982 -0.0402
vn 0.1997 -0.9630 -0.1810
vn -0.1612 0.9761 0.1461
vn 0.1534 -0.9783 -0.1391
vn 0.0670 0.9959 -0.0607
vn 0.1221 -0.9863 -0.1106
vn 0.0814 0.9940 -0.0737
vn 0.0991 -0.9910 -0.0898
vn 0.0991 0.9910 -0.0898
vn 0.0814 -0.9940 -0.0737
vn 0.1221 0.9863 -0.1106
vn 0.0670 -0.9959 -0.0607
vn 0.1534 0.9783 -0.1391
vn -0.0815 -0.9939 0.0739
vn 0.1997 0.9630 -0.1810
vn -0.1331 0.9862 0.0987
vn 0.0288 -0.9994 -0.0213
vn 0.0429 -0.9986 -0.0315
vn -0.1110 -0.9904 0.0823
vn 0.0426 0.9986 -0.0316
vn -0.1809 0.9743 0.1342
vn -0.0279 -0.9994 0.0207
vn 0.4494 -0.8289 -0.3333
vn 0.3256 0.9141 -0.2415
vn -0.4870 -0.7953 0.3611
vn 0.2981 -0.9286 -0.2211
vn 0.0481 0.9982 -0.0357
vn 0.2164 -0.9630 -0.1605
vn -0.1747 0.9761 0.1296
vn 0.1663 -0.9783 -0.1234
vn 0.0726 0.9959 -0.0538
vn 0.1323 -0.9863 -0.0981
vn 0.0882 0.9940 -0.0654
vn 0.1075 -0.9910 -0.0797
vn 0.1075 0.9910 -0.0797
vn 0.0882 -0.9940 -0.0654
vn 0.1323 0.9863 -0.0981
vn 0.0726 -0.9959 -0.0538
vn 0.1663 0.9783 -0.1234
vn -0.2480 -0.9593 -0.1350
vn 0.2164 0.9630 -0.1605
vn -0.1207 -0.9514 -0.2833
vn 0.2981 0.9286 -0.2211
vn 0.0370 0.9989 -0.0275
vn -0.1653 -0.9306 -0.3266
vn 0.4494 0.8289 -0.3333
vn -0.1932 0.9743 0.1158
vn -0.0298 -0.9994 0.0179
vn 0.4799 -0.8289 -0.2876
vn 0.3477 0.9141 -0.2084
vn -0.5200 -0.7953 0.3117
vn 0.3183 -0.9286 -0.1908
vn 0.0514 0.9982 -0.0308
vn 0.2311 -0.9630 -0.1385
vn -0.1866 0.9761 0.1118
vn 0.1776 -0.9783 -0.1065
vn 0.0775 0.9959 -0.0465
vn 0.1413 -0.9863 -0.0847
vn 0.0942 0.9940 -0.0564
vn 0.1147 -0.9910 -0.0688
vn 0.1147 0.9910 -0.0688
vn 0.0942 -0.9940 -0.0564
vn 0.1413 0.9863 -0.0847
vn 0.0775 -0.9959 -0.0465
vn 0.1776 0.9783 -0.1065
vn 0.0635 -0.9973 -0.0381
vn 0.2311 0.9630 -0.1385
vn 0.0514 -0.9982 -0.0308
vn 0.3183 0.9286 -0.1908
vn 0.0395 0.9989 -0.0237
vn 0.0406 -0.9989 -0.0243
vn 0.4799 0.8289 -0.2876
vn -0.1422 0.9862 0.0852
vn 0.0307 -0.9994 -0.0184
vn 0.0456 -0.9986 -0.0270
vn -0.1185 -0.9904 0.0710
vn 0.0454 0.9986 -0.0272
vn 0.0542 0.9982 -0.0256
vn 0.2436 -0.9630 -0.1152
vn -0.1966 0.9761 0.0930
vn 0.1872 -0.9783 -0.0885
vn 0.0817 0.9959 -0.0386
vn 0.1489 -0.9863 -0.0704
vn 0.0993 0.9940 -0.0469
vn 0.1209 -0.9910 -0.0572
vn 0.1209 0.9910 -0.0572
vn 0.0993 -0.9940 -0.0469
vn 0.1489 0.9863 -0.0704
vn 0.0817 -0.9959 -0.0386
vn 0.1872 0.9783 -0.0885
vn 0.0669 -0.9973 -0.0317
vn 0.2436 0.9630 -0.1152
vn 0.0542 -0.9982 -0.0256
vn 0.3355 0.9286 -0.1587
vn 0.0417 0.9989 -0.0197
vn 0.0428 -0.9989 -0.0202
vn 0.5057 0.8289 -0.2392
vn -0.1498 0.9862 0.0709
vn 0.0324 -0.9994 -0.0153
vn 0.0478 -0.9986 -0.0224
vn -0.9892 -0.0000 0.1467
vn -0.1249 -0.9904 0.0591
vn 0.0476 0.9986 -0.0225
vn -0.2036 0.9743 0.0963
vn -0.0315 -0.9994 0.0149
vn 0.5057 -0.8289 -0.2392
vn 0.3665 0.9141 -0.1733
vn -0.5480 -0.7953 0.2592
vn 0.3355 -0.9286 -0.1587
vn 0.0851 0.9959 -0.0304
vn 0.1551 -0.9863 -0.0555
vn 0.1034 0.9940 -0.0370
vn 0.1260 -0.9910 -0.0451
vn 0.1260 0.9910 -0.0451
vn 0.1034 -0.9940 -0.0370
vn 0.1551 0.9863 -0.0555
vn 0.0851 -0.9959 -0.0304
vn 0.1950 0.9783 -0.0698
vn 0.0697 -0.9973 -0.0249
vn 0.2537 0.9630 -0.0908
vn 0.0564 -0.9982 -0.0202
vn 0.3495 0.9286 -0.1250
vn 0.0434 0.9989 -0.0155
vn 0.0445 -0.9989 -0.0159
vn 0.5267 0.8289 -0.1885
vn -0.1561 0.9862 0.0558
vn 0.0337 -0.9994 -0.0121
vn 0.0496 -0.9986 -0.0176
vn -0.1301 -0.9904 0.0466
vn 0.0495 0.9986 -0.0177
vn -0.2121 0.9743 0.0759
vn -0.0328 -0.9994 0.0117
vn 0.5267 -0.8289 -0.1885
vn 0.3817 0.9141 -0.1366
vn -0.5708 -0.7953 0.2042
vn 0.3495 -0.9286 -0.1250
vn 0.0564 0.9982 -0.0202
vn 0.2537 -0.9630 -0.0908
vn -0.2048 0.9761 0.0733
vn 0.1950 -0.9783 -0.0698
vn 0.1298 0.9910 -0.0325
vn 0.1065 -0.9940 -0.0267
vn 0.1598 0.9863 -0.0400
vn 0.0877 -0.9959 -0.0220
vn 0.2009 0.9783 -0.0503
vn 0.0718 -0.9973 -0.0180
vn 0.2614 0.9630 -0.0655
vn 0.0581 -0.9982 -0.0146
vn 0.3600 0.9286 -0.0902
vn 0.0447 0.9989 -0.0112
vn 0.0459 -0.9989 -0.0115
vn 0.5427 0.8289 -0.1359
vn -0.1608 0.9862 0.0403
vn 0.0347 -0.9994 -0.0087
vn 0.0510 -0.9986 -0.0126
vn -0.1341 -0.9904 0.0336
vn 0.0509 0.9986 -0.0127
vn -0.2185 0.9743 0.0547
vn -0.0337 -0.9994 0.0085
vn 0.5427 -0.8289 -0.1359
vn 0.3932 0.9141 -0.0985
vn -0.5881 -0.7953 0.1473
vn 0.3600 -0.9286 -0.0902
vn 0.0581 0.9982 -0.0146
vn 0.2614 -0.9630 -0.0655
vn -0.2110 0.9761 0.0529
vn 0.2009 -0.9783 -0.0503
vn 0.0877 0.9959 -0.0220
vn 0.1598 -0.9863 -0.0400
vn 0.1065 0.9940 -0.0267
vn 0.1298 -0.9910 -0.0325
vn 0.2260 0.9704 0.0845
vn 0.0365 -0.9396 -0.3403
vn 0.2666 0.9630 -0.0395
vn 0.0171 -0.9209 -0.3894
vn 0.3671 0.9286 -0.0545
vn 0.0456 0.9989 -0.0068
vn -0.0030 -0.8883 -0.4592
vn 0.5534 0.8289 -0.0821
vn -0.1640 0.9862 0.0243
vn -0.0255 -0.8276 -0.5607
vn 0.0518 -0.9986 -0.0076
vn -0.2337 -0.6995 -0.6753
vn 0.0518 0.9986 -0.0077
vn -0.2228 0.9743 0.0331
vn -0.1897 -0.4468 -0.8743
vn 0.5534 -0.8289 -0.0821
vn 0.4010 0.9141 -0.0595
vn -0.4779 -0.4177 -0.7727
vn 0.3671 -0.9286 -0.0545
vn 0.0593 0.9982 -0.0088
vn 0.2666 -0.9630 -0.0395
vn -0.4492 0.8910 0.0666
vn 0.2049 -0.9783 -0.0304
vn 0.0249 0.9485 -0.3157
vn 0.1630 -0.9863 -0.0242
vn 0.0488 0.9544 -0.2944
vn 0.1323 -0.9910 -0.0196
vn 0.0761 0.9573 -0.2791
vn 0.1086 -0.9940 -0.0161
vn 0.1271 0.9730 -0.1928
vn 0.2893 -0.9007 -0.3240
vn 0.3707 0.9286 -0.0182
vn 0.0460 0.9989 -0.0023
vn 0.0472 -0.9989 -0.0023
vn 0.5588 0.8289 -0.0275
vn -0.1656 0.9862 0.0081
vn 0.0358 -0.9994 -0.0018
vn 0.0523 -0.9986 -0.0025
vn -0.1380 -0.9904 0.0068
vn 0.0523 0.9986 -0.0026
vn -0.2250 0.9743 0.0111
vn -0.0348 -0.9994 0.0017
vn 0.5588 -0.8289 -0.0274
vn 0.4049 0.9141 -0.0199
vn -0.6912 -0.7219 0.0340
vn 0.3707 -0.9286 -0.0182
vn 0.0598 0.9982 -0.0029
vn 0.2691 -0.9630 -0.0132
vn -0.4535 0.8910 0.0223
vn 0.2068 -0.9783 -0.0102
vn 0.0903 0.9959 -0.0044
vn 0.1646 -0.9863 -0.0081
vn 0.1097 0.9940 -0.0054
vn 0.1336 -0.9910 -0.0066
vn 0.1336 0.9910 -0.0066
vn 0.1097 -0.9940 -0.0054
vn 0.9283 0.3690 -0.0463
vn 0.3345 -0.9423 -0.0164
vn 0.6205 0.7836 -0.0309
vn 0.0740 -0.9973 -0.0036
vn 0.1113 0.9938 -0.0055
vn 0.0598 -0.9982 -0.0029
vn 0.0523 -0.9986 0.0025
vn 0.7409 -0.0000 0.6716
vn -0.1380 -0.9904 -0.0068
vn 0.0523 0.9986 0.0026
vn -0.2250 0.9743 -0.0111
vn -0.0348 -0.9994 -0.0017
vn 0.5588 -0.8289 0.0275
vn 0.4049 0.9141 0.0199
vn -0.6912 -0.7219 -0.0340
vn 0.3707 -0.9286 0.0182
vn 0.0598 0.9982 0.0029
vn 0.2691 -0.9630 0.0132
vn -0.4535 0.8910 -0.0223
vn 0.2068 -0.9783 0.0102
vn 0.0903 0.9959 0.0044
vn 0.1646 -0.9863 0.0081
vn 0.1097 0.9940 0.0054
vn 0.1336 -0.9910 0.0066
vn 0.1336 0.9910 0.0066
vn 0.1097 -0.9940 0.0054
vn 0.9283 0.3690 0.0463
vn 0.3345 -0.9423 0.0164
vn 0.6205 0.7836 0.0309
vn 0.0740 -0.9973 0.0036
vn 0.1113 0.9938 0.0055
vn 0.0598 -0.9982 0.0029
vn 0.3707 0.9286 0.0182
vn 0.0460 0.9989 0.0023
vn 0.0472 -0.9989 0.0023
vn 0.5588 0.8289 0.0275
vn -0.1656 0.9862 -0.0081
vn 0.0358 -0.9994 0.0018
vn 0.5534 -0.8289 0.0821
vn 0.4010 0.9141 0.0595
vn -0.4779 -0.4177 0.7727
vn 0.3671 -0.9286 0.0545
vn 0.0593 0.9982 0.0088
vn 0.2666 -0.9630 0.0395
vn -0.2152 0.9761 -0.0319
vn 0.2049 -0.9783 0.0304
vn 0.0249 0.9485 0.3157
vn 0.1630 -0.9863 0.0242
vn 0.0488 0.9544 0.2944
vn 0.1323 -0.9910 0.0196
vn 0.0761 0.9573 0.2791
vn 0.1086 -0.9940 0.0161
vn 0.1271 0.9730 0.1928
vn 0.2893 -0.9007 0.3240
vn 0.2260 0.9704 -0.0845
vn 0.0365 -0.9396 0.3403
vn 0.2666 0.9630 0.0395
vn 0.0171 -0.9209 0.3893
vn 0.3671 0.9286 0.0545
vn 0.0456 0.9989 0.0068
vn -0.0030 -0.8883 0.4592
vn 0.5534 0.8289 0.0821
vn -0.1640 0.9862 -0.0243
vn -0.0255 -0.8276 0.5607
vn 0.0518 -0.9986 0.0076
vn -0.2337 -0.6995 0.6753
vn 0.0518 0.9986 0.0077
vn -0.2228 0.9743 -0.0331
vn -0.1897 -0.4468 0.8743
vn 0.2614 -0.9630 0.0655
vn -0.2110 0.9761 -0.0529
vn 0.2009 -0.9783 0.0503
vn 0.0877 0.9959 0.0220
vn 0.1598 -0.9863 0.0400
vn 0.1065 0.9940 0.0267
vn 0.1298 -0.9910 0.0325
vn 0.1298 0.9910 0.0325
vn 0.1065 -0.9940 0.0267
vn 0.1598 0.9863 0.0400
vn 0.0877 -0.9959 0.0220
vn 0.2009 0.9783 0.0503
vn 0.0718 -0.9973 0.0180
vn 0.2614 0.9630 0.0655
vn 0.0581 -0.9982 0.0146
vn 0.3600 0.9286 0.0902
vn 0.0447 0.9989 0.0112
vn 0.0459 -0.9989 0.0115
vn 0.5427 0.8289 0.1359
vn -0.1608 0.9862 -0.0403
vn 0.0347 -0.9994 0.0087
vn 0.0510 -0.9986 0.0126
vn -0.1341 -0.9904 -0.0336
vn 0.0509 0.9986 0.0127
vn -0.2185 0.9743 -0.0547
vn -0.0338 -0.9994 -0.0085
vn 0.5427 -0.8289 0.1359
vn 0.3932 0.9141 0.0985
vn -0.5881 -0.7953 -0.1473
vn 0.3600 -0.9286 0.0902
vn 0.0581 0.9982 0.0146
vn 0.1551 -0.9863 0.0555
vn 0.1034 0.9940 0.0370
vn 0.1260 -0.9910 0.0451
vn 0.1260 0.9910 0.0451
vn 0.1034 -0.9940 0.0370
vn 0.1551 0.9863 0.0555
vn 0.0851 -0.9959 0.0304
vn 0.1950 0.9783 0.0698
vn 0.0697 -0.9973 0.0249
vn 0.2537 0.9630 0.0908
vn 0.0564 -0.9982 0.0202
vn 0.3495 0.9286 0.1250
vn 0.0434 0.9989 0.0155
vn 0.0445 -0.9989 0.0159
vn 0.5267 0.8289 0.1885
vn -0.1561 0.9862 -0.0558
vn 0.0337 -0.9994 0.0121
vn 0.0496 -0.9986 0.0176
vn 0.7410 -0.0000 0.6716
vn -0.1301 -0.9904 -0.0466
vn 0.0495 0.9986 0.0177
vn -0.2121 0.9743 -0.0759
vn -0.0328 -0.9994 -0.0117
vn 0.5267 -0.8289 0.1885
vn 0.3817 0.9141 0.1366
vn -0.5708 -0.7953 -0.2042
vn 0.3495 -0.9286 0.1250
vn 0.0564 0.9982 0.0202
vn 0.2537 -0.9630 0.0908
vn -0.2048 0.9761 -0.0733
vn 0.1950 -0.9783 0.0698
vn 0.0851 0.9959 0.0304
vn 0.0993 -0.9940 0.0469
vn 0.1489 0.9863 0.0704
vn 0.0817 -0.9959 0.0386
vn 0.1872 0.9783 0.0885
vn 0.0669 -0.9973 0.0317
vn 0.2436 0.9630 0.1152
vn 0.0542 -0.9982 0.0256
vn 0.3355 0.9286 0.1587
vn 0.0417 0.9989 0.0197
vn 0.0428 -0.9989 0.0202
vn 0.5057 0.8289 0.2392
vn -0.1498 0.9862 -0.0709
vn 0.0324 -0.9994 0.0153
vn 0.0478 -0.9986 0.0224
vn -0.1249 -0.9904 -0.0591
vn 0.0476 0.9986 0.0225
vn -0.2036 0.9743 -0.0963
vn -0.0315 -0.9994 -0.0149
vn 0.5057 -0.8289 0.2392
vn 0.3665 0.9141 0.1733
vn -0.5480 -0.7953 -0.2592
vn 0.3355 -0.9286 0.1587
vn 0.0542 0.9982 0.0256
vn 0.2436 -0.9630 0.1152
vn -0.1966 0.9761 -0.0930
vn 0.1872 -0.9783 0.0885
vn 0.0817 0.9959 0.0386
vn 0.1489 -0.9863 0.0704
vn 0.0993 0.9940 0.0469
vn 0.1209 -0.9910 0.0572
vn 0.1209 0.9910 0.0572
vn 0.0635 -0.9973 0.0381
vn 0.2311 0.9630 0.1385
vn 0.0514 -0.9982 0.0308
vn 0.3184 0.9286 0.1908
vn 0.0395 0.9989 0.0237
vn 0.0406 -0.9989 0.0243
vn 0.4798 0.8289 0.2876
vn -0.1422 0.9862 -0.0852
vn 0.0307 -0.9994 0.0184
vn 0.0456 -0.9986 0.0270
vn -0.9988 -0.0000 0.0491
vn -0.1185 -0.9904 -0.0711
vn 0.0454 0.9986 0.0272
vn -0.1932 0.9743 -0.1158
vn -0.0298 -0.9994 -0.0179
vn 0.4798 -0.8289 0.2876
vn 0.3477 0.9141 0.2084
vn -0.5200 -0.7953 -0.3117
vn 0.3184 -0.9286 0.1908
vn 0.0514 0.9982 0.0308
vn 0.2311 -0.9630 0.1385
vn -0.1866 0.9761 -0.1118
vn 0.1776 -0.9783 0.1065
vn 0.0775 0.9959 0.0465
vn 0.1413 -0.9863 0.0847
vn 0.0942 0.9940 0.0564
vn 0.1147 -0.9910 0.0688
vn 0.1147 0.9910 0.0688
vn 0.0942 -0.9940 0.0564
vn 0.1413 0.9863 0.0847
vn 0.0775 -0.9959 0.0465
vn 0.1776 0.9783 0.1065
vn 0.0380 -0.9989 0.0282
vn 0.4493 0.8289 0.3333
vn -0.1331 0.9862 -0.0987
vn 0.0288 -0.9994 0.0213
vn 0.0429 -0.9986 0.0315
vn -0.1110 -0.9904 -0.0823
vn 0.0426 0.9986 0.0316
vn -0.1809 0.9743 -0.1342
vn -0.0279 -0.9994 -0.0207
vn 0.4493 -0.8289 0.3333
vn 0.3256 0.9141 0.2415
vn -0.4870 -0.7953 -0.3611
vn 0.2981 -0.9286 0.2211
vn 0.0481 0.9982 0.0357
vn 0.2164 -0.9630 0.1605
vn -0.1747 0.9761 -0.1296
vn 0.1663 -0.9783 0.1234
vn 0.0726 0.9959 0.0538
vn 0.1323 -0.9863 0.0981
vn 0.0882 0.9940 0.0654
vn 0.1075 -0.9910 0.0797
vn 0.1075 0.9910 0.0797
vn 0.0882 -0.9940 0.0654
vn 0.1323 0.9863 0.0981
vn 0.0726 -0.9959 0.0538
vn 0.1663 0.9783 0.1234
vn 0.0595 -0.9973 0.0441
vn 0.2164 0.9630 0.1605
vn 0.0481 -0.9982 0.0357
vn 0.2981 0.9286 0.2211
vn 0.0370 0.9989 0.0275
vn -0.1024 -0.9904 -0.0928
vn 0.0395 0.9986 0.0358
vn -0.1669 0.9743 -0.1513
vn -0.0258 -0.9994 -0.0234
vn 0.4145 -0.8289 0.3757
vn 0.3004 0.9141 0.2722
vn -0.4492 -0.7953 -0.4071
vn 0.2750 -0.9286 0.2493
vn 0.0444 0.9982 0.0402
vn 0.1997 -0.9630 0.1810
vn -0.1612 0.9761 -0.1461
vn 0.1534 -0.9783 0.1391
vn 0.0670 0.9959 0.0607
vn 0.1221 -0.9863 0.1106
vn 0.0814 0.9940 0.0737
vn 0.0991 -0.9910 0.0898
vn 0.0991 0.9910 0.0898
vn 0.0814 -0.9940 0.0737
vn 0.1221 0.9863 0.1106
vn 0.0670 -0.9959 0.0607
vn 0.1534 0.9783 0.1391
vn -0.2601 -0.9593 0.1101
vn 0.1997 0.9630 0.1810
vn -0.1479 -0.9514 0.2701
vn 0.2750 0.9286 0.2493
vn 0.0341 0.9989 0.0309
vn -0.1965 -0.9306 0.3088
vn 0.4145 0.8289 0.3757
vn -0.1228 0.9862 -0.1113
vn 0.0265 -0.9994 0.0240
vn 0.0398 -0.9986 0.0357
vn -0.4071 -0.7953 -0.4492
vn 0.2493 -0.9286 0.2750
vn 0.0402 0.9982 0.0444
vn 0.1810 -0.9630 0.1997
vn -0.1461 0.9761 -0.1612
vn 0.1391 -0.9783 0.1534
vn 0.0607 0.9959 0.0670
vn 0.1106 -0.9863 0.1221
vn 0.0737 0.9940 0.0814
vn 0.0898 -0.9910 0.0991
vn 0.0898 0.9910 0.0991
vn 0.0737 -0.9940 0.0814
vn 0.1106 0.9863 0.1221
vn 0.0607 -0.9959 0.0670
vn 0.1391 0.9783 0.1534
vn -0.0739 -0.9939 -0.0815
vn 0.1810 0.9630 0.1997
vn 0.0402 -0.9982 0.0444
vn 0.2493 0.9286 0.2750
vn 0.0309 0.9989 0.0341
vn 0.0318 -0.9989 0.0350
vn 0.3757 0.8289 0.4145
vn -0.1113 0.9862 -0.1228
vn 0.1276 -0.9818 0.1408
vn 0.0362 -0.9986 0.0396
vn 0.6716 -0.0000 0.7410
vn -0.0928 -0.9904 -0.1024
vn 0.0359 0.9986 0.0397
vn -0.1513 0.9743 -0.1669
vn -0.0234 -0.9994 -0.0258
vn 0.3757 -0.8289 0.4145
vn 0.2722 0.9141 0.3004
vn 0.1234 -0.9783 0.1663
vn 0.0538 0.9959 0.0726
vn 0.0981 -0.9863 0.1323
vn 0.0654 0.9940 0.0882
vn 0.0797 -0.9910 0.1075
vn 0.0797 0.9910 0.1075
vn 0.0654 -0.9940 0.0882
vn 0.0981 0.9863 0.1323
vn 0.0538 -0.9959 0.0726
vn 0.1234 0.9783 0.1663
vn -0.0655 -0.9939 -0.0884
vn 0.1605 0.9630 0.2164
vn 0.0357 -0.9982 0.0481
vn 0.2211 0.9286 0.2981
vn 0.0274 0.9989 0.0370
vn 0.0282 -0.9989 0.0380
vn 0.3333 0.8289 0.4493
vn -0.0987 0.9862 -0.1331
vn 0.1132 -0.9818 0.1527
vn 0.0323 -0.9985 0.0431
vn -0.0823 -0.9904 -0.1110
vn 0.0320 0.9986 0.0432
vn -0.1342 0.9743 -0.1809
vn -0.0207 -0.9994 -0.0279
vn 0.3333 -0.8289 0.4493
vn 0.2415 0.9141 0.3256
vn -0.3612 -0.7953 -0.4869
vn 0.2211 -0.9286 0.2981
vn 0.0357 0.9982 0.0481
vn 0.1605 -0.9630 0.2164
vn -0.1296 0.9761 -0.1747
vn 0.0277 0.9985 0.0463
vn -0.1158 0.9743 -0.1932
vn -0.0179 -0.9994 -0.0298
vn 0.2876 -0.8289 0.4798
vn 0.2084 0.9141 0.3477
vn -0.3117 -0.7953 -0.5200
vn 0.1908 -0.9286 0.3184
vn 0.0308 0.9982 0.0514
vn 0.1385 -0.9630 0.2311
vn -0.1118 0.9761 -0.1866
vn 0.1065 -0.9783 0.1776
vn 0.0465 0.9959 0.0775
vn 0.0847 -0.9863 0.1413
vn 0.0564 0.9940 0.0942
vn 0.0688 -0.9910 0.1147
vn 0.0688 0.9910 0.1147
vn 0.0564 -0.9940 0.0942
vn 0.0847 0.9863 0.1413
vn 0.0465 -0.9959 0.0775
vn 0.1065 0.9783 0.1776
vn 0.1587 -0.9593 -0.2336
vn 0.1385 0.9630 0.2311
vn 0.2938 -0.9514 -0.0924
vn 0.1908 0.9286 0.3184
vn 0.0237 0.9989 0.0395
vn 0.3412 -0.9306 -0.1325
vn 0.2876 0.8289 0.4798
vn -0.0852 0.9862 -0.1422
vn 0.0184 -0.9994 0.0307
vn 0.0280 -0.9985 0.0463
vn -0.0710 -0.9904 -0.1185
vn 0.1587 -0.9286 0.3355
vn 0.0256 0.9982 0.0542
vn 0.1152 -0.9630 0.2436
vn -0.0930 0.9761 -0.1966
vn 0.0885 -0.9783 0.1872
vn 0.0386 0.9959 0.0817
vn 0.0704 -0.9863 0.1489
vn 0.0469 0.9940 0.0993
vn 0.0572 -0.9910 0.1209
vn 0.0572 0.9910 0.1209
vn 0.0469 -0.9940 0.0993
vn 0.0704 0.9863 0.1489
vn 0.0386 -0.9959 0.0817
vn 0.0885 0.9783 0.1872
vn 0.0317 -0.9973 0.0669
vn 0.1152 0.9630 0.2436
vn 0.0256 -0.9982 0.0542
vn 0.1587 0.9286 0.3355
vn 0.0197 0.9989 0.0417
vn 0.0202 -0.9989 0.0428
vn 0.2392 0.8289 0.5057
vn -0.0709 0.9862 -0.1498
vn 0.0153 -0.9994 0.0324
vn 0.0234 -0.9985 0.0490
vn -0.9988 -0.0000 -0.0491
vn -0.0591 -0.9904 -0.1249
vn 0.0232 0.9985 0.0490
vn -0.0963 0.9743 -0.2036
vn -0.0149 -0.9994 -0.0315
vn 0.2392 -0.8289 0.5057
vn 0.1733 0.9141 0.3665
vn -0.2592 -0.7953 -0.5481
vn 0.0698 -0.9783 0.1950
vn 0.0304 0.9959 0.0851
vn 0.0555 -0.9863 0.1551
vn 0.0370 0.9940 0.1034
vn 0.0451 -0.9910 0.1260
vn 0.0451 0.9910 0.1260
vn 0.0370 -0.9940 0.1034
vn 0.0555 0.9863 0.1551
vn 0.0304 -0.9959 0.0851
vn 0.0698 0.9783 0.1950
vn 0.0249 -0.9973 0.0697
vn 0.0908 0.9630 0.2537
vn 0.0202 -0.9982 0.0564
vn 0.1250 0.9286 0.3495
vn 0.0155 0.9989 0.0434
vn 0.0159 -0.9989 0.0445
vn 0.1885 0.8289 0.5267
vn -0.0558 0.9862 -0.1561
vn 0.0121 -0.9994 0.0337
vn 0.0185 -0.9985 0.0512
vn -0.0466 -0.9904 -0.1301
vn 0.0183 0.9985 0.0512
vn -0.0759 0.9743 -0.2121
vn -0.0117 -0.9994 -0.0328
vn 0.1885 -0.8289 0.5267
vn 0.1366 0.9141 0.3817
vn -0.2042 -0.7953 -0.5708
vn 0.1250 -0.9286 0.3495
vn 0.0202 0.9982 0.0564
vn 0.0908 -0.9630 0.2537
vn -0.0733 0.9761 -0.2048
vn 0.0325 -0.9910 0.1298
vn 0.0325 0.9910 0.1298
vn 0.0267 -0.9940 0.1065
vn 0.0400 0.9863 0.1598
vn 0.0220 -0.9959 0.0877
vn 0.0503 0.9783 0.2009
vn 0.0180 -0.9973 0.0718
vn 0.0655 0.9630 0.2614
vn 0.0146 -0.9982 0.0581
vn 0.0902 0.9286 0.3600
vn 0.0112 0.9989 0.0447
vn 0.0115 -0.9989 0.0459
vn 0.1359 0.8289 0.5427
vn -0.0403 0.9862 -0.1608
vn 0.0087 -0.9994 0.0347
vn 0.0134 -0.9985 0.0529
vn -0.0336 -0.9904 -0.1341
vn 0.0132 0.9985 0.0528
vn -0.0547 0.9743 -0.2185
vn -0.0085 -0.9994 -0.0338
vn 0.1359 -0.8289 0.5427
vn 0.0985 0.9141 0.3932
vn -0.1473 -0.7953 -0.5881
vn 0.0902 -0.9286 0.3600
vn 0.0146 0.9982 0.0581
vn 0.0655 -0.9630 0.2614
vn -0.0529 0.9761 -0.2110
vn 0.0503 -0.9783 0.2009
vn 0.0220 0.9959 0.0877
vn 0.0400 -0.9863 0.1598
vn 0.0267 0.9940 0.1065
vn 0.3240 -0.9007 0.2893
vn -0.1177 0.9657 0.2316
vn 0.3403 -0.9396 0.0365
vn 0.0395 0.9630 0.2666
vn 0.3893 -0.9209 0.0171
vn 0.0545 0.9286 0.3671
vn 0.0068 0.9989 0.0456
vn 0.4592 -0.8883 -0.0030
vn 0.0821 0.8289 0.5534
vn -0.0243 0.9862 -0.1640
vn 0.5607 -0.8276 -0.0255
vn 0.0081 -0.9985 0.0540
vn 0.6753 -0.6995 -0.2337
vn 0.0080 0.9985 0.0540
vn -0.0331 0.9743 -0.2228
vn 0.8743 -0.4468 -0.1897
vn 0.0821 -0.8289 0.5534
vn 0.0595 0.9141 0.4010
vn 0.7728 -0.4176 -0.4779
vn 0.0545 -0.9286 0.3671
vn 0.0088 0.9982 0.0593
vn 0.0395 -0.9630 0.2665
vn -0.0666 0.8910 -0.4492
vn 0.0304 -0.9783 0.2049
vn 0.3157 0.9485 0.0249
vn 0.0242 -0.9863 0.1630
vn 0.2944 0.9544 0.0488
vn 0.0196 -0.9910 0.1323
vn 0.2791 0.9573 0.0761
vn 0.0161 -0.9940 0.1086
vn 0.1777 0.9754 0.1306
vn 0.0029 -0.9982 0.0598
vn 0.0182 0.9286 0.3707
vn 0.0023 0.9989 0.0460
vn 0.0023 -0.9989 0.0472
vn 0.0275 0.8289 0.5588
vn -0.0081 0.9862 -0.1656
vn 0.0018 -0.9994 0.0358
vn 0.0027 -0.9985 0.0546
vn -0.0068 -0.9904 -0.1380
vn 0.0027 0.9985 0.0546
vn -0.0111 0.9743 -0.2250
vn -0.0017 -0.9994 -0.0348
vn 0.0274 -0.8289 0.5588
vn 0.0199 0.9141 0.4049
vn -0.0339 -0.7219 -0.6912
vn 0.0182 -0.9286 0.3707
vn 0.0029 0.9982 0.0598
vn 0.0132 -0.9630 0.2691
vn -0.0223 0.8910 -0.4535
vn 0.0102 -0.9783 0.2068
vn 0.0044 0.9959 0.0903
vn 0.0081 -0.9863 0.1646
vn 0.0054 0.9940 0.1097
vn 0.0066 -0.9910 0.1336
vn 0.0066 0.9910 0.1336
vn 0.0054 -0.9940 0.1097
vn 0.0344 -0.7034 0.7099
vn 0.0164 -0.9423 0.3345
vn 0.0303 0.7793 0.6259
vn 0.0036 -0.9973 0.0740
vn 0.0048 0.9953 0.0971
vn -0.0018 -0.9994 0.0358
vn -0.0027 -0.9985 0.0546
vn 0.5957 -0.0000 0.8032
vn 0.0068 -0.9904 -0.1380
vn -0.0027 0.9985 0.0546
vn 0.0111 0.9743 -0.2250
vn 0.0017 -0.9994 -0.0348
vn -0.0274 -0.8289 0.5588
vn -0.0199 0.9141 0.4049
vn 0.0339 -0.7219 -0.6912
vn -0.0182 -0.9286 0.3707
vn -0.0029 0.9982 0.0598
vn -0.0132 -0.9630 0.2691
vn 0.0223 0.8910 -0.4535
vn -0.0102 -0.9783 0.2068
vn -0.0044 0.9959 0.0903
vn -0.0081 -0.9863 0.1646
vn -0.0054 0.9940 0.1097
vn -0.0066 -0.9910 0.1336
vn -0.0066 0.9910 0.1336
vn -0.0054 -0.9940 0.1097
vn -0.0344 -0.7034 0.7099
vn -0.0164 -0.9423 0.3345
vn -0.0303 0.7793 0.6259
vn -0.0036 -0.9973 0.0740
vn -0.0048 0.9953 0.0971
vn -0.0029 -0.9982 0.0598
vn -0.0182 0.9286 0.3707
vn -0.0023 0.9989 0.0460
vn -0.0023 -0.9989 0.0472
vn -0.0275 0.8289 0.5588
vn 0.0081 0.9862 -0.1656
vn -0.8743 -0.4468 -0.1897
vn -0.0821 -0.8289 0.5534
vn -0.0595 0.9141 0.4010
vn -0.7728 -0.4176 -0.4779
vn -0.0545 -0.9286 0.3671
vn -0.0088 0.9982 0.0593
vn -0.0395 -0.9630 0.2665
vn 0.0319 0.9761 -0.2152
vn -0.0304 -0.9783 0.2049
vn -0.3157 0.9485 0.0249
vn -0.0242 -0.9863 0.1630
vn -0.2944 0.9544 0.0488
vn -0.0196 -0.9910 0.1323
vn -0.2791 0.9573 0.0761
vn -0.0161 -0.9940 0.1086
vn -0.1777 0.9754 0.1306
vn -0.3240 -0.9007 0.2893
vn 0.1177 0.9657 0.2316
vn -0.3403 -0.9396 0.0365
vn -0.0395 0.9630 0.2666
vn -0.3893 -0.9209 0.0171
vn -0.0545 0.9286 0.3671
vn -0.0068 0.9989 0.0456
vn -0.4592 -0.8883 -0.0030
vn -0.0821 0.8289 0.5534
vn 0.0243 0.9862 -0.1640
vn -0.5607 -0.8276 -0.0255
vn -0.0081 -0.9985 0.0540
vn -0.6753 -0.6995 -0.2337
vn -0.0080 0.9985 0.0540
vn 0.0331 0.9743 -0.2228
vn -0.0655 -0.9630 0.2614
vn 0.0529 0.9761 -0.2110
vn -0.0503 -0.9783 0.2009
vn -0.0220 0.9959 0.0877
vn -0.0400 -0.9863 0.1598
vn -0.0267 0.9940 0.1065
vn -0.0325 -0.9910 0.1298
vn -0.0325 0.9910 0.1298
vn -0.0267 -0.9940 0.1065
vn -0.0400 0.9863 0.1598
vn -0.0220 -0.9959 0.0877
vn -0.0503 0.9783 0.2009
vn -0.0180 -0.9973 0.0718
vn -0.0655 0.9630 0.2614
vn -0.0146 -0.9982 0.0581
vn -0.0902 0.9286 0.3600
vn -0.0112 0.9989 0.0447
vn -0.0115 -0.9989 0.0459
vn -0.1359 0.8289 0.5427
vn 0.0403 0.9862 -0.1608
vn -0.0087 -0.9994 0.0347
vn -0.0134 -0.9985 0.0529
vn 0.0336 -0.9904 -0.1341
vn -0.0132 0.9985 0.0528
vn 0.0547 0.9743 -0.2185
vn 0.0085 -0.9994 -0.0338
vn -0.1359 -0.8289 0.5427
vn -0.0985 0.9141 0.3932
vn 0.1473 -0.7953 -0.5881
vn -0.0902 -0.9286 0.3600
vn -0.0146 0.9982 0.0581
vn -0.0555 -0.9863 0.1551
vn -0.0370 0.9940 0.1034
vn -0.0451 -0.9910 0.1260
vn -0.0451 0.9910 0.1260
vn -0.0370 -0.9940 0.1034
vn -0.0555 0.9863 0.1551
vn -0.0304 -0.9959 0.0851
vn -0.0698 0.9783 0.1950
vn -0.0249 -0.9973 0.0697
vn -0.0908 0.9630 0.2537
vn -0.0202 -0.9982 0.0564
vn -0.1250 0.9286 0.3495
vn -0.0155 0.9989 0.0434
vn -0.0159 -0.9989 0.0445
vn -0.1885 0.8289 0.5267
vn 0.0558 0.9862 -0.1561
vn -0.0121 -0.9994 0.0337
vn -0.0185 -0.9985 0.0512
vn 0.0466 -0.9904 -0.1301
vn -0.0183 0.9985 0.0512
vn 0.0759 0.9743 -0.2121
vn 0.0117 -0.9994 -0.0328
vn -0.1885 -0.8289 0.5267
vn -0.1366 0.9141 0.3817
vn 0.2042 -0.7953 -0.5708
vn -0.1250 -0.9286 0.3495
vn -0.0202 0.9982 0.0564
vn -0.0908 -0.9630 0.2537
vn 0.0733 0.9761 -0.2048
vn -0.0698 -0.9783 0.1950
vn -0.0304 0.9959 0.0851
vn -0.0469 -0.9940 0.0993
vn -0.0704 0.9863 0.1489
vn -0.0386 -0.9959 0.0817
vn -0.0885 0.9783 0.1872
vn -0.0317 -0.9973 0.0669
vn -0.1152 0.9630 0.2436
vn -0.0256 -0.9982 0.0542
vn -0.1587 0.9286 0.3355
vn -0.0197 0.9989 0.0417
vn -0.0202 -0.9989 0.0428
vn -0.2392 0.8289 0.5057
vn 0.0709 0.9862 -0.1498
vn -0.0153 -0.9994 0.0324
vn -0.0234 -0.9985 0.0490
vn 0.0591 -0.9904 -0.1249
vn -0.0232 0.9985 0.0490
vn 0.0963 0.9743 -0.2036
vn 0.0149 -0.9994 -0.0315
vn -0.2392 -0.8289 0.5057
vn -0.1733 0.9141 0.3665
vn 0.2592 -0.7953 -0.5481
vn -0.1587 -0.9286 0.3355
vn -0.0256 0.9982 0.0542
vn -0.1152 -0.9630 0.2436
vn 0.0930 0.9761 -0.1966
vn -0.0885 -0.9783 0.1872
vn -0.0386 0.9959 0.0817
vn -0.0704 -0.9863 0.1489
vn -0.0469 0.9940 0.0993
vn -0.0572 -0.9910 0.1209
vn -0.0572 0.9910 0.1209
vn -0.0381 -0.9973 0.0635
vn -0.1385 0.9630 0.2311
vn -0.0308 -0.9982 0.0514
vn -0.1908 0.9286 0.3184
vn -0.0237 0.9989 0.0395
vn -0.0243 -0.9989 0.0406
vn -0.2876 0.8289 0.4798
vn 0.0852 0.9862 -0.1422
vn -0.0184 -0.9994 0.0307
vn -0.0280 -0.9985 0.0463
vn 0.0710 -0.9904 -0.1185
vn -0.0277 0.9985 0.0463
vn 0.1158 0.9743 -0.1932
vn 0.0179 -0.9994 -0.0298
vn -0.2876 -0.8289 0.4798
vn -0.2084 0.9141 0.3477
vn 0.3117 -0.7953 -0.5200
vn -0.1908 -0.9286 0.3184
vn -0.0308 0.9982 0.0514
vn -0.1385 -0.9630 0.2311
vn 0.1118 0.9761 -0.1866
vn -0.1065 -0.9783 0.1776
vn -0.0465 0.9959 0.0775
vn -0.0847 -0.9863 0.1413
vn -0.0564 0.9940 0.0942
vn -0.0688 -0.9910 0.1147
vn -0.0688 0.9910 0.1147
vn -0.0564 -0.9940 0.0942
vn -0.0847 0.9863 0.1413
vn -0.0465 -0.9959 0.0775
vn -0.1065 0.9783 0.1776
vn -0.0274 0.9989 0.0370
vn -0.3266 -0.9306 -0.1653
vn -0.3333 0.8289 0.4493
vn 0.0987 0.9862 -0.1331
vn -0.0213 -0.9994 0.0288
vn -0.0323 -0.9985 0.0431
vn -0.9892 -0.0000 -0.1467
vn 0.0823 -0.9904 -0.1110
vn -0.0320 0.9986 0.0432
vn 0.1342 0.9743 -0.1809
vn 0.0207 -0.9994 -0.0279
vn -0.3333 -0.8289 0.4493
vn -0.2415 0.9141 0.3256
vn 0.3611 -0.7953 -0.4869
vn -0.2211 -0.9286 0.2981
vn -0.0357 0.9982 0.0481
vn -0.1605 -0.9630 0.2164
vn 0.1296 0.9761 -0.1747
vn -0.1234 -0.9783 0.1663
vn -0.0538 0.9959 0.0726
vn -0.0981 -0.9863 0.1323
vn -0.0654 0.9940 0.0882
vn -0.0797 -0.9910 0.1075
vn -0.0797 0.9910 0.1075
vn -0.0654 -0.9940 0.0882
vn -0.0981 0.9863 0.1323
vn -0.0538 -0.9959 0.0726
vn -0.1234 0.9783 0.1663
vn -0.1350 -0.9593 -0.2480
vn -0.1605 0.9630 0.2164
vn -0.2833 -0.9514 -0.1207
vn -0.2211 0.9286 0.2981
vn 0.0928 -0.9904 -0.1024
vn -0.0359 0.9986 0.0397
vn 0.1513 0.9743 -0.1669
vn 0.0234 -0.9994 -0.0258
vn -0.3757 -0.8289 0.4145
vn -0.2722 0.9141 0.3004
vn 0.4071 -0.7953 -0.4492
vn -0.2493 -0.9286 0.2750
vn -0.0402 0.9982 0.0444
vn -0.1810 -0.9630 0.1997
vn 0.1461 0.9761 -0.1612
vn -0.1391 -0.9783 0.1534
vn -0.0607 0.9959 0.0670
vn -0.1106 -0.9863 0.1221
vn -0.0737 0.9940 0.0814
vn -0.0898 -0.9910 0.0991
vn -0.0898 0.9910 0.0991
vn -0.0737 -0.9940 0.0814
vn -0.1106 0.9863 0.1221
vn -0.0607 -0.9959 0.0670
vn -0.1391 0.9783 0.1534
vn 0.0739 -0.9939 -0.0815
vn -0.1810 0.9630 0.1997
vn -0.0402 -0.9982 0.0444
vn -0.2493 0.9286 0.2750
vn -0.0309 0.9989 0.0341
vn -0.0318 -0.9989 0.0350
vn -0.3757 0.8289 0.4145
vn 0.1113 0.9862 -0.1228
vn -0.1276 -0.9818 0.1408
vn -0.0362 -0.9986 0.0396
vn -0.3004 0.9141 0.2722
vn 0.4492 -0.7953 -0.4071
vn -0.2750 -0.9286 0.2493
vn -0.0444 0.9982 0.0402
vn -0.1997 -0.9630 0.1810
vn 0.1612 0.9761 -0.1461
vn -0.1534 -0.9783 0.1391
vn -0.0670 0.9959 0.0607
vn -0.1221 -0.9863 0.1106
vn -0.0814 0.9940 0.0737
vn -0.0991 -0.9910 0.0898
vn -0.0991 0.9910 0.0898
vn -0.0814 -0.9940 0.0737
vn -0.1221 0.9863 0.1106
vn -0.0670 -0.9959 0.0607
vn -0.1534 0.9783 0.1391
vn 0.0815 -0.9939 -0.0739
vn -0.1997 0.9630 0.1810
vn -0.0444 -0.9982 0.0402
vn -0.2750 0.9286 0.2493
vn -0.0341 0.9989 0.0309
vn -0.0350 -0.9989 0.0318
vn -0.4145 0.8289 0.3757
vn 0.1228 0.9862 -0.1113
vn -0.1408 -0.9818 0.1276
vn -0.0398 -0.9986 0.0357
vn 0.1024 -0.9904 -0.0928
vn -0.0395 0.9986 0.0358
vn 0.1669 0.9743 -0.1513
vn 0.0258 -0.9994 -0.0234
vn -0.4145 -0.8289 0.3757
vn 0.1747 0.9761 -0.1296
vn -0.1663 -0.9783 0.1234
vn -0.0726 0.9959 0.0538
vn -0.1323 -0.9863 0.0981
vn -0.0882 0.9940 0.0654
vn -0.1075 -0.9910 0.0797
vn -0.1075 0.9910 0.0797
vn -0.0882 -0.9940 0.0654
vn -0.1323 0.9863 0.0981
vn -0.0726 -0.9959 0.0538
vn -0.1663 0.9783 0.1234
vn 0.2480 -0.9593 0.1350
vn -0.2164 0.9630 0.1605
vn 0.1207 -0.9514 0.2833
vn -0.2981 0.9286 0.2211
vn -0.0370 0.9989 0.0275
vn 0.1653 -0.9306 0.3266
vn -0.4493 0.8289 0.3333
vn 0.1331 0.9862 -0.0987
vn -0.0288 -0.9994 0.0213
vn -0.0429 -0.9986 0.0315
vn 0.5141 -0.0000 0.8577
vn 0.1110 -0.9904 -0.0823
vn -0.0426 0.9986 0.0316
vn 0.1809 0.9743 -0.1342
vn 0.0279 -0.9994 -0.0207
vn -0.4493 -0.8289 0.3333
vn -0.3256 0.9141 0.2415
vn 0.4870 -0.7953 -0.3611
vn -0.2981 -0.9286 0.2211
vn -0.0481 0.9982 0.0357
vn -0.2164 -0.9630 0.1605
vn -0.0942 0.9940 0.0564
vn -0.1147 -0.9910 0.0688
vn -0.1147 0.9910 0.0688
vn -0.0942 -0.9940 0.0564
vn -0.1413 0.9863 0.0847
vn -0.0775 -0.9959 0.0465
vn -0.1776 0.9783 0.1065
vn -0.0635 -0.9973 0.0381
vn -0.2311 0.9630 0.1385
vn -0.0514 -0.9982 0.0308
vn -0.3184 0.9286 0.1908
vn -0.0395 0.9989 0.0237
vn -0.0406 -0.9989 0.0243
vn -0.4798 0.8289 0.2876
vn 0.1422 0.9862 -0.0852
vn -0.0307 -0.9994 0.0184
vn -0.0456 -0.9986 0.0270
vn 0.1185 -0.9904 -0.0710
vn -0.0454 0.9986 0.0272
vn 0.1932 0.9743 -0.1158
vn 0.0298 -0.9994 -0.0179
vn -0.4798 -0.8289 0.2876
vn -0.3477 0.9141 0.2084
vn 0.5200 -0.7953 -0.3117
vn -0.3184 -0.9286 0.1908
vn -0.0514 0.9982 0.0308
vn -0.2311 -0.9630 0.1385
vn 0.1866 0.9761 -0.1118
vn -0.1776 -0.9783 0.1065
vn -0.0775 0.9959 0.0465
vn -0.1413 -0.9863 0.0847
vn -0.1489 0.9863 0.0704
vn -0.0817 -0.9959 0.0386
vn -0.1872 0.9783 0.0885
vn -0.0669 -0.9973 0.0317
vn -0.2436 0.9630 0.1152
vn -0.0542 -0.9982 0.0256
vn -0.3355 0.9286 0.1587
vn -0.0417 0.9989 0.0197
vn -0.0428 -0.9989 0.0202
vn -0.5057 0.8289 0.2392
vn 0.1498 0.9862 -0.0709
vn -0.0324 -0.9994 0.0153
vn -0.0478 -0.9986 0.0224
vn 0.1249 -0.9904 -0.0591
vn -0.0476 0.9986 0.0225
vn 0.2036 0.9743 -0.0963
vn 0.0315 -0.9994 -0.0149
vn -0.5057 -0.8289 0.2392
vn -0.3665 0.9141 0.1733
vn 0.5480 -0.7953 -0.2592
vn -0.3355 -0.9286 0.1587
vn -0.0542 0.9982 0.0256
vn -0.2436 -0.9630 0.1152
vn 0.1966 0.9761 -0.0930
vn -0.1872 -0.9783 0.0885
vn -0.0817 0.9959 0.0386
vn -0.1489 -0.9863 0.0704
vn -0.0993 0.9940 0.0469
vn -0.1209 -0.9910 0.0572
vn -0.1209 0.9910 0.0572
vn -0.0993 -0.9940 0.0469
vn -0.2537 0.9630 0.0908
vn -0.0564 -0.9982 0.0202
vn -0.3495 0.9286 0.1250
vn -0.0434 0.9989 0.0155
vn -0.0445 -0.9989 0.0159
vn -0.5267 0.8289 0.1885
vn 0.1561 0.9862 -0.0558
vn -0.0337 -0.9994 0.0121
vn -0.0496 -0.9986 0.0176
vn 0.1301 -0.9904 -0.0466
vn -0.0495 0.9986 0.0177
vn 0.2121 0.9743 -0.0759
vn 0.0328 -0.9994 -0.0117
vn -0.5267 -0.8289 0.1885
vn -0.3817 0.9141 0.1366
vn 0.5708 -0.7953 -0.2042
vn -0.3495 -0.9286 0.1250
vn -0.0564 0.9982 0.0202
vn -0.2537 -0.9630 0.0908
vn 0.2048 0.9761 -0.0733
vn -0.1950 -0.9783 0.0698
vn -0.0851 0.9959 0.0304
vn -0.1551 -0.9863 0.0555
vn -0.1034 0.9940 0.0370
vn -0.1260 -0.9910 0.0451
vn -0.1260 0.9910 0.0451
vn -0.1034 -0.9940 0.0370
vn -0.1551 0.9863 0.0555
vn -0.0851 -0.9959 0.0304
vn -0.1950 0.9783 0.0698
vn -0.0697 -0.9973 0.0249
vn -0.5427 0.8289 0.1359
vn 0.1608 0.9862 -0.0403
vn -0.0347 -0.9994 0.0087
vn -0.0510 -0.9986 0.0126
vn -0.9700 -0.0000 -0.2430
vn 0.1341 -0.9904 -0.0336
vn -0.0509 0.9986 0.0127
vn 0.2185 0.9743 -0.0547
vn 0.0337 -0.9994 -0.0085
vn -0.5427 -0.8289 0.1359
vn -0.3932 0.9141 0.0985
vn 0.5881 -0.7953 -0.1473
vn -0.3600 -0.9286 0.0902
vn -0.0581 0.9982 0.0146
vn -0.2614 -0.9630 0.0655
vn 0.2110 0.9761 -0.0529
vn -0.2009 -0.9783 0.0503
vn -0.0877 0.9959 0.0220
vn -0.1598 -0.9863 0.0400
vn -0.1065 0.9940 0.0267
vn -0.1298 -0.9910 0.0325
vn -0.1298 0.9910 0.0325
vn -0.1065 -0.9940 0.0267
vn -0.1598 0.9863 0.0400
vn -0.0877 -0.9959 0.0220
vn -0.2009 0.9783 0.0503
vn -0.0718 -0.9973 0.0180
vn -0.2614 0.9630 0.0655
vn -0.0581 -0.9982 0.0146
vn -0.3600 0.9286 0.0902
vn -0.0447 0.9989 0.0112
vn -0.0459 -0.9989 0.0115
vn -0.0518 0.9986 0.0077
vn 0.2228 0.9743 -0.0331
vn 0.1897 -0.4468 0.8743
vn -0.5534 -0.8289 0.0821
vn -0.4010 0.9141 0.0595
vn 0.4779 -0.4177 0.7727
vn -0.3671 -0.9286 0.0545
vn -0.0593 0.9982 0.0088
vn -0.2665 -0.9630 0.0395
vn 0.4492 0.8910 -0.0666
vn -0.2049 -0.9783 0.0304
vn -0.0249 0.9485 0.3157
vn -0.1630 -0.9863 0.0242
vn -0.0488 0.9544 0.2944
vn -0.1323 -0.9910 0.0196
vn -0.0761 0.9573 0.2791
vn -0.1086 -0.9940 0.0161
vn -0.1272 0.9730 0.1928
vn -0.2893 -0.9007 0.3240
vn -0.2260 0.9704 -0.0845
vn -0.0365 -0.9396 0.3403
vn -0.2665 0.9630 0.0395
vn -0.0171 -0.9209 0.3894
vn -0.3671 0.9286 0.0545
vn -0.0456 0.9989 0.0068
vn 0.0030 -0.8883 0.4592
vn -0.5534 0.8289 0.0821
vn 0.1640 0.9862 -0.0243
vn 0.0255 -0.8276 0.5607
vn -0.0518 -0.9986 0.0076
vn 0.2337 -0.6995 0.6753
vn -0.3707 -0.9286 0.0182
vn -0.0598 0.9982 0.0029
vn -0.2691 -0.9630 0.0132
vn 0.4535 0.8910 -0.0223
vn -0.2068 -0.9783 0.0102
vn -0.0903 0.9959 0.0044
vn -0.1646 -0.9863 0.0081
vn -0.1097 0.9940 0.0054
vn -0.1336 -0.9910 0.0066
vn -0.1336 0.9910 0.0066
vn -0.1097 -0.9940 0.0054
vn -0.9283 0.3689 0.0463
vn -0.3345 -0.9423 0.0164
vn -0.6205 0.7836 0.0309
vn -0.0740 -0.9973 0.0036
vn -0.1113 0.9938 0.0055
vn -0.0598 -0.9982 0.0029
vn -0.3707 0.9286 0.0182
vn -0.0460 0.9989 0.0023
vn -0.0472 -0.9989 0.0023
vn -0.5588 0.8289 0.0274
vn 0.1656 0.9862 -0.0081
vn -0.0358 -0.9994 0.0018
vn -0.0523 -0.9986 0.0025
vn 0.1380 -0.9904 -0.0068
vn -0.0523 0.9986 0.0026
vn 0.2250 0.9743 -0.0111
vn 0.0348 -0.9994 -0.0017
vn -0.5588 -0.8289 0.0275
vn -0.4049 0.9141 0.0199
vn 0.6912 -0.7219 -0.0340
vn -0.2068 -0.9783 -0.0102
vn -0.0903 0.9959 -0.0044
vn -0.1646 -0.9863 -0.0081
vn -0.1097 0.9940 -0.0054
vn -0.1336 -0.9910 -0.0066
vn -0.1336 0.9910 -0.0066
vn -0.1097 -0.9940 -0.0054
vn -0.9283 0.3689 -0.0463
vn -0.3345 -0.9423 -0.0164
vn -0.6205 0.7836 -0.0309
vn -0.0740 -0.9973 -0.0036
vn -0.1113 0.9938 -0.0055
vn -0.0598 -0.9982 -0.0029
vn -0.3707 0.9286 -0.0182
vn -0.0460 0.9989 -0.0023
vn -0.0472 -0.9989 -0.0023
vn -0.5588 0.8289 -0.0275
vn 0.1656 0.9862 0.0081
vn -0.0358 -0.9994 -0.0018
vn -0.0523 -0.9986 -0.0025
vn 0.1380 -0.9904 0.0068
vn -0.0523 0.9986 -0.0026
vn 0.2250 0.9743 0.0111
vn 0.0348 -0.9994 0.0017
vn -0.5588 -0.8289 -0.0274
vn -0.4049 0.9141 -0.0199
vn 0.6912 -0.7219 0.0340
vn -0.3707 -0.9286 -0.0182
vn -0.0598 0.9982 -0.0029
vn -0.2691 -0.9630 -0.0132
vn 0.4535 0.8910 0.0223
vn -0.1323 -0.9910 -0.0196
vn -0.0761 0.9573 -0.2791
vn -0.1086 -0.9940 -0.0161
vn -0.1272 0.9730 -0.1928
vn -0.2893 -0.9007 -0.3240
vn -0.2260 0.9704 0.0845
vn -0.0365 -0.9396 -0.3403
vn -0.2665 0.9630 -0.0395
vn -0.0171 -0.9209 -0.3893
vn -0.3671 0.9286 -0.0545
vn -0.0456 0.9989 -0.0068
vn 0.0030 -0.8883 -0.4592
vn -0.5534 0.8289 -0.0821
vn 0.1640 0.9862 0.0243
vn 0.0255 -0.8276 -0.5607
vn -0.0518 -0.9986 -0.0076
vn 0.4276 -0.0000 0.9040
vn 0.2337 -0.6995 -0.6753
vn -0.0518 0.9986 -0.0077
vn 0.2228 0.9743 0.0331
vn 0.1897 -0.4468 -0.8743
vn -0.5534 -0.8289 -0.0821
vn -0.4010 0.9141 -0.0595
vn 0.4779 -0.4177 -0.7727
vn -0.3671 -0.9286 -0.0545
vn -0.0593 0.9982 -0.0088
vn -0.2665 -0.9630 -0.0395
vn 0.2152 0.9761 0.0319
vn -0.2049 -0.9783 -0.0304
vn -0.0249 0.9485 -0.3157
vn -0.1630 -0.9863 -0.0242
vn -0.0488 0.9544 -0.2944
vn -0.0877 -0.9959 -0.0220
vn -0.2009 0.9783 -0.0503
vn -0.0718 -0.9973 -0.0180
vn -0.2614 0.9630 -0.0655
vn -0.0581 -0.9982 -0.0146
vn -0.3600 0.9286 -0.0902
vn -0.0447 0.9989 -0.0112
vn -0.0459 -0.9989 -0.0115
vn -0.5427 0.8289 -0.1359
vn 0.1608 0.9862 0.0403
vn -0.0347 -0.9994 -0.0087
vn -0.0510 -0.9986 -0.0126
vn 0.1341 -0.9904 0.0336
vn -0.0509 0.9986 -0.0127
vn 0.2185 0.9743 0.0547
vn 0.0338 -0.9994 0.0085
vn -0.5427 -0.8289 -0.1359
vn -0.3932 0.9141 -0.0985
vn 0.5881 -0.7953 0.1473
vn -0.3600 -0.9286 -0.0902
vn -0.0581 0.9982 -0.0146
vn -0.2614 -0.9630 -0.0655
vn 0.2110 0.9761 0.0529
vn -0.2009 -0.9783 -0.0503
vn -0.0877 0.9959 -0.0220
vn -0.1598 -0.9863 -0.0400
vn -0.1065 0.9940 -0.0267
vn -0.1298 -0.9910 -0.0325
vn -0.1298 0.9910 -0.0325
vn -0.1065 -0.9940 -0.0267
vn -0.1598 0.9863 -0.0400
vn -0.2537 0.9630 -0.0908
vn -0.0564 -0.9982 -0.0202
vn -0.3495 0.9286 -0.1250
vn -0.0434 0.9989 -0.0155
vn -0.0445 -0.9989 -0.0159
vn -0.5267 0.8289 -0.1885
vn 0.1561 0.9862 0.0558
vn -0.0337 -0.9994 -0.0121
vn -0.0496 -0.9986 -0.0176
vn 0.1301 -0.9904 0.0466
vn -0.0495 0.9986 -0.0177
vn 0.2121 0.9743 0.0759
vn 0.0328 -0.9994 0.0117
vn -0.5267 -0.8289 -0.1885
vn -0.3817 0.9141 -0.1366
vn 0.5708 -0.7953 0.2042
vn -0.3495 -0.9286 -0.1250
vn -0.0564 0.9982 -0.0202
vn -0.2537 -0.9630 -0.0908
vn 0.2048 0.9761 0.0733
vn -0.1950 -0.9783 -0.0698
vn -0.0851 0.9959 -0.0304
vn -0.1551 -0.9863 -0.0555
vn -0.1034 0.9940 -0.0370
vn -0.1260 -0.9910 -0.0451
vn -0.1260 0.9910 -0.0451
vn -0.1034 -0.9940 -0.0370
vn -0.1551 0.9863 -0.0555
vn -0.0851 -0.9959 -0.0304
vn -0.1950 0.9783 -0.0698
vn -0.0697 -0.9973 -0.0249
vn -0.5057 0.8289 -0.2392
vn 0.1498 0.9862 0.0709
vn -0.0324 -0.9994 -0.0153
vn -0.0478 -0.9986 -0.0224
vn 0.1249 -0.9904 0.0591
vn -0.0476 0.9986 -0.0225
vn 0.2036 0.9743 0.0963
vn 0.0315 -0.9994 0.0149
vn -0.5057 -0.8289 -0.2392
vn -0.3665 0.9141 -0.1733
vn 0.5480 -0.7953 0.2592
vn -0.3355 -0.9286 -0.1587
vn -0.0542 0.9982 -0.0256
vn -0.2436 -0.9630 -0.1152
vn 0.1966 0.9761 0.0930
vn -0.1872 -0.9783 -0.0885
vn -0.0817 0.9959 -0.0386
vn -0.1489 -0.9863 -0.0704
vn -0.0993 0.9940 -0.0469
vn -0.1209 -0.9910 -0.0572
vn -0.1209 0.9910 -0.0572
vn -0.0993 -0.9940 -0.0469
vn -0.1489 0.9863 -0.0704
vn -0.0817 -0.9959 -0.0386
vn -0.1872 0.9783 -0.0885
vn -0.0669 -0.9973 -0.0317
vn -0.2436 0.9630 -0.1152
vn -0.0542 -0.9982 -0.0256
vn -0.3355 0.9286 -0.1587
vn -0.0417 0.9989 -0.0197
vn -0.0428 -0.9989 -0.0202
vn -0.0454 0.9986 -0.0272
vn 0.1932 0.9743 0.1158
vn 0.0298 -0.9994 0.0179
vn -0.4798 -0.8289 -0.2876
vn -0.3477 0.9141 -0.2084
vn 0.5200 -0.7953 0.3117
vn -0.3184 -0.9286 -0.1908
vn -0.0514 0.9982 -0.0308
vn -0.2311 -0.9630 -0.1385
vn 0.1866 0.9761 0.1118
vn -0.1776 -0.9783 -0.1065
vn -0.0775 0.9959 -0.0465
vn -0.1413 -0.9863 -0.0847
vn -0.0942 0.9940 -0.0564
vn -0.1147 -0.9910 -0.0688
vn -0.1147 0.9910 -0.0688
vn -0.0942 -0.9940 -0.0564
vn -0.1413 0.9863 -0.0847
vn -0.0775 -0.9959 -0.0465
vn -0.1776 0.9783 -0.1065
vn -0.0635 -0.9973 -0.0381
vn -0.2311 0.9630 -0.1385
vn -0.0514 -0.9982 -0.0308
vn -0.3184 0.9286 -0.1908
vn -0.0395 0.9989 -0.0237
vn -0.0406 -0.9989 -0.0243
vn -0.4798 0.8289 -0.2876
vn 0.1422 0.9862 0.0852
vn -0.0307 -0.9994 -0.0184
vn -0.0456 -0.9986 -0.0270
vn 0.1185 -0.9904 0.0711
vn -0.2981 -0.9286 -0.2211
vn -0.0481 0.9982 -0.0357
vn -0.2164 -0.9630 -0.1605
vn 0.1747 0.9761 0.1296
vn -0.1663 -0.9783 -0.1234
vn -0.0726 0.9959 -0.0538
vn -0.1323 -0.9863 -0.0981
vn -0.0882 0.9940 -0.0654
vn -0.1075 -0.9910 -0.0797
vn -0.1075 0.9910 -0.0797
vn -0.0882 -0.9940 -0.0654
vn -0.1323 0.9863 -0.0981
vn -0.0726 -0.9959 -0.0538
vn -0.1663 0.9783 -0.1234
vn 0.2480 -0.9593 -0.1350
vn -0.2164 0.9630 -0.1605
vn 0.1207 -0.9514 -0.2833
vn -0.2981 0.9286 -0.2211
vn -0.0370 0.9989 -0.0275
vn 0.1653 -0.9306 -0.3266
vn -0.4493 0.8289 -0.3332
vn 0.1331 0.9862 0.0987
vn -0.0288 -0.9994 -0.0213
vn -0.0429 -0.9986 -0.0315
vn 0.1110 -0.9904 0.0823
vn -0.0426 0.9986 -0.0316
vn 0.1809 0.9743 0.1342
vn 0.0279 -0.9994 0.0207
vn -0.4493 -0.8289 -0.3332
vn -0.3256 0.9141 -0.2415
vn 0.4870 -0.7953 0.3611
vn -0.1534 -0.9783 -0.1391
vn -0.0670 0.9959 -0.0607
vn -0.1221 -0.9863 -0.1106
vn -0.0814 0.9940 -0.0737
vn -0.0991 -0.9910 -0.0898
vn -0.0991 0.9910 -0.0898
vn -0.0814 -0.9940 -0.0737
vn -0.1221 0.9863 -0.1106
vn -0.0670 -0.9959 -0.0607
vn -0.1534 0.9783 -0.1391
vn 0.0815 -0.9939 0.0739
vn -0.1997 0.9630 -0.1810
vn -0.0444 -0.9982 -0.0402
vn -0.2750 0.9286 -0.2493
vn -0.0341 0.9989 -0.0309
vn -0.0350 -0.9989 -0.0318
vn -0.4145 0.8289 -0.3757
vn 0.1228 0.9862 0.1113
vn -0.1408 -0.9818 -0.1276
vn -0.0398 -0.9986 -0.0357
vn 0.1024 -0.9904 0.0928
vn -0.0395 0.9986 -0.0358
vn 0.1669 0.9743 0.1513
vn 0.0258 -0.9994 0.0234
vn -0.4145 -0.8289 -0.3757
vn -0.3004 0.9141 -0.2722
vn 0.4492 -0.7953 0.4071
vn -0.2750 -0.9286 -0.2493
vn -0.0444 0.9982 -0.0402
vn -0.1997 -0.9630 -0.1810
vn 0.1612 0.9761 0.1461
vn -0.0898 -0.9910 -0.0991
vn -0.0898 0.9910 -0.0991
vn -0.0737 -0.9940 -0.0814
vn -0.1106 0.9863 -0.1221
vn -0.0607 -0.9959 -0.0670
vn -0.1391 0.9783 -0.1534
vn 0.0739 -0.9939 0.0815
vn -0.1810 0.9630 -0.1997
vn -0.0402 -0.9982 -0.0444
vn -0.2493 0.9286 -0.2750
vn -0.0309 0.9989 -0.0341
vn -0.0318 -0.9989 -0.0350
vn -0.3757 0.8289 -0.4145
vn 0.1113 0.9862 0.1228
vn -0.1276 -0.9818 -0.1408
vn -0.0362 -0.9986 -0.0396
vn 0.0928 -0.9904 0.1024
vn -0.0359 0.9986 -0.0397
vn 0.1513 0.9743 0.1669
vn 0.0234 -0.9994 0.0258
vn -0.3757 -0.8289 -0.4145
vn -0.2722 0.9141 -0.3004
vn 0.4071 -0.7953 0.4492
vn -0.2493 -0.9286 -0.2750
vn -0.0402 0.9982 -0.0444
vn -0.1810 -0.9630 -0.1997
vn 0.1461 0.9761 0.1612
vn -0.1391 -0.9783 -0.1534
vn -0.0607 0.9959 -0.0670
vn -0.1106 -0.9863 -0.1221
vn -0.0737 0.9940 -0.0814
vn -0.0538 -0.9959 -0.0726
vn -0.1234 0.9783 -0.1663
vn -0.1350 -0.9593 0.2480
vn -0.1605 0.9630 -0.2164
vn -0.2833 -0.9514 0.1207
vn -0.2211 0.9286 -0.2981
vn -0.0274 0.9989 -0.0370
vn -0.3266 -0.9306 0.1653
vn -0.3332 0.8289 -0.4493
vn 0.0987 0.9862 0.1331
vn -0.0213 -0.9994 -0.0288
vn -0.0323 -0.9985 -0.0431
vn -0.9415 -0.0000 -0.3369
vn 0.0823 -0.9904 0.1110
vn -0.0320 0.9986 -0.0432
vn 0.1342 0.9743 0.1809
vn 0.0207 -0.9994 0.0279
vn -0.3332 -0.8289 -0.4493
vn -0.2415 0.9141 -0.3256
vn 0.3611 -0.7953 0.4870
vn -0.2211 -0.9286 -0.2981
vn -0.0357 0.9982 -0.0481
vn -0.1605 -0.9630 -0.2164
vn 0.1296 0.9761 0.1747
vn -0.1234 -0.9783 -0.1663
vn -0.0538 0.9959 -0.0726
vn -0.0981 -0.9863 -0.1323
vn -0.0654 0.9940 -0.0882
vn -0.0797 -0.9910 -0.1075
vn -0.0797 0.9910 -0.1075
vn -0.0654 -0.9940 -0.0882
vn -0.0981 0.9863 -0.1323
vn -0.0308 -0.9982 -0.0514
vn -0.1908 0.9286 -0.3184
vn -0.0237 0.9989 -0.0395
vn -0.0243 -0.9989 -0.0406
vn -0.2876 0.8289 -0.4798
vn 0.0852 0.9862 0.1422
vn -0.0184 -0.9994 -0.0307
vn -0.0280 -0.9985 -0.0463
vn 0.0710 -0.9904 0.1185
vn -0.0277 0.9985 -0.0463
vn 0.1158 0.9743 0.1932
vn 0.0179 -0.9994 0.0298
vn -0.2876 -0.8289 -0.4798
vn -0.2084 0.9141 -0.3477
vn 0.3117 -0.7953 0.5200
vn -0.1908 -0.9286 -0.3184
vn -0.0308 0.9982 -0.0514
vn -0.1385 -0.9630 -0.2311
vn 0.1118 0.9761 0.1866
vn -0.1065 -0.9783 -0.1776
vn -0.0465 0.9959 -0.0775
vn -0.0847 -0.9863 -0.1413
vn -0.0564 0.9940 -0.0942
vn -0.0688 -0.9910 -0.1147
vn -0.0688 0.9910 -0.1147
vn -0.0564 -0.9940 -0.0942
vn -0.0847 0.9863 -0.1413
vn -0.0465 -0.9959 -0.0775
vn -0.1065 0.9783 -0.1776
vn -0.0381 -0.9973 -0.0635
vn -0.1385 0.9630 -0.2311
vn 0.0709 0.9862 0.1498
vn -0.0153 -0.9994 -0.0324
vn -0.0234 -0.9985 -0.0490
vn 0.0591 -0.9904 0.1249
vn -0.0232 0.9985 -0.0490
vn 0.0963 0.9743 0.2036
vn 0.0149 -0.9994 0.0315
vn -0.2392 -0.8289 -0.5057
vn -0.1733 0.9141 -0.3665
vn 0.2592 -0.7953 0.5481
vn -0.1587 -0.9286 -0.3355
vn -0.0256 0.9982 -0.0542
vn -0.1152 -0.9630 -0.2436
vn 0.0930 0.9761 0.1966
vn -0.0885 -0.9783 -0.1872
vn -0.0386 0.9959 -0.0817
vn -0.0704 -0.9863 -0.1489
vn -0.0469 0.9940 -0.0993
vn -0.0572 -0.9910 -0.1209
vn -0.0572 0.9910 -0.1209
vn -0.0469 -0.9940 -0.0993
vn -0.0704 0.9863 -0.1489
vn -0.0386 -0.9959 -0.0817
vn -0.0885 0.9783 -0.1872
vn -0.0317 -0.9973 -0.0669
vn -0.1152 0.9630 -0.2436
vn -0.0256 -0.9982 -0.0542
vn -0.1587 0.9286 -0.3355
vn -0.0197 0.9989 -0.0417
vn -0.0202 -0.9989 -0.0428
vn -0.2392 0.8289 -0.5057
vn 0.0759 0.9743 0.2121
vn 0.0117 -0.9994 0.0328
vn -0.1885 -0.8289 -0.5267
vn -0.1366 0.9141 -0.3817
vn 0.2042 -0.7953 0.5708
vn -0.1250 -0.9286 -0.3495
vn -0.0202 0.9982 -0.0564
vn -0.0908 -0.9630 -0.2537
vn 0.0733 0.9761 0.2048
vn -0.0698 -0.9783 -0.1950
vn -0.0304 0.9959 -0.0851
vn -0.0555 -0.9863 -0.1551
vn -0.0370 0.9940 -0.1034
vn -0.0451 -0.9910 -0.1260
vn -0.0451 0.9910 -0.1260
vn -0.0370 -0.9940 -0.1034
vn -0.0555 0.9863 -0.1551
vn -0.0304 -0.9959 -0.0851
vn -0.0698 0.9783 -0.1950
vn -0.0249 -0.9973 -0.0697
vn -0.0908 0.9630 -0.2537
vn -0.0202 -0.9982 -0.0564
vn -0.1250 0.9286 -0.3495
vn -0.0155 0.9989 -0.0434
vn -0.0159 -0.9989 -0.0445
vn -0.1885 0.8289 -0.5267
vn 0.0558 0.9862 0.1561
vn -0.0121 -0.9994 -0.0337
vn -0.0185 -0.9985 -0.0512
vn 0.0466 -0.9904 0.1301
vn -0.0183 0.9985 -0.0512
vn -0.0146 0.9982 -0.0581
vn -0.0655 -0.9630 -0.2614
vn 0.0529 0.9761 0.2110
vn -0.0503 -0.9783 -0.2009
vn -0.0220 0.9959 -0.0877
vn -0.0400 -0.9863 -0.1598
vn -0.0267 0.9940 -0.1065
vn -0.0325 -0.9910 -0.1298
vn -0.0325 0.9910 -0.1298
vn -0.0267 -0.9940 -0.1065
vn -0.0400 0.9863 -0.1598
vn -0.0220 -0.9959 -0.0877
vn -0.0503 0.9783 -0.2009
vn -0.0180 -0.9973 -0.0718
vn -0.0655 0.9630 -0.2614
vn -0.0146 -0.9982 -0.0581
vn -0.0902 0.9286 -0.3600
vn -0.0112 0.9989 -0.0447
vn -0.0115 -0.9989 -0.0459
vn -0.1359 0.8289 -0.5427
vn 0.0403 0.9862 0.1608
vn -0.0087 -0.9994 -0.0347
vn -0.0134 -0.9985 -0.0529
vn 0.0336 -0.9904 0.1341
vn -0.0132 0.9985 -0.0528
vn 0.0547 0.9743 0.2185
vn 0.0085 -0.9994 0.0338
vn -0.1359 -0.8289 -0.5427
vn -0.0985 0.9141 -0.3932
vn 0.1473 -0.7953 0.5881
vn -0.0902 -0.9286 -0.3600
vn -0.3157 0.9485 -0.0249
vn -0.0242 -0.9863 -0.1630
vn -0.2944 0.9544 -0.0488
vn -0.0196 -0.9910 -0.1323
vn -0.2791 0.9573 -0.0761
vn -0.0161 -0.9940 -0.1086
vn -0.1777 0.9754 -0.1306
vn -0.3240 -0.9007 -0.2893
vn 0.1177 0.9657 -0.2316
vn -0.3403 -0.9396 -0.0365
vn -0.0395 0.9630 -0.2665
vn -0.3893 -0.9209 -0.0171
vn -0.0545 0.9286 -0.3671
vn -0.0068 0.9989 -0.0456
vn -0.4592 -0.8883 0.0030
vn -0.0821 0.8289 -0.5534
vn 0.0243 0.9862 0.1640
vn -0.5607 -0.8276 0.0255
vn -0.0081 -0.9985 -0.0540
vn 0.3369 -0.0000 0.9415
vn -0.6753 -0.6995 0.2337
vn -0.0080 0.9985 -0.0540
vn 0.0331 0.9743 0.2228
vn -0.8743 -0.4468 0.1897
vn -0.0821 -0.8289 -0.5534
vn -0.0595 0.9141 -0.4010
vn -0.7728 -0.4176 0.4779
vn -0.0545 -0.9286 -0.3671
vn -0.0088 0.9982 -0.0593
vn -0.0395 -0.9630 -0.2665
vn 0.0666 0.8910 0.4492
vn -0.0304 -0.9783 -0.2049
vn -0.0066 0.9910 -0.1336
vn -0.0054 -0.9940 -0.1097
vn -0.0344 -0.7034 -0.7099
vn -0.0164 -0.9423 -0.3345
vn -0.0303 0.7793 -0.6259
vn -0.0036 -0.9973 -0.0740
vn -0.0048 0.9953 -0.0971
vn -0.0029 -0.9982 -0.0598
vn -0.0182 0.9286 -0.3707
vn -0.0023 0.9989 -0.0460
vn -0.0023 -0.9989 -0.0472
vn -0.0275 0.8289 -0.5588
vn 0.0081 0.9862 0.1656
vn -0.0018 -0.9994 -0.0358
vn -0.0027 -0.9985 -0.0546
vn 0.0068 -0.9904 0.1380
vn -0.0027 0.9985 -0.0546
vn 0.0111 0.9743 0.2250
vn 0.0017 -0.9994 0.0348
vn -0.0275 -0.8289 -0.5588
vn -0.0199 0.9141 -0.4049
vn 0.0340 -0.7219 0.6912
vn -0.0182 -0.9286 -0.3707
vn -0.0029 0.9982 -0.0598
vn -0.0132 -0.9630 -0.2691
vn 0.0223 0.8910 0.4535
vn -0.0102 -0.9783 -0.2068
vn -0.0044 0.9959 -0.0903
vn -0.0081 -0.9863 -0.1646
vn -0.0054 0.9940 -0.1097
vn -0.0066 -0.9910 -0.1336
vn -0.0221 -0.8927 -0.4501
vn -0.8923 -0.4321 -0.1310
vn -0.1395 -0.8188 -0.5569
vn -0.1934 -0.8188 -0.5405
vn -0.2454 -0.8188 -0.5190
vn -0.2951 -0.8188 -0.4924
vn -0.3420 -0.8188 -0.4611
vn -0.3855 -0.8188 -0.4254
vn -0.4254 -0.8188 -0.3855
vn -0.4611 -0.8188 -0.3420
vn -0.4924 -0.8188 -0.2951
vn -0.5190 -0.8188 -0.2454
vn -0.5405 -0.8188 -0.1934
vn -0.5569 -0.8188 -0.1395
vn -0.1310 -0.4321 -0.8923
vn -0.4501 -0.8927 -0.0221
vn -0.4501 -0.8927 0.0221
vn -0.1310 -0.4321 0.8923
vn -0.5569 -0.8188 0.1395
vn -0.5405 -0.8188 0.1934
vn -0.5190 -0.8188 0.2454
vn -0.4924 -0.8188 0.2951
vn -0.4611 -0.8188 0.3420
vn -0.4254 -0.8188 0.3855
vn -0.3855 -0.8188 0.4254
vn -0.3420 -0.8188 0.4611
vn -0.2951 -0.8188 0.4924
vn -0.2454 -0.8188 0.5190
vn -0.1934 -0.8188 0.5405
vn -0.1395 -0.8188 0.5569
vn -0.8923 -0.4321 0.1310
vn -0.0221 -0.8927 0.4501
vn 0.0221 -0.8927 0.4501
vn 0.8923 -0.4321 0.1310
vn 0.1395 -0.8188 0.5569
vn 0.1934 -0.8188 0.5405
vn 0.2454 -0.8188 0.5190
vn 0.2951 -0.8188 0.4924
vn 0.3420 -0.8188 0.4611
vn 0.3855 -0.8188 0.4254
vn 0.4254 -0.8188 0.3855
vn 0.4611 -0.8188 0.3420
vn 0.4924 -0.8188 0.2951
vn 0.5190 -0.8188 0.2454
vn 0.5405 -0.8188 0.1934
vn 0.5569 -0.8188 0.1395
vn 0.1310 -0.4321 0.8923
vn 0.4501 -0.8927 0.0221
vn 0.4501 -0.8927 -0.0221
vn 0.1310 -0.4321 -0.8923
vn 0.5569 -0.8188 -0.1395
vn 0.5405 -0.8188 -0.1934
vn 0.5190 -0.8188 -0.2454
vn 0.4924 -0.8188 -0.2951
vn 0.4611 -0.8188 -0.3420
vn 0.4254 -0.8188 -0.3855
vn 0.3855 -0.8188 -0.4254
vn 0.3420 -0.8188 -0.4611
vn 0.2951 -0.8188 -0.4924
vn 0.2454 -0.8188 -0.5190
vn 0.1934 -0.8188 -0.5405
vn 0.1395 -0.8188 -0.5569
vn 0.8923 -0.4321 -0.1310
vn 0.0221 -0.8927 -0.4501
vn -0.9040 -0.0000 -0.4276
vn 0.2430 -0.0000 0.9700
vn 0.3369 -0.0000 -0.9415
vn -0.8577 -0.0000 -0.5141
vn 0.1467 -0.0000 0.9892
vn 0.4276 -0.0000 -0.9040
vn -0.8032 -0.0000 -0.5957
vn 0.0491 -0.0000 0.9988
vn 0.5141 -0.0000 -0.8577
vn -0.7409 -0.0000 -0.6716
vn -0.7410 -0.0000 -0.6716
vn 0.5957 -0.0000 -0.8032
vn -0.6716 -0.0000 -0.7410
vn 0.6716 -0.0000 -0.7410
vn -0.5957 -0.0000 -0.8032
vn 0.7409 -0.0000 -0.6716
vn -0.5141 -0.0000 -0.8577
vn -0.0491 -0.0000 0.9988
vn -0.0228 0.8852 -0.4646
vn -0.0683 0.8852 -0.4601
vn -0.1130 0.8852 -0.4512
vn -0.1567 0.8852 -0.4380
vn -0.1989 0.8852 -0.4205
vn -0.2391 0.8852 -0.3990
vn -0.2771 0.8852 -0.3736
vn -0.3124 0.8852 -0.3447
vn -0.3447 0.8852 -0.3124
vn -0.3736 0.8852 -0.2771
vn -0.3990 0.8852 -0.2391
vn -0.4205 0.8852 -0.1989
vn -0.4380 0.8852 -0.1567
vn -0.4512 0.8852 -0.1130
vn -0.4601 0.8852 -0.0683
vn -0.4646 0.8852 -0.0228
vn -0.4646 0.8852 0.0228
vn -0.4601 0.8852 0.0683
vn -0.4512 0.8852 0.1130
vn -0.4380 0.8852 0.1567
vn -0.4205 0.8852 0.1989
vn -0.3990 0.8852 0.2391
vn -0.3736 0.8852 0.2771
vn -0.3447 0.8852 0.3124
vn -0.3124 0.8852 0.3447
vn -0.2771 0.8852 0.3736
vn -0.2391 0.8852 0.3990
vn -0.1989 0.8852 0.4205
vn -0.1567 0.8852 0.4380
vn -0.1130 0.8852 0.4512
vn -0.0683 0.8852 0.4601
vn -0.0228 0.8852 0.4646
vn 0.0228 0.8852 0.4646
vn 0.0683 0.8852 0.4601
vn 0.1130 0.8852 0.4512
vn 0.1567 0.8852 0.4380
vn 0.1989 0.8852 0.4205
vn 0.2391 0.8852 0.3990
vn 0.2771 0.8852 0.3736
vn 0.3124 0.8852 0.3447
vn 0.3447 0.8852 0.3124
vn 0.3736 0.8852 0.2771
vn 0.3990 0.8852 0.2391
vn 0.4205 0.8852 0.1989
vn 0.4380 0.8852 0.1567
vn 0.4512 0.8852 0.1130
vn 0.4601 0.8852 0.0683
vn 0.4646 0.8852 0.0228
vn 0.4646 0.8852 -0.0228
vn 0.4601 0.8852 -0.0683
vn 0.4512 0.8852 -0.1130
vn 0.4380 0.8852 -0.1567
vn 0.4205 0.8852 -0.1989
vn 0.3990 0.8852 -0.2391
vn 0.3736 0.8852 -0.2771
vn 0.3447 0.8852 -0.3124
vn 0.3124 0.8852 -0.3447
vn 0.2771 0.8852 -0.3736
vn 0.2391 0.8852 -0.3990
vn 0.1989 0.8852 -0.4205
vn 0.1567 0.8852 -0.4380
vn 0.1130 0.8852 -0.4512
vn 0.0683 0.8852 -0.4601
vn 0.0228 0.8852 -0.4646
vn -0.9415 -0.0000 0.3369
vn 0.9040 -0.0000 0.4276
vn -0.9040 -0.0000 0.4276
vn 0.9415 -0.0000 0.3369
vn -0.8577 -0.0000 0.5141
vn 0.9700 -0.0000 0.2430
vn -0.8032 -0.0000 0.5957
vn 0.9892 -0.0000 0.1467
vn -0.7409 -0.0000 0.6716
vn 0.2430 -0.0000 -0.9700
vn -0.7410 -0.0000 0.6716
vn 0.9988 -0.0000 0.0491
vn -0.6716 -0.0000 0.7410
vn 0.1467 -0.0000 -0.9892
vn 0.9988 -0.0000 -0.0491
vn -0.5957 -0.0000 0.8032
vn 0.0491 -0.0000 -0.9988
vn 0.9892 -0.0000 -0.1467
vn -0.5141 -0.0000 0.8577
vn -0.0491 -0.0000 -0.9988
vn 0.9700 -0.0000 -0.2430
vn -0.4276 -0.0000 0.9040
vn -0.1467 -0.0000 -0.9892
vn 0.9415 -0.0000 -0.3369
vn -0.3369 -0.0000 0.9415
vn -0.2430 -0.0000 -0.9700
vn 0.9040 -0.0000 -0.4276
vn -0.2430 -0.0000 0.9700
vn -0.3369 -0.0000 -0.9415
vn 0.8577 -0.0000 -0.5141
vn -0.1467 -0.0000 0.9892
vn -0.4276 -0.0000 -0.9040
vn 0.8032 -0.0000 -0.5957
vn 0.0102 -0.9783 -0.2068
vn 0.0348 -0.7058 -0.7075
vn 0.0047 0.9953 -0.0972
vn -0.0518 0.9935 -0.1018
vn 0.3345 -0.9423 0.0089
vn 0.3831 -0.9232 0.0317
vn 0.4520 -0.8901 0.0574
vn 0.0080 -0.9985 -0.0540
vn 0.5382 -0.8258 0.1687
vn 0.0081 0.9985 -0.0540
vn 0.7023 -0.7057 0.0938
vn 0.0395 -0.9630 -0.2665
vn 0.2445 0.8533 0.4605
vn 0.3504 0.9352 -0.0507
vn 0.3214 0.9441 -0.0730
vn 0.3002 0.9487 -0.0990
vn -0.0922 -0.7033 -0.7049
vn 0.0133 -0.9959 -0.0894
vn -0.1290 0.7653 -0.6306
vn 0.2996 -0.9540 -0.0125
vn 0.0132 -0.9985 -0.0528
vn 0.0134 0.9985 -0.0529
vn 0.0185 0.9985 -0.0512
vn 0.0183 -0.9985 -0.0512
vn 0.0232 -0.9985 -0.0490
vn 0.0234 0.9985 -0.0490
vn -0.2592 -0.7953 0.5480
vn 0.1908 0.9286 -0.3184
vn 0.0277 -0.9985 -0.0463
vn 0.0280 0.9985 -0.0463
vn 0.2876 -0.8289 -0.4798
vn 0.1908 -0.9286 -0.3183
vn 0.0441 -0.9973 -0.0595
vn 0.2340 -0.9651 0.1172
vn 0.2592 -0.9534 0.1543
vn 0.3823 -0.9203 0.0835
vn 0.0320 -0.9986 -0.0432
vn 0.0323 0.9985 -0.0431
vn -0.3611 -0.7953 0.4870
vn 0.0359 -0.9986 -0.0397
vn 0.0362 0.9986 -0.0396
vn 0.0395 -0.9986 -0.0358
vn 0.0398 0.9986 -0.0357
vn -0.0835 -0.9203 -0.3823
vn 0.0426 -0.9986 -0.0316
vn 0.0429 0.9986 -0.0315
vn -0.4869 -0.7953 0.3611
vn 0.0595 -0.9973 -0.0441
vn -0.1172 -0.9651 -0.2340
vn -0.1543 -0.9534 -0.2592
vn 0.0454 -0.9986 -0.0272
vn 0.0456 0.9986 -0.0270
vn 0.0476 -0.9986 -0.0225
vn 0.0478 0.9986 -0.0224
vn -0.5481 -0.7953 0.2592
vn 0.0495 -0.9986 -0.0177
vn 0.0496 0.9986 -0.0176
vn 0.0509 -0.9986 -0.0127
vn 0.0510 0.9986 -0.0126
vn -0.0338 -0.9994 0.0085
vn 0.6245 0.7799 0.0409
vn 0.0125 -0.9540 -0.2996
vn 0.1167 0.9922 0.0437
vn -0.0090 -0.9423 -0.3345
vn -0.0317 -0.9232 -0.3831
vn -0.0574 -0.8902 -0.4520
vn 0.0518 -0.9986 -0.0077
vn -0.1687 -0.8258 -0.5382
vn 0.0518 0.9986 -0.0076
vn -0.0938 -0.7057 -0.7023
vn -0.4779 -0.4176 -0.7728
vn -0.2671 0.9169 -0.2966
vn 0.0507 0.9352 -0.3504
vn 0.0730 0.9441 -0.3214
vn 0.0990 0.9487 -0.3002
vn 0.9124 0.3384 -0.2300
vn 0.0894 -0.9959 -0.0133
vn 0.5588 0.8289 -0.0274
vn 0.0523 -0.9986 -0.0026
vn 0.0523 0.9986 -0.0025
vn 0.5588 -0.8289 -0.0275
vn 0.9304 0.3636 -0.0457
vn 0.1114 0.9938 -0.0056
vn 0.0523 -0.9986 0.0026
vn 0.0523 0.9986 0.0025
vn 0.9304 0.3636 0.0457
vn 0.1114 0.9938 0.0056
vn -0.4779 -0.4176 0.7728
vn -0.4605 0.8533 0.2445
vn 0.0507 0.9352 0.3504
vn 0.0730 0.9441 0.3214
vn 0.0990 0.9487 0.3002
vn 0.9124 0.3384 0.2300
vn 0.0894 -0.9959 0.0133
vn 0.6245 0.7799 -0.0409
vn 0.0125 -0.9540 0.2996
vn 0.1167 0.9922 -0.0437
vn -0.0089 -0.9423 0.3345
vn -0.0317 -0.9232 0.3831
vn -0.0574 -0.8901 0.4520
vn 0.0518 -0.9986 0.0077
vn -0.1687 -0.8258 0.5382
vn 0.0518 0.9986 0.0076
vn -0.0938 -0.7057 0.7023
vn 0.0509 -0.9986 0.0127
vn 0.0510 0.9986 0.0126
vn 0.0495 -0.9986 0.0177
vn 0.0496 0.9986 0.0176
vn 0.0476 -0.9986 0.0225
vn 0.0478 0.9986 0.0224
vn -0.5481 -0.7953 -0.2592
vn 0.0454 -0.9986 0.0272
vn -0.1185 -0.9904 -0.0710
vn 0.0456 0.9986 0.0270
vn 0.0426 -0.9986 0.0316
vn 0.0429 0.9986 0.0315
vn -0.4869 -0.7953 -0.3611
vn 0.0398 0.9986 0.0357
vn 0.0549 -0.9973 0.0497
vn -0.1396 -0.9651 0.2214
vn -0.1790 -0.9534 0.2428
vn -0.1206 -0.9203 0.3722
vn 0.0395 -0.9986 0.0358
vn 0.0359 -0.9986 0.0397
vn 0.6716 -0.0000 0.7409
vn 0.0362 0.9986 0.0396
vn 0.0320 -0.9986 0.0432
vn 0.0323 0.9985 0.0431
vn -0.3611 -0.7953 -0.4870
vn 0.0280 0.9985 0.0463
vn 0.0381 -0.9973 0.0635
vn 0.2444 -0.9651 -0.0937
vn 0.2730 -0.9534 -0.1282
vn 0.3886 -0.9203 -0.0457
vn 0.0277 -0.9985 0.0463
vn 0.0232 -0.9985 0.0490
vn 0.0234 0.9985 0.0490
vn -0.2592 -0.7953 -0.5480
vn 0.0183 -0.9985 0.0512
vn 0.0185 0.9985 0.0512
vn 0.0132 -0.9985 0.0528
vn 0.0134 0.9985 0.0529
vn 0.0133 -0.9959 0.0894
vn -0.1290 0.7654 0.6305
vn 0.2996 -0.9540 0.0125
vn -0.0518 0.9935 0.1018
vn 0.3345 -0.9423 -0.0089
vn 0.3831 -0.9232 -0.0317
vn 0.4520 -0.8901 -0.0574
vn 0.0080 -0.9985 0.0540
vn 0.5382 -0.8258 -0.1687
vn 0.0081 0.9985 0.0540
vn 0.7023 -0.7057 -0.0938
vn 0.0395 -0.9630 0.2666
vn 0.2966 0.9169 -0.2671
vn 0.3504 0.9352 0.0507
vn 0.3214 0.9441 0.0730
vn 0.3002 0.9487 0.0990
vn -0.0922 -0.7033 0.7049
vn 0.0274 0.8289 0.5588
vn 0.0275 -0.8289 0.5588
vn -0.0340 -0.7219 -0.6912
vn 0.0348 -0.7058 0.7075
vn 0.0047 0.9953 0.0972
vn -0.0275 -0.8289 0.5588
vn 0.0340 -0.7219 -0.6912
vn -0.0348 -0.7058 0.7075
vn -0.0047 0.9953 0.0972
vn -0.0274 0.8289 0.5588
vn -0.7023 -0.7057 -0.0938
vn -0.0395 -0.9630 0.2666
vn -0.2445 0.8533 -0.4605
vn -0.3504 0.9352 0.0507
vn -0.3214 0.9441 0.0730
vn -0.3002 0.9487 0.0990
vn 0.0922 -0.7033 0.7049
vn -0.0133 -0.9959 0.0894
vn 0.1290 0.7654 0.6306
vn -0.2996 -0.9540 0.0125
vn 0.0518 0.9935 0.1018
vn -0.3345 -0.9423 -0.0089
vn -0.3831 -0.9232 -0.0317
vn -0.4520 -0.8901 -0.0574
vn -0.0080 -0.9985 0.0540
vn -0.5382 -0.8258 -0.1687
vn -0.0081 0.9985 0.0540
vn -0.0132 -0.9985 0.0528
vn -0.0134 0.9985 0.0529
vn -0.0183 -0.9985 0.0512
vn -0.0185 0.9985 0.0512
vn -0.0232 -0.9985 0.0490
vn -0.0234 0.9985 0.0490
vn -0.0000 -1.0000 -0.0000
vn 0.2592 -0.7953 -0.5480
vn -0.0277 -0.9985 0.0463
vn -0.0280 0.9985 0.0463
vn -0.2592 -0.9534 -0.1543
vn -0.3823 -0.9203 -0.0835
vn -0.0320 -0.9986 0.0432
vn -0.0323 0.9985 0.0431
vn 0.3611 -0.7953 -0.4870
vn -0.0441 -0.9973 0.0595
vn -0.2340 -0.9651 -0.1172
vn -0.0362 0.9986 0.0396
vn -0.0359 -0.9986 0.0397
vn -0.0395 -0.9986 0.0358
vn -0.0398 0.9986 0.0357
vn -0.0595 -0.9973 0.0441
vn 0.1172 -0.9651 0.2340
vn 0.1543 -0.9534 0.2591
vn 0.0835 -0.9203 0.3823
vn -0.0426 -0.9986 0.0316
vn -0.0429 0.9986 0.0315
vn 0.4869 -0.7953 -0.3611
vn -0.0454 -0.9986 0.0272
vn -0.0456 0.9986 0.0270
vn -0.0476 -0.9986 0.0225
vn -0.0478 0.9986 0.0224
vn 0.5481 -0.7953 -0.2592
vn -0.0495 -0.9986 0.0177
vn -0.0496 0.9986 0.0176
vn -0.0509 -0.9986 0.0127
vn -0.0510 0.9986 0.0126
vn 0.0338 -0.9994 -0.0085
vn -0.0518 0.9986 0.0076
vn 0.0938 -0.7057 0.7023
vn 0.4779 -0.4176 0.7728
vn 0.2671 0.9169 0.2966
vn -0.0507 0.9352 0.3504
vn -0.0730 0.9441 0.3214
vn -0.0990 0.9487 0.3002
vn -0.9125 0.3384 0.2300
vn -0.0894 -0.9959 0.0133
vn -0.6245 0.7799 -0.0409
vn -0.0125 -0.9540 0.2996
vn -0.1167 0.9922 -0.0437
vn 0.0089 -0.9423 0.3345
vn 0.0317 -0.9232 0.3831
vn 0.0574 -0.8901 0.4520
vn -0.0518 -0.9986 0.0077
vn 0.1687 -0.8258 0.5382
vn -0.9305 0.3635 0.0457
vn -0.1114 0.9938 0.0056
vn -0.5588 0.8289 0.0275
vn -0.0523 -0.9986 0.0026
vn -0.0523 0.9986 0.0025
vn -0.5588 -0.8289 0.0274
vn -0.9305 0.3635 -0.0457
vn -0.1114 0.9938 -0.0056
vn -0.5588 0.8289 -0.0274
vn -0.0523 -0.9986 -0.0026
vn -0.0523 0.9986 -0.0025
vn -0.5588 -0.8289 -0.0275
vn -0.0990 0.9487 -0.3002
vn -0.9125 0.3384 -0.2300
vn -0.0894 -0.9959 -0.0133
vn -0.6245 0.7799 0.0409
vn -0.0125 -0.9540 -0.2996
vn -0.1167 0.9922 0.0437
vn 0.0089 -0.9423 -0.3345
vn 0.0317 -0.9232 -0.3831
vn 0.0574 -0.8901 -0.4520
vn -0.0518 -0.9986 -0.0077
vn 0.1687 -0.8258 -0.5382
vn -0.0518 0.9986 -0.0076
vn 0.0938 -0.7057 -0.7023
vn 0.4779 -0.4176 -0.7728
vn 0.4605 0.8533 -0.2445
vn -0.0507 0.9352 -0.3504
vn -0.0730 0.9441 -0.3214
vn -0.0509 -0.9986 -0.0127
vn -0.0510 0.9986 -0.0126
vn -0.0495 -0.9986 -0.0177
vn -0.0496 0.9986 -0.0176
vn -0.0476 -0.9986 -0.0225
vn -0.0478 0.9986 -0.0224
vn 0.5481 -0.7953 0.2592
vn -0.0456 0.9986 -0.0270
vn -0.0454 -0.9986 -0.0272
vn 0.1185 -0.9904 0.0710
vn -0.0595 -0.9973 -0.0441
vn 0.1172 -0.9651 -0.2340
vn 0.1543 -0.9534 -0.2592
vn 0.0835 -0.9203 -0.3823
vn -0.0426 -0.9986 -0.0316
vn -0.0429 0.9986 -0.0315
vn 0.4869 -0.7953 0.3611
vn -0.0395 -0.9986 -0.0358
vn -0.0398 0.9986 -0.0357
vn -0.0359 -0.9986 -0.0397
vn -0.0362 0.9986 -0.0396
vn -0.0441 -0.9973 -0.0595
vn -0.2340 -0.9651 0.1172
vn -0.2592 -0.9534 0.1543
vn -0.3823 -0.9203 0.0835
vn -0.0320 -0.9986 -0.0432
vn -0.0323 0.9985 -0.0431
vn 0.3611 -0.7953 0.4869
vn -0.0277 -0.9985 -0.0463
vn -0.0280 0.9985 -0.0463
vn -0.0232 -0.9985 -0.0490
vn -0.0234 0.9985 -0.0490
vn 0.2592 -0.7953 0.5480
vn -0.0183 -0.9985 -0.0512
vn -0.0185 0.9985 -0.0512
vn -0.0132 -0.9985 -0.0528
vn -0.0134 0.9985 -0.0529
vn -0.3504 0.9352 -0.0507
vn -0.3214 0.9441 -0.0730
vn -0.3002 0.9487 -0.0990
vn 0.0922 -0.7033 -0.7049
vn -0.0133 -0.9959 -0.0894
vn 0.1290 0.7653 -0.6306
vn -0.2996 -0.9540 -0.0125
vn 0.0518 0.9935 -0.1018
vn -0.3345 -0.9423 0.0089
vn -0.3831 -0.9232 0.0317
vn -0.4520 -0.8901 0.0574
vn -0.0080 -0.9985 -0.0540
vn -0.5382 -0.8258 0.1687
vn -0.0081 0.9985 -0.0540
vn -0.7023 -0.7057 0.0938
vn -0.2966 0.9169 0.2671
vn -0.0348 -0.7058 -0.7075
vn -0.0047 0.9953 -0.0972
vn -0.0102 -0.9783 -0.2069
vn -0.6716 -0.0000 -0.7409
vn 0.6716 -0.0000 -0.7409
vt 0.750000 0.437500
vt 0.734375 0.468750
vt 0.734375 0.437500
vt 0.750000 0.875000
vt 0.734375 0.843750
vt 0.742188 0.843750
vt 0.750000 0.031250
vt 0.738281 0.015625
vt 0.746094 0.015625
vt 0.734375 0.406250
vt 0.750000 0.406250
vt 0.742188 0.828125
vt 0.734375 0.828125
vt 0.734375 0.375000
vt 0.750000 0.375000
vt 0.750000 0.812500
vt 0.742188 0.812500
vt 0.734375 0.781250
vt 0.734375 0.343750
vt 0.750000 0.343750
vt 0.750000 0.750000
vt 0.734375 0.750000
vt 0.734375 0.312500
vt 0.750000 0.312500
vt 0.750000 0.718750
vt 0.734375 0.718750
vt 0.734375 0.281250
vt 0.750000 0.281250
vt 0.750000 0.687500
vt 0.734375 0.687500
vt 0.734375 0.250000
vt 0.750000 0.250000
vt 0.750000 0.656250
vt 0.734375 0.656250
vt 0.734375 0.218750
vt 0.750000 0.218750
vt 0.750000 0.625000
vt 0.734375 0.625000
vt 0.734375 0.187500
vt 0.750000 0.187500
vt 0.734375 0.593750
vt 0.750000 0.593750
vt 0.734375 0.156250
vt 0.750000 0.156250
vt 0.750000 0.562500
vt 0.734375 0.562500
vt 0.750000 0.968750
vt 0.742188 1.000000
vt 0.734375 0.968750
vt 0.734375 0.125000
vt 0.750000 0.125000
vt 0.750000 0.531250
vt 0.734375 0.531250
vt 0.734375 0.937500
vt 0.742188 0.937500
vt 0.734375 0.093750
vt 0.750000 0.093750
vt 0.734375 0.500000
vt 0.750000 0.500000
vt 0.070312 0.937500
vt 0.062500 0.937500
vt 0.750000 0.062500
vt 0.734375 0.062500
vt 0.750000 0.468750
vt 0.750000 0.906250
vt 0.742188 0.906250
vt 0.734375 0.875000
vt 0.734375 0.031250
vt 0.718750 0.625000
vt 0.718750 0.593750
vt 0.718750 0.156250
vt 0.718750 0.562500
vt 0.726562 1.000000
vt 0.718750 0.968750
vt 0.718750 0.125000
vt 0.718750 0.531250
vt 0.718750 0.937500
vt 0.726562 0.937500
vt 0.718750 0.093750
vt 0.718750 0.500000
vt 0.921875 0.921875
vt 0.914062 0.921875
vt 0.718750 0.062500
vt 0.718750 0.468750
vt 0.734375 0.906250
vt 0.726562 0.906250
vt 0.718750 0.875000
vt 0.718750 0.031250
vt 0.718750 0.437500
vt 0.718750 0.843750
vt 0.726562 0.843750
vt 0.730469 0.015625
vt 0.722656 0.015625
vt 0.718750 0.406250
vt 0.726562 0.828125
vt 0.718750 0.828125
vt 0.718750 0.375000
vt 0.734375 0.812500
vt 0.726562 0.812500
vt 0.718750 0.781250
vt 0.718750 0.343750
vt 0.718750 0.750000
vt 0.718750 0.312500
vt 0.718750 0.718750
vt 0.718750 0.281250
vt 0.718750 0.687500
vt 0.718750 0.250000
vt 0.718750 0.656250
vt 0.718750 0.218750
vt 0.718750 0.187500
vt 0.703125 0.531250
vt 0.703125 0.937500
vt 0.710938 0.937500
vt 0.703125 0.125000
vt 0.703125 0.093750
vt 0.703125 0.500000
vt 0.617188 0.937500
vt 0.609375 0.937500
vt 0.703125 0.062500
vt 0.703125 0.468750
vt 0.718750 0.906250
vt 0.710938 0.906250
vt 0.703125 0.875000
vt 0.703125 0.031250
vt 0.703125 0.437500
vt 0.703125 0.843750
vt 0.710938 0.843750
vt 0.707031 0.015625
vt 0.714844 0.015625
vt 0.703125 0.406250
vt 0.710938 0.828125
vt 0.703125 0.828125
vt 0.703125 0.375000
vt 0.718750 0.812500
vt 0.710938 0.812500
vt 0.703125 0.781250
vt 0.703125 0.343750
vt 0.703125 0.750000
vt 0.703125 0.312500
vt 0.703125 0.718750
vt 0.703125 0.281250
vt 0.703125 0.687500
vt 0.703125 0.250000
vt 0.703125 0.656250
vt 0.703125 0.218750
vt 0.703125 0.625000
vt 0.703125 0.187500
vt 0.703125 0.593750
vt 0.703125 0.156250
vt 0.703125 0.562500
vt 0.710938 1.000000
vt 0.703125 0.968750
vt 0.687500 0.500000
vt 0.687500 0.468750
vt 0.703125 0.906250
vt 0.695312 0.906250
vt 0.687500 0.875000
vt 0.687500 0.062500
vt 0.687500 0.031250
vt 0.687500 0.437500
vt 0.687500 0.843750
vt 0.695312 0.843750
vt 0.691406 0.015625
vt 0.699219 0.015625
vt 0.687500 0.406250
vt 0.695312 0.828125
vt 0.687500 0.828125
vt 0.687500 0.375000
vt 0.703125 0.812500
vt 0.695312 0.812500
vt 0.687500 0.781250
vt 0.687500 0.343750
vt 0.687500 0.750000
vt 0.687500 0.312500
vt 0.687500 0.718750
vt 0.687500 0.281250
vt 0.687500 0.687500
vt 0.687500 0.250000
vt 0.687500 0.656250
vt 0.687500 0.218750
vt 0.687500 0.625000
vt 0.687500 0.187500
vt 0.687500 0.593750
vt 0.687500 0.156250
vt 0.687500 0.562500
vt 0.695312 1.000000
vt 0.687500 0.968750
vt 0.687500 0.125000
vt 0.687500 0.531250
vt 0.687500 0.937500
vt 0.695312 0.937500
vt 0.687500 0.093750
vt 0.906250 0.921875
vt 0.671875 0.406250
vt 0.679688 0.828125
vt 0.671875 0.843750
vt 0.671875 0.828125
vt 0.671875 0.375000
vt 0.687500 0.812500
vt 0.679688 0.812500
vt 0.671875 0.781250
vt 0.671875 0.343750
vt 0.671875 0.750000
vt 0.671875 0.312500
vt 0.671875 0.718750
vt 0.671875 0.281250
vt 0.671875 0.687500
vt 0.671875 0.250000
vt 0.671875 0.656250
vt 0.671875 0.218750
vt 0.671875 0.625000
vt 0.671875 0.187500
vt 0.671875 0.593750
vt 0.671875 0.156250
vt 0.671875 0.562500
vt 0.679688 1.000000
vt 0.671875 0.968750
vt 0.671875 0.125000
vt 0.671875 0.531250
vt 0.671875 0.937500
vt 0.679688 0.937500
vt 0.671875 0.093750
vt 0.671875 0.500000
vt 0.546875 0.921875
vt 0.539062 0.921875
vt 0.671875 0.062500
vt 0.671875 0.468750
vt 0.687500 0.906250
vt 0.679688 0.906250
vt 0.671875 0.875000
vt 0.671875 0.031250
vt 0.671875 0.437500
vt 0.679688 0.843750
vt 0.675781 0.015625
vt 0.683594 0.015625
vt 0.656250 0.343750
vt 0.656250 0.750000
vt 0.656250 0.312500
vt 0.656250 0.718750
vt 0.656250 0.281250
vt 0.656250 0.687500
vt 0.656250 0.250000
vt 0.656250 0.656250
vt 0.656250 0.218750
vt 0.656250 0.625000
vt 0.656250 0.187500
vt 0.656250 0.593750
vt 0.656250 0.156250
vt 0.656250 0.562500
vt 0.664062 1.000000
vt 0.656250 0.968750
vt 0.656250 0.125000
vt 0.656250 0.531250
vt 0.656250 0.937500
vt 0.664062 0.937500
vt 0.656250 0.093750
vt 0.656250 0.500000
vt 0.085937 0.937500
vt 0.078125 0.937500
vt 0.656250 0.062500
vt 0.656250 0.468750
vt 0.671875 0.906250
vt 0.664062 0.906250
vt 0.656250 0.875000
vt 0.656250 0.031250
vt 0.656250 0.437500
vt 0.656250 0.843750
vt 0.664062 0.843750
vt 0.660156 0.015625
vt 0.667969 0.015625
vt 0.656250 0.406250
vt 0.664062 0.828125
vt 0.656250 0.828125
vt 0.656250 0.375000
vt 0.671875 0.812500
vt 0.664062 0.812500
vt 0.656250 0.781250
vt 0.640625 0.312500
vt 0.640625 0.281250
vt 0.640625 0.687500
vt 0.640625 0.250000
vt 0.640625 0.656250
vt 0.640625 0.218750
vt 0.640625 0.625000
vt 0.640625 0.187500
vt 0.640625 0.593750
vt 0.640625 0.156250
vt 0.640625 0.562500
vt 0.648438 1.000000
vt 0.640625 0.968750
vt 0.640625 0.125000
vt 0.640625 0.531250
vt 0.640625 0.937500
vt 0.648438 0.937500
vt 0.640625 0.093750
vt 0.640625 0.500000
vt 0.531250 0.921875
vt 0.640625 0.062500
vt 0.640625 0.468750
vt 0.656250 0.906250
vt 0.648438 0.906250
vt 0.640625 0.875000
vt 0.640625 0.031250
vt 0.640625 0.437500
vt 0.640625 0.843750
vt 0.648438 0.843750
vt 0.652344 0.015625
vt 0.644531 0.015625
vt 0.640625 0.406250
vt 0.648438 0.828125
vt 0.640625 0.828125
vt 0.640625 0.375000
vt 0.656250 0.812500
vt 0.648438 0.812500
vt 0.640625 0.781250
vt 0.640625 0.343750
vt 0.640625 0.750000
vt 0.640625 0.718750
vt 0.625000 0.250000
vt 0.625000 0.218750
vt 0.625000 0.656250
vt 0.625000 0.625000
vt 0.625000 0.187500
vt 0.625000 0.593750
vt 0.625000 0.156250
vt 0.625000 0.562500
vt 0.632812 1.000000
vt 0.625000 0.968750
vt 0.625000 0.125000
vt 0.625000 0.531250
vt 0.625000 0.937500
vt 0.632812 0.937500
vt 0.625000 0.093750
vt 0.625000 0.500000
vt 0.625000 0.062500
vt 0.625000 0.468750
vt 0.640625 0.906250
vt 0.632812 0.906250
vt 0.625000 0.875000
vt 0.625000 0.031250
vt 0.625000 0.437500
vt 0.625000 0.843750
vt 0.632812 0.843750
vt 0.628906 0.015625
vt 0.636719 0.015625
vt 0.625000 0.406250
vt 0.632812 0.828125
vt 0.625000 0.828125
vt 0.625000 0.375000
vt 0.640625 0.812500
vt 0.632812 0.812500
vt 0.625000 0.781250
vt 0.625000 0.343750
vt 0.625000 0.750000
vt 0.625000 0.312500
vt 0.625000 0.718750
vt 0.625000 0.281250
vt 0.625000 0.687500
vt 0.609375 0.187500
vt 0.609375 0.156250
vt 0.609375 0.593750
vt 0.609375 0.562500
vt 0.617188 1.000000
vt 0.609375 0.968750
vt 0.609375 0.125000
vt 0.609375 0.531250
vt 0.609375 0.093750
vt 0.609375 0.500000
vt 0.898438 0.921875
vt 0.609375 0.062500
vt 0.609375 0.468750
vt 0.625000 0.906250
vt 0.617188 0.906250
vt 0.609375 0.875000
vt 0.609375 0.031250
vt 0.609375 0.437500
vt 0.609375 0.843750
vt 0.617188 0.843750
vt 0.621094 0.015625
vt 0.613281 0.015625
vt 0.609375 0.406250
vt 0.617188 0.828125
vt 0.609375 0.828125
vt 0.609375 0.375000
vt 0.625000 0.812500
vt 0.617188 0.812500
vt 0.609375 0.781250
vt 0.609375 0.343750
vt 0.609375 0.750000
vt 0.609375 0.312500
vt 0.609375 0.718750
vt 0.609375 0.281250
vt 0.609375 0.687500
vt 0.609375 0.250000
vt 0.609375 0.656250
vt 0.609375 0.218750
vt 0.609375 0.625000
vt 0.593750 0.937500
vt 0.601562 0.937500
vt 0.593750 0.125000
vt 0.593750 0.093750
vt 0.593750 0.500000
vt 0.890625 0.921875
vt 0.593750 0.062500
vt 0.593750 0.468750
vt 0.609375 0.906250
vt 0.601562 0.906250
vt 0.593750 0.875000
vt 0.593750 0.031250
vt 0.593750 0.437500
vt 0.593750 0.843750
vt 0.601562 0.843750
vt 0.597656 0.015625
vt 0.605469 0.015625
vt 0.593750 0.406250
vt 0.601562 0.828125
vt 0.593750 0.828125
vt 0.593750 0.375000
vt 0.609375 0.812500
vt 0.601562 0.812500
vt 0.593750 0.781250
vt 0.593750 0.343750
vt 0.593750 0.750000
vt 0.593750 0.312500
vt 0.593750 0.718750
vt 0.593750 0.281250
vt 0.593750 0.687500
vt 0.593750 0.250000
vt 0.593750 0.656250
vt 0.593750 0.218750
vt 0.593750 0.625000
vt 0.593750 0.187500
vt 0.593750 0.593750
vt 0.593750 0.156250
vt 0.593750 0.562500
vt 0.601562 1.000000
vt 0.593750 0.968750
vt 0.593750 0.531250
vt 0.593750 0.906250
vt 0.585938 0.906250
vt 0.578125 0.875000
vt 0.578125 0.062500
vt 0.578125 0.031250
vt 0.578125 0.437500
vt 0.578125 0.843750
vt 0.585938 0.843750
vt 0.582031 0.015625
vt 0.589844 0.015625
vt 0.578125 0.406250
vt 0.585938 0.828125
vt 0.578125 0.828125
vt 0.578125 0.375000
vt 0.593750 0.812500
vt 0.585938 0.812500
vt 0.578125 0.781250
vt 0.578125 0.343750
vt 0.578125 0.750000
vt 0.578125 0.312500
vt 0.578125 0.718750
vt 0.578125 0.281250
vt 0.578125 0.687500
vt 0.578125 0.250000
vt 0.578125 0.656250
vt 0.578125 0.218750
vt 0.578125 0.625000
vt 0.578125 0.187500
vt 0.578125 0.593750
vt 0.578125 0.156250
vt 0.578125 0.562500
vt 0.585938 1.000000
vt 0.578125 0.968750
vt 0.578125 0.125000
vt 0.578125 0.531250
vt 0.578125 0.937500
vt 0.585938 0.937500
vt 0.578125 0.093750
vt 0.578125 0.500000
vt 0.101562 0.937500
vt 0.093750 0.937500
vt 0.578125 0.468750
vt 0.570312 0.828125
vt 0.562500 0.843750
vt 0.562500 0.828125
vt 0.562500 0.375000
vt 0.578125 0.812500
vt 0.570312 0.812500
vt 0.562500 0.781250
vt 0.562500 0.343750
vt 0.562500 0.750000
vt 0.562500 0.312500
vt 0.562500 0.718750
vt 0.562500 0.281250
vt 0.562500 0.687500
vt 0.562500 0.250000
vt 0.562500 0.656250
vt 0.562500 0.218750
vt 0.562500 0.625000
vt 0.562500 0.187500
vt 0.562500 0.593750
vt 0.562500 0.156250
vt 0.562500 0.562500
vt 0.570312 1.000000
vt 0.562500 0.968750
vt 0.562500 0.125000
vt 0.562500 0.531250
vt 0.562500 0.937500
vt 0.570312 0.937500
vt 0.562500 0.093750
vt 0.562500 0.500000
vt 0.523438 0.921875
vt 0.562500 0.062500
vt 0.562500 0.468750
vt 0.578125 0.906250
vt 0.570312 0.906250
vt 0.562500 0.875000
vt 0.562500 0.031250
vt 0.562500 0.437500
vt 0.570312 0.843750
vt 0.574219 0.015625
vt 0.566406 0.015625
vt 0.562500 0.406250
vt 0.546875 0.781250
vt 0.546875 0.750000
vt 0.546875 0.343750
vt 0.546875 0.312500
vt 0.546875 0.718750
vt 0.546875 0.281250
vt 0.546875 0.687500
vt 0.546875 0.250000
vt 0.546875 0.656250
vt 0.546875 0.218750
vt 0.546875 0.625000
vt 0.546875 0.187500
vt 0.546875 0.593750
vt 0.546875 0.156250
vt 0.546875 0.562500
vt 0.554688 1.000000
vt 0.546875 0.968750
vt 0.546875 0.125000
vt 0.546875 0.531250
vt 0.546875 0.937500
vt 0.554688 0.937500
vt 0.546875 0.093750
vt 0.546875 0.500000
vt 0.546875 0.062500
vt 0.546875 0.468750
vt 0.562500 0.906250
vt 0.554688 0.906250
vt 0.546875 0.875000
vt 0.546875 0.031250
vt 0.546875 0.437500
vt 0.546875 0.843750
vt 0.554688 0.843750
vt 0.550781 0.015625
vt 0.558594 0.015625
vt 0.546875 0.406250
vt 0.554688 0.828125
vt 0.546875 0.828125
vt 0.546875 0.375000
vt 0.562500 0.812500
vt 0.554688 0.812500
vt 0.531250 0.687500
vt 0.531250 0.250000
vt 0.531250 0.656250
vt 0.531250 0.218750
vt 0.531250 0.625000
vt 0.531250 0.187500
vt 0.531250 0.593750
vt 0.531250 0.156250
vt 0.531250 0.562500
vt 0.539062 1.000000
vt 0.531250 0.968750
vt 0.531250 0.125000
vt 0.531250 0.531250
vt 0.531250 0.937500
vt 0.539062 0.937500
vt 0.531250 0.093750
vt 0.531250 0.500000
vt 0.531250 0.062500
vt 0.531250 0.468750
vt 0.546875 0.906250
vt 0.539062 0.906250
vt 0.531250 0.875000
vt 0.531250 0.031250
vt 0.531250 0.437500
vt 0.531250 0.843750
vt 0.539062 0.843750
vt 0.535156 0.015625
vt 0.542969 0.015625
vt 0.531250 0.406250
vt 0.539062 0.828125
vt 0.531250 0.828125
vt 0.531250 0.375000
vt 0.546875 0.812500
vt 0.539062 0.812500
vt 0.531250 0.781250
vt 0.531250 0.343750
vt 0.531250 0.750000
vt 0.531250 0.312500
vt 0.531250 0.718750
vt 0.531250 0.281250
vt 0.515625 0.625000
vt 0.515625 0.218750
vt 0.515625 0.187500
vt 0.515625 0.593750
vt 0.515625 0.156250
vt 0.515625 0.562500
vt 0.523438 1.000000
vt 0.515625 0.968750
vt 0.515625 0.125000
vt 0.515625 0.531250
vt 0.515625 0.937500
vt 0.523438 0.937500
vt 0.515625 0.093750
vt 0.515625 0.500000
vt 0.968750 0.937500
vt 0.960937 0.937500
vt 0.515625 0.062500
vt 0.515625 0.468750
vt 0.531250 0.906250
vt 0.523438 0.906250
vt 0.515625 0.875000
vt 0.515625 0.031250
vt 0.515625 0.437500
vt 0.515625 0.843750
vt 0.523438 0.843750
vt 0.519531 0.015625
vt 0.527344 0.015625
vt 0.515625 0.406250
vt 0.523438 0.828125
vt 0.515625 0.828125
vt 0.515625 0.375000
vt 0.531250 0.812500
vt 0.515625 0.812500
vt 0.515625 0.781250
vt 0.515625 0.343750
vt 0.515625 0.750000
vt 0.515625 0.312500
vt 0.515625 0.718750
vt 0.515625 0.281250
vt 0.515625 0.687500
vt 0.515625 0.250000
vt 0.515625 0.656250
vt 0.500000 0.593750
vt 0.500000 0.562500
vt 0.507812 1.000000
vt 0.500000 0.968750
vt 0.500000 0.156250
vt 0.500000 0.125000
vt 0.500000 0.531250
vt 0.500000 0.937500
vt 0.507812 0.937500
vt 0.500000 0.093750
vt 0.500000 0.500000
vt 0.515625 0.921875
vt 0.500000 0.062500
vt 0.500000 0.468750
vt 0.515625 0.906250
vt 0.507812 0.906250
vt 0.500000 0.875000
vt 0.500000 0.031250
vt 0.500000 0.437500
vt 0.500000 0.843750
vt 0.507812 0.843750
vt 0.503906 0.015625
vt 0.511719 0.015625
vt 0.500000 0.406250
vt 0.507812 0.828125
vt 0.500000 0.828125
vt 0.500000 0.375000
vt 0.507812 0.812500
vt 0.500000 0.781250
vt 0.500000 0.343750
vt 0.500000 0.750000
vt 0.500000 0.312500
vt 0.500000 0.718750
vt 0.500000 0.281250
vt 0.500000 0.687500
vt 0.500000 0.250000
vt 0.500000 0.656250
vt 0.500000 0.218750
vt 0.500000 0.625000
vt 0.500000 0.187500
vt 0.484375 0.531250
vt 0.484375 0.500000
vt 0.882812 0.921875
vt 0.484375 0.062500
vt 0.484375 0.468750
vt 0.500000 0.906250
vt 0.492188 0.906250
vt 0.484375 0.875000
vt 0.484375 0.031250
vt 0.484375 0.437500
vt 0.484375 0.843750
vt 0.492188 0.843750
vt 0.488281 0.015625
vt 0.496094 0.015625
vt 0.484375 0.406250
vt 0.492188 0.828125
vt 0.484375 0.828125
vt 0.484375 0.375000
vt 0.500000 0.812500
vt 0.492188 0.812500
vt 0.484375 0.781250
vt 0.484375 0.343750
vt 0.484375 0.750000
vt 0.484375 0.312500
vt 0.484375 0.718750
vt 0.484375 0.281250
vt 0.484375 0.687500
vt 0.484375 0.250000
vt 0.484375 0.656250
vt 0.484375 0.218750
vt 0.484375 0.625000
vt 0.484375 0.187500
vt 0.484375 0.593750
vt 0.484375 0.156250
vt 0.484375 0.562500
vt 0.492188 1.000000
vt 0.484375 0.968750
vt 0.484375 0.125000
vt 0.484375 0.937500
vt 0.492188 0.937500
vt 0.484375 0.093750
vt 0.468750 0.468750
vt 0.468750 0.437500
vt 0.468750 0.843750
vt 0.476562 0.843750
vt 0.480469 0.015625
vt 0.468750 0.031250
vt 0.472656 0.015625
vt 0.468750 0.406250
vt 0.476562 0.828125
vt 0.468750 0.828125
vt 0.468750 0.375000
vt 0.484375 0.812500
vt 0.468750 0.812500
vt 0.468750 0.781250
vt 0.468750 0.343750
vt 0.468750 0.750000
vt 0.468750 0.312500
vt 0.468750 0.718750
vt 0.468750 0.281250
vt 0.468750 0.687500
vt 0.468750 0.250000
vt 0.468750 0.656250
vt 0.468750 0.218750
vt 0.468750 0.625000
vt 0.468750 0.187500
vt 0.468750 0.593750
vt 0.468750 0.156250
vt 0.468750 0.562500
vt 0.476562 1.000000
vt 0.468750 0.968750
vt 0.468750 0.125000
vt 0.468750 0.531250
vt 0.468750 0.937500
vt 0.476562 0.937500
vt 0.468750 0.093750
vt 0.468750 0.500000
vt 0.046875 0.937500
vt 0.039062 0.937500
vt 0.468750 0.062500
vt 0.484375 0.906250
vt 0.476562 0.906250
vt 0.468750 0.875000
vt 0.453125 0.406250
vt 0.453125 0.375000
vt 0.460938 0.812500
vt 0.453125 0.781250
vt 0.453125 0.343750
vt 0.453125 0.750000
vt 0.453125 0.312500
vt 0.453125 0.718750
vt 0.453125 0.281250
vt 0.453125 0.687500
vt 0.453125 0.250000
vt 0.453125 0.656250
vt 0.453125 0.218750
vt 0.453125 0.625000
vt 0.453125 0.187500
vt 0.453125 0.593750
vt 0.453125 0.156250
vt 0.453125 0.562500
vt 0.460938 1.000000
vt 0.453125 0.968750
vt 0.453125 0.125000
vt 0.453125 0.531250
vt 0.453125 0.937500
vt 0.460938 0.937500
vt 0.453125 0.093750
vt 0.453125 0.500000
vt 0.117187 0.937500
vt 0.109375 0.937500
vt 0.453125 0.062500
vt 0.453125 0.468750
vt 0.468750 0.906250
vt 0.460938 0.906250
vt 0.453125 0.875000
vt 0.453125 0.031250
vt 0.453125 0.437500
vt 0.453125 0.843750
vt 0.460938 0.843750
vt 0.464844 0.015625
vt 0.457031 0.015625
vt 0.460938 0.828125
vt 0.453125 0.828125
vt 0.437500 0.343750
vt 0.437500 0.312500
vt 0.437500 0.750000
vt 0.437500 0.718750
vt 0.437500 0.281250
vt 0.437500 0.687500
vt 0.437500 0.250000
vt 0.437500 0.656250
vt 0.437500 0.218750
vt 0.437500 0.625000
vt 0.437500 0.187500
vt 0.437500 0.593750
vt 0.437500 0.156250
vt 0.437500 0.562500
vt 0.445312 1.000000
vt 0.437500 0.968750
vt 0.437500 0.125000
vt 0.437500 0.531250
vt 0.437500 0.937500
vt 0.445312 0.937500
vt 0.437500 0.093750
vt 0.437500 0.500000
vt 0.875000 0.921875
vt 0.437500 0.062500
vt 0.437500 0.468750
vt 0.453125 0.906250
vt 0.437500 0.906250
vt 0.437500 0.875000
vt 0.437500 0.031250
vt 0.437500 0.437500
vt 0.437500 0.843750
vt 0.445312 0.843750
vt 0.449219 0.015625
vt 0.441406 0.015625
vt 0.437500 0.406250
vt 0.445312 0.828125
vt 0.437500 0.828125
vt 0.437500 0.375000
vt 0.453125 0.812500
vt 0.445312 0.812500
vt 0.437500 0.781250
vt 0.421875 0.281250
vt 0.421875 0.250000
vt 0.421875 0.656250
vt 0.421875 0.218750
vt 0.421875 0.625000
vt 0.421875 0.187500
vt 0.421875 0.593750
vt 0.421875 0.156250
vt 0.421875 0.562500
vt 0.429688 1.000000
vt 0.421875 0.968750
vt 0.421875 0.125000
vt 0.421875 0.531250
vt 0.421875 0.937500
vt 0.429688 0.937500
vt 0.421875 0.093750
vt 0.421875 0.500000
vt 0.421875 0.062500
vt 0.421875 0.468750
vt 0.429688 0.906250
vt 0.421875 0.875000
vt 0.421875 0.031250
vt 0.421875 0.437500
vt 0.421875 0.843750
vt 0.429688 0.843750
vt 0.425781 0.015625
vt 0.433594 0.015625
vt 0.421875 0.406250
vt 0.429688 0.828125
vt 0.421875 0.828125
vt 0.421875 0.375000
vt 0.437500 0.812500
vt 0.429688 0.812500
vt 0.421875 0.781250
vt 0.421875 0.343750
vt 0.421875 0.750000
vt 0.421875 0.312500
vt 0.421875 0.718750
vt 0.421875 0.687500
vt 0.406250 0.187500
vt 0.406250 0.593750
vt 0.406250 0.156250
vt 0.406250 0.562500
vt 0.414062 1.000000
vt 0.406250 0.968750
vt 0.406250 0.125000
vt 0.406250 0.531250
vt 0.406250 0.937500
vt 0.414062 0.937500
vt 0.406250 0.093750
vt 0.406250 0.500000
vt 0.507812 0.921875
vt 0.406250 0.062500
vt 0.406250 0.468750
vt 0.421875 0.906250
vt 0.406250 0.906250
vt 0.406250 0.875000
vt 0.406250 0.031250
vt 0.406250 0.437500
vt 0.406250 0.843750
vt 0.414062 0.843750
vt 0.410156 0.015625
vt 0.417969 0.015625
vt 0.406250 0.406250
vt 0.414062 0.828125
vt 0.406250 0.828125
vt 0.406250 0.375000
vt 0.421875 0.812500
vt 0.414062 0.812500
vt 0.406250 0.781250
vt 0.406250 0.343750
vt 0.406250 0.750000
vt 0.406250 0.312500
vt 0.406250 0.718750
vt 0.406250 0.281250
vt 0.406250 0.687500
vt 0.406250 0.250000
vt 0.406250 0.656250
vt 0.406250 0.218750
vt 0.406250 0.625000
vt 0.390625 0.125000
vt 0.390625 0.531250
vt 0.390625 0.937500
vt 0.398437 0.937500
vt 0.390625 0.093750
vt 0.390625 0.500000
vt 0.140625 0.937500
vt 0.132812 0.937500
vt 0.390625 0.062500
vt 0.390625 0.468750
vt 0.398438 0.906250
vt 0.390625 0.875000
vt 0.390625 0.031250
vt 0.390625 0.437500
vt 0.390625 0.843750
vt 0.398438 0.843750
vt 0.394531 0.015625
vt 0.402344 0.015625
vt 0.390625 0.406250
vt 0.398438 0.828125
vt 0.390625 0.828125
vt 0.390625 0.375000
vt 0.406250 0.812500
vt 0.390625 0.812500
vt 0.390625 0.781250
vt 0.390625 0.343750
vt 0.390625 0.750000
vt 0.390625 0.312500
vt 0.390625 0.718750
vt 0.390625 0.281250
vt 0.390625 0.687500
vt 0.390625 0.250000
vt 0.390625 0.656250
vt 0.390625 0.218750
vt 0.390625 0.625000
vt 0.390625 0.187500
vt 0.390625 0.593750
vt 0.390625 0.156250
vt 0.390625 0.562500
vt 0.398438 1.000000
vt 0.390625 0.968750
vt 0.375000 0.093750
vt 0.375000 0.062500
vt 0.375000 0.468750
vt 0.390625 0.906250
vt 0.382812 0.906250
vt 0.375000 0.875000
vt 0.375000 0.031250
vt 0.375000 0.437500
vt 0.375000 0.843750
vt 0.382812 0.843750
vt 0.378906 0.015625
vt 0.386719 0.015625
vt 0.375000 0.406250
vt 0.382812 0.828125
vt 0.375000 0.828125
vt 0.375000 0.375000
vt 0.382812 0.812500
vt 0.375000 0.781250
vt 0.375000 0.343750
vt 0.375000 0.750000
vt 0.375000 0.312500
vt 0.375000 0.718750
vt 0.375000 0.281250
vt 0.375000 0.687500
vt 0.375000 0.250000
vt 0.375000 0.656250
vt 0.375000 0.218750
vt 0.375000 0.625000
vt 0.375000 0.187500
vt 0.375000 0.593750
vt 0.375000 0.156250
vt 0.375000 0.562500
vt 0.382812 1.000000
vt 0.375000 0.968750
vt 0.375000 0.125000
vt 0.375000 0.531250
vt 0.375000 0.937500
vt 0.382812 0.937500
vt 0.375000 0.500000
vt 0.500000 0.921875
vt 0.371094 0.015625
vt 0.359375 0.031250
vt 0.363281 0.015625
vt 0.359375 0.406250
vt 0.367188 0.828125
vt 0.359375 0.843750
vt 0.359375 0.828125
vt 0.359375 0.375000
vt 0.375000 0.812500
vt 0.367188 0.812500
vt 0.359375 0.781250
vt 0.359375 0.343750
vt 0.359375 0.750000
vt 0.359375 0.312500
vt 0.359375 0.718750
vt 0.359375 0.281250
vt 0.359375 0.687500
vt 0.359375 0.250000
vt 0.359375 0.656250
vt 0.359375 0.218750
vt 0.359375 0.625000
vt 0.359375 0.187500
vt 0.359375 0.593750
vt 0.359375 0.156250
vt 0.359375 0.562500
vt 0.367188 1.000000
vt 0.359375 0.968750
vt 0.359375 0.125000
vt 0.359375 0.531250
vt 0.359375 0.937500
vt 0.367187 0.937500
vt 0.359375 0.093750
vt 0.359375 0.500000
vt 0.867187 0.921875
vt 0.359375 0.062500
vt 0.359375 0.468750
vt 0.375000 0.906250
vt 0.367188 0.906250
vt 0.359375 0.875000
vt 0.359375 0.437500
vt 0.367188 0.843750
vt 0.343750 0.343750
vt 0.343750 0.750000
vt 0.343750 0.312500
vt 0.343750 0.718750
vt 0.343750 0.281250
vt 0.343750 0.687500
vt 0.343750 0.250000
vt 0.343750 0.656250
vt 0.343750 0.218750
vt 0.343750 0.625000
vt 0.343750 0.187500
vt 0.343750 0.593750
vt 0.343750 0.156250
vt 0.343750 0.562500
vt 0.351562 1.000000
vt 0.343750 0.968750
vt 0.343750 0.125000
vt 0.343750 0.531250
vt 0.343750 0.937500
vt 0.351562 0.937500
vt 0.343750 0.093750
vt 0.343750 0.500000
vt 0.343750 0.062500
vt 0.343750 0.468750
vt 0.359375 0.906250
vt 0.351562 0.906250
vt 0.343750 0.875000
vt 0.343750 0.031250
vt 0.343750 0.437500
vt 0.343750 0.843750
vt 0.351562 0.843750
vt 0.347656 0.015625
vt 0.355469 0.015625
vt 0.343750 0.406250
vt 0.351562 0.828125
vt 0.343750 0.828125
vt 0.343750 0.375000
vt 0.359375 0.812500
vt 0.351562 0.812500
vt 0.343750 0.781250
vt 0.328125 0.468750
vt 0.343750 0.906250
vt 0.335938 0.906250
vt 0.328125 0.875000
vt 0.328125 0.062500
vt 0.328125 0.031250
vt 0.328125 0.437500
vt 0.328125 0.843750
vt 0.335938 0.843750
vt 0.339844 0.015625
vt 0.332031 0.015625
vt 0.328125 0.406250
vt 0.335938 0.828125
vt 0.328125 0.828125
vt 0.328125 0.375000
vt 0.343750 0.812500
vt 0.335938 0.812500
vt 0.328125 0.781250
vt 0.328125 0.343750
vt 0.328125 0.750000
vt 0.328125 0.312500
vt 0.328125 0.718750
vt 0.328125 0.281250
vt 0.328125 0.687500
vt 0.328125 0.250000
vt 0.328125 0.656250
vt 0.328125 0.218750
vt 0.328125 0.625000
vt 0.328125 0.187500
vt 0.328125 0.593750
vt 0.328125 0.156250
vt 0.328125 0.562500
vt 0.335938 1.000000
vt 0.328125 0.968750
vt 0.328125 0.125000
vt 0.328125 0.531250
vt 0.328125 0.937500
vt 0.335937 0.937500
vt 0.328125 0.093750
vt 0.328125 0.500000
vt 0.859375 0.921875
vt 0.312500 0.406250
vt 0.320312 0.828125
vt 0.312500 0.843750
vt 0.312500 0.828125
vt 0.312500 0.375000
vt 0.328125 0.812500
vt 0.320312 0.812500
vt 0.312500 0.781250
vt 0.312500 0.343750
vt 0.312500 0.750000
vt 0.312500 0.312500
vt 0.312500 0.718750
vt 0.312500 0.281250
vt 0.312500 0.687500
vt 0.312500 0.250000
vt 0.312500 0.656250
vt 0.312500 0.218750
vt 0.312500 0.625000
vt 0.312500 0.187500
vt 0.312500 0.593750
vt 0.312500 0.156250
vt 0.312500 0.562500
vt 0.320312 1.000000
vt 0.312500 0.968750
vt 0.312500 0.125000
vt 0.312500 0.531250
vt 0.312500 0.937500
vt 0.320312 0.937500
vt 0.312500 0.093750
vt 0.312500 0.500000
vt 0.492188 0.921875
vt 0.312500 0.062500
vt 0.312500 0.468750
vt 0.328125 0.906250
vt 0.320312 0.906250
vt 0.312500 0.875000
vt 0.312500 0.031250
vt 0.312500 0.437500
vt 0.320312 0.843750
vt 0.316406 0.015625
vt 0.324219 0.015625
vt 0.296875 0.343750
vt 0.296875 0.781250
vt 0.296875 0.750000
vt 0.296875 0.312500
vt 0.296875 0.718750
vt 0.296875 0.281250
vt 0.296875 0.687500
vt 0.296875 0.250000
vt 0.296875 0.656250
vt 0.296875 0.218750
vt 0.296875 0.625000
vt 0.296875 0.187500
vt 0.296875 0.593750
vt 0.296875 0.156250
vt 0.296875 0.562500
vt 0.304688 1.000000
vt 0.296875 0.968750
vt 0.296875 0.125000
vt 0.296875 0.531250
vt 0.296875 0.937500
vt 0.304687 0.937500
vt 0.296875 0.093750
vt 0.296875 0.500000
vt 0.296875 0.062500
vt 0.296875 0.468750
vt 0.312500 0.906250
vt 0.304688 0.906250
vt 0.296875 0.875000
vt 0.296875 0.031250
vt 0.296875 0.437500
vt 0.296875 0.843750
vt 0.304688 0.843750
vt 0.300781 0.015625
vt 0.308594 0.015625
vt 0.296875 0.406250
vt 0.304688 0.828125
vt 0.296875 0.828125
vt 0.296875 0.375000
vt 0.312500 0.812500
vt 0.304688 0.812500
vt 0.281250 0.312500
vt 0.281250 0.281250
vt 0.281250 0.687500
vt 0.281250 0.250000
vt 0.281250 0.656250
vt 0.281250 0.218750
vt 0.281250 0.625000
vt 0.281250 0.187500
vt 0.281250 0.593750
vt 0.281250 0.156250
vt 0.281250 0.562500
vt 0.289062 1.000000
vt 0.281250 0.968750
vt 0.281250 0.125000
vt 0.281250 0.531250
vt 0.281250 0.937500
vt 0.289062 0.937500
vt 0.281250 0.093750
vt 0.281250 0.500000
vt 0.148437 0.937500
vt 0.281250 0.062500
vt 0.281250 0.468750
vt 0.296875 0.906250
vt 0.281250 0.906250
vt 0.281250 0.875000
vt 0.281250 0.031250
vt 0.281250 0.437500
vt 0.281250 0.843750
vt 0.289062 0.843750
vt 0.285156 0.015625
vt 0.292969 0.015625
vt 0.281250 0.406250
vt 0.289062 0.828125
vt 0.281250 0.828125
vt 0.281250 0.375000
vt 0.296875 0.812500
vt 0.289062 0.812500
vt 0.281250 0.781250
vt 0.281250 0.343750
vt 0.281250 0.750000
vt 0.281250 0.718750
vt 0.265625 0.250000
vt 0.265625 0.218750
vt 0.265625 0.625000
vt 0.265625 0.187500
vt 0.265625 0.593750
vt 0.265625 0.156250
vt 0.265625 0.562500
vt 0.273438 1.000000
vt 0.265625 0.968750
vt 0.265625 0.125000
vt 0.265625 0.531250
vt 0.265625 0.937500
vt 0.273437 0.937500
vt 0.265625 0.093750
vt 0.265625 0.500000
vt 0.484375 0.921875
vt 0.265625 0.062500
vt 0.265625 0.468750
vt 0.273438 0.906250
vt 0.265625 0.875000
vt 0.265625 0.031250
vt 0.265625 0.437500
vt 0.265625 0.843750
vt 0.273438 0.843750
vt 0.269531 0.015625
vt 0.277344 0.015625
vt 0.265625 0.406250
vt 0.273438 0.828125
vt 0.265625 0.828125
vt 0.265625 0.375000
vt 0.281250 0.812500
vt 0.273438 0.812500
vt 0.265625 0.781250
vt 0.265625 0.343750
vt 0.265625 0.750000
vt 0.265625 0.312500
vt 0.265625 0.718750
vt 0.265625 0.281250
vt 0.265625 0.687500
vt 0.265625 0.656250
vt 0.250000 0.187500
vt 0.250000 0.156250
vt 0.250000 0.593750
vt 0.250000 0.562500
vt 0.257812 1.000000
vt 0.250000 0.968750
vt 0.250000 0.125000
vt 0.250000 0.531250
vt 0.250000 0.937500
vt 0.257812 0.937500
vt 0.250000 0.093750
vt 0.250000 0.500000
vt 0.843750 0.937500
vt 0.835937 0.937500
vt 0.250000 0.062500
vt 0.250000 0.468750
vt 0.265625 0.906250
vt 0.257812 0.906250
vt 0.250000 0.875000
vt 0.250000 0.031250
vt 0.250000 0.437500
vt 0.250000 0.843750
vt 0.257812 0.843750
vt 0.261719 0.015625
vt 0.253906 0.015625
vt 0.250000 0.406250
vt 0.257812 0.828125
vt 0.250000 0.828125
vt 0.250000 0.375000
vt 0.265625 0.812500
vt 0.250000 0.812500
vt 0.250000 0.781250
vt 0.250000 0.343750
vt 0.250000 0.750000
vt 0.250000 0.312500
vt 0.250000 0.718750
vt 0.250000 0.281250
vt 0.250000 0.687500
vt 0.250000 0.250000
vt 0.250000 0.656250
vt 0.250000 0.218750
vt 0.250000 0.625000
vt 0.234375 0.093750
vt 0.234375 0.500000
vt 0.851562 0.921875
vt 0.234375 0.062500
vt 0.234375 0.468750
vt 0.250000 0.906250
vt 0.242188 0.906250
vt 0.234375 0.875000
vt 0.234375 0.031250
vt 0.234375 0.437500
vt 0.234375 0.843750
vt 0.242188 0.843750
vt 0.238281 0.015625
vt 0.246094 0.015625
vt 0.234375 0.406250
vt 0.242188 0.828125
vt 0.234375 0.828125
vt 0.234375 0.375000
vt 0.242188 0.812500
vt 0.234375 0.781250
vt 0.234375 0.343750
vt 0.234375 0.750000
vt 0.234375 0.312500
vt 0.234375 0.718750
vt 0.234375 0.281250
vt 0.234375 0.687500
vt 0.234375 0.250000
vt 0.234375 0.656250
vt 0.234375 0.218750
vt 0.234375 0.625000
vt 0.234375 0.187500
vt 0.234375 0.593750
vt 0.234375 0.156250
vt 0.234375 0.562500
vt 0.242188 1.000000
vt 0.234375 0.968750
vt 0.234375 0.125000
vt 0.234375 0.531250
vt 0.234375 0.937500
vt 0.242187 0.937500
vt 0.218750 0.062500
vt 0.218750 0.031250
vt 0.218750 0.468750
vt 0.218750 0.437500
vt 0.218750 0.843750
vt 0.226562 0.843750
vt 0.230469 0.015625
vt 0.222656 0.015625
vt 0.218750 0.406250
vt 0.226562 0.828125
vt 0.218750 0.828125
vt 0.218750 0.375000
vt 0.234375 0.812500
vt 0.218750 0.812500
vt 0.218750 0.781250
vt 0.218750 0.343750
vt 0.218750 0.750000
vt 0.218750 0.312500
vt 0.218750 0.718750
vt 0.218750 0.281250
vt 0.218750 0.687500
vt 0.218750 0.250000
vt 0.218750 0.656250
vt 0.218750 0.218750
vt 0.218750 0.625000
vt 0.218750 0.187500
vt 0.218750 0.593750
vt 0.218750 0.156250
vt 0.218750 0.562500
vt 0.226562 1.000000
vt 0.218750 0.968750
vt 0.218750 0.125000
vt 0.218750 0.531250
vt 0.218750 0.937500
vt 0.226562 0.937500
vt 0.218750 0.093750
vt 0.218750 0.500000
vt 0.234375 0.906250
vt 0.226563 0.906250
vt 0.218750 0.875000
vt 0.203125 0.406250
vt 0.203125 0.375000
vt 0.210938 0.812500
vt 0.203125 0.781250
vt 0.203125 0.343750
vt 0.203125 0.750000
vt 0.203125 0.312500
vt 0.203125 0.718750
vt 0.203125 0.281250
vt 0.203125 0.687500
vt 0.203125 0.250000
vt 0.203125 0.656250
vt 0.203125 0.218750
vt 0.203125 0.625000
vt 0.203125 0.187500
vt 0.203125 0.593750
vt 0.203125 0.156250
vt 0.203125 0.562500
vt 0.210938 1.000000
vt 0.203125 0.968750
vt 0.203125 0.125000
vt 0.203125 0.531250
vt 0.203125 0.937500
vt 0.210937 0.937500
vt 0.203125 0.093750
vt 0.203125 0.500000
vt 0.843750 0.921875
vt 0.203125 0.062500
vt 0.203125 0.468750
vt 0.218750 0.906250
vt 0.210938 0.906250
vt 0.203125 0.875000
vt 0.203125 0.031250
vt 0.203125 0.437500
vt 0.203125 0.843750
vt 0.210938 0.843750
vt 0.214844 0.015625
vt 0.207031 0.015625
vt 0.210938 0.828125
vt 0.203125 0.828125
vt 0.187500 0.312500
vt 0.187500 0.750000
vt 0.187500 0.718750
vt 0.187500 0.281250
vt 0.187500 0.687500
vt 0.187500 0.250000
vt 0.187500 0.656250
vt 0.187500 0.218750
vt 0.187500 0.625000
vt 0.187500 0.187500
vt 0.187500 0.593750
vt 0.187500 0.156250
vt 0.187500 0.562500
vt 0.195312 1.000000
vt 0.187500 0.968750
vt 0.187500 0.125000
vt 0.187500 0.531250
vt 0.187500 0.937500
vt 0.195312 0.937500
vt 0.187500 0.093750
vt 0.187500 0.500000
vt 1.000000 0.937500
vt 0.992188 0.937500
vt 0.187500 0.062500
vt 0.187500 0.468750
vt 0.203125 0.906250
vt 0.195313 0.906250
vt 0.187500 0.875000
vt 0.187500 0.031250
vt 0.187500 0.437500
vt 0.187500 0.843750
vt 0.195312 0.843750
vt 0.191406 0.015625
vt 0.199219 0.015625
vt 0.187500 0.406250
vt 0.195312 0.828125
vt 0.187500 0.828125
vt 0.187500 0.375000
vt 0.203125 0.812500
vt 0.195312 0.812500
vt 0.187500 0.781250
vt 0.187500 0.343750
vt 0.171875 0.250000
vt 0.171875 0.656250
vt 0.171875 0.218750
vt 0.171875 0.625000
vt 0.171875 0.187500
vt 0.171875 0.593750
vt 0.171875 0.156250
vt 0.171875 0.562500
vt 0.179688 1.000000
vt 0.171875 0.968750
vt 0.171875 0.125000
vt 0.171875 0.531250
vt 0.171875 0.937500
vt 0.179687 0.937500
vt 0.171875 0.093750
vt 0.171875 0.500000
vt 0.164062 0.937500
vt 0.156250 0.937500
vt 0.171875 0.062500
vt 0.171875 0.468750
vt 0.187500 0.906250
vt 0.171875 0.906250
vt 0.171875 0.875000
vt 0.171875 0.031250
vt 0.171875 0.437500
vt 0.171875 0.843750
vt 0.179688 0.843750
vt 0.175781 0.015625
vt 0.183594 0.015625
vt 0.171875 0.406250
vt 0.179688 0.828125
vt 0.171875 0.828125
vt 0.171875 0.375000
vt 0.187500 0.812500
vt 0.179688 0.812500
vt 0.171875 0.781250
vt 0.171875 0.343750
vt 0.171875 0.750000
vt 0.171875 0.312500
vt 0.171875 0.718750
vt 0.171875 0.281250
vt 0.171875 0.687500
vt 0.156250 0.218750
vt 0.156250 0.187500
vt 0.156250 0.593750
vt 0.156250 0.156250
vt 0.156250 0.562500
vt 0.164062 1.000000
vt 0.156250 0.968750
vt 0.156250 0.125000
vt 0.156250 0.531250
vt 0.156250 0.093750
vt 0.156250 0.500000
vt 0.156250 0.062500
vt 0.156250 0.468750
vt 0.164063 0.906250
vt 0.156250 0.875000
vt 0.156250 0.031250
vt 0.156250 0.437500
vt 0.156250 0.843750
vt 0.164063 0.843750
vt 0.167969 0.015625
vt 0.160156 0.015625
vt 0.156250 0.406250
vt 0.164063 0.828125
vt 0.156250 0.828125
vt 0.156250 0.375000
vt 0.171875 0.812500
vt 0.164063 0.812500
vt 0.156250 0.781250
vt 0.156250 0.343750
vt 0.156250 0.750000
vt 0.156250 0.312500
vt 0.156250 0.718750
vt 0.156250 0.281250
vt 0.156250 0.687500
vt 0.156250 0.250000
vt 0.156250 0.656250
vt 0.156250 0.625000
vt 0.148438 1.000000
vt 0.140625 0.968750
vt 0.140625 0.125000
vt 0.140625 0.531250
vt 0.140625 0.093750
vt 0.140625 0.500000
vt 0.476562 0.921875
vt 0.140625 0.062500
vt 0.140625 0.468750
vt 0.156250 0.906250
vt 0.148438 0.906250
vt 0.140625 0.875000
vt 0.140625 0.031250
vt 0.140625 0.437500
vt 0.140625 0.843750
vt 0.148438 0.843750
vt 0.144531 0.015625
vt 0.152344 0.015625
vt 0.140625 0.406250
vt 0.148438 0.828125
vt 0.140625 0.828125
vt 0.140625 0.375000
vt 0.156250 0.812500
vt 0.148438 0.812500
vt 0.140625 0.781250
vt 0.140625 0.343750
vt 0.140625 0.750000
vt 0.140625 0.312500
vt 0.140625 0.718750
vt 0.140625 0.281250
vt 0.140625 0.687500
vt 0.140625 0.250000
vt 0.140625 0.656250
vt 0.140625 0.218750
vt 0.140625 0.625000
vt 0.140625 0.187500
vt 0.140625 0.593750
vt 0.140625 0.156250
vt 0.140625 0.562500
vt 0.125000 0.093750
vt 0.125000 0.062500
vt 0.125000 0.500000
vt 0.125000 0.468750
vt 0.140625 0.906250
vt 0.125000 0.906250
vt 0.125000 0.875000
vt 0.125000 0.031250
vt 0.125000 0.437500
vt 0.125000 0.843750
vt 0.132813 0.843750
vt 0.136719 0.015625
vt 0.128906 0.015625
vt 0.125000 0.406250
vt 0.132813 0.828125
vt 0.125000 0.828125
vt 0.125000 0.375000
vt 0.140625 0.812500
vt 0.132813 0.812500
vt 0.125000 0.781250
vt 0.125000 0.343750
vt 0.125000 0.750000
vt 0.125000 0.312500
vt 0.125000 0.718750
vt 0.125000 0.281250
vt 0.125000 0.687500
vt 0.125000 0.250000
vt 0.125000 0.656250
vt 0.125000 0.218750
vt 0.125000 0.625000
vt 0.125000 0.187500
vt 0.125000 0.593750
vt 0.125000 0.156250
vt 0.125000 0.562500
vt 0.132812 1.000000
vt 0.125000 0.968750
vt 0.125000 0.125000
vt 0.125000 0.531250
vt 0.125000 0.937500
vt 0.109375 0.843750
vt 0.117188 0.843750
vt 0.121094 0.015625
vt 0.109375 0.031250
vt 0.113281 0.015625
vt 0.109375 0.406250
vt 0.117188 0.828125
vt 0.109375 0.828125
vt 0.109375 0.375000
vt 0.125000 0.812500
vt 0.117188 0.812500
vt 0.109375 0.781250
vt 0.109375 0.343750
vt 0.109375 0.750000
vt 0.109375 0.312500
vt 0.109375 0.718750
vt 0.109375 0.281250
vt 0.109375 0.687500
vt 0.109375 0.250000
vt 0.109375 0.656250
vt 0.109375 0.218750
vt 0.109375 0.625000
vt 0.109375 0.187500
vt 0.109375 0.593750
vt 0.109375 0.156250
vt 0.109375 0.562500
vt 0.117188 1.000000
vt 0.109375 0.968750
vt 0.109375 0.125000
vt 0.109375 0.531250
vt 0.109375 0.093750
vt 0.109375 0.500000
vt 0.468750 0.921875
vt 0.109375 0.062500
vt 0.109375 0.468750
vt 0.117188 0.906250
vt 0.109375 0.875000
vt 0.109375 0.437500
vt 0.109375 0.812500
vt 0.101562 0.812500
vt 0.093750 0.781250
vt 0.093750 0.343750
vt 0.093750 0.750000
vt 0.093750 0.312500
vt 0.093750 0.718750
vt 0.093750 0.281250
vt 0.093750 0.687500
vt 0.093750 0.250000
vt 0.093750 0.656250
vt 0.093750 0.218750
vt 0.093750 0.625000
vt 0.093750 0.187500
vt 0.093750 0.593750
vt 0.093750 0.156250
vt 0.093750 0.562500
vt 0.101563 1.000000
vt 0.093750 0.968750
vt 0.093750 0.125000
vt 0.093750 0.531250
vt 0.093750 0.093750
vt 0.093750 0.500000
vt 0.835938 0.921875
vt 0.093750 0.062500
vt 0.093750 0.468750
vt 0.109375 0.906250
vt 0.101563 0.906250
vt 0.093750 0.875000
vt 0.093750 0.031250
vt 0.093750 0.437500
vt 0.093750 0.843750
vt 0.101563 0.843750
vt 0.097656 0.015625
vt 0.105469 0.015625
vt 0.093750 0.406250
vt 0.101563 0.828125
vt 0.093750 0.828125
vt 0.093750 0.375000
vt 0.078125 0.750000
vt 0.078125 0.718750
vt 0.078125 0.312500
vt 0.078125 0.281250
vt 0.078125 0.687500
vt 0.078125 0.250000
vt 0.078125 0.656250
vt 0.078125 0.218750
vt 0.078125 0.625000
vt 0.078125 0.187500
vt 0.078125 0.593750
vt 0.078125 0.156250
vt 0.078125 0.562500
vt 0.085938 1.000000
vt 0.078125 0.968750
vt 0.078125 0.125000
vt 0.078125 0.531250
vt 0.078125 0.093750
vt 0.078125 0.500000
vt 0.078125 0.062500
vt 0.078125 0.468750
vt 0.093750 0.906250
vt 0.085938 0.906250
vt 0.078125 0.875000
vt 0.078125 0.031250
vt 0.078125 0.437500
vt 0.078125 0.843750
vt 0.085938 0.843750
vt 0.089844 0.015625
vt 0.082031 0.015625
vt 0.078125 0.406250
vt 0.085938 0.828125
vt 0.078125 0.828125
vt 0.078125 0.375000
vt 0.093750 0.812500
vt 0.085938 0.812500
vt 0.078125 0.781250
vt 0.078125 0.343750
vt 0.062500 0.687500
vt 0.062500 0.656250
vt 0.062500 0.250000
vt 0.062500 0.218750
vt 0.062500 0.625000
vt 0.062500 0.187500
vt 0.062500 0.593750
vt 0.062500 0.156250
vt 0.062500 0.562500
vt 0.070312 1.000000
vt 0.062500 0.968750
vt 0.062500 0.125000
vt 0.062500 0.531250
vt 0.062500 0.093750
vt 0.062500 0.500000
vt 0.828125 0.921875
vt 0.062500 0.062500
vt 0.062500 0.468750
vt 0.078125 0.906250
vt 0.070313 0.906250
vt 0.062500 0.875000
vt 0.062500 0.031250
vt 0.062500 0.437500
vt 0.062500 0.843750
vt 0.070313 0.843750
vt 0.066406 0.015625
vt 0.074219 0.015625
vt 0.062500 0.406250
vt 0.070313 0.828125
vt 0.062500 0.828125
vt 0.062500 0.375000
vt 0.078125 0.812500
vt 0.070313 0.812500
vt 0.062500 0.781250
vt 0.062500 0.343750
vt 0.062500 0.750000
vt 0.062500 0.312500
vt 0.062500 0.718750
vt 0.062500 0.281250
vt 0.046875 0.625000
vt 0.046875 0.593750
vt 0.046875 0.156250
vt 0.046875 0.562500
vt 0.054688 1.000000
vt 0.046875 0.968750
vt 0.046875 0.125000
vt 0.046875 0.531250
vt 0.054687 0.937500
vt 0.046875 0.093750
vt 0.046875 0.500000
vt 0.046875 0.062500
vt 0.046875 0.468750
vt 0.062500 0.906250
vt 0.054688 0.906250
vt 0.046875 0.875000
vt 0.046875 0.031250
vt 0.046875 0.437500
vt 0.046875 0.843750
vt 0.054688 0.843750
vt 0.050781 0.015625
vt 0.058594 0.015625
vt 0.046875 0.406250
vt 0.054688 0.828125
vt 0.046875 0.828125
vt 0.046875 0.375000
vt 0.062500 0.812500
vt 0.054688 0.812500
vt 0.046875 0.781250
vt 0.046875 0.343750
vt 0.046875 0.750000
vt 0.046875 0.312500
vt 0.046875 0.718750
vt 0.046875 0.281250
vt 0.046875 0.687500
vt 0.046875 0.250000
vt 0.046875 0.656250
vt 0.046875 0.218750
vt 0.046875 0.187500
vt 0.031250 0.531250
vt 0.031250 0.937500
vt 0.031250 0.093750
vt 0.031250 0.500000
vt 0.460938 0.921875
vt 0.031250 0.062500
vt 0.031250 0.468750
vt 0.046875 0.906250
vt 0.039063 0.906250
vt 0.031250 0.875000
vt 0.031250 0.031250
vt 0.031250 0.437500
vt 0.031250 0.843750
vt 0.039063 0.843750
vt 0.035156 0.015625
vt 0.042969 0.015625
vt 0.031250 0.406250
vt 0.039063 0.828125
vt 0.031250 0.828125
vt 0.031250 0.375000
vt 0.046875 0.812500
vt 0.031250 0.812500
vt 0.031250 0.781250
vt 0.031250 0.343750
vt 0.031250 0.750000
vt 0.031250 0.312500
vt 0.031250 0.718750
vt 0.031250 0.281250
vt 0.031250 0.687500
vt 0.031250 0.250000
vt 0.031250 0.656250
vt 0.031250 0.218750
vt 0.031250 0.625000
vt 0.031250 0.187500
vt 0.031250 0.593750
vt 0.031250 0.156250
vt 0.031250 0.562500
vt 0.039063 1.000000
vt 0.031250 0.968750
vt 0.031250 0.125000
vt 0.015625 0.500000
vt 0.015625 0.468750
vt 0.031250 0.906250
vt 0.023438 0.906250
vt 0.015625 0.875000
vt 0.015625 0.031250
vt 0.015625 0.437500
vt 0.015625 0.843750
vt 0.023438 0.843750
vt 0.019531 0.015625
vt 0.027344 0.015625
vt 0.015625 0.406250
vt 0.023438 0.828125
vt 0.015625 0.828125
vt 0.015625 0.375000
vt 0.023438 0.812500
vt 0.015625 0.781250
vt 0.015625 0.343750
vt 0.015625 0.750000
vt 0.015625 0.312500
vt 0.015625 0.718750
vt 0.015625 0.281250
vt 0.015625 0.687500
vt 0.015625 0.250000
vt 0.015625 0.656250
vt 0.015625 0.218750
vt 0.015625 0.625000
vt 0.015625 0.187500
vt 0.015625 0.593750
vt 0.015625 0.156250
vt 0.015625 0.562500
vt 0.023438 1.000000
vt 0.015625 0.968750
vt 0.015625 0.125000
vt 0.015625 0.531250
vt 0.015625 0.937500
vt 0.023437 0.937500
vt 0.015625 0.093750
vt 0.453125 0.921875
vt 0.015625 0.062500
vt 0.000000 0.437500
vt 0.000000 0.406250
vt 0.007813 0.828125
vt 0.000000 0.843750
vt 0.000000 0.828125
vt 0.000000 0.375000
vt 0.015625 0.812500
vt 0.007812 0.812500
vt 0.000000 0.781250
vt 0.000000 0.343750
vt 0.000000 0.750000
vt 0.000000 0.312500
vt 0.000000 0.718750
vt 0.000000 0.281250
vt 0.000000 0.687500
vt 0.000000 0.250000
vt 0.000000 0.656250
vt 0.000000 0.218750
vt 0.000000 0.625000
vt 0.000000 0.187500
vt 0.000000 0.593750
vt 0.000000 0.156250
vt 0.000000 0.562500
vt 0.007813 1.000000
vt 0.000000 0.968750
vt 0.000000 0.125000
vt 0.000000 0.531250
vt 0.000000 0.937500
vt 0.007812 0.937500
vt 0.000000 0.093750
vt 0.000000 0.500000
vt 0.000000 0.062500
vt 0.000000 0.468750
vt 0.015625 0.906250
vt 0.007812 0.906250
vt 0.000000 0.875000
vt 0.000000 0.031250
vt 0.007813 0.843750
vt 0.003906 0.015625
vt 0.011719 0.015625
vt 1.000000 0.375000
vt 0.984375 0.343750
vt 1.000000 0.343750
vt 1.000000 0.781250
vt 0.984375 0.750000
vt 1.000000 0.750000
vt 0.984375 0.312500
vt 1.000000 0.312500
vt 1.000000 0.718750
vt 0.984375 0.718750
vt 1.000000 0.281250
vt 0.984375 0.281250
vt 0.984375 0.687500
vt 1.000000 0.687500
vt 0.984375 0.250000
vt 1.000000 0.250000
vt 0.984375 0.656250
vt 1.000000 0.656250
vt 1.000000 0.218750
vt 0.984375 0.218750
vt 0.984375 0.625000
vt 1.000000 0.625000
vt 0.984375 0.187500
vt 1.000000 0.187500
vt 1.000000 0.593750
vt 0.984375 0.593750
vt 0.984375 0.156250
vt 1.000000 0.156250
vt 1.000000 0.562500
vt 0.984375 0.562500
vt 1.000000 0.968750
vt 0.992188 1.000000
vt 0.984375 0.968750
vt 1.000000 0.125000
vt 0.984375 0.125000
vt 0.984375 0.531250
vt 1.000000 0.531250
vt 0.984375 0.937500
vt 0.984375 0.093750
vt 1.000000 0.093750
vt 1.000000 0.500000
vt 0.984375 0.500000
vt 1.000000 0.062500
vt 0.984375 0.062500
vt 0.984375 0.468750
vt 1.000000 0.468750
vt 1.000000 0.906250
vt 0.992188 0.906250
vt 0.984375 0.875000
vt 0.984375 0.031250
vt 1.000000 0.031250
vt 1.000000 0.437500
vt 0.984375 0.437500
vt 1.000000 0.875000
vt 0.984375 0.843750
vt 0.992188 0.843750
vt 0.988281 0.015625
vt 0.996094 0.015625
vt 0.984375 0.406250
vt 1.000000 0.406250
vt 0.992188 0.828125
vt 0.984375 0.828125
vt 0.984375 0.375000
vt 1.000000 0.812500
vt 0.992188 0.812500
vt 0.984375 0.781250
vt 0.968750 0.312500
vt 0.968750 0.281250
vt 0.968750 0.718750
vt 0.968750 0.687500
vt 0.968750 0.250000
vt 0.968750 0.656250
vt 0.968750 0.218750
vt 0.968750 0.625000
vt 0.968750 0.187500
vt 0.968750 0.593750
vt 0.968750 0.156250
vt 0.968750 0.562500
vt 0.976562 1.000000
vt 0.968750 0.968750
vt 0.968750 0.125000
vt 0.968750 0.531250
vt 0.976562 0.937500
vt 0.968750 0.093750
vt 0.968750 0.500000
vt 0.820312 0.921875
vt 0.968750 0.062500
vt 0.968750 0.468750
vt 0.984375 0.906250
vt 0.976562 0.906250
vt 0.968750 0.875000
vt 0.968750 0.031250
vt 0.968750 0.437500
vt 0.968750 0.843750
vt 0.976562 0.843750
vt 0.980469 0.015625
vt 0.972656 0.015625
vt 0.968750 0.406250
vt 0.976562 0.828125
vt 0.968750 0.828125
vt 0.968750 0.375000
vt 0.984375 0.812500
vt 0.976562 0.812500
vt 0.968750 0.781250
vt 0.968750 0.343750
vt 0.968750 0.750000
vt 0.953125 0.250000
vt 0.953125 0.218750
vt 0.953125 0.656250
vt 0.953125 0.625000
vt 0.953125 0.187500
vt 0.953125 0.593750
vt 0.953125 0.156250
vt 0.953125 0.562500
vt 0.960938 1.000000
vt 0.953125 0.968750
vt 0.953125 0.125000
vt 0.953125 0.531250
vt 0.953125 0.937500
vt 0.953125 0.093750
vt 0.953125 0.500000
vt 0.953125 0.062500
vt 0.953125 0.468750
vt 0.968750 0.906250
vt 0.960938 0.906250
vt 0.953125 0.875000
vt 0.953125 0.031250
vt 0.953125 0.437500
vt 0.953125 0.843750
vt 0.960938 0.843750
vt 0.957031 0.015625
vt 0.964844 0.015625
vt 0.953125 0.406250
vt 0.960938 0.828125
vt 0.953125 0.828125
vt 0.953125 0.375000
vt 0.968750 0.812500
vt 0.960938 0.812500
vt 0.953125 0.781250
vt 0.953125 0.343750
vt 0.953125 0.750000
vt 0.953125 0.312500
vt 0.953125 0.718750
vt 0.953125 0.281250
vt 0.953125 0.687500
vt 0.937500 0.625000
vt 0.937500 0.593750
vt 0.937500 0.156250
vt 0.937500 0.562500
vt 0.945312 1.000000
vt 0.937500 0.968750
vt 0.937500 0.125000
vt 0.937500 0.531250
vt 0.937500 0.937500
vt 0.945312 0.937500
vt 0.937500 0.093750
vt 0.937500 0.500000
vt 0.937500 0.062500
vt 0.937500 0.468750
vt 0.953125 0.906250
vt 0.937500 0.906250
vt 0.937500 0.875000
vt 0.937500 0.031250
vt 0.937500 0.437500
vt 0.937500 0.843750
vt 0.945312 0.843750
vt 0.941406 0.015625
vt 0.949219 0.015625
vt 0.937500 0.406250
vt 0.945312 0.828125
vt 0.937500 0.828125
vt 0.937500 0.375000
vt 0.953125 0.812500
vt 0.937500 0.812500
vt 0.937500 0.781250
vt 0.937500 0.343750
vt 0.937500 0.750000
vt 0.937500 0.312500
vt 0.937500 0.718750
vt 0.937500 0.281250
vt 0.937500 0.687500
vt 0.937500 0.250000
vt 0.937500 0.656250
vt 0.937500 0.218750
vt 0.937500 0.187500
vt 0.921875 0.531250
vt 0.921875 0.937500
vt 0.929687 0.937500
vt 0.921875 0.093750
vt 0.921875 0.500000
vt 0.812500 0.921875
vt 0.921875 0.062500
vt 0.921875 0.468750
vt 0.929688 0.906250
vt 0.921875 0.875000
vt 0.921875 0.031250
vt 0.921875 0.437500
vt 0.921875 0.843750
vt 0.929688 0.843750
vt 0.933594 0.015625
vt 0.925781 0.015625
vt 0.921875 0.406250
vt 0.929688 0.828125
vt 0.921875 0.828125
vt 0.921875 0.375000
vt 0.929688 0.812500
vt 0.921875 0.781250
vt 0.921875 0.343750
vt 0.921875 0.750000
vt 0.921875 0.312500
vt 0.921875 0.718750
vt 0.921875 0.281250
vt 0.921875 0.687500
vt 0.921875 0.250000
vt 0.921875 0.656250
vt 0.921875 0.218750
vt 0.921875 0.625000
vt 0.921875 0.187500
vt 0.921875 0.593750
vt 0.921875 0.156250
vt 0.921875 0.562500
vt 0.929688 1.000000
vt 0.921875 0.968750
vt 0.921875 0.125000
vt 0.906250 0.468750
vt 0.921875 0.906250
vt 0.914062 0.906250
vt 0.906250 0.875000
vt 0.906250 0.062500
vt 0.906250 0.031250
vt 0.906250 0.437500
vt 0.906250 0.843750
vt 0.914062 0.843750
vt 0.917969 0.015625
vt 0.910156 0.015625
vt 0.906250 0.406250
vt 0.914062 0.828125
vt 0.906250 0.828125
vt 0.906250 0.375000
vt 0.921875 0.812500
vt 0.914062 0.812500
vt 0.906250 0.781250
vt 0.906250 0.343750
vt 0.906250 0.750000
vt 0.906250 0.312500
vt 0.906250 0.718750
vt 0.906250 0.281250
vt 0.906250 0.687500
vt 0.906250 0.250000
vt 0.906250 0.656250
vt 0.906250 0.218750
vt 0.906250 0.625000
vt 0.906250 0.187500
vt 0.906250 0.593750
vt 0.906250 0.156250
vt 0.906250 0.562500
vt 0.914062 1.000000
vt 0.906250 0.968750
vt 0.906250 0.125000
vt 0.906250 0.531250
vt 0.906250 0.937500
vt 0.914062 0.937500
vt 0.906250 0.093750
vt 0.906250 0.500000
vt 0.875000 0.937500
vt 0.867187 0.937500
vt 0.890625 0.406250
vt 0.898438 0.828125
vt 0.890625 0.843750
vt 0.890625 0.828125
vt 0.890625 0.375000
vt 0.906250 0.812500
vt 0.898438 0.812500
vt 0.890625 0.781250
vt 0.890625 0.343750
vt 0.890625 0.750000
vt 0.890625 0.312500
vt 0.890625 0.718750
vt 0.890625 0.281250
vt 0.890625 0.687500
vt 0.890625 0.250000
vt 0.890625 0.656250
vt 0.890625 0.218750
vt 0.890625 0.625000
vt 0.890625 0.187500
vt 0.890625 0.593750
vt 0.890625 0.156250
vt 0.890625 0.562500
vt 0.898438 1.000000
vt 0.890625 0.968750
vt 0.890625 0.125000
vt 0.890625 0.531250
vt 0.890625 0.937500
vt 0.898437 0.937500
vt 0.890625 0.093750
vt 0.890625 0.500000
vt 0.890625 0.062500
vt 0.890625 0.468750
vt 0.906250 0.906250
vt 0.898438 0.906250
vt 0.890625 0.875000
vt 0.890625 0.031250
vt 0.890625 0.437500
vt 0.898438 0.843750
vt 0.894531 0.015625
vt 0.902344 0.015625
vt 0.875000 0.343750
vt 0.875000 0.750000
vt 0.875000 0.312500
vt 0.875000 0.718750
vt 0.875000 0.281250
vt 0.875000 0.687500
vt 0.875000 0.250000
vt 0.875000 0.656250
vt 0.875000 0.218750
vt 0.875000 0.625000
vt 0.875000 0.187500
vt 0.875000 0.593750
vt 0.875000 0.156250
vt 0.875000 0.562500
vt 0.882812 1.000000
vt 0.875000 0.968750
vt 0.875000 0.125000
vt 0.875000 0.531250
vt 0.882812 0.937500
vt 0.875000 0.093750
vt 0.875000 0.500000
vt 0.875000 0.062500
vt 0.875000 0.468750
vt 0.890625 0.906250
vt 0.882812 0.906250
vt 0.875000 0.875000
vt 0.875000 0.031250
vt 0.875000 0.437500
vt 0.875000 0.843750
vt 0.882812 0.843750
vt 0.878906 0.015625
vt 0.886719 0.015625
vt 0.875000 0.406250
vt 0.882812 0.828125
vt 0.875000 0.828125
vt 0.875000 0.375000
vt 0.890625 0.812500
vt 0.875000 0.812500
vt 0.875000 0.781250
vt 0.859375 0.312500
vt 0.859375 0.281250
vt 0.859375 0.687500
vt 0.859375 0.250000
vt 0.859375 0.656250
vt 0.859375 0.218750
vt 0.859375 0.625000
vt 0.859375 0.187500
vt 0.859375 0.593750
vt 0.859375 0.156250
vt 0.859375 0.562500
vt 0.867188 1.000000
vt 0.859375 0.968750
vt 0.859375 0.125000
vt 0.859375 0.531250
vt 0.859375 0.937500
vt 0.859375 0.093750
vt 0.859375 0.500000
vt 0.796875 0.937500
vt 0.789062 0.937500
vt 0.859375 0.062500
vt 0.859375 0.468750
vt 0.875000 0.906250
vt 0.867188 0.906250
vt 0.859375 0.875000
vt 0.859375 0.031250
vt 0.859375 0.437500
vt 0.859375 0.843750
vt 0.867188 0.843750
vt 0.863281 0.015625
vt 0.871094 0.015625
vt 0.859375 0.406250
vt 0.867188 0.828125
vt 0.859375 0.828125
vt 0.859375 0.375000
vt 0.867188 0.812500
vt 0.859375 0.781250
vt 0.859375 0.343750
vt 0.859375 0.750000
vt 0.859375 0.718750
vt 0.843750 0.250000
vt 0.843750 0.218750
vt 0.843750 0.656250
vt 0.843750 0.625000
vt 0.843750 0.187500
vt 0.843750 0.593750
vt 0.843750 0.156250
vt 0.843750 0.562500
vt 0.851562 1.000000
vt 0.843750 0.968750
vt 0.843750 0.125000
vt 0.843750 0.531250
vt 0.851562 0.937500
vt 0.843750 0.093750
vt 0.843750 0.500000
vt 0.445312 0.921875
vt 0.843750 0.062500
vt 0.843750 0.468750
vt 0.859375 0.906250
vt 0.851562 0.906250
vt 0.843750 0.875000
vt 0.843750 0.031250
vt 0.843750 0.437500
vt 0.843750 0.843750
vt 0.851562 0.843750
vt 0.847656 0.015625
vt 0.855469 0.015625
vt 0.843750 0.406250
vt 0.851562 0.828125
vt 0.843750 0.828125
vt 0.843750 0.375000
vt 0.859375 0.812500
vt 0.851562 0.812500
vt 0.843750 0.781250
vt 0.843750 0.343750
vt 0.843750 0.750000
vt 0.843750 0.312500
vt 0.843750 0.718750
vt 0.843750 0.281250
vt 0.843750 0.687500
vt 0.828125 0.156250
vt 0.828125 0.593750
vt 0.828125 0.562500
vt 0.835938 1.000000
vt 0.828125 0.968750
vt 0.828125 0.125000
vt 0.828125 0.531250
vt 0.828125 0.937500
vt 0.828125 0.093750
vt 0.828125 0.500000
vt 0.828125 0.062500
vt 0.828125 0.468750
vt 0.843750 0.906250
vt 0.835938 0.906250
vt 0.828125 0.875000
vt 0.828125 0.031250
vt 0.828125 0.437500
vt 0.828125 0.843750
vt 0.835938 0.843750
vt 0.832031 0.015625
vt 0.839844 0.015625
vt 0.828125 0.406250
vt 0.835938 0.828125
vt 0.828125 0.828125
vt 0.828125 0.375000
vt 0.843750 0.812500
vt 0.835938 0.812500
vt 0.828125 0.781250
vt 0.828125 0.343750
vt 0.828125 0.750000
vt 0.828125 0.312500
vt 0.828125 0.718750
vt 0.828125 0.281250
vt 0.828125 0.687500
vt 0.828125 0.250000
vt 0.828125 0.656250
vt 0.828125 0.218750
vt 0.828125 0.625000
vt 0.828125 0.187500
vt 0.812500 0.937500
vt 0.820312 0.937500
vt 0.812500 0.125000
vt 0.812500 0.093750
vt 0.812500 0.531250
vt 0.812500 0.500000
vt 0.812500 0.062500
vt 0.812500 0.468750
vt 0.828125 0.906250
vt 0.820312 0.906250
vt 0.812500 0.875000
vt 0.812500 0.031250
vt 0.812500 0.437500
vt 0.812500 0.843750
vt 0.820312 0.843750
vt 0.816406 0.015625
vt 0.824219 0.015625
vt 0.812500 0.406250
vt 0.820312 0.828125
vt 0.812500 0.828125
vt 0.812500 0.375000
vt 0.828125 0.812500
vt 0.820312 0.812500
vt 0.812500 0.781250
vt 0.812500 0.343750
vt 0.812500 0.750000
vt 0.812500 0.312500
vt 0.812500 0.718750
vt 0.812500 0.281250
vt 0.812500 0.687500
vt 0.812500 0.250000
vt 0.812500 0.656250
vt 0.812500 0.218750
vt 0.812500 0.625000
vt 0.812500 0.187500
vt 0.812500 0.593750
vt 0.812500 0.156250
vt 0.812500 0.562500
vt 0.820312 1.000000
vt 0.812500 0.968750
vt 0.812500 0.906250
vt 0.804688 0.906250
vt 0.796875 0.875000
vt 0.796875 0.062500
vt 0.796875 0.031250
vt 0.796875 0.468750
vt 0.796875 0.437500
vt 0.796875 0.843750
vt 0.804688 0.843750
vt 0.800781 0.015625
vt 0.808594 0.015625
vt 0.796875 0.406250
vt 0.804688 0.828125
vt 0.796875 0.828125
vt 0.796875 0.375000
vt 0.812500 0.812500
vt 0.796875 0.812500
vt 0.796875 0.781250
vt 0.796875 0.343750
vt 0.796875 0.750000
vt 0.796875 0.312500
vt 0.796875 0.718750
vt 0.796875 0.281250
vt 0.796875 0.687500
vt 0.796875 0.250000
vt 0.796875 0.656250
vt 0.796875 0.218750
vt 0.796875 0.625000
vt 0.796875 0.187500
vt 0.796875 0.593750
vt 0.796875 0.156250
vt 0.796875 0.562500
vt 0.804688 1.000000
vt 0.796875 0.968750
vt 0.796875 0.125000
vt 0.796875 0.531250
vt 0.804687 0.937500
vt 0.796875 0.093750
vt 0.796875 0.500000
vt 0.437500 0.921875
vt 0.789062 0.828125
vt 0.781250 0.843750
vt 0.781250 0.828125
vt 0.781250 0.375000
vt 0.789062 0.812500
vt 0.781250 0.781250
vt 0.781250 0.343750
vt 0.781250 0.750000
vt 0.781250 0.312500
vt 0.781250 0.718750
vt 0.781250 0.281250
vt 0.781250 0.687500
vt 0.781250 0.250000
vt 0.781250 0.656250
vt 0.781250 0.218750
vt 0.781250 0.625000
vt 0.781250 0.187500
vt 0.781250 0.593750
vt 0.781250 0.156250
vt 0.781250 0.562500
vt 0.789062 1.000000
vt 0.781250 0.968750
vt 0.781250 0.125000
vt 0.781250 0.531250
vt 0.781250 0.937500
vt 0.781250 0.093750
vt 0.781250 0.500000
vt 0.781250 0.062500
vt 0.781250 0.468750
vt 0.796875 0.906250
vt 0.789062 0.906250
vt 0.781250 0.875000
vt 0.781250 0.031250
vt 0.781250 0.437500
vt 0.789062 0.843750
vt 0.785156 0.015625
vt 0.792969 0.015625
vt 0.781250 0.406250
vt 0.765625 0.750000
vt 0.765625 0.312500
vt 0.765625 0.718750
vt 0.765625 0.281250
vt 0.765625 0.687500
vt 0.765625 0.250000
vt 0.765625 0.656250
vt 0.765625 0.218750
vt 0.765625 0.625000
vt 0.765625 0.187500
vt 0.765625 0.593750
vt 0.765625 0.156250
vt 0.765625 0.562500
vt 0.773438 1.000000
vt 0.765625 0.968750
vt 0.765625 0.125000
vt 0.765625 0.531250
vt 0.765625 0.937500
vt 0.773437 0.937500
vt 0.765625 0.093750
vt 0.765625 0.500000
vt 0.804688 0.921875
vt 0.765625 0.062500
vt 0.765625 0.468750
vt 0.781250 0.906250
vt 0.773438 0.906250
vt 0.765625 0.875000
vt 0.765625 0.031250
vt 0.765625 0.437500
vt 0.765625 0.843750
vt 0.773438 0.843750
vt 0.769531 0.015625
vt 0.777344 0.015625
vt 0.765625 0.406250
vt 0.773438 0.828125
vt 0.765625 0.828125
vt 0.765625 0.375000
vt 0.781250 0.812500
vt 0.773438 0.812500
vt 0.765625 0.781250
vt 0.765625 0.343750
vt 0.757812 1.000000
vt 0.750000 0.937500
vt 0.757812 0.937500
vt 0.796875 0.921875
vt 0.765625 0.906250
vt 0.757812 0.906250
vt 0.750000 0.843750
vt 0.757812 0.843750
vt 0.753906 0.015625
vt 0.761719 0.015625
vt 0.757812 0.828125
vt 0.750000 0.828125
vt 0.765625 0.812500
vt 0.750000 0.781250
vt 0.757812 0.000000
vt 0.773438 0.000000
vt 0.789062 0.000000
vt 0.804688 0.000000
vt 0.820312 0.000000
vt 0.835938 0.000000
vt 0.851562 0.000000
vt 0.867188 0.000000
vt 0.882812 0.000000
vt 0.898438 0.000000
vt 0.914062 0.000000
vt 0.929688 0.000000
vt 0.945312 0.000000
vt 0.960938 0.000000
vt 0.976562 0.000000
vt 0.992188 0.000000
vt 0.007813 0.000000
vt 0.023438 0.000000
vt 0.039063 0.000000
vt 0.054688 0.000000
vt 0.070312 0.000000
vt 0.085938 0.000000
vt 0.101563 0.000000
vt 0.117188 0.000000
vt 0.132812 0.000000
vt 0.148438 0.000000
vt 0.164062 0.000000
vt 0.179688 0.000000
vt 0.195312 0.000000
vt 0.210938 0.000000
vt 0.226562 0.000000
vt 0.242188 0.000000
vt 0.257812 0.000000
vt 0.273438 0.000000
vt 0.289062 0.000000
vt 0.304688 0.000000
vt 0.320312 0.000000
vt 0.335938 0.000000
vt 0.351562 0.000000
vt 0.367188 0.000000
vt 0.382812 0.000000
vt 0.398438 0.000000
vt 0.414062 0.000000
vt 0.429688 0.000000
vt 0.445312 0.000000
vt 0.460938 0.000000
vt 0.476562 0.000000
vt 0.492188 0.000000
vt 0.507812 0.000000
vt 0.523438 0.000000
vt 0.539062 0.000000
vt 0.554688 0.000000
vt 0.570312 0.000000
vt 0.585938 0.000000
vt 0.601562 0.000000
vt 0.617188 0.000000
vt 0.632812 0.000000
vt 0.648438 0.000000
vt 0.664062 0.000000
vt 0.679688 0.000000
vt 0.695312 0.000000
vt 0.710938 0.000000
vt 0.726562 0.000000
vt 0.742188 0.000000
vt 0.757812 0.812500
vt 0.804688 0.812500
vt 0.882812 0.812500
vt 0.945312 0.812500
vt 1.000000 0.828125
vt 1.000000 0.843750
vt 0.000000 0.812500
vt 0.039063 0.812500
vt 0.226562 0.812500
vt 0.257812 0.812500
vt 0.398438 0.812500
vt 0.476562 0.812500
vt 0.523438 0.812500
vt 0.429688 0.921875
vt 0.421875 0.921875
vt 0.789062 0.921875
vt 0.203125 0.921875
vt 0.195312 0.921875
vt 0.781250 0.921875
vt 0.187500 0.921875
vt 0.414062 0.921875
vt 0.132813 0.906250
vt 0.406250 0.921875
vt 0.773438 0.921875
vt 0.179687 0.921875
vt 0.765625 0.921875
vt 0.179688 0.906250
vt 0.171875 0.921875
vt 0.414062 0.906250
vt 0.398438 0.921875
vt 0.390625 0.921875
vt 0.757812 0.921875
vt 0.164062 0.921875
vt 0.750000 0.921875
vt 0.156250 0.921875
vt 0.382812 0.921875
vt 0.375000 0.921875
vt 0.445312 0.906250
vt 0.289062 0.906250
vt 0.148438 0.921875
vt 0.140625 0.921875
vt 0.367188 0.921875
vt 0.359375 0.921875
vt 0.132812 0.921875
vt 0.125000 0.921875
vt 0.351562 0.921875
vt 0.343750 0.921875
vt 0.117187 0.921875
vt 0.109375 0.921875
vt 0.945312 0.906250
vt 0.335938 0.921875
vt 0.742188 0.921875
vt 0.328125 0.921875
vt 0.734375 0.921875
vt 0.937500 0.921875
vt 0.953125 0.921875
vt 0.968750 0.921875
vt 0.984375 0.921875
vt 1.000000 0.921875
vt 0.000000 0.921875
vt 0.000000 0.906250
vt 0.015625 0.921875
vt 0.031250 0.921875
vt 0.046875 0.921875
vt 0.062500 0.921875
vt 0.078125 0.921875
vt 0.093750 0.921875
vt 0.218750 0.921875
vt 0.234375 0.921875
vt 0.250000 0.921875
vt 0.265625 0.921875
vt 0.281250 0.921875
vt 0.296875 0.921875
vt 0.312500 0.921875
vt 0.562500 0.921875
vt 0.578125 0.921875
vt 0.593750 0.921875
vt 0.609375 0.921875
vt 0.625000 0.921875
vt 0.640625 0.921875
vt 0.656250 0.921875
vt 0.671875 0.921875
vt 0.687500 0.921875
vt 0.703125 0.921875
vt 0.718750 0.921875
vt 0.554688 0.921875
vt 0.929688 0.921875
vt 0.570312 0.921875
vt 0.945312 0.921875
vt 0.585938 0.921875
vt 0.960938 0.921875
vt 0.601562 0.921875
vt 0.976562 0.921875
vt 0.617188 0.921875
vt 0.210938 0.921875
vt 0.992188 0.921875
vt 0.632812 0.921875
vt 0.226562 0.921875
vt 0.007812 0.921875
vt 0.648438 0.921875
vt 0.242187 0.921875
vt 0.023437 0.921875
vt 0.664062 0.921875
vt 0.257812 0.921875
vt 0.039062 0.921875
vt 0.679688 0.921875
vt 0.273438 0.921875
vt 0.054687 0.921875
vt 0.695312 0.921875
vt 0.289062 0.921875
vt 0.070312 0.921875
vt 0.710938 0.921875
vt 0.304688 0.921875
vt 0.085937 0.921875
vt 0.726562 0.921875
vt 0.320312 0.921875
vt 0.101562 0.921875
s 0
usemtl MetallicGray
f 9/1/1 35/2/1 36/3/1
f 1975/4/2 23/5/2 2241/6/2
f 18/7/3 1989/8/3 1988/9/3
f 9/1/4 37/10/4 10/11/4
f 2306/12/5 23/5/5 2051/13/5
f 10/11/6 38/14/6 1983/15/6
f 1977/16/7 2242/17/7 25/18/7
f 1983/15/8 39/19/8 11/20/8
f 1978/21/9 25/18/9 26/22/9
f 11/20/10 40/23/10 12/24/10
f 1979/25/11 26/22/11 27/26/11
f 12/24/12 41/27/12 13/28/12
f 4/29/13 27/26/13 28/30/13
f 13/28/14 42/31/14 14/32/14
f 1980/33/15 28/30/15 29/34/15
f 14/32/16 43/35/16 15/36/16
f 15/36/18 44/39/18 1984/40/18
f 1981/37/19 31/41/19 5/42/19
f 1984/40/20 45/43/20 1985/44/20
f 6/45/21 31/41/21 32/46/21
f 1985/44/23 46/50/23 1986/51/23
f 7/52/24 32/46/24 33/53/24
f 1/47/25 20/54/25 2308/55/25
f 1986/51/26 47/56/26 16/57/26
f 7/52/27 34/58/27 1982/59/27
f 2436/60/28 2905/61/28 2902/60/28
f 17/62/29 47/56/29 48/63/29
f 8/64/30 34/58/30 35/2/30
f 1974/65/31 2497/66/31 22/67/31
f 17/62/32 49/68/32 18/7/32
f 31/41/33 61/69/33 62/70/33
f 44/39/34 76/71/34 45/43/34
f 32/46/35 62/70/35 63/72/35
f 45/43/37 77/75/37 46/50/37
f 32/46/38 64/76/38 33/53/38
f 19/49/39 51/77/39 2310/78/39
f 46/50/40 78/79/40 47/56/40
f 33/53/41 65/80/41 34/58/41
f 48/63/43 78/79/43 79/83/43
f 35/2/44 65/80/44 66/84/44
f 21/85/45 2311/86/45 53/87/45
f 49/68/46 79/83/46 80/88/46
f 35/2/47 67/89/47 36/3/47
f 22/67/48 54/90/48 2053/91/48
f 1989/92/49 80/88/49 1990/93/49
f 36/3/50 68/94/50 37/10/50
f 2305/95/51 54/90/51 2052/96/51
f 38/14/52 68/94/52 69/97/52
f 24/98/53 2054/99/53 56/100/53
f 38/14/54 70/101/54 39/19/54
f 26/22/55 56/100/55 57/102/55
f 39/19/56 71/103/56 40/23/56
f 27/26/57 57/102/57 58/104/57
f 41/27/58 71/103/58 72/105/58
f 28/30/59 58/104/59 59/106/59
f 41/27/60 73/107/60 42/31/60
f 29/34/61 59/106/61 60/108/61
f 42/31/62 74/109/62 43/35/62
f 30/38/63 60/108/63 61/69/63
f 43/35/64 75/110/64 44/39/64
f 63/72/65 95/111/65 64/76/65
f 50/74/66 82/112/66 2313/113/66
f 78/79/67 108/114/67 109/115/67
f 64/76/68 96/116/68 65/80/68
f 2331/117/28 2838/118/28 2835/117/28
f 78/79/69 110/119/69 79/83/69
f 66/84/70 96/116/70 97/120/70
f 52/121/71 2314/122/71 84/123/71
f 79/83/72 111/124/72 80/88/72
f 66/84/73 98/125/73 67/89/73
f 53/87/74 85/126/74 2056/127/74
f 80/88/75 1991/128/75 1990/129/75
f 67/89/76 99/130/76 68/94/76
f 2304/131/77 85/126/77 2055/132/77
f 69/97/78 99/130/78 100/133/78
f 55/134/79 2057/135/79 87/136/79
f 69/97/80 101/137/80 70/101/80
f 57/102/81 87/136/81 88/138/81
f 70/101/82 102/139/82 71/103/82
f 57/102/83 89/140/83 58/104/83
f 72/105/84 102/139/84 103/141/84
f 58/104/85 90/142/85 59/106/85
f 72/105/86 104/143/86 73/107/86
f 60/108/87 90/142/87 91/144/87
f 73/107/88 105/145/88 74/109/88
f 61/69/89 91/144/89 92/146/89
f 75/110/90 105/145/90 106/147/90
f 61/69/91 93/148/91 62/70/91
f 76/71/92 106/147/92 107/149/92
f 63/72/93 93/148/93 94/150/93
f 76/71/95 108/114/95 77/75/95
f 97/120/96 127/153/96 128/154/96
f 83/155/97 2316/156/97 115/157/97
f 111/124/98 141/158/98 142/159/98
f 97/120/99 129/160/99 98/125/99
f 84/123/100 116/161/100 2059/162/100
f 111/124/101 1992/163/101 1991/164/101
f 98/125/102 130/165/102 99/130/102
f 2303/166/103 116/161/103 2058/167/103
f 100/133/104 130/165/104 131/168/104
f 86/169/105 2060/170/105 118/171/105
f 101/137/106 131/168/106 132/172/106
f 87/136/107 119/173/107 88/138/107
f 101/137/108 133/174/108 102/139/108
f 88/138/109 120/175/109 89/140/109
f 103/141/110 133/174/110 134/176/110
f 89/140/111 121/177/111 90/142/111
f 103/141/112 135/178/112 104/143/112
f 91/144/113 121/177/113 122/179/113
f 105/145/114 135/178/114 136/180/114
f 92/146/115 122/179/115 123/181/115
f 106/147/116 136/180/116 137/182/116
f 92/146/117 124/183/117 93/148/117
f 107/149/118 137/182/118 138/184/118
f 94/150/119 124/183/119 125/185/119
f 108/114/121 138/184/121 139/188/121
f 94/150/122 126/189/122 95/111/122
f 81/152/123 113/190/123 2317/191/123
f 108/114/124 140/192/124 109/115/124
f 95/111/125 127/153/125 96/116/125
f 2509/82/42 3000/193/42 2465/193/42
f 110/119/126 140/192/126 141/158/126
f 129/160/127 161/194/127 130/165/127
f 2302/195/128 147/196/128 2061/197/128
f 131/168/129 161/194/129 162/198/129
f 117/199/130 2062/200/130 149/201/130
f 131/168/131 163/202/131 132/172/131
f 119/173/132 149/201/132 150/203/132
f 132/172/133 164/204/133 133/174/133
f 120/175/134 150/203/134 151/205/134
f 134/176/135 164/204/135 165/206/135
f 120/175/136 152/207/136 121/177/136
f 134/176/137 166/208/137 135/178/137
f 122/179/138 152/207/138 153/209/138
f 136/180/139 166/208/139 167/210/139
f 123/181/140 153/209/140 154/211/140
f 137/182/141 167/210/141 168/212/141
f 123/181/142 155/213/142 124/183/142
f 138/184/143 168/212/143 169/214/143
f 125/185/144 155/213/144 156/215/144
f 139/188/146 169/214/146 170/218/146
f 125/185/147 157/219/147 126/189/147
f 112/187/148 144/220/148 2319/221/148
f 140/192/149 170/218/149 171/222/149
f 126/189/150 158/223/150 127/153/150
f 140/192/152 172/226/152 141/158/152
f 128/154/153 158/223/153 159/227/153
f 114/228/154 2320/229/154 146/230/154
f 142/159/155 172/226/155 173/231/155
f 129/160/156 159/227/156 160/232/156
f 115/157/157 147/196/157 2063/233/157
f 142/159/158 1993/234/158 1992/235/158
f 162/198/159 194/236/159 163/202/159
f 149/201/160 181/237/160 150/203/160
f 164/204/161 194/236/161 195/238/161
f 151/205/162 181/237/162 182/239/162
f 165/206/163 195/238/163 196/240/163
f 151/205/164 183/241/164 152/207/164
f 165/206/165 197/242/165 166/208/165
f 152/207/166 184/243/166 153/209/166
f 167/210/167 197/242/167 198/244/167
f 154/211/168 184/243/168 185/245/168
f 168/212/169 198/244/169 199/246/169
f 154/211/170 186/247/170 155/213/170
f 168/212/171 200/248/171 169/214/171
f 156/215/172 186/247/172 187/249/172
f 169/214/174 201/252/174 170/218/174
f 156/215/175 188/253/175 157/219/175
f 143/217/176 175/254/176 2322/255/176
f 170/218/177 202/256/177 171/222/177
f 157/219/178 189/257/178 158/223/178
f 2433/258/28 2903/259/28 2900/258/28
f 171/222/179 203/260/179 172/226/179
f 159/227/180 189/257/180 190/261/180
f 145/262/181 2323/263/181 177/264/181
f 172/226/182 204/265/182 173/231/182
f 159/227/183 191/266/183 160/232/183
f 146/230/184 178/267/184 2065/268/184
f 173/231/185 1994/269/185 1993/270/185
f 160/232/186 192/271/186 161/194/186
f 2301/272/187 178/267/187 2064/273/187
f 162/198/188 192/271/188 193/274/188
f 148/275/189 2066/276/189 180/277/189
f 196/240/190 226/278/190 227/279/190
f 182/239/191 214/280/191 183/241/191
f 196/240/192 228/281/192 197/242/192
f 183/241/193 215/282/193 184/243/193
f 197/242/194 229/283/194 198/244/194
f 185/245/195 215/282/195 216/284/195
f 199/246/196 229/283/196 230/285/196
f 185/245/197 217/286/197 186/247/197
f 199/246/198 231/287/198 200/248/198
f 187/249/199 217/286/199 218/288/199
f 200/248/201 232/291/201 201/252/201
f 187/249/202 219/292/202 188/253/202
f 174/251/203 206/293/203 2325/294/203
f 201/252/204 233/295/204 202/256/204
f 188/253/205 220/296/205 189/257/205
f 2549/225/151 2957/297/151 2345/297/151
f 202/256/206 234/298/206 203/260/206
f 190/261/207 220/296/207 221/299/207
f 176/300/208 2326/301/208 208/302/208
f 203/260/209 235/303/209 204/265/209
f 191/266/210 221/299/210 222/304/210
f 177/264/211 209/305/211 2068/306/211
f 1994/307/212 235/303/212 1995/308/212
f 191/266/213 223/309/213 192/271/213
f 2300/310/214 209/305/214 2067/311/214
f 193/274/215 223/309/215 224/312/215
f 179/313/216 2069/314/216 211/315/216
f 193/274/217 225/316/217 194/236/217
f 181/237/218 211/315/218 212/317/218
f 194/236/219 226/278/219 195/238/219
f 182/239/220 212/317/220 213/318/220
f 229/283/221 259/319/221 260/320/221
f 216/284/222 246/321/222 247/322/222
f 229/283/223 261/323/223 230/285/223
f 216/284/224 248/324/224 217/286/224
f 230/285/225 262/325/225 231/287/225
f 218/288/226 248/324/226 249/326/226
f 232/291/228 262/325/228 263/329/228
f 218/288/229 250/330/229 219/292/229
f 205/290/230 237/331/230 2328/332/230
f 232/291/231 264/333/231 233/295/231
f 219/292/232 251/334/232 220/296/232
f 2328/332/28 2836/331/28 2833/332/28
f 233/295/233 265/335/233 234/298/233
f 221/299/234 251/334/234 252/336/234
f 207/337/235 2329/338/235 239/339/235
f 234/298/236 266/340/236 235/303/236
f 222/304/237 252/336/237 253/341/237
f 208/302/238 240/342/238 2071/343/238
f 235/303/239 1996/344/239 1995/345/239
f 222/304/240 254/346/240 223/309/240
f 2299/347/241 240/342/241 2070/348/241
f 224/312/242 254/346/242 255/349/242
f 210/350/243 2072/351/243 242/352/243
f 224/312/244 256/353/244 225/316/244
f 211/315/245 243/354/245 212/317/245
f 226/278/246 256/353/246 257/355/246
f 213/318/247 243/354/247 244/356/247
f 227/279/248 257/355/248 258/357/248
f 213/318/249 245/358/249 214/280/249
f 227/279/250 259/319/250 228/281/250
f 214/280/251 246/321/251 215/282/251
f 262/325/252 292/359/252 293/360/252
f 249/326/253 279/361/253 280/362/253
f 262/325/255 294/365/255 263/329/255
f 249/326/256 281/366/256 250/330/256
f 236/328/257 268/118/257 2331/117/257
f 263/329/258 295/367/258 264/333/258
f 250/330/259 282/368/259 251/334/259
f 264/333/261 296/370/261 265/335/261
f 252/336/262 282/368/262 283/371/262
f 238/372/263 2332/373/263 270/374/263
f 266/340/264 296/370/264 297/375/264
f 253/341/265 283/371/265 284/376/265
f 239/339/266 271/377/266 2074/378/266
f 1996/379/267 297/375/267 1997/380/267
f 253/341/268 285/381/268 254/346/268
f 2298/382/269 271/377/269 2073/383/269
f 255/349/270 285/381/270 286/384/270
f 241/385/271 2075/386/271 273/387/271
f 255/349/272 287/388/272 256/353/272
f 243/354/273 273/387/273 274/389/273
f 257/355/274 287/388/274 288/390/274
f 244/356/275 274/389/275 275/391/275
f 258/357/276 288/390/276 289/392/276
f 244/356/277 276/393/277 245/358/277
f 258/357/278 290/394/278 259/319/278
f 245/358/279 277/395/279 246/321/279
f 259/319/280 291/396/280 260/320/280
f 247/322/281 277/395/281 278/397/281
f 261/323/282 291/396/282 292/359/282
f 247/322/283 279/361/283 248/324/283
f 267/364/284 299/398/284 2334/399/284
f 295/367/285 325/400/285 326/401/285
f 281/366/286 313/402/286 282/368/286
f 2508/369/260 3001/403/260 2468/403/260
f 295/367/287 327/404/287 296/370/287
f 283/371/288 313/402/288 314/405/288
f 269/406/289 2335/407/289 301/408/289
f 296/370/290 328/409/290 297/375/290
f 284/376/291 314/405/291 315/410/291
f 270/374/292 302/411/292 2077/412/292
f 297/375/293 1998/413/293 1997/414/293
f 284/376/294 316/415/294 285/381/294
f 2297/416/295 302/411/295 2076/417/295
f 286/384/296 316/415/296 317/418/296
f 272/419/297 2078/420/297 304/421/297
f 286/384/298 318/422/298 287/388/298
f 273/387/299 305/423/299 274/389/299
f 288/390/300 318/422/300 319/424/300
f 275/391/301 305/423/301 306/425/301
f 289/392/302 319/424/302 320/426/302
f 275/391/303 307/427/303 276/393/303
f 289/392/304 321/428/304 290/394/304
f 276/393/305 308/429/305 277/395/305
f 291/396/306 321/428/306 322/430/306
f 278/397/307 308/429/307 309/431/307
f 291/396/308 323/432/308 292/359/308
f 278/397/309 310/433/309 279/361/309
f 293/360/310 323/432/310 324/434/310
f 280/362/311 310/433/311 311/435/311
f 294/365/313 324/434/313 325/400/313
f 280/362/314 312/438/314 281/366/314
f 300/439/315 2337/440/315 332/441/315
f 328/409/316 358/442/316 359/443/316
f 314/405/317 346/444/317 315/410/317
f 301/408/318 333/445/318 2080/446/318
f 328/409/319 1999/447/319 1998/448/319
f 315/410/320 347/449/320 316/415/320
f 2296/450/321 333/445/321 2079/451/321
f 316/415/322 348/452/322 317/418/322
f 303/453/323 2081/454/323 335/455/323
f 317/418/324 349/456/324 318/422/324
f 305/423/325 335/455/325 336/457/325
f 319/424/326 349/456/326 350/458/326
f 306/425/327 336/457/327 337/459/327
f 320/426/328 350/458/328 351/460/328
f 306/425/329 338/461/329 307/427/329
f 320/426/330 352/462/330 321/428/330
f 307/427/331 339/463/331 308/429/331
f 321/428/332 353/464/332 322/430/332
f 309/431/333 339/463/333 340/465/333
f 323/432/334 353/464/334 354/466/334
f 310/433/335 340/465/335 341/467/335
f 324/434/336 354/466/336 355/468/336
f 310/433/337 342/469/337 311/435/337
f 324/434/339 356/472/339 325/400/339
f 311/435/340 343/473/340 312/438/340
f 298/437/341 330/474/341 2338/475/341
f 325/400/342 357/476/342 326/401/342
f 312/438/343 344/477/343 313/402/343
f 2430/478/28 2901/479/28 2898/478/28
f 326/401/344 358/442/344 327/404/344
f 314/405/345 344/477/345 345/480/345
f 2295/481/346 364/482/346 2082/483/346
f 347/449/347 379/484/347 348/452/347
f 334/485/348 2083/486/348 366/487/348
f 348/452/349 380/488/349 349/456/349
f 336/457/350 366/487/350 367/489/350
f 350/458/351 380/488/351 381/490/351
f 337/459/352 367/489/352 368/491/352
f 351/460/353 381/490/353 382/492/353
f 337/459/354 369/493/354 338/461/354
f 351/460/355 383/494/355 352/462/355
f 338/461/356 370/495/356 339/463/356
f 352/462/357 384/496/357 353/464/357
f 340/465/358 370/495/358 371/497/358
f 354/466/359 384/496/359 385/498/359
f 340/465/360 372/499/360 341/467/360
f 355/468/361 385/498/361 386/500/361
f 342/469/362 372/499/362 373/501/362
f 355/468/364 387/504/364 356/472/364
f 342/469/365 374/505/365 343/473/365
f 329/471/366 361/506/366 2340/507/366
f 356/472/367 388/508/367 357/476/367
f 343/473/368 375/509/368 344/477/368
f 357/476/370 389/511/370 358/442/370
f 345/480/371 375/509/371 376/512/371
f 331/513/372 2341/514/372 363/515/372
f 358/442/373 390/516/373 359/443/373
f 345/480/374 377/517/374 346/444/374
f 332/441/375 364/482/375 2084/518/375
f 1999/519/376 390/516/376 2000/520/376
f 346/444/377 378/521/377 347/449/377
f 367/489/378 397/522/378 398/523/378
f 381/490/379 411/524/379 412/525/379
f 367/489/380 399/526/380 368/491/380
f 382/492/381 412/525/381 413/527/381
f 368/491/382 400/528/382 369/493/382
f 382/492/383 414/529/383 383/494/383
f 369/493/384 401/530/384 370/495/384
f 383/494/385 415/531/385 384/496/385
f 371/497/386 401/530/386 402/532/386
f 385/498/387 415/531/387 416/533/387
f 371/497/388 403/534/388 372/499/388
f 385/498/389 417/535/389 386/500/389
f 373/501/390 403/534/390 404/536/390
f 386/500/392 418/539/392 387/504/392
f 373/501/393 405/540/393 374/505/393
f 360/503/394 392/541/394 2343/542/394
f 388/508/395 418/539/395 419/543/395
f 374/505/396 406/544/396 375/509/396
f 2325/294/28 2834/293/28 2831/294/28
f 388/508/397 420/545/397 389/511/397
f 376/512/398 406/544/398 407/546/398
f 362/547/399 2344/548/399 394/549/399
f 389/511/400 421/550/400 390/516/400
f 376/512/401 408/551/401 377/517/401
f 363/515/402 395/552/402 2086/553/402
f 390/516/403 2001/554/403 2000/555/403
f 377/517/404 409/556/404 378/521/404
f 2294/557/405 395/552/405 2085/558/405
f 378/521/406 410/559/406 379/484/406
f 365/560/407 2087/561/407 397/522/407
f 379/484/408 411/524/408 380/488/408
f 399/526/409 431/562/409 400/528/409
f 413/527/410 445/563/410 414/529/410
f 400/528/411 432/564/411 401/530/411
f 414/529/412 446/565/412 415/531/412
f 402/532/413 432/564/413 433/566/413
f 416/533/414 446/565/414 447/567/414
f 402/532/415 434/568/415 403/534/415
f 417/535/416 447/567/416 448/569/416
f 404/536/417 434/568/417 435/570/417
f 417/535/419 449/573/419 418/539/419
f 404/536/420 436/574/420 405/540/420
f 391/538/421 423/575/421 2346/576/421
f 419/543/422 449/573/422 450/577/422
f 405/540/423 437/578/423 406/544/423
f 113/190/28 2827/221/28 2828/190/28
f 420/545/424 450/577/424 451/579/424
f 407/546/425 437/578/425 438/580/425
f 393/581/426 2347/582/426 425/583/426
f 421/550/427 451/579/427 452/584/427
f 408/551/428 438/580/428 439/585/428
f 394/549/429 426/586/429 2089/587/429
f 421/550/430 2002/588/430 2001/589/430
f 408/551/431 440/590/431 409/556/431
f 2293/591/432 426/586/432 2088/592/432
f 409/556/433 441/593/433 410/559/433
f 396/594/434 2090/595/434 428/596/434
f 410/559/435 442/597/435 411/524/435
f 398/523/436 428/596/436 429/598/436
f 412/525/437 442/597/437 443/599/437
f 399/526/438 429/598/438 430/600/438
f 413/527/439 443/599/439 444/601/439
f 432/564/440 464/602/440 433/566/440
f 447/567/441 477/603/441 478/604/441
f 433/566/442 465/605/442 434/568/442
f 448/569/443 478/604/443 479/606/443
f 435/570/444 465/605/444 466/607/444
f 449/573/446 479/606/446 480/610/446
f 435/570/447 467/611/447 436/574/447
f 422/572/448 454/612/448 2349/613/448
f 450/577/449 480/610/449 481/614/449
f 436/574/450 468/615/450 437/578/450
f 1541/616/28 2916/617/28 2917/616/28
f 450/577/451 482/618/451 451/579/451
f 438/580/452 468/615/452 469/619/452
f 424/620/453 2350/621/453 456/622/453
f 451/579/454 483/623/454 452/584/454
f 439/585/455 469/619/455 470/624/455
f 425/583/456 457/625/456 2092/626/456
f 452/584/457 2003/627/457 2002/628/457
f 439/585/458 471/629/458 440/590/458
f 2292/630/459 457/625/459 2091/631/459
f 441/593/460 471/629/460 472/632/460
f 427/633/461 458/634/461 459/635/461
f 441/593/462 473/636/462 442/597/462
f 428/596/463 460/637/463 429/598/463
f 443/599/464 473/636/464 474/638/464
f 429/598/465 461/639/465 430/600/465
f 444/601/466 474/638/466 475/640/466
f 430/600/467 462/641/467 431/562/467
f 444/601/468 476/642/468 445/563/468
f 431/562/469 463/643/469 432/564/469
f 446/565/470 476/642/470 477/603/470
f 466/607/471 496/644/471 497/645/471
f 480/610/473 510/648/473 511/649/473
f 466/607/474 498/650/474 467/611/474
f 453/609/475 485/651/475 2352/652/475
f 480/610/476 512/653/476 481/614/476
f 467/611/477 499/654/477 468/615/477
f 2548/510/369 2958/655/369 2348/655/369
f 481/614/478 513/656/478 482/618/478
f 469/619/479 499/654/479 500/657/479
f 455/658/480 2353/659/480 487/660/480
f 483/623/481 513/656/481 514/661/481
f 470/624/482 500/657/482 501/662/482
f 456/622/483 488/663/483 2095/664/483
f 483/623/484 2004/665/484 2003/666/484
f 470/624/485 502/667/485 471/629/485
f 2291/668/486 488/663/486 2094/669/486
f 472/632/487 502/667/487 503/670/487
f 458/634/488 2096/671/488 490/672/488
f 472/632/489 504/673/489 473/636/489
f 459/635/490 491/674/490 460/637/490
f 474/638/491 504/673/491 505/675/491
f 461/639/492 491/674/492 492/676/492
f 475/640/493 505/675/493 506/677/493
f 461/639/494 493/678/494 462/641/494
f 475/640/495 507/679/495 476/642/495
f 463/643/496 493/678/496 494/680/496
f 476/642/497 508/681/497 477/603/497
f 477/603/499 509/683/499 478/604/499
f 464/602/500 496/644/500 465/605/500
f 478/604/501 510/648/501 479/606/501
f 499/654/502 529/684/502 530/685/502
f 512/653/504 544/687/504 513/656/504
f 499/654/505 531/688/505 500/657/505
f 486/689/506 2355/690/506 518/691/506
f 514/661/507 544/687/507 545/692/507
f 501/662/508 531/688/508 532/693/508
f 487/660/509 519/694/509 2098/695/509
f 514/661/510 2005/696/510 2004/697/510
f 501/662/511 533/698/511 502/667/511
f 2290/699/512 519/694/512 2097/700/512
f 503/670/513 533/698/513 534/701/513
f 489/702/514 2099/703/514 521/704/514
f 503/670/515 535/705/515 504/673/515
f 491/674/516 521/704/516 522/706/516
f 505/675/517 535/705/517 536/707/517
f 492/676/518 522/706/518 523/708/518
f 506/677/519 536/707/519 537/709/519
f 492/676/520 524/710/520 493/678/520
f 506/677/521 538/711/521 507/679/521
f 493/678/522 525/712/522 494/680/522
f 507/679/523 539/713/523 508/681/523
f 509/683/525 539/713/525 540/715/525
f 496/644/526 526/714/526 527/716/526
f 510/648/527 540/715/527 541/717/527
f 497/645/528 527/716/528 528/718/528
f 511/649/530 541/717/530 542/721/530
f 497/645/531 529/684/531 498/650/531
f 484/647/532 516/722/532 2356/723/532
f 511/649/533 543/724/533 512/653/533
f 532/693/534 562/725/534 563/726/534
f 518/691/535 550/727/535 2101/728/535
f 2005/729/536 576/730/536 2006/731/536
f 532/693/537 564/732/537 533/698/537
f 2289/733/538 550/727/538 2100/734/538
f 534/701/539 564/732/539 565/735/539
f 520/736/540 551/737/540 552/738/540
f 534/701/541 566/739/541 535/705/541
f 522/706/542 552/738/542 553/740/542
f 535/705/543 567/741/543 536/707/543
f 523/708/544 553/740/544 554/742/544
f 537/709/545 567/741/545 568/743/545
f 524/710/546 554/742/546 555/744/546
f 537/709/547 569/745/547 538/711/547
f 525/712/548 555/744/548 556/746/548
f 538/711/549 570/747/549 539/713/549
f 526/714/550 556/746/550 557/748/550
f 539/713/551 571/749/551 540/715/551
f 527/716/552 557/748/552 558/750/552
f 540/715/553 572/751/553 541/717/553
f 528/718/554 558/750/554 559/752/554
f 541/717/556 573/755/556 542/721/556
f 528/718/557 560/756/557 529/684/557
f 515/720/558 547/757/558 2358/758/558
f 542/721/559 574/759/559 543/724/559
f 530/685/560 560/756/560 561/760/560
f 1386/761/28 2906/762/28 2907/761/28
f 544/687/561 574/759/561 575/763/561
f 530/685/562 562/725/562 531/688/562
f 517/764/563 2359/765/563 549/766/563
f 545/692/564 575/763/564 576/730/564
f 565/735/565 595/767/565 596/768/565
f 551/737/566 2104/769/566 583/770/566
f 565/735/567 597/771/567 566/739/567
f 552/738/568 584/772/568 553/740/568
f 567/741/569 597/771/569 598/773/569
f 554/742/570 584/772/570 585/774/570
f 568/743/571 598/773/571 599/775/571
f 554/742/572 586/776/572 555/744/572
f 568/743/573 600/777/573 569/745/573
f 555/744/574 587/778/574 556/746/574
f 570/747/575 600/777/575 601/779/575
f 557/748/576 587/778/576 588/780/576
f 570/747/577 602/781/577 571/749/577
f 557/748/578 589/782/578 558/750/578
f 572/751/579 602/781/579 603/783/579
f 559/752/580 589/782/580 590/784/580
f 572/751/582 604/787/582 573/755/582
f 559/752/583 591/788/583 560/756/583
f 546/754/584 578/789/584 2361/790/584
f 573/755/585 605/791/585 574/759/585
f 561/760/586 591/788/586 592/792/586
f 2427/793/28 2899/794/28 2897/793/28
f 575/763/587 605/791/587 606/795/587
f 561/760/588 593/796/588 562/725/588
f 548/797/589 2362/798/589 580/799/589
f 575/763/590 607/800/590 576/730/590
f 563/726/591 593/796/591 594/801/591
f 549/766/592 581/802/592 2105/803/592
f 2006/804/593 607/800/593 2007/805/593
f 563/726/594 595/767/594 564/732/594
f 2288/806/595 581/802/595 2103/807/595
f 598/773/596 628/808/596 629/809/596
f 585/774/597 615/810/597 616/811/597
f 599/775/598 629/809/598 630/812/598
f 585/774/599 617/813/599 586/776/599
f 599/775/600 631/814/600 600/777/600
f 586/776/601 618/815/601 587/778/601
f 600/777/602 632/816/602 601/779/602
f 588/780/603 618/815/603 619/817/603
f 601/779/604 633/818/604 602/781/604
f 588/780/605 620/819/605 589/782/605
f 603/783/606 633/818/606 634/820/606
f 590/784/607 620/819/607 621/821/607
f 603/783/609 635/824/609 604/787/609
f 590/784/610 622/825/610 591/788/610
f 577/786/611 609/826/611 2364/827/611
f 604/787/612 636/828/612 605/791/612
f 592/792/613 622/825/613 623/829/613
f 2507/686/614 3002/830/614 2471/830/614
f 605/791/615 637/831/615 606/795/615
f 592/792/616 624/832/616 593/796/616
f 579/833/617 610/834/617 611/835/617
f 607/800/618 637/831/618 638/836/618
f 594/801/619 624/832/619 625/837/619
f 580/799/620 612/838/620 2107/839/620
f 2007/840/621 638/836/621 2008/841/621
f 594/801/622 626/842/622 595/767/622
f 2287/843/623 612/838/623 2106/844/623
f 596/768/624 626/842/624 627/845/624
f 582/846/625 2108/847/625 614/848/625
f 596/768/626 628/808/626 597/771/626
f 584/772/627 614/848/627 615/810/627
f 631/814/628 661/849/628 662/850/628
f 617/813/629 649/851/629 618/815/629
f 631/814/630 663/852/630 632/816/630
f 619/817/631 649/851/631 650/853/631
f 632/816/632 664/854/632 633/818/632
f 619/817/633 651/855/633 620/819/633
f 634/820/634 664/854/634 665/856/634
f 621/821/635 651/855/635 652/857/635
f 634/820/637 666/860/637 635/824/637
f 621/821/638 653/861/638 622/825/638
f 608/823/639 640/862/639 2367/863/639
f 635/824/640 667/864/640 636/828/640
f 623/829/641 653/861/641 654/865/641
f 2322/255/28 2832/254/28 2829/255/28
f 636/828/642 668/866/642 637/831/642
f 623/829/643 655/867/643 624/832/643
f 610/834/644 2368/868/644 642/869/644
f 637/831/645 669/870/645 638/836/645
f 624/832/646 656/871/646 625/837/646
f 611/835/647 643/872/647 2110/873/647
f 638/836/648 2009/874/648 2008/875/648
f 625/837/649 657/876/649 626/842/649
f 2286/877/650 643/872/650 2109/878/650
f 627/845/651 657/876/651 658/879/651
f 613/880/652 2111/881/652 645/882/652
f 627/845/653 659/883/653 628/808/653
f 615/810/654 645/882/654 646/884/654
f 629/809/655 659/883/655 660/885/655
f 615/810/656 647/886/656 616/811/656
f 630/812/657 660/885/657 661/849/657
f 616/811/658 648/887/658 617/813/658
f 663/852/659 695/888/659 664/854/659
f 650/853/660 682/889/660 651/855/660
f 665/856/661 695/888/661 696/890/661
f 651/855/662 683/891/662 652/857/662
f 666/860/664 696/890/664 697/894/664
f 653/861/665 683/891/665 684/895/665
f 639/859/666 671/896/666 2370/897/666
f 667/864/667 697/894/667 698/898/667
f 654/865/668 684/895/668 685/899/668
f 668/866/670 698/898/670 699/901/670
f 654/865/671 686/902/671 655/867/671
f 641/903/672 672/904/672 673/905/672
f 669/870/673 699/901/673 700/906/673
f 655/867/674 687/907/674 656/871/674
f 642/869/675 674/908/675 2113/909/675
f 669/870/676 2010/910/676 2009/911/676
f 657/876/677 687/907/677 688/912/677
f 2285/913/678 674/908/678 2112/914/678
f 657/876/679 689/915/679 658/879/679
f 644/916/680 2114/917/680 676/918/680
f 658/879/681 690/919/681 659/883/681
f 645/882/682 677/920/682 646/884/682
f 660/885/683 690/919/683 691/921/683
f 647/886/684 677/920/684 678/922/684
f 661/849/685 691/921/685 692/923/685
f 647/886/686 679/924/686 648/887/686
f 661/849/687 693/925/687 662/850/687
f 648/887/688 680/926/688 649/851/688
f 662/850/689 694/927/689 663/852/689
f 650/853/690 680/926/690 681/928/690
f 696/890/691 728/929/691 697/894/691
f 683/891/692 715/930/692 684/895/692
f 670/893/693 702/931/693 2373/932/693
f 697/894/694 729/933/694 698/898/694
f 685/899/695 715/930/695 716/934/695
f 1198/935/28 2895/936/28 2984/935/28
f 698/898/696 730/937/696 699/901/696
f 685/899/697 717/938/697 686/902/697
f 672/904/698 2374/939/698 704/940/698
f 700/906/699 730/937/699 731/941/699
f 687/907/700 717/938/700 718/942/700
f 673/905/701 705/943/701 2116/944/701
f 700/906/702 2011/945/702 2010/946/702
f 687/907/703 719/947/703 688/912/703
f 2284/948/704 705/943/704 2115/949/704
f 689/915/705 719/947/705 720/950/705
f 675/951/706 706/952/706 707/953/706
f 689/915/707 721/954/707 690/919/707
f 677/920/708 707/953/708 708/955/708
f 690/919/709 722/956/709 691/921/709
f 678/922/710 708/955/710 709/957/710
f 692/923/711 722/956/711 723/958/711
f 678/922/712 710/959/712 679/924/712
f 692/923/713 724/960/713 693/925/713
f 680/926/714 710/959/714 711/961/714
f 693/925/715 725/962/715 694/927/715
f 681/928/716 711/961/716 712/963/716
f 694/927/717 726/964/717 695/888/717
f 681/928/718 713/965/718 682/889/718
f 695/888/719 727/966/719 696/890/719
f 683/891/720 713/965/720 714/967/720
f 730/937/722 760/970/722 761/971/722
f 716/934/723 748/972/723 717/938/723
f 703/973/724 2376/974/724 735/975/724
f 730/937/725 762/976/725 731/941/725
f 718/942/726 748/972/726 749/977/726
f 704/940/727 736/978/727 2119/979/727
f 731/941/728 2012/980/728 2011/981/728
f 718/942/729 750/982/729 719/947/729
f 2283/983/730 736/978/730 2118/984/730
f 720/950/731 750/982/731 751/985/731
f 706/952/732 2120/986/732 738/987/732
f 720/950/733 752/988/733 721/954/733
f 708/955/734 738/987/734 739/989/734
f 721/954/735 753/990/735 722/956/735
f 709/957/736 739/989/736 740/991/736
f 723/958/737 753/990/737 754/992/737
f 709/957/738 741/993/738 710/959/738
f 723/958/739 755/994/739 724/960/739
f 711/961/740 741/993/740 742/995/740
f 724/960/741 756/996/741 725/962/741
f 712/963/742 742/995/742 743/997/742
f 726/964/743 756/996/743 757/998/743
f 712/963/744 744/999/744 713/965/744
f 726/964/745 758/1000/745 727/966/745
f 714/967/746 744/999/746 745/1001/746
f 727/966/748 759/1004/748 728/929/748
f 714/967/749 746/1005/749 715/930/749
f 701/969/750 733/1006/750 2377/1007/750
f 728/929/751 760/970/751 729/933/751
f 716/934/752 746/1005/752 747/1008/752
f 2547/900/669 2960/1009/669 2351/1009/669
f 2012/1010/753 793/1011/753 2013/1012/753
f 749/977/754 781/1013/754 750/982/754
f 2282/1014/755 767/1015/755 2121/1016/755
f 751/985/756 781/1013/756 782/1017/756
f 737/1018/757 2122/1019/757 769/1020/757
f 751/985/758 783/1021/758 752/988/758
f 738/987/759 770/1022/759 739/989/759
f 753/990/760 783/1021/760 784/1023/760
f 740/991/761 770/1022/761 771/1024/761
f 754/992/762 784/1023/762 785/1025/762
f 740/991/763 772/1026/763 741/993/763
f 754/992/764 786/1027/764 755/994/764
f 741/993/765 773/1028/765 742/995/765
f 756/996/766 786/1027/766 787/1029/766
f 743/997/767 773/1028/767 774/1030/767
f 757/998/768 787/1029/768 788/1031/768
f 743/997/769 775/1032/769 744/999/769
f 758/1000/770 788/1031/770 789/1033/770
f 745/1001/771 775/1032/771 776/1034/771
f 759/1004/773 789/1033/773 790/1037/773
f 745/1001/774 777/1038/774 746/1005/774
f 732/1003/775 764/1039/775 2379/1040/775
f 759/1004/776 791/1041/776 760/970/776
f 747/1008/777 777/1038/777 778/1042/777
f 760/970/779 792/1044/779 761/971/779
f 747/1008/780 779/1045/780 748/972/780
f 734/1046/781 2380/1047/781 766/1048/781
f 761/971/782 793/1011/782 762/976/782
f 749/977/783 779/1045/783 780/1049/783
f 735/975/784 767/1015/784 2123/1050/784
f 782/1017/785 814/1051/785 783/1021/785
f 769/1020/786 801/1052/786 770/1022/786
f 784/1023/787 814/1051/787 815/1053/787
f 771/1024/788 801/1052/788 802/1054/788
f 785/1025/789 815/1053/789 816/1055/789
f 771/1024/790 803/1056/790 772/1026/790
f 785/1025/791 817/1057/791 786/1027/791
f 772/1026/792 804/1058/792 773/1028/792
f 786/1027/793 818/1059/793 787/1029/793
f 774/1030/794 804/1058/794 805/1060/794
f 788/1031/795 818/1059/795 819/1061/795
f 774/1030/796 806/1062/796 775/1032/796
f 788/1031/797 820/1063/797 789/1033/797
f 776/1034/798 806/1062/798 807/1064/798
f 789/1033/800 821/1067/800 790/1037/800
f 776/1034/801 808/1068/801 777/1038/801
f 763/1036/802 795/1069/802 2382/1070/802
f 790/1037/803 822/1071/803 791/1041/803
f 778/1042/804 808/1068/804 809/1072/804
f 2319/221/28 2830/220/28 2827/221/28
f 791/1041/805 823/1073/805 792/1044/805
f 778/1042/806 810/1074/806 779/1045/806
f 765/1075/807 2383/1076/807 797/1077/807
f 792/1044/808 824/1078/808 793/1011/808
f 780/1049/809 810/1074/809 811/1079/809
f 766/1048/810 798/1080/810 2125/1081/810
f 793/1011/811 2014/1082/811 2013/1083/811
f 780/1049/812 812/1084/812 781/1013/812
f 2281/1085/813 798/1080/813 2124/1086/813
f 782/1017/814 812/1084/814 813/1087/814
f 768/1088/815 2126/1089/815 800/1090/815
f 809/1072/816 841/1091/816 810/1074/816
f 796/1092/817 2385/1093/817 828/1094/817
f 824/1078/818 854/1095/818 855/1096/818
f 811/1079/819 841/1091/819 842/1097/819
f 797/1077/820 829/1098/820 2128/1099/820
f 2014/1100/821 855/1096/821 2015/1101/821
f 811/1079/822 843/1102/822 812/1084/822
f 2280/1103/823 829/1098/823 2127/1104/823
f 813/1087/824 843/1102/824 844/1105/824
f 799/1106/825 2129/1107/825 831/1108/825
f 813/1087/826 845/1109/826 814/1051/826
f 801/1052/827 831/1108/827 832/1110/827
f 814/1051/828 846/1111/828 815/1053/828
f 802/1054/829 832/1110/829 833/1112/829
f 816/1055/830 846/1111/830 847/1113/830
f 802/1054/831 834/1114/831 803/1056/831
f 816/1055/832 848/1115/832 817/1057/832
f 804/1058/833 834/1114/833 835/1116/833
f 817/1057/834 849/1117/834 818/1059/834
f 805/1060/835 835/1116/835 836/1118/835
f 818/1059/836 850/1119/836 819/1061/836
f 805/1060/837 837/1120/837 806/1062/837
f 820/1063/838 850/1119/838 851/1121/838
f 807/1064/839 837/1120/839 838/1122/839
f 821/1067/841 851/1121/841 852/1125/841
f 807/1064/842 839/1126/842 808/1068/842
f 794/1066/843 826/1127/843 2386/1128/843
f 822/1071/844 852/1125/844 853/1129/844
f 809/1072/845 839/1126/845 840/1130/845
f 2506/1043/778 3003/1131/778 2474/1131/778
f 822/1071/846 854/1095/846 823/1073/846
f 842/1097/847 874/1132/847 843/1102/847
f 2279/1133/848 860/1134/848 2130/1135/848
f 844/1105/849 874/1132/849 875/1136/849
f 830/1137/850 2131/1138/850 862/1139/850
f 844/1105/851 876/1140/851 845/1109/851
f 832/1110/852 862/1139/852 863/1141/852
f 845/1109/853 877/1142/853 846/1111/853
f 833/1112/854 863/1141/854 864/1143/854
f 847/1113/855 877/1142/855 878/1144/855
f 833/1112/856 865/1145/856 834/1114/856
f 847/1113/857 879/1146/857 848/1115/857
f 834/1114/858 866/1147/858 835/1116/858
f 848/1115/859 880/1148/859 849/1117/859
f 836/1118/860 866/1147/860 867/1149/860
f 850/1119/861 880/1148/861 881/1150/861
f 836/1118/862 868/1151/862 837/1120/862
f 850/1119/863 882/1152/863 851/1121/863
f 838/1122/864 868/1151/864 869/1153/864
f 851/1121/866 883/1156/866 852/1125/866
f 838/1122/867 870/1157/867 839/1126/867
f 825/1124/868 857/1158/868 2388/1159/868
f 852/1125/869 884/1160/869 853/1129/869
f 840/1130/870 870/1157/870 871/1161/870
f 854/1095/872 884/1160/872 885/1163/872
f 840/1130/873 872/1164/873 841/1091/873
f 827/1165/874 2389/1166/874 859/1167/874
f 854/1095/875 886/1168/875 855/1096/875
f 841/1091/876 873/1169/876 842/1097/876
f 828/1094/877 860/1134/877 2132/1170/877
f 855/1096/878 2016/1171/878 2015/1172/878
f 875/1136/879 907/1173/879 876/1140/879
f 863/1141/880 893/1174/880 894/1175/880
f 876/1140/881 908/1176/881 877/1142/881
f 863/1141/882 895/1177/882 864/1143/882
f 878/1144/883 908/1176/883 909/1178/883
f 864/1143/884 896/1179/884 865/1145/884
f 878/1144/885 910/1180/885 879/1146/885
f 866/1147/886 896/1179/886 897/1181/886
f 879/1146/887 911/1182/887 880/1148/887
f 867/1149/888 897/1181/888 898/1183/888
f 881/1150/889 911/1182/889 912/1184/889
f 867/1149/890 899/1185/890 868/1151/890
f 882/1152/891 912/1184/891 913/1186/891
f 869/1153/892 899/1185/892 900/1187/892
f 883/1156/894 913/1186/894 914/1190/894
f 869/1153/895 901/1191/895 870/1157/895
f 856/1155/896 888/1192/896 2391/1193/896
f 883/1156/897 915/1194/897 884/1160/897
f 871/1161/898 901/1191/898 902/1195/898
f 2317/191/28 2828/190/28 2825/191/28
f 884/1160/899 916/1196/899 885/1163/899
f 871/1161/900 903/1197/900 872/1164/900
f 858/1198/901 2392/1199/901 890/1200/901
f 886/1168/902 916/1196/902 917/1201/902
f 873/1169/903 903/1197/903 904/1202/903
f 859/1167/904 891/1203/904 2134/1204/904
f 886/1168/905 2017/1205/905 2016/1206/905
f 873/1169/906 905/1207/906 874/1132/906
f 2278/1208/907 891/1203/907 2133/1209/907
f 875/1136/908 905/1207/908 906/1210/908
f 861/1211/909 2135/1212/909 893/1174/909
f 909/1178/910 939/1213/910 940/1214/910
f 895/1177/911 927/1215/911 896/1179/911
f 909/1178/912 941/1216/912 910/1180/912
f 897/1181/913 927/1215/913 928/1217/913
f 910/1180/914 942/1218/914 911/1182/914
f 898/1183/915 928/1217/915 929/1219/915
f 912/1184/916 942/1218/916 943/1220/916
f 898/1183/917 930/1221/917 899/1185/917
f 913/1186/918 943/1220/918 944/1222/918
f 900/1187/919 930/1221/919 931/1223/919
f 914/1190/921 944/1222/921 945/1226/921
f 900/1187/922 932/1227/922 901/1191/922
f 887/1189/923 919/1228/923 2394/1229/923
f 914/1190/924 946/1230/924 915/1194/924
f 902/1195/925 932/1227/925 933/1231/925
f 2421/1232/28 2984/935/28 2893/1232/28
f 915/1194/926 947/1233/926 916/1196/926
f 902/1195/927 934/1234/927 903/1197/927
f 889/1235/928 920/1236/928 921/1237/928
f 917/1201/929 947/1233/929 948/1238/929
f 904/1202/930 934/1234/930 935/1239/930
f 890/1200/931 922/1240/931 2137/1241/931
f 917/1201/932 2018/1242/932 2017/1243/932
f 904/1202/933 936/1244/933 905/1207/933
f 2277/1245/934 922/1240/934 2136/1246/934
f 906/1210/935 936/1244/935 937/1247/935
f 892/1248/936 2138/1249/936 924/1250/936
f 906/1210/937 938/1251/937 907/1173/937
f 894/1175/938 924/1250/938 925/1252/938
f 907/1173/939 939/1213/939 908/1176/939
f 895/1177/940 925/1252/940 926/1253/940
f 942/1218/941 972/1254/941 973/1255/941
f 928/1217/942 960/1256/942 929/1219/942
f 943/1220/943 973/1255/943 974/1257/943
f 929/1219/944 961/1258/944 930/1221/944
f 944/1222/945 974/1257/945 975/1259/945
f 931/1223/946 961/1258/946 962/1260/946
f 945/1226/948 975/1259/948 976/1263/948
f 931/1223/949 963/1264/949 932/1227/949
f 918/1225/950 950/1265/950 2397/1266/950
f 946/1230/951 976/1263/951 977/1267/951
f 933/1231/952 963/1264/952 964/1268/952
f 2546/1162/871 2961/1269/871 2354/1269/871
f 946/1230/953 978/1270/953 947/1233/953
f 933/1231/954 965/1271/954 934/1234/954
f 920/1236/955 2398/1272/955 952/1273/955
f 947/1233/956 979/1274/956 948/1238/956
f 935/1239/957 965/1271/957 966/1275/957
f 921/1237/958 953/1276/958 2140/1277/958
f 948/1238/959 2019/1278/959 2018/1279/959
f 935/1239/960 967/1280/960 936/1244/960
f 2276/1281/961 953/1276/961 2139/1282/961
f 937/1247/962 967/1280/962 968/1283/962
f 923/1284/963 2141/1285/963 955/1286/963
f 937/1247/964 969/1287/964 938/1251/964
f 924/1250/965 956/1288/965 925/1252/965
f 938/1251/966 970/1289/966 939/1213/966
f 925/1252/967 957/1290/967 926/1253/967
f 940/1214/968 970/1289/968 971/1291/968
f 926/1253/969 958/1292/969 927/1215/969
f 940/1214/970 972/1254/970 941/1216/970
f 927/1215/971 959/1293/971 928/1217/971
f 975/1259/972 1005/1294/972 1006/1295/972
f 962/1260/973 992/1296/973 993/1297/973
f 976/1263/975 1006/1295/975 1007/1300/975
f 962/1260/976 994/1301/976 963/1264/976
f 949/1262/977 981/1302/977 2400/1303/977
f 977/1267/978 1007/1300/978 1008/1304/978
f 964/1268/979 994/1301/979 995/1305/979
f 1789/1306/28 2932/1307/28 2933/1306/28
f 977/1267/980 1009/1308/980 978/1270/980
f 964/1268/981 996/1309/981 965/1271/981
f 951/1310/982 2401/1311/982 983/1312/982
f 978/1270/983 1010/1313/983 979/1274/983
f 966/1275/984 996/1309/984 997/1314/984
f 952/1273/985 984/1315/985 2143/1316/985
f 2019/1317/986 1010/1313/986 2020/1318/986
f 966/1275/987 998/1319/987 967/1280/987
f 2275/1320/988 984/1315/988 2142/1321/988
f 967/1280/989 999/1322/989 968/1283/989
f 954/1323/990 985/1324/990 986/1325/990
f 968/1283/991 1000/1326/991 969/1287/991
f 956/1288/992 986/1325/992 987/1327/992
f 969/1287/993 1001/1328/993 970/1289/993
f 957/1290/994 987/1327/994 988/1329/994
f 971/1291/995 1001/1328/995 1002/1330/995
f 957/1290/996 989/1331/996 958/1292/996
f 971/1291/997 1003/1332/997 972/1254/997
f 958/1292/998 990/1333/998 959/1293/998
f 972/1254/999 1004/1334/999 973/1255/999
f 974/1257/1001 1004/1334/1001 1005/1294/1001
f 961/1258/1002 991/1335/1002 992/1296/1002
f 1007/1300/1003 1039/1336/1003 1008/1304/1003
f 994/1301/1004 1026/1337/1004 995/1305/1004
f 1009/1308/1006 1039/1336/1006 1040/1339/1006
f 996/1309/1007 1026/1337/1007 1027/1340/1007
f 982/1341/1008 2403/1342/1008 1014/1343/1008
f 1010/1313/1009 1040/1339/1009 1041/1344/1009
f 997/1314/1010 1027/1340/1010 1028/1345/1010
f 983/1312/1011 1015/1346/1011 2146/1347/1011
f 1010/1313/1012 2021/1348/1012 2020/1349/1012
f 997/1314/1013 1029/1350/1013 998/1319/1013
f 2274/1351/1014 1015/1346/1014 2145/1352/1014
f 999/1322/1015 1029/1350/1015 1030/1353/1015
f 985/1324/1016 2147/1354/1016 1017/1355/1016
f 999/1322/1017 1031/1356/1017 1000/1326/1017
f 986/1325/1018 1018/1357/1018 987/1327/1018
f 1000/1326/1019 1032/1358/1019 1001/1328/1019
f 988/1329/1020 1018/1357/1020 1019/1359/1020
f 1002/1330/1021 1032/1358/1021 1033/1360/1021
f 988/1329/1022 1020/1361/1022 989/1331/1022
f 1002/1330/1023 1034/1362/1023 1003/1332/1023
f 990/1333/1024 1020/1361/1024 1021/1363/1024
f 1003/1332/1025 1035/1364/1025 1004/1334/1025
f 1004/1334/1027 1036/1366/1027 1005/1294/1027
f 991/1335/1028 1023/1367/1028 992/1296/1028
f 1005/1294/1029 1037/1368/1029 1006/1295/1029
f 993/1297/1030 1023/1367/1030 1024/1369/1030
f 1006/1295/1032 1038/1372/1032 1007/1300/1032
f 993/1297/1033 1025/1373/1033 994/1301/1033
f 980/1299/1034 1012/1374/1034 2404/1375/1034
f 1041/1344/1035 1071/1376/1035 1072/1377/1035
f 1028/1345/1036 1058/1378/1036 1059/1379/1036
f 1014/1343/1037 1046/1380/1037 2149/1381/1037
f 2021/1382/1038 1072/1377/1038 2022/1383/1038
f 1028/1345/1039 1060/1384/1039 1029/1350/1039
f 2273/1385/1040 1046/1380/1040 2148/1386/1040
f 1029/1350/1041 1061/1387/1041 1030/1353/1041
f 1016/1388/1042 1047/1389/1042 1048/1390/1042
f 1030/1353/1043 1062/1391/1043 1031/1356/1043
f 1018/1357/1044 1048/1390/1044 1049/1392/1044
f 1031/1356/1045 1063/1393/1045 1032/1358/1045
f 1019/1359/1046 1049/1392/1046 1050/1394/1046
f 1033/1360/1047 1063/1393/1047 1064/1395/1047
f 1020/1361/1048 1050/1394/1048 1051/1396/1048
f 1033/1360/1049 1065/1397/1049 1034/1362/1049
f 1021/1363/1050 1051/1396/1050 1052/1398/1050
f 1034/1362/1051 1066/1399/1051 1035/1364/1051
f 1022/1365/1052 1052/1398/1052 1053/1400/1052
f 1035/1364/1053 1067/1401/1053 1036/1366/1053
f 1023/1367/1054 1053/1400/1054 1054/1402/1054
f 1036/1366/1055 1068/1403/1055 1037/1368/1055
f 1024/1369/1056 1054/1402/1056 1055/1404/1056
f 1037/1368/1058 1069/1407/1058 1038/1372/1058
f 1024/1369/1059 1056/1408/1059 1025/1373/1059
f 1011/1371/1060 1043/1409/1060 2406/1410/1060
f 1038/1372/1061 1070/1411/1061 1039/1336/1061
f 1025/1373/1062 1057/1412/1062 1026/1337/1062
f 1323/259/28 2902/60/28 2903/259/28
f 1040/1339/1063 1070/1411/1063 1071/1376/1063
f 1027/1340/1064 1057/1412/1064 1058/1378/1064
f 1013/1413/1065 2407/1414/1065 1045/1415/1065
f 1061/1387/1066 1091/1416/1066 1092/1417/1066
f 1047/1389/1067 2152/1418/1067 1079/1419/1067
f 1061/1387/1068 1093/1420/1068 1062/1391/1068
f 1048/1390/1069 1080/1421/1069 1049/1392/1069
f 1063/1393/1070 1093/1420/1070 1094/1422/1070
f 1050/1394/1071 1080/1421/1071 1081/1423/1071
f 1064/1395/1072 1094/1422/1072 1095/1424/1072
f 1050/1394/1073 1082/1425/1073 1051/1396/1073
f 1064/1395/1074 1096/1426/1074 1065/1397/1074
f 1051/1396/1075 1083/1427/1075 1052/1398/1075
f 1066/1399/1076 1096/1426/1076 1097/1428/1076
f 1053/1400/1077 1083/1427/1077 1084/1429/1077
f 1066/1399/1078 1098/1430/1078 1067/1401/1078
f 1053/1400/1079 1085/1431/1079 1054/1402/1079
f 1067/1401/1080 1099/1432/1080 1068/1403/1080
f 1055/1404/1081 1085/1431/1081 1086/1433/1081
f 1069/1407/1083 1099/1432/1083 1100/1436/1083
f 1055/1404/1084 1087/1437/1084 1056/1408/1084
f 1042/1406/1085 1074/1438/1085 2409/1439/1085
f 1070/1411/1086 1100/1436/1086 1101/1440/1086
f 1056/1408/1087 1088/1441/1087 1057/1412/1087
f 2505/1338/1005 3004/1442/1005 2477/1442/1005
f 1071/1376/1088 1101/1440/1088 1102/1443/1088
f 1058/1378/1089 1088/1441/1089 1089/1444/1089
f 1044/1445/1090 2410/1446/1090 1076/1447/1090
f 1071/1376/1091 1103/1448/1091 1072/1377/1091
f 1059/1379/1092 1089/1444/1092 1090/1449/1092
f 1045/1415/1093 1077/1450/1093 2153/1451/1093
f 2022/1452/1094 1103/1448/1094 2023/1453/1094
f 1059/1379/1095 1091/1416/1095 1060/1384/1095
f 2272/1454/1096 1077/1450/1096 2151/1455/1096
f 1093/1420/1097 1125/1456/1097 1094/1422/1097
f 1081/1423/1098 1111/1457/1098 1112/1458/1098
f 1095/1424/1099 1125/1456/1099 1126/1459/1099
f 1081/1423/1100 1113/1460/1100 1082/1425/1100
f 1095/1424/1101 1127/1461/1101 1096/1426/1101
f 1083/1427/1102 1113/1460/1102 1114/1462/1102
f 1096/1426/1103 1128/1463/1103 1097/1428/1103
f 1084/1429/1104 1114/1462/1104 1115/1464/1104
f 1097/1428/1105 1129/1465/1105 1098/1430/1105
f 1084/1429/1106 1116/1466/1106 1085/1431/1106
f 1099/1432/1107 1129/1465/1107 1130/1467/1107
f 1086/1433/1108 1116/1466/1108 1117/1468/1108
f 1099/1432/1110 1131/1471/1110 1100/1436/1110
f 1086/1433/1111 1118/1472/1111 1087/1437/1111
f 1073/1435/1112 1105/1473/1112 2412/1474/1112
f 1100/1436/1113 1132/1475/1113 1101/1440/1113
f 1087/1437/1114 1119/1476/1114 1088/1441/1114
f 1479/1477/28 2912/1478/28 2913/1477/28
f 1102/1443/1115 1132/1475/1115 1133/1479/1115
f 1089/1444/1116 1119/1476/1116 1120/1480/1116
f 1075/1481/1117 2413/1482/1117 1107/1483/1117
f 1103/1448/1118 1133/1479/1118 1134/1484/1118
f 1090/1449/1119 1120/1480/1119 1121/1485/1119
f 1076/1447/1120 1108/1486/1120 2155/1487/1120
f 1103/1448/1121 2024/1488/1121 2023/1489/1121
f 1090/1449/1122 1122/1490/1122 1091/1416/1122
f 2271/1491/1123 1108/1486/1123 2154/1492/1123
f 1091/1416/1124 1123/1493/1124 1092/1417/1124
f 1078/1494/1125 2156/1495/1125 1110/1496/1125
f 1092/1417/1126 1124/1497/1126 1093/1420/1126
f 1080/1421/1127 1110/1496/1127 1111/1457/1127
f 1126/1459/1128 1158/1498/1128 1127/1461/1128
f 1113/1460/1129 1145/1499/1129 1114/1462/1129
f 1128/1463/1130 1158/1498/1130 1159/1500/1130
f 1115/1464/1131 1145/1499/1131 1146/1501/1131
f 1129/1465/1132 1159/1500/1132 1160/1502/1132
f 1116/1466/1133 1146/1501/1133 1147/1503/1133
f 1129/1465/1134 1161/1504/1134 1130/1467/1134
f 1117/1468/1135 1147/1503/1135 1148/1505/1135
f 1130/1467/1137 1162/1508/1137 1131/1471/1137
f 1117/1468/1138 1149/1509/1138 1118/1472/1138
f 1104/1470/1139 1136/1510/1139 2415/1511/1139
f 1132/1475/1140 1162/1508/1140 1163/1512/1140
f 1118/1472/1141 1150/1513/1141 1119/1476/1141
f 2418/1514/28 2894/1515/28 2891/1514/28
f 1132/1475/1142 1164/1516/1142 1133/1479/1142
f 1120/1480/1143 1150/1513/1143 1151/1517/1143
f 1106/1518/1144 1137/1519/1144 1138/1520/1144
f 1134/1484/1145 1164/1516/1145 1165/1521/1145
f 1121/1485/1146 1151/1517/1146 1152/1522/1146
f 1107/1483/1147 1139/1523/1147 2158/1524/1147
f 1134/1484/1148 2025/1525/1148 2024/1526/1148
f 1121/1485/1149 1153/1527/1149 1122/1490/1149
f 2270/1528/1150 1139/1523/1150 2157/1529/1150
f 1122/1490/1151 1154/1530/1151 1123/1493/1151
f 1109/1531/1152 2159/1532/1152 1141/1533/1152
f 1123/1493/1153 1155/1534/1153 1124/1497/1153
f 1110/1496/1154 1142/1535/1154 1111/1457/1154
f 1124/1497/1155 1156/1536/1155 1125/1456/1155
f 1112/1458/1156 1142/1535/1156 1143/1537/1156
f 1126/1459/1157 1156/1536/1157 1157/1538/1157
f 1112/1458/1158 1144/1539/1158 1113/1460/1158
f 1160/1502/1159 1190/1540/1159 1191/1541/1159
f 1146/1501/1160 1178/1542/1160 1147/1503/1160
f 1160/1502/1161 1192/1543/1161 1161/1504/1161
f 1148/1505/1162 1178/1542/1162 1179/1544/1162
f 1162/1508/1164 1192/1543/1164 1193/1547/1164
f 1148/1505/1165 1180/1548/1165 1149/1509/1165
f 1135/1507/1166 1167/1515/1166 2418/1514/1166
f 1162/1508/1167 1194/1549/1167 1163/1512/1167
f 1149/1509/1168 1181/1550/1168 1150/1513/1168
f 1167/1515/28 2893/1232/28 2894/1515/28
f 1164/1516/1169 1194/1549/1169 1195/1551/1169
f 1151/1517/1170 1181/1550/1170 1182/1552/1170
f 1137/1519/1171 2419/1553/1171 1169/1554/1171
f 1164/1516/1172 1196/1555/1172 1165/1521/1172
f 1152/1522/1173 1182/1552/1173 1183/1556/1173
f 1138/1520/1174 1170/1557/1174 2161/1558/1174
f 2025/1559/1175 1196/1555/1175 2026/1560/1175
f 1152/1522/1176 1184/1561/1176 1153/1527/1176
f 2269/1562/1177 1170/1557/1177 2160/1563/1177
f 1154/1530/1178 1184/1561/1178 1185/1564/1178
f 1140/1565/1179 2162/1566/1179 1172/1567/1179
f 1154/1530/1180 1186/1568/1180 1155/1534/1180
f 1141/1533/1181 1173/1569/1181 1142/1535/1181
f 1155/1534/1182 1187/1570/1182 1156/1536/1182
f 1143/1537/1183 1173/1569/1183 1174/1571/1183
f 1157/1538/1184 1187/1570/1184 1188/1572/1184
f 1143/1537/1185 1175/1573/1185 1144/1539/1185
f 1157/1538/1186 1189/1574/1186 1158/1498/1186
f 1144/1539/1187 1176/1575/1187 1145/1499/1187
f 1158/1498/1188 1190/1540/1188 1159/1500/1188
f 1146/1501/1189 1176/1575/1189 1177/1576/1189
f 1192/1543/1191 1224/1579/1191 1193/1547/1191
f 1179/1544/1192 1211/1580/1192 1180/1548/1192
f 1166/1546/1193 1198/935/1193 2421/1232/1193
f 1193/1547/1194 1225/1581/1194 1194/1549/1194
f 1180/1548/1195 1212/1582/1195 1181/1550/1195
f 1195/1551/1197 1225/1581/1197 1226/1584/1197
f 1182/1552/1198 1212/1582/1198 1213/1585/1198
f 1168/1586/1199 2422/1587/1199 1200/1588/1199
f 1195/1551/1200 1227/1589/1200 1196/1555/1200
f 1183/1556/1201 1213/1585/1201 1214/1590/1201
f 1169/1554/1202 1201/1591/1202 2164/1592/1202
f 1196/1555/1203 2027/1593/1203 2026/1594/1203
f 1183/1556/1204 1215/1595/1204 1184/1561/1204
f 2268/1596/1205 1201/1591/1205 2163/1597/1205
f 1184/1561/1206 1216/1598/1206 1185/1564/1206
f 1171/1599/1207 2165/1600/1207 1203/1601/1207
f 1185/1564/1208 1217/1602/1208 1186/1568/1208
f 1172/1567/1209 1204/1603/1209 1173/1569/1209
f 1186/1568/1210 1218/1604/1210 1187/1570/1210
f 1174/1571/1211 1204/1603/1211 1205/1605/1211
f 1188/1572/1212 1218/1604/1212 1219/1606/1212
f 1174/1571/1213 1206/1607/1213 1175/1573/1213
f 1188/1572/1214 1220/1608/1214 1189/1574/1214
f 1175/1573/1215 1207/1609/1215 1176/1575/1215
f 1189/1574/1216 1221/1610/1216 1190/1540/1216
f 1177/1576/1217 1207/1609/1217 1208/1611/1217
f 1191/1541/1218 1221/1610/1218 1222/1612/1218
f 1178/1542/1219 1208/1611/1219 1209/1613/1219
f 1191/1541/1220 1223/1614/1220 1192/1543/1220
f 1179/1544/1221 1209/1613/1221 1210/1615/1221
f 2313/113/28 2826/112/28 2823/113/28
f 1226/1584/1222 1256/1616/1222 1257/1617/1222
f 1213/1585/1223 1243/1618/1223 1244/1619/1223
f 1199/1620/1224 1230/1621/1224 1231/1622/1224
f 1226/1584/1225 1258/1623/1225 1227/1589/1225
f 1214/1590/1226 1244/1619/1226 1245/1624/1226
f 1200/1588/1227 1232/1625/1227 2167/1626/1227
f 2027/1627/1228 1258/1623/1228 2028/1628/1228
f 1214/1590/1229 1246/1629/1229 1215/1595/1229
f 2267/1630/1230 1232/1625/1230 2166/1631/1230
f 1215/1595/1231 1247/1632/1231 1216/1598/1231
f 1202/1633/1232 2168/1634/1232 1234/1635/1232
f 1216/1598/1233 1248/1636/1233 1217/1602/1233
f 1203/1601/1234 1235/1637/1234 1204/1603/1234
f 1217/1602/1235 1249/1638/1235 1218/1604/1235
f 1205/1605/1236 1235/1637/1236 1236/1639/1236
f 1219/1606/1237 1249/1638/1237 1250/1640/1237
f 1205/1605/1238 1237/1641/1238 1206/1607/1238
f 1219/1606/1239 1251/1642/1239 1220/1608/1239
f 1206/1607/1240 1238/1643/1240 1207/1609/1240
f 1221/1610/1241 1251/1642/1241 1252/1644/1241
f 1208/1611/1242 1238/1643/1242 1239/1645/1242
f 1221/1610/1243 1253/1646/1243 1222/1612/1243
f 1208/1611/1244 1240/1647/1244 1209/1613/1244
f 1222/1612/1245 1254/1648/1245 1223/1614/1245
f 1210/1615/1246 1240/1647/1246 1241/1649/1246
f 1224/1579/1248 1254/1648/1248 1255/1652/1248
f 1210/1615/1249 1242/1653/1249 1211/1580/1249
f 1197/1578/1250 1229/1654/1250 2425/936/1250
f 1224/1579/1251 1256/1616/1251 1225/1581/1251
f 1211/1580/1252 1243/1618/1252 1212/1582/1252
f 1231/1622/1253 1263/1655/1253 2170/1656/1253
f 2028/1657/1254 1289/1658/1254 1987/1659/1254
f 1245/1624/1255 1277/1660/1255 1246/1629/1255
f 2266/1661/1256 1263/1655/1256 2169/1662/1256
f 1246/1629/1257 1278/1663/1257 1247/1632/1257
f 1233/1664/1258 2171/1665/1258 1265/1666/1258
f 1247/1632/1259 1279/1667/1259 1248/1636/1259
f 1235/1637/1260 1265/1666/1260 1266/1668/1260
f 1249/1638/1261 1279/1667/1261 1280/1669/1261
f 1236/1639/1262 1266/1668/1262 1267/1670/1262
f 1250/1640/1263 1280/1669/1263 1281/1671/1263
f 1236/1639/1264 1268/1672/1264 1237/1641/1264
f 1250/1640/1265 1282/1673/1265 1251/1642/1265
f 1237/1641/1266 1269/1674/1266 1238/1643/1266
f 1251/1642/1267 1283/1675/1267 1252/1644/1267
f 1239/1645/1268 1269/1674/1268 1270/1676/1268
f 1252/1644/1269 1284/1677/1269 1253/1646/1269
f 1240/1647/1270 1270/1676/1270 1271/1678/1270
f 1254/1648/1271 1284/1677/1271 1285/1679/1271
f 1241/1649/1272 1271/1678/1272 1272/1680/1272
f 1255/1652/1274 1285/1679/1274 1286/1683/1274
f 1241/1649/1275 1273/1684/1275 1242/1653/1275
f 1228/1651/1276 1260/794/1276 2427/793/1276
f 1255/1652/1277 1287/1685/1277 1256/1616/1277
f 1242/1653/1278 1274/1686/1278 1243/1618/1278
f 2545/1583/1196 2962/1687/1196 2357/1687/1196
f 1256/1616/1279 1288/1688/1279 1257/1617/1279
f 1244/1619/1280 1274/1686/1280 1275/1689/1280
f 1230/1621/1281 2428/1690/1281 1262/1691/1281
f 1257/1617/1282 1289/1658/1282 1258/1623/1282
f 1245/1624/1283 1275/1689/1283 1276/1692/1283
f 1264/1693/1284 2173/1694/1284 1297/1695/1284
f 1278/1663/1285 1311/1696/1285 1279/1667/1285
f 1265/1666/1286 1298/1697/1286 1266/1668/1286
f 1279/1667/1287 1312/1698/1287 1280/1669/1287
f 1267/1670/1288 1298/1697/1288 1299/1699/1288
f 1281/1671/1289 1312/1698/1289 1313/1700/1289
f 1267/1670/1290 1300/1701/1290 1268/1672/1290
f 1281/1671/1291 1314/1702/1291 1282/1673/1291
f 1269/1674/1292 1300/1701/1292 1301/1703/1292
f 1283/1675/1293 1314/1702/1293 1315/1704/1293
f 1270/1676/1294 1301/1703/1294 1302/1705/1294
f 1283/1675/1295 1316/1706/1295 1284/1677/1295
f 1270/1676/1296 1303/1707/1296 1271/1678/1296
f 1285/1679/1297 1316/1706/1297 1317/1708/1297
f 1272/1680/1298 1303/1707/1298 1304/1709/1298
f 1286/1683/1300 1317/1708/1300 1318/1712/1300
f 1272/1680/1301 1305/1713/1301 1273/1684/1301
f 1259/1682/1302 1292/479/1302 2430/478/1302
f 1287/1685/1303 1318/1712/1303 1319/1714/1303
f 1273/1684/1304 1306/1715/1304 1274/1686/1304
f 1288/1688/1306 1319/1714/1306 1320/1717/1306
f 1275/1689/1307 1306/1715/1307 1307/1718/1307
f 1261/1719/1308 2431/1720/1308 1294/1721/1308
f 1288/1688/1309 1321/1722/1309 1289/1658/1309
f 1276/1692/1310 1307/1718/1310 1308/1723/1310
f 1262/1691/1311 1295/1724/1311 2174/1725/1311
f 1289/1658/1312 2029/1726/1312 1987/1727/1312
f 1276/1692/1313 1309/1728/1313 1277/1660/1313
f 2265/1729/1314 1295/1724/1314 2172/1730/1314
f 1278/1663/1315 1309/1728/1315 1310/1731/1315
f 1299/1699/1316 1329/1732/1316 1330/1733/1316
f 1313/1700/1317 1343/1734/1317 1344/1735/1317
f 1299/1699/1318 1331/1736/1318 1300/1701/1318
f 1313/1700/1319 1345/1737/1319 1314/1702/1319
f 1300/1701/1320 1332/1738/1320 1301/1703/1320
f 1315/1704/1321 1345/1737/1321 1346/1739/1321
f 1302/1705/1322 1332/1738/1322 1333/1740/1322
f 1315/1704/1323 1347/1741/1323 1316/1706/1323
f 1302/1705/1324 1334/1742/1324 1303/1707/1324
f 1317/1708/1325 1347/1741/1325 1348/1743/1325
f 1304/1709/1326 1334/1742/1326 1335/1744/1326
f 1318/1712/1328 1348/1743/1328 1349/1747/1328
f 1304/1709/1329 1336/1748/1329 1305/1713/1329
f 1291/1711/1330 1323/259/1330 2433/258/1330
f 1318/1712/1331 1350/1749/1331 1319/1714/1331
f 1305/1713/1332 1337/1750/1332 1306/1715/1332
f 2415/1511/28 2892/1510/28 2889/1511/28
f 1319/1714/1333 1351/1751/1333 1320/1717/1333
f 1307/1718/1334 1337/1750/1334 1338/1752/1334
f 1293/1753/1335 2434/1754/1335 1325/1755/1335
f 1320/1717/1336 1352/1756/1336 1321/1722/1336
f 1308/1723/1337 1338/1752/1337 1339/1757/1337
f 1294/1721/1338 1326/1758/1338 2176/1759/1338
f 2029/1760/1339 1352/1756/1339 2030/1761/1339
f 1308/1723/1340 1340/1762/1340 1309/1728/1340
f 2264/1763/1341 1326/1758/1341 2175/1764/1341
f 1310/1731/1342 1340/1762/1342 1341/1765/1342
f 1296/1766/1343 2177/1767/1343 1328/1768/1343
f 1310/1731/1344 1342/1769/1344 1311/1696/1344
f 1297/1695/1345 1329/1732/1345 1298/1697/1345
f 1311/1696/1346 1343/1734/1346 1312/1698/1346
f 1332/1738/1347 1363/1770/1347 1364/1771/1347
f 1346/1739/1348 1377/1772/1348 1378/1773/1348
f 1333/1740/1349 1364/1771/1349 1365/1774/1349
f 1346/1739/1350 1379/1775/1350 1347/1741/1350
f 1333/1740/1351 1366/1776/1351 1334/1742/1351
f 1347/1741/1352 1380/1777/1352 1348/1743/1352
f 1334/1742/1353 1367/1778/1353 1335/1744/1353
f 1349/1747/1355 1380/1777/1355 1381/1781/1355
f 1335/1744/1356 1368/1782/1356 1336/1748/1356
f 1322/1746/1357 1355/61/1357 2436/60/1357
f 1350/1749/1358 1381/1781/1358 1382/1783/1358
f 1336/1748/1359 1369/1784/1359 1337/1750/1359
f 2504/1716/1305 3005/1785/1305 2480/1785/1305
f 1350/1749/1360 1383/1786/1360 1351/1751/1360
f 1338/1752/1361 1369/1784/1361 1370/1787/1361
f 1324/1788/1362 2437/1789/1362 1357/1790/1362
f 1352/1756/1363 1383/1786/1363 1384/1791/1363
f 1339/1757/1364 1370/1787/1364 1371/1792/1364
f 1325/1755/1365 1358/1793/1365 2179/1794/1365
f 1352/1756/1366 2031/1795/1366 2030/1796/1366
f 1339/1757/1367 1372/1797/1367 1340/1762/1367
f 2263/1798/1368 1358/1793/1368 2178/1799/1368
f 1341/1765/1369 1372/1797/1369 1373/1800/1369
f 1327/1801/1370 2180/1802/1370 1360/1803/1370
f 1341/1765/1371 1374/1804/1371 1342/1769/1371
f 1328/1768/1372 1361/1805/1372 1329/1732/1372
f 1342/1769/1373 1375/1806/1373 1343/1734/1373
f 1330/1733/1374 1361/1805/1374 1362/1807/1374
f 1344/1735/1375 1375/1806/1375 1376/1808/1375
f 1330/1733/1376 1363/1770/1376 1331/1736/1376
f 1344/1735/1377 1377/1772/1377 1345/1737/1377
f 1366/1776/1378 1396/1809/1378 1397/1810/1378
f 1379/1775/1379 1411/1811/1379 1380/1777/1379
f 1367/1778/1380 1397/1810/1380 1398/1812/1380
f 1381/1781/1382 1411/1811/1382 1412/1815/1382
f 1367/1778/1383 1399/1816/1383 1368/1782/1383
f 1354/1780/1384 1386/761/1384 2439/1817/1384
f 1381/1781/1385 1413/1818/1385 1382/1783/1385
f 1368/1782/1386 1400/1819/1386 1369/1784/1386
f 2310/78/28 2824/77/28 2821/78/28
f 1383/1786/1387 1413/1818/1387 1414/1820/1387
f 1370/1787/1388 1400/1819/1388 1401/1821/1388
f 1356/1822/1389 2440/1823/1389 1388/1824/1389
f 1383/1786/1390 1415/1825/1390 1384/1791/1390
f 1371/1792/1391 1401/1821/1391 1402/1826/1391
f 1357/1790/1392 1389/1827/1392 2182/1828/1392
f 1384/1791/1393 2032/1829/1393 2031/1830/1393
f 1371/1792/1394 1403/1831/1394 1372/1797/1394
f 2262/1832/1395 1389/1827/1395 2181/1833/1395
f 1372/1797/1396 1404/1834/1396 1373/1800/1396
f 1359/1835/1397 2183/1836/1397 1391/1837/1397
f 1373/1800/1398 1405/1838/1398 1374/1804/1398
f 1360/1803/1399 1392/1839/1399 1361/1805/1399
f 1374/1804/1400 1406/1840/1400 1375/1806/1400
f 1362/1807/1401 1392/1839/1401 1393/1841/1401
f 1376/1808/1402 1406/1840/1402 1407/1842/1402
f 1362/1807/1403 1394/1843/1403 1363/1770/1403
f 1376/1808/1404 1408/1844/1404 1377/1772/1404
f 1364/1771/1405 1394/1843/1405 1395/1845/1405
f 1378/1773/1406 1408/1844/1406 1409/1846/1406
f 1365/1774/1407 1395/1845/1407 1396/1809/1407
f 1378/1773/1408 1410/1847/1408 1379/1775/1408
f 1398/1812/1409 1430/1848/1409 1399/1816/1409
f 1385/1814/1410 1417/1849/1410 2442/762/1410
f 1412/1815/1411 1444/1850/1411 1413/1818/1411
f 1399/1816/1412 1431/1851/1412 1400/1819/1412
f 1414/1820/1414 1444/1850/1414 1445/1853/1414
f 1401/1821/1415 1431/1851/1415 1432/1854/1415
f 1387/1855/1416 2443/1856/1416 1419/1857/1416
f 1415/1825/1417 1445/1853/1417 1446/1858/1417
f 1402/1826/1418 1432/1854/1418 1433/1859/1418
f 1388/1824/1419 1420/1860/1419 2185/1861/1419
f 1415/1825/1420 2033/1862/1420 2032/1863/1420
f 1402/1826/1421 1434/1864/1421 1403/1831/1421
f 2261/1865/1422 1420/1860/1422 2184/1866/1422
f 1404/1834/1423 1434/1864/1423 1435/1867/1423
f 1390/1868/1424 1421/1869/1424 1422/1870/1424
f 1404/1834/1425 1436/1871/1425 1405/1838/1425
f 1391/1837/1426 1423/1872/1426 1392/1839/1426
f 1405/1838/1427 1437/1873/1427 1406/1840/1427
f 1393/1841/1428 1423/1872/1428 1424/1874/1428
f 1407/1842/1429 1437/1873/1429 1438/1875/1429
f 1393/1841/1430 1425/1876/1430 1394/1843/1430
f 1407/1842/1431 1439/1877/1431 1408/1844/1431
f 1395/1845/1432 1425/1876/1432 1426/1878/1432
f 1409/1846/1433 1439/1877/1433 1440/1879/1433
f 1396/1809/1434 1426/1878/1434 1427/1880/1434
f 1409/1846/1435 1441/1881/1435 1410/1847/1435
f 1396/1809/1436 1428/1882/1436 1397/1810/1436
f 1410/1847/1437 1442/1883/1437 1411/1811/1437
f 1397/1810/1438 1429/1884/1438 1398/1812/1438
f 1412/1815/1440 1442/1883/1440 1443/1887/1440
f 1432/1854/1441 1462/1888/1441 1463/1889/1441
f 1418/1890/1442 2445/1891/1442 1450/1892/1442
f 1445/1853/1443 1477/1893/1443 1446/1858/1443
f 1433/1859/1444 1463/1889/1444 1464/1894/1444
f 1419/1857/1445 1451/1895/1445 2188/1896/1445
f 1446/1858/1446 2034/1897/1446 2033/1898/1446
f 1434/1864/1447 1464/1894/1447 1465/1899/1447
f 2260/1900/1448 1451/1895/1448 2187/1901/1448
f 1434/1864/1449 1466/1902/1449 1435/1867/1449
f 1421/1869/1450 2189/1903/1450 1453/1904/1450
f 1435/1867/1451 1467/1905/1451 1436/1871/1451
f 1422/1870/1452 1454/1906/1452 1423/1872/1452
f 1436/1871/1453 1468/1907/1453 1437/1873/1453
f 1423/1872/1454 1455/1908/1454 1424/1874/1454
f 1438/1875/1455 1468/1907/1455 1469/1909/1455
f 1424/1874/1456 1456/1910/1456 1425/1876/1456
f 1438/1875/1457 1470/1911/1457 1439/1877/1457
f 1425/1876/1458 1457/1912/1458 1426/1878/1458
f 1440/1879/1459 1470/1911/1459 1471/1913/1459
f 1426/1878/1460 1458/1914/1460 1427/1880/1460
f 1441/1881/1461 1471/1913/1461 1472/1915/1461
f 1427/1880/1462 1459/1916/1462 1428/1882/1462
f 1442/1883/1463 1472/1915/1463 1473/1917/1463
f 1428/1882/1464 1460/1918/1464 1429/1884/1464
f 1443/1887/1466 1473/1917/1466 1474/1921/1466
f 1429/1884/1467 1461/1922/1467 1430/1848/1467
f 1416/1886/1468 1448/1923/1468 2446/1924/1468
f 1444/1850/1469 1474/1921/1469 1475/1925/1469
f 1430/1848/1470 1462/1888/1470 1431/1851/1470
f 2544/1852/1413 2963/1926/1413 2360/1926/1413
f 1444/1850/1471 1476/1927/1471 1445/1853/1471
f 1465/1899/1472 1495/1928/1472 1496/1929/1472
f 2259/1930/1473 1482/1931/1473 2190/1932/1473
f 1465/1899/1474 1497/1933/1474 1466/1902/1474
f 1452/1934/1475 2191/1935/1475 1484/1936/1475
f 1466/1902/1476 1498/1937/1476 1467/1905/1476
f 1453/1904/1477 1485/1938/1477 1454/1906/1477
f 1467/1905/1478 1499/1939/1478 1468/1907/1478
f 1455/1908/1479 1485/1938/1479 1486/1940/1479
f 1469/1909/1480 1499/1939/1480 1500/1941/1480
f 1455/1908/1481 1487/1942/1481 1456/1910/1481
f 1469/1909/1482 1501/1943/1482 1470/1911/1482
f 1457/1912/1483 1487/1942/1483 1488/1944/1483
f 1471/1913/1484 1501/1943/1484 1502/1945/1484
f 1471/1913/1486 1503/1947/1486 1472/1915/1486
f 1458/1914/1487 1490/1948/1487 1459/1916/1487
f 1472/1915/1488 1504/1949/1488 1473/1917/1488
f 1459/1916/1489 1491/1950/1489 1460/1918/1489
f 1474/1921/1491 1504/1949/1491 1505/1953/1491
f 1460/1918/1492 1492/1954/1492 1461/1922/1492
f 1447/1920/1493 1479/1955/1493 2448/1956/1493
f 1474/1921/1494 1506/1957/1494 1475/1925/1494
f 1461/1922/1495 1493/1958/1495 1462/1888/1495
f 2308/55/28 2822/54/28 2819/55/28
f 1475/1925/1496 1507/1959/1496 1476/1927/1496
f 1463/1889/1497 1493/1958/1497 1494/1960/1497
f 1449/1961/1498 2449/1962/1498 1481/1963/1498
f 1477/1893/1499 1507/1959/1499 1508/1964/1499
f 1464/1894/1500 1494/1960/1500 1495/1928/1500
f 1450/1892/1501 1482/1931/1501 2192/1965/1501
f 1477/1893/1502 2035/1966/1502 2034/1967/1502
f 1497/1968/1503 1529/1969/1503 1498/1970/1503
f 1484/1971/1504 1516/1972/1504 1485/1973/1504
f 1498/1970/1505 1530/1974/1505 1499/1975/1505
f 1486/1976/1506 1516/1972/1506 1517/1977/1506
f 1500/1978/1507 1530/1974/1507 1531/1979/1507
f 1486/1976/1508 1518/1980/1508 1487/1981/1508
f 1500/1978/1509 1532/1982/1509 1501/1983/1509
f 1487/1981/1510 1519/1984/1510 1488/1985/1510
f 1502/1986/1511 1532/1982/1511 1533/1987/1511
f 1502/1986/1513 1534/1990/1513 1503/1991/1513
f 1490/1992/1514 1520/1988/1514 1521/1993/1514
f 1503/1991/1515 1535/1994/1515 1504/1995/1515
f 1491/1996/1516 1521/1993/1516 1522/1997/1516
f 1505/2001/1518 1535/1994/1518 1536/2002/1518
f 1491/1996/1519 1523/2003/1519 1492/2004/1519
f 1478/1998/1520 1510/2005/1520 2451/1478/1520
f 1505/2001/1521 1537/2006/1521 1506/2007/1521
f 1493/2008/1522 1523/2003/1522 1524/2009/1522
f 2412/1474/28 2890/1473/28 2887/1474/28
f 1507/2010/1523 1537/2006/1523 1538/2011/1523
f 1493/2008/1524 1525/2012/1524 1494/2013/1524
f 1480/2014/1525 2452/2015/1525 1512/2016/1525
f 1507/2010/1526 1539/2017/1526 1508/2018/1526
f 1495/2019/1527 1525/2012/1527 1526/2020/1527
f 1481/2021/1528 1513/2022/1528 2194/2023/1528
f 1508/2018/1529 2036/2024/1529 2035/2025/1529
f 1495/2019/1530 1527/2026/1530 1496/2027/1530
f 2258/2028/1531 1513/2022/1531 2193/2029/1531
f 1496/2027/1532 1528/2030/1532 1497/1968/1532
f 1483/2031/1533 2195/2032/1533 1515/2033/1533
f 1531/1979/1534 1561/2034/1534 1562/2035/1534
f 1518/1980/1535 1548/2036/1535 1549/2037/1535
f 1531/1979/1536 1563/2038/1536 1532/1982/1536
f 1519/1984/1537 1549/2037/1537 1550/2039/1537
f 1532/1982/1538 1564/2040/1538 1533/1987/1538
f 1520/1988/1539 1550/2039/1539 1551/2041/1539
f 1533/1987/1540 1565/2042/1540 1534/1990/1540
f 1521/1993/1541 1551/2041/1541 1552/2043/1541
f 1534/1990/1542 1566/2044/1542 1535/1994/1542
f 1522/1997/1543 1552/2043/1543 1553/2045/1543
f 1535/1994/1545 1567/2048/1545 1536/2002/1545
f 1522/1997/1546 1554/2049/1546 1523/2003/1546
f 1509/2000/1547 1541/616/1547 2454/2050/1547
f 1536/2002/1548 1568/2051/1548 1537/2006/1548
f 1524/2009/1549 1554/2049/1549 1555/2052/1549
f 1538/2011/1551 1568/2051/1551 1569/2054/1551
f 1524/2009/1552 1556/2055/1552 1525/2012/1552
f 1511/2056/1553 2455/2057/1553 1543/2058/1553
f 1539/2017/1554 1569/2054/1554 1570/2059/1554
f 1526/2020/1555 1556/2055/1555 1557/2060/1555
f 1512/2016/1556 1544/2061/1556 2197/2062/1556
f 2036/2063/1557 1570/2059/1557 2037/2064/1557
f 1526/2020/1558 1558/2065/1558 1527/2026/1558
f 2257/2066/1559 1544/2061/1559 2196/2067/1559
f 1527/2026/1560 1559/2068/1560 1528/2030/1560
f 1514/2069/1561 2198/2070/1561 1546/2071/1561
f 1528/2030/1562 1560/2072/1562 1529/1969/1562
f 1516/1972/1563 1546/2071/1563 1547/2073/1563
f 1529/1969/1564 1561/2034/1564 1530/1974/1564
f 1517/1977/1565 1547/2073/1565 1548/2036/1565
f 1564/2040/1566 1594/2074/1566 1595/2075/1566
f 1551/2041/1567 1581/2076/1567 1582/2077/1567
f 1564/2040/1568 1596/2078/1568 1565/2042/1568
f 1552/2043/1569 1582/2077/1569 1583/2079/1569
f 1565/2042/1570 1597/2080/1570 1566/2044/1570
f 1553/2045/1571 1583/2079/1571 1584/2081/1571
f 1567/2048/1573 1597/2080/1573 1598/2084/1573
f 1553/2045/1574 1585/2085/1574 1554/2049/1574
f 1540/2047/1575 1572/2086/1575 2457/617/1575
f 1568/2051/1576 1598/2084/1576 1599/2087/1576
f 1555/2052/1577 1585/2085/1577 1586/2088/1577
f 2356/723/28 2852/722/28 2851/723/28
f 1569/2054/1578 1599/2087/1578 1600/2089/1578
f 1555/2052/1579 1587/2090/1579 1556/2055/1579
f 1542/2091/1580 2458/2092/1580 1574/2093/1580
f 1569/2054/1581 1601/2094/1581 1570/2059/1581
f 1557/2060/1582 1587/2090/1582 1588/2095/1582
f 1543/2058/1583 1575/2096/1583 2200/2097/1583
f 1570/2059/1584 2038/2098/1584 2037/2099/1584
f 1557/2060/1585 1589/2100/1585 1558/2065/1585
f 2256/2101/1586 1575/2096/1586 2199/2102/1586
f 1558/2065/1587 1590/2103/1587 1559/2068/1587
f 1545/2104/1588 2201/2105/1588 1577/2106/1588
f 1559/2068/1589 1591/2107/1589 1560/2072/1589
f 1546/2071/1590 1578/2108/1590 1547/2073/1590
f 1560/2072/1591 1592/2109/1591 1561/2034/1591
f 1548/2036/1592 1578/2108/1592 1579/2110/1592
f 1562/2035/1593 1592/2109/1593 1593/2111/1593
f 1548/2036/1594 1580/2112/1594 1549/2037/1594
f 1562/2035/1595 1594/2074/1595 1563/2038/1595
f 1550/2039/1596 1580/2112/1596 1581/2076/1596
f 1583/2079/1597 1613/2113/1597 1614/2114/1597
f 1596/2078/1598 1628/2115/1598 1597/2080/1598
f 1584/2081/1599 1614/2114/1599 1615/2116/1599
f 1598/2084/1601 1628/2115/1601 1629/2119/1601
f 1584/2081/1602 1616/2120/1602 1585/2085/1602
f 1571/2083/1603 1603/2121/1603 2460/2122/1603
f 1598/2084/1604 1630/2123/1604 1599/2087/1604
f 1586/2088/1605 1616/2120/1605 1617/2124/1605
f 1417/1849/28 2908/1924/28 2909/1849/28
f 1599/2087/1606 1631/2125/1606 1600/2089/1606
f 1586/2088/1607 1618/2126/1607 1587/2090/1607
f 1573/2127/1608 1604/2128/1608 1605/2129/1608
f 1600/2089/1609 1632/2130/1609 1601/2094/1609
f 1588/2095/1610 1618/2126/1610 1619/2131/1610
f 1574/2093/1611 1606/2132/1611 2203/2133/1611
f 1601/2094/1612 2039/2134/1612 2038/2135/1612
f 1588/2095/1613 1620/2136/1613 1589/2100/1613
f 2255/2137/1614 1606/2132/1614 2202/2138/1614
f 1589/2100/1615 1621/2139/1615 1590/2103/1615
f 1576/2140/1616 1607/2141/1616 1608/2142/1616
f 1590/2103/1617 1622/2143/1617 1591/2107/1617
f 1577/2106/1618 1609/2144/1618 1578/2108/1618
f 1591/2107/1619 1623/2145/1619 1592/2109/1619
f 1579/2110/1620 1609/2144/1620 1610/2146/1620
f 1593/2111/1621 1623/2145/1621 1624/2147/1621
f 1579/2110/1622 1611/2148/1622 1580/2112/1622
f 1593/2111/1623 1625/2149/1623 1594/2074/1623
f 1581/2076/1624 1611/2148/1624 1612/2150/1624
f 1595/2075/1625 1625/2149/1625 1626/2151/1625
f 1582/2077/1626 1612/2150/1626 1613/2113/1626
f 1595/2075/1627 1627/2152/1627 1596/2078/1627
f 1615/2116/1628 1647/2153/1628 1616/2120/1628
f 1602/2118/1629 1634/2154/1629 2463/2155/1629
f 1629/2119/1630 1661/2156/1630 1630/2123/1630
f 1617/2124/1631 1647/2153/1631 1648/2157/1631
f 2503/2053/1550 3006/2158/1550 2483/2158/1550
f 1631/2125/1632 1661/2156/1632 1662/2159/1632
f 1617/2124/1633 1649/2160/1633 1618/2126/1633
f 1604/2128/1634 2464/2161/1634 1636/2162/1634
f 1631/2125/1635 1663/2163/1635 1632/2130/1635
f 1619/2131/1636 1649/2160/1636 1650/2164/1636
f 1605/2129/1637 1637/2165/1637 2206/2166/1637
f 2039/2167/1638 1663/2163/1638 2040/2168/1638
f 1619/2131/1639 1651/2169/1639 1620/2136/1639
f 2254/2170/1640 1637/2165/1640 2205/2171/1640
f 1620/2136/1641 1652/2172/1641 1621/2139/1641
f 1607/2141/1642 2207/2173/1642 1639/2174/1642
f 1621/2139/1643 1653/2175/1643 1622/2143/1643
f 1608/2142/1644 1640/2176/1644 1609/2144/1644
f 1622/2143/1645 1654/2177/1645 1623/2145/1645
f 1610/2146/1646 1640/2176/1646 1641/2178/1646
f 1624/2147/1647 1654/2177/1647 1655/2179/1647
f 1610/2146/1648 1642/2180/1648 1611/2148/1648
f 1624/2147/1649 1656/2181/1649 1625/2149/1649
f 1612/2150/1650 1642/2180/1650 1643/2182/1650
f 1626/2151/1651 1656/2181/1651 1657/2183/1651
f 1613/2113/1652 1643/2182/1652 1644/2184/1652
f 1626/2151/1653 1658/2185/1653 1627/2152/1653
f 1614/2114/1654 1644/2184/1654 1645/2186/1654
f 1627/2152/1655 1659/2187/1655 1628/2115/1655
f 1615/2116/1656 1645/2186/1656 1646/2188/1656
f 1629/2119/1658 1659/2187/1658 1660/2191/1658
f 1648/2157/1659 1680/2192/1659 1649/2160/1659
f 1635/2193/1660 2466/2194/1660 1667/2195/1660
f 1663/2163/1661 1693/2196/1661 1694/2197/1661
f 1650/2164/1662 1680/2192/1662 1681/2198/1662
f 1636/2162/1663 1668/2199/1663 2209/2200/1663
f 2040/2201/1664 1694/2197/1664 2041/2202/1664
f 1650/2164/1665 1682/2203/1665 1651/2169/1665
f 2253/2204/1666 1668/2199/1666 2208/2205/1666
f 1651/2169/1667 1683/2206/1667 1652/2172/1667
f 1638/2207/1668 2210/2208/1668 1670/2209/1668
f 1652/2172/1669 1684/2210/1669 1653/2175/1669
f 1639/2174/1670 1671/2211/1670 1640/2176/1670
f 1653/2175/1671 1685/2212/1671 1654/2177/1671
f 1641/2178/1672 1671/2211/1672 1672/2213/1672
f 1655/2179/1673 1685/2212/1673 1686/2214/1673
f 1641/2178/1674 1673/2215/1674 1642/2180/1674
f 1655/2179/1675 1687/2216/1675 1656/2181/1675
f 1643/2182/1676 1673/2215/1676 1674/2217/1676
f 1657/2183/1677 1687/2216/1677 1688/2218/1677
f 1644/2184/1678 1674/2217/1678 1675/2219/1678
f 1657/2183/1679 1689/2220/1679 1658/2185/1679
f 1644/2184/1680 1676/2221/1680 1645/2186/1680
f 1658/2185/1681 1690/2222/1681 1659/2187/1681
f 1646/2188/1682 1676/2221/1682 1677/2223/1682
f 1660/2191/1684 1690/2222/1684 1691/2226/1684
f 1646/2188/1685 1678/2227/1685 1647/2153/1685
f 1633/2190/1686 1665/2228/1686 2467/2229/1686
f 1660/2191/1687 1692/2230/1687 1661/2156/1687
f 1648/2157/1688 1678/2227/1688 1679/2231/1688
f 1727/2232/28 2928/2233/28 2929/2232/28
f 1662/2159/1689 1692/2230/1689 1693/2196/1689
f 1681/2198/1690 1713/2234/1690 1682/2203/1690
f 2252/2235/1691 1699/2236/1691 2211/2237/1691
f 1682/2203/1692 1714/2238/1692 1683/2206/1692
f 1669/2239/1693 2212/2240/1693 1701/2241/1693
f 1683/2206/1694 1715/2242/1694 1684/2210/1694
f 1670/2209/1695 1702/2243/1695 1671/2211/1695
f 1684/2210/1696 1716/2244/1696 1685/2212/1696
f 1672/2213/1697 1702/2243/1697 1703/2245/1697
f 1686/2214/1698 1716/2244/1698 1717/2246/1698
f 1672/2213/1699 1704/2247/1699 1673/2215/1699
f 1686/2214/1700 1718/2248/1700 1687/2216/1700
f 1674/2217/1701 1704/2247/1701 1705/2249/1701
f 1688/2218/1702 1718/2248/1702 1719/2250/1702
f 1675/2219/1703 1705/2249/1703 1706/2251/1703
f 1689/2220/1704 1719/2250/1704 1720/2252/1704
f 1676/2221/1705 1706/2251/1705 1707/2253/1705
f 1689/2220/1706 1721/2254/1706 1690/2222/1706
f 1677/2223/1707 1707/2253/1707 1708/2255/1707
f 1690/2222/1709 1722/2258/1709 1691/2226/1709
f 1677/2223/1710 1709/2259/1710 1678/2227/1710
f 1664/2225/1711 1696/2260/1711 2469/2261/1711
f 1691/2226/1712 1723/2262/1712 1692/2230/1712
f 1679/2231/1713 1709/2259/1713 1710/2263/1713
f 640/862/28 2860/897/28 2861/862/28
f 1692/2230/1714 1724/2264/1714 1693/2196/1714
f 1679/2231/1715 1711/2265/1715 1680/2192/1715
f 1666/2266/1716 2470/2267/1716 1698/2268/1716
f 1693/2196/1717 1725/2269/1717 1694/2197/1717
f 1681/2198/1718 1711/2265/1718 1712/2270/1718
f 1667/2195/1719 1699/2236/1719 2213/2271/1719
f 1694/2197/1720 2042/2272/1720 2041/2273/1720
f 1714/2238/1721 1746/2274/1721 1715/2242/1721
f 1701/2241/1722 1733/2275/1722 1702/2243/1722
f 1715/2242/1723 1747/2276/1723 1716/2244/1723
f 1703/2245/1724 1733/2275/1724 1734/2277/1724
f 1717/2246/1725 1747/2276/1725 1748/2278/1725
f 1703/2245/1726 1735/2279/1726 1704/2247/1726
f 1717/2246/1727 1749/2280/1727 1718/2248/1727
f 1705/2249/1728 1735/2279/1728 1736/2281/1728
f 1719/2250/1729 1749/2280/1729 1750/2282/1729
f 1706/2251/1730 1736/2281/1730 1737/2283/1730
f 1720/2252/1731 1750/2282/1731 1751/2284/1731
f 1706/2251/1732 1738/2285/1732 1707/2253/1732
f 1720/2252/1733 1752/2286/1733 1721/2254/1733
f 1708/2255/1734 1738/2285/1734 1739/2287/1734
f 1722/2258/1736 1752/2286/1736 1753/2290/1736
f 1708/2255/1737 1740/2291/1737 1709/2259/1737
f 1695/2257/1738 1727/2232/1738 2472/2292/1738
f 1722/2258/1739 1754/2293/1739 1723/2262/1739
f 1710/2263/1740 1740/2291/1740 1741/2294/1740
f 950/1265/28 2880/1303/28 2881/1265/28
f 1724/2264/1741 1754/2293/1741 1755/2295/1741
f 1710/2263/1742 1742/2296/1742 1711/2265/1742
f 1697/2297/1743 2473/2298/1743 1729/2299/1743
f 1724/2264/1744 1756/2300/1744 1725/2269/1744
f 1712/2270/1745 1742/2296/1745 1743/2301/1745
f 1698/2268/1746 1730/2302/1746 2215/2303/1746
f 1725/2269/1747 2043/2304/1747 2042/2305/1747
f 1712/2270/1748 1744/2306/1748 1713/2234/1748
f 2251/2307/1749 1730/2302/1749 2214/2308/1749
f 1713/2234/1750 1745/2309/1750 1714/2238/1750
f 1700/2310/1751 1731/2311/1751 1732/2312/1751
f 1748/2278/1752 1778/2313/1752 1779/2314/1752
f 1734/2277/1753 1766/2315/1753 1735/2279/1753
f 1748/2278/1754 1780/2316/1754 1749/2280/1754
f 1736/2281/1755 1766/2315/1755 1767/2317/1755
f 1750/2282/1756 1780/2316/1756 1781/2318/1756
f 1737/2283/1757 1767/2317/1757 1768/2319/1757
f 1750/2282/1758 1782/2320/1758 1751/2284/1758
f 1738/2285/1759 1768/2319/1759 1769/2321/1759
f 1751/2284/1760 1783/2322/1760 1752/2286/1760
f 1739/2287/1761 1769/2321/1761 1770/2323/1761
f 1753/2290/1763 1783/2322/1763 1784/2326/1763
f 1739/2287/1764 1771/2327/1764 1740/2291/1764
f 1726/2289/1765 1758/2328/1765 2475/2233/1765
f 1753/2290/1766 1785/2329/1766 1754/2293/1766
f 1741/2294/1767 1771/2327/1767 1772/2330/1767
f 1882/2331/28 2938/2332/28 2939/2331/28
f 1754/2293/1768 1786/2333/1768 1755/2295/1768
f 1741/2294/1769 1773/2334/1769 1742/2296/1769
f 1728/2335/1770 2476/2336/1770 1760/2337/1770
f 1756/2300/1771 1786/2333/1771 1787/2338/1771
f 1743/2301/1772 1773/2334/1772 1774/2339/1772
f 1729/2299/1773 1761/2340/1773 2218/2341/1773
f 1756/2300/1774 2044/2342/1774 2043/2343/1774
f 1743/2301/1775 1775/2344/1775 1744/2306/1775
f 2250/2345/1776 1761/2340/1776 2217/2346/1776
f 1744/2306/1777 1776/2347/1777 1745/2309/1777
f 1731/2311/1778 2219/2348/1778 1763/2349/1778
f 1745/2309/1779 1777/2350/1779 1746/2274/1779
f 1732/2312/1780 1764/2351/1780 1733/2275/1780
f 1746/2274/1781 1778/2313/1781 1747/2276/1781
f 1734/2277/1782 1764/2351/1782 1765/2352/1782
f 1781/2318/1783 1811/2353/1783 1812/2354/1783
f 1768/2319/1784 1798/2355/1784 1799/2356/1784
f 1781/2318/1785 1813/2357/1785 1782/2320/1785
f 1768/2319/1786 1800/2358/1786 1769/2321/1786
f 1783/2322/1787 1813/2357/1787 1814/2359/1787
f 1770/2323/1788 1800/2358/1788 1801/2360/1788
f 1784/2326/1790 1814/2359/1790 1815/2363/1790
f 1770/2323/1791 1802/2364/1791 1771/2327/1791
f 1757/2325/1792 1789/1306/1792 2478/2365/1792
f 1785/2329/1793 1815/2363/1793 1816/2366/1793
f 1772/2330/1794 1802/2364/1794 1803/2367/1794
f 1786/2333/1796 1816/2366/1796 1817/2369/1796
f 1772/2330/1797 1804/2370/1797 1773/2334/1797
f 1759/2371/1798 2479/2372/1798 1791/2373/1798
f 1787/2338/1799 1817/2369/1799 1818/2374/1799
f 1774/2339/1800 1804/2370/1800 1805/2375/1800
f 1760/2337/1801 1792/2376/1801 2221/2377/1801
f 1787/2338/1802 2045/2378/1802 2044/2379/1802
f 1774/2339/1803 1806/2380/1803 1775/2344/1803
f 2249/2381/1804 1792/2376/1804 2220/2382/1804
f 1775/2344/1805 1807/2383/1805 1776/2347/1805
f 1762/2384/1806 2222/2385/1806 1794/2386/1806
f 1776/2347/1807 1808/2387/1807 1777/2350/1807
f 1763/2349/1808 1795/2388/1808 1764/2351/1808
f 1777/2350/1809 1809/2389/1809 1778/2313/1809
f 1765/2352/1810 1795/2388/1810 1796/2390/1810
f 1779/2314/1811 1809/2389/1811 1810/2391/1811
f 1765/2352/1812 1797/2392/1812 1766/2315/1812
f 1779/2314/1813 1811/2353/1813 1780/2316/1813
f 1767/2317/1814 1797/2392/1814 1798/2355/1814
f 1813/2357/1815 1845/2393/1815 1814/2359/1815
f 1801/2360/1816 1831/2394/1816 1832/2395/1816
f 1815/2363/1818 1845/2393/1818 1846/2398/1818
f 1801/2360/1819 1833/2399/1819 1802/2364/1819
f 1788/2362/1820 1820/2400/1820 2481/1307/1820
f 1815/2363/1821 1847/2401/1821 1816/2366/1821
f 1803/2367/1822 1833/2399/1822 1834/2402/1822
f 2409/1439/28 2888/1438/28 2885/1439/28
f 1816/2366/1823 1848/2403/1823 1817/2369/1823
f 1803/2367/1824 1835/2404/1824 1804/2370/1824
f 1790/2405/1825 2482/2406/1825 1822/2407/1825
f 1817/2369/1826 1849/2408/1826 1818/2374/1826
f 1805/2375/1827 1835/2404/1827 1836/2409/1827
f 1791/2373/1828 1823/2410/1828 2224/2411/1828
f 1818/2374/1829 2046/2412/1829 2045/2413/1829
f 1805/2375/1830 1837/2414/1830 1806/2380/1830
f 2248/2415/1831 1823/2410/1831 2223/2416/1831
f 1806/2380/1832 1838/2417/1832 1807/2383/1832
f 1793/2418/1833 2225/2419/1833 1825/2420/1833
f 1807/2383/1834 1839/2421/1834 1808/2387/1834
f 1794/2386/1835 1826/2422/1835 1795/2388/1835
f 1808/2387/1836 1840/2423/1836 1809/2389/1836
f 1796/2390/1837 1826/2422/1837 1827/2424/1837
f 1810/2391/1838 1840/2423/1838 1841/2425/1838
f 1796/2390/1839 1828/2426/1839 1797/2392/1839
f 1810/2391/1840 1842/2427/1840 1811/2353/1840
f 1798/2355/1841 1828/2426/1841 1829/2428/1841
f 1812/2354/1842 1842/2427/1842 1843/2429/1842
f 1799/2356/1843 1829/2428/1843 1830/2430/1843
f 1813/2357/1844 1843/2429/1844 1844/2431/1844
f 1799/2356/1845 1831/2394/1845 1800/2358/1845
f 1819/2397/1846 1851/2432/1846 2484/2433/1846
f 1847/2401/1847 1877/2434/1847 1878/2435/1847
f 1834/2402/1848 1864/2436/1848 1865/2437/1848
f 1260/794/28 2898/478/28 2899/794/28
f 1848/2403/1849 1878/2435/1849 1879/2438/1849
f 1834/2402/1850 1866/2439/1850 1835/2404/1850
f 1821/2440/1851 2485/2441/1851 1853/2442/1851
f 1848/2403/1852 1880/2443/1852 1849/2408/1852
f 1836/2409/1853 1866/2439/1853 1867/2444/1853
f 1822/2407/1854 1854/2445/1854 2227/2446/1854
f 1849/2408/1855 2047/2447/1855 2046/2448/1855
f 1836/2409/1856 1868/2449/1856 1837/2414/1856
f 2247/2450/1857 1854/2445/1857 2226/2451/1857
f 1837/2414/1858 1869/2452/1858 1838/2417/1858
f 1824/2453/1859 2228/2454/1859 1856/2455/1859
f 1838/2417/1860 1870/2456/1860 1839/2421/1860
f 1825/2420/1861 1857/2457/1861 1826/2422/1861
f 1839/2421/1862 1871/2458/1862 1840/2423/1862
f 1827/2424/1863 1857/2457/1863 1858/2459/1863
f 1841/2425/1864 1871/2458/1864 1872/2460/1864
f 1827/2424/1865 1859/2461/1865 1828/2426/1865
f 1841/2425/1866 1873/2462/1866 1842/2427/1866
f 1829/2428/1867 1859/2461/1867 1860/2463/1867
f 1843/2429/1868 1873/2462/1868 1874/2464/1868
f 1830/2430/1869 1860/2463/1869 1861/2465/1869
f 1843/2429/1870 1875/2466/1870 1844/2431/1870
f 1831/2394/1871 1861/2465/1871 1862/2467/1871
f 1844/2431/1872 1876/2468/1872 1845/2393/1872
f 1832/2395/1873 1862/2467/1873 1863/2469/1873
f 1846/2398/1875 1876/2468/1875 1877/2434/1875
f 1832/2395/1876 1864/2436/1876 1833/2399/1876
f 1852/2472/1877 2487/2473/1877 1884/2474/1877
f 1880/2443/1878 1910/2475/1878 1911/2476/1878
f 1867/2444/1879 1897/2477/1879 1898/2478/1879
f 1853/2442/1880 1885/2479/1880 2230/2480/1880
f 1880/2443/1881 2048/2481/1881 2047/2482/1881
f 1867/2444/1882 1899/2483/1882 1868/2449/1882
f 2246/2484/1883 1885/2479/1883 2229/2485/1883
f 1868/2449/1884 1900/2486/1884 1869/2452/1884
f 1855/2487/1885 1886/2488/1885 1887/2489/1885
f 1869/2452/1886 1901/2490/1886 1870/2456/1886
f 1856/2455/1887 1888/2491/1887 1857/2457/1887
f 1870/2456/1888 1902/2492/1888 1871/2458/1888
f 1858/2459/1889 1888/2491/1889 1889/2493/1889
f 1872/2460/1890 1902/2492/1890 1903/2494/1890
f 1858/2459/1891 1890/2495/1891 1859/2461/1891
f 1872/2460/1892 1904/2496/1892 1873/2462/1892
f 1860/2463/1893 1890/2495/1893 1891/2497/1893
f 1874/2464/1894 1904/2496/1894 1905/2498/1894
f 1861/2465/1895 1891/2497/1895 1892/2499/1895
f 1874/2464/1896 1906/2500/1896 1875/2466/1896
f 1862/2467/1897 1892/2499/1897 1893/2501/1897
f 1875/2466/1898 1907/2502/1898 1876/2468/1898
f 1863/2469/1899 1893/2501/1899 1894/2503/1899
f 1877/2434/1901 1907/2502/1901 1908/2506/1901
f 1863/2469/1902 1895/2507/1902 1864/2436/1902
f 1850/2471/1903 1882/2331/1903 2488/2508/1903
f 1877/2434/1904 1909/2509/1904 1878/2435/1904
f 1865/2437/1905 1895/2507/1905 1896/2510/1905
f 2543/2368/1795 2964/2511/1795 2363/2511/1795
f 1878/2435/1906 1910/2475/1906 1879/2438/1906
f 1865/2437/1907 1897/2477/1907 1866/2439/1907
f 2245/2512/1908 1916/2513/1908 2232/2514/1908
f 1899/2483/1909 1931/2515/1909 1900/2486/1909
f 1886/2488/1910 2233/2516/1910 1918/2517/1910
f 1900/2486/1911 1932/2518/1911 1901/2490/1911
f 1887/2489/1912 1919/2519/1912 1888/2491/1912
f 1901/2490/1913 1933/2520/1913 1902/2492/1913
f 1889/2493/1914 1919/2519/1914 1920/2521/1914
f 1903/2494/1915 1933/2520/1915 1934/2522/1915
f 1889/2493/1916 1921/2523/1916 1890/2495/1916
f 1903/2494/1917 1935/2524/1917 1904/2496/1917
f 1891/2497/1918 1921/2523/1918 1922/2525/1918
f 1905/2498/1919 1935/2524/1919 1936/2526/1919
f 1892/2499/1920 1922/2525/1920 1923/2527/1920
f 1905/2498/1921 1937/2528/1921 1906/2500/1921
f 1893/2501/1922 1923/2527/1922 1924/2529/1922
f 1906/2500/1923 1938/2530/1923 1907/2502/1923
f 1894/2503/1924 1924/2529/1924 1925/2531/1924
f 1908/2506/1926 1938/2530/1926 1939/2534/1926
f 1894/2503/1927 1926/2535/1927 1895/2507/1927
f 1881/2505/1928 1913/2536/1928 2490/2332/1928
f 1908/2506/1929 1940/2537/1929 1909/2509/1929
f 1896/2510/1930 1926/2535/1930 1927/2538/1930
f 1105/1473/28 2889/1511/28 2890/1473/28
f 1909/2509/1931 1941/2539/1931 1910/2475/1931
f 1896/2510/1932 1928/2540/1932 1897/2477/1932
f 1883/2541/1933 2491/2542/1933 1915/2543/1933
f 1910/2475/1934 1942/2544/1934 1911/2476/1934
f 1898/2478/1935 1928/2540/1935 1929/2545/1935
f 1884/2474/1936 1916/2513/1936 2234/2546/1936
f 1911/2476/1937 2049/2547/1937 2048/2548/1937
f 1898/2478/1938 1930/2549/1938 1899/2483/1938
f 1918/2517/1939 1950/2550/1939 1919/2519/1939
f 1932/2518/1940 1964/2551/1940 1933/2520/1940
f 1919/2519/1941 1951/2552/1941 1920/2521/1941
f 1934/2522/1942 1964/2551/1942 1965/2553/1942
f 1920/2521/1943 1952/2554/1943 1921/2523/1943
f 1934/2522/1944 1966/2555/1944 1935/2524/1944
f 1921/2523/1945 1953/2556/1945 1922/2525/1945
f 1936/2526/1946 1966/2555/1946 1967/2557/1946
f 1922/2525/1947 1954/2558/1947 1923/2527/1947
f 1937/2528/1948 1967/2557/1948 1968/2559/1948
f 1923/2527/1949 1955/2560/1949 1924/2529/1949
f 1938/2530/1950 1968/2559/1950 1969/2561/1950
f 1925/2531/1951 1955/2560/1951 1956/2562/1951
f 1939/2534/1953 1969/2561/1953 1970/2565/1953
f 1925/2531/1954 1957/2566/1954 1926/2535/1954
f 1912/2533/1955 1944/2567/1955 2493/2568/1955
f 1940/2537/1956 1970/2565/1956 1971/2569/1956
f 1927/2538/1957 1957/2566/1957 1958/2570/1957
f 1940/2537/1959 1972/2572/1959 1941/2539/1959
f 1927/2538/1960 1959/2573/1960 1928/2540/1960
f 1914/2574/1961 2494/2575/1961 1946/2576/1961
f 1941/2539/1962 1973/2577/1962 1942/2544/1962
f 1929/2545/1963 1959/2573/1963 1960/2578/1963
f 1915/2543/1964 1947/2579/1964 2236/2580/1964
f 1942/2544/1965 2050/2581/1965 2049/2582/1965
f 1929/2545/1966 1961/2583/1966 1930/2549/1966
f 2244/2584/1967 1947/2579/1967 2235/2585/1967
f 1930/2549/1968 1962/2586/1968 1931/2515/1968
f 1917/2587/1969 2237/2588/1969 1949/2589/1969
f 1931/2515/1970 1963/2590/1970 1932/2518/1970
f 1951/2552/1971 4/29/1971 1952/2554/1971
f 1965/2553/1972 14/32/1972 1966/2555/1972
f 1952/2554/1973 1980/33/1973 1953/2556/1973
f 1966/2555/1974 15/36/1974 1967/2557/1974
f 1967/2557/1976 1984/40/1976 1968/2559/1976
f 1955/2560/1977 1981/37/1977 5/42/1977
f 1968/2559/1978 1985/44/1978 1969/2561/1978
f 1956/2562/1979 5/42/1979 6/45/1979
f 1970/2565/1981 1985/44/1981 1986/51/1981
f 1956/2562/1982 7/52/1982 1957/2566/1982
f 1943/2564/1983 2/2592/1983 2498/2593/1983
f 1970/2565/1984 16/57/1984 1971/2569/1984
f 1958/2570/1985 7/52/1985 1982/59/1985
f 2502/2571/1958 3007/2594/1958 2486/2594/1958
f 1971/2569/1986 17/62/1986 1972/2572/1986
f 1958/2570/1987 8/64/1987 1959/2573/1987
f 1945/2595/1988 2495/2596/1988 1975/4/1988
f 1972/2572/1989 18/7/1989 1973/2577/1989
f 1960/2578/1990 8/64/1990 9/1/1990
f 1946/2576/1991 1976/2597/1991 2239/2598/1991
f 1973/2577/1992 1988/2599/1992 2050/2600/1992
f 1960/2578/1993 10/11/1993 1961/2583/1993
f 2243/2601/1994 1976/2597/1994 2238/2602/1994
f 1961/2583/1995 1983/15/1995 1962/2586/1995
f 1948/2603/1996 1977/16/1996 3/2604/1996
f 1962/2586/1997 11/20/1997 1963/2590/1997
f 1950/2550/1998 3/2604/1998 1978/21/1998
f 1963/2590/1999 12/24/1999 1964/2551/1999
f 1951/2552/2000 1978/21/2000 1979/25/2000
f 1964/2551/2001 13/28/2001 1965/2553/2001
f 1290/2605/2002 2050/2600/2002 1988/2599/2002
f 1290/2606/2003 2049/2582/2003 2050/2581/2003
f 1290/2619/2016 2036/2063/2016 2037/2064/2016
f 1290/2620/2017 2035/2025/2017 2036/2024/2017
f 1290/2621/2018 2034/1967/2018 2035/1966/2018
f 1290/2622/2019 2033/1898/2019 2034/1897/2019
f 1290/2635/2032 2021/1382/2032 2022/1383/2032
f 1290/2636/2033 2020/1349/2033 2021/1348/2033
f 1290/2637/2034 2019/1317/2034 2020/1318/2034
f 1290/2638/2035 2018/1279/2035 2019/1278/2035
f 1290/2651/2048 2005/729/2048 2006/731/2048
f 1290/2652/2049 2004/697/2049 2005/696/2049
f 1290/2653/2050 2003/666/2050 2004/665/2050
f 1290/2654/2051 2002/628/2051 2003/627/2051
f 1290/2667/2064 1989/92/2064 1990/93/2064
f 1290/2668/2065 1988/9/2065 1989/8/2065
f 2240/2669/1994 2238/2602/1994 1977/16/1994
f 2237/2588/1967 2235/2585/1967 1948/2603/1967
f 2233/2516/1908 2232/2514/1908 1917/2587/1908
f 2231/2670/1883 2229/2485/1883 1886/2488/1883
f 2228/2454/1857 2226/2451/1857 1855/2487/1857
f 2225/2419/1831 2223/2416/1831 1824/2453/1831
f 2222/2385/1804 2220/2382/1804 1793/2418/1804
f 2219/2348/1776 2217/2346/1776 1762/2384/1776
f 2216/2671/1749 2214/2308/1749 1731/2311/1749
f 2212/2240/1691 2211/2237/1691 1700/2310/1691
f 2210/2208/1666 2208/2205/1666 1669/2239/1666
f 2207/2173/1640 2205/2171/1640 1638/2207/1640
f 2204/2672/1614 2202/2138/1614 1607/2141/1614
f 2201/2105/1586 2199/2102/1586 1576/2140/1586
f 2198/2070/1559 2196/2067/1559 1545/2104/1559
f 2195/2032/1531 2193/2029/1531 1514/2069/1531
f 2191/1935/1473 2190/1932/1473 1483/2675/1473
f 2189/1903/1448 2187/1901/1448 1452/1934/1448
f 2186/2676/1422 2184/1866/1422 1421/1869/1422
f 2183/1836/1395 2181/1833/1395 1390/1868/1395
f 2180/1802/1368 2178/1799/1368 1359/1835/1368
f 2177/1767/1341 2175/1764/1341 1327/1801/1341
f 2173/1694/1314 2172/1730/1314 1296/1766/1314
f 2171/1665/1256 2169/1662/1256 1264/1693/1256
f 2168/1634/1230 2166/1631/1230 1233/1664/1230
f 2165/1600/1205 2163/1597/1205 1202/1633/1205
f 2162/1566/1177 2160/1563/1177 1171/1599/1177
f 2159/1532/1150 2157/1529/1150 1140/1565/1150
f 2156/1495/1123 2154/1492/1123 1109/1531/1123
f 2152/1418/1096 2151/1455/1096 1078/1494/1096
f 2150/2677/1040 2148/1386/1040 1047/1389/1040
f 2147/1354/1014 2145/1352/1014 1016/1388/1014
f 2144/2678/988 2142/1321/988 985/1324/988
f 2141/1285/961 2139/1282/961 954/1323/961
f 2138/1249/934 2136/1246/934 923/1284/934
f 2135/1212/907 2133/1209/907 892/1248/907
f 2131/1138/848 2130/1135/848 861/1211/848
f 2129/1107/823 2127/1104/823 830/1137/823
f 2126/1089/813 2124/1086/813 799/1106/813
f 2122/1019/755 2121/1016/755 768/1088/755
f 2120/986/730 2118/984/730 737/1018/730
f 2117/2679/704 2115/949/704 706/952/704
f 2114/917/678 2112/914/678 675/951/678
f 2111/881/650 2109/878/650 644/916/650
f 2108/847/623 2106/844/623 613/880/623
f 2104/769/595 2103/807/595 582/846/595
f 2102/2680/538 2100/734/538 551/737/538
f 2099/703/512 2097/700/512 520/736/512
f 2096/671/486 2094/669/486 489/702/486
f 2093/2681/459 2091/631/459 458/634/459
f 2090/595/432 2088/592/432 427/633/432
f 2087/561/405 2085/558/405 396/594/405
f 2083/486/346 2082/483/346 365/560/346
f 2081/454/321 2079/451/321 334/485/321
f 2078/420/295 2076/417/295 303/453/295
f 2075/386/269 2073/383/269 272/419/269
f 2072/351/241 2070/348/241 241/385/241
f 2069/314/214 2067/311/214 210/350/214
f 2066/276/187 2064/273/187 179/313/187
f 2062/200/128 2061/197/128 148/275/128
f 2060/170/103 2058/167/103 117/199/103
f 2057/135/77 2055/132/77 86/169/77
f 2054/99/51 2052/96/51 55/134/51
f 2242/17/5 2051/13/5 24/98/5
f 2342/224/28 2805/225/28 2598/224/28
f 238/372/28 2585/338/28 2584/372/28
f 2406/1410/28 2886/1409/28 2884/1410/28
f 2549/225/28 2601/297/28 2805/225/28
f 2443/1856/28 2695/1855/28 2699/1856/28
f 2320/229/28 2572/228/28 2576/229/28
f 1883/2541/28 2744/2473/28 2743/2541/28
f 2542/2682/2066 2965/2683/2066 2366/2683/2066
f 2465/193/28 2764/369/28 2721/193/28
f 2458/2092/28 2710/2091/28 2714/2092/28
f 981/1302/28 2882/1375/28 2976/1302/28
f 1293/1753/28 2687/1720/28 2686/1753/28
f 2508/369/28 2724/403/28 2764/369/28
f 207/337/28 2582/301/28 2581/337/28
f 2345/297/28 2804/510/28 2601/297/28
f 2548/510/28 2604/655/28 2804/510/28
f 1261/1719/28 2684/1690/28 2683/1719/28
f 2501/2684/2067 3008/2687/2067 2489/2687/2067
f 2468/403/28 2763/686/28 2724/403/28
f 176/300/28 2579/263/28 2578/300/28
f 2527/2686/2068 2981/2688/2068 2411/2688/2068
f 2507/686/28 2727/830/28 2763/686/28
f 2348/655/28 2803/900/28 2604/655/28
f 2547/900/28 2607/1009/28 2803/900/28
f 145/262/28 2576/229/28 2575/262/28
f 423/575/28 2847/613/28 2848/575/28
f 734/1046/28 2633/974/28 2632/1046/28
f 1230/1621/28 2681/2690/28 2680/1621/28
f 1665/2228/28 2924/2261/28 2925/2228/28
f 2471/830/28 2762/1043/28 2727/830/28
f 2497/66/28 2753/65/28 2754/66/28
f 578/789/28 2856/827/28 2857/789/28
f 2482/2406/28 2734/2405/28 2738/2406/28
f 2506/1043/28 2730/1131/28 2762/1043/28
f 2541/2689/2069 2966/2691/2069 2369/2691/2069
f 2437/1789/28 2689/1788/28 2693/1789/28
f 1199/1620/28 2678/1587/28 2677/1620/28
f 888/1192/28 2876/1229/28 2877/1192/28
f 2452/2015/28 2704/2014/28 2708/2015/28
f 2351/1009/28 2802/1162/28 2607/1009/28
f 2400/1303/28 2976/1302/28 2880/1303/28
f 2422/1587/28 2674/1586/28 2678/1587/28
f 2546/1162/28 2610/1269/28 2802/1162/28
f 733/1006/28 2866/1040/28 2867/1006/28
f 2316/156/28 2569/155/28 2573/156/28
f 2474/1131/28 2761/1338/28 2730/1131/28
f 1168/1586/28 2675/1553/28 2674/1586/28
f 2505/1338/28 2733/1442/28 2761/1338/28
f 83/155/28 2570/122/28 2569/155/28
f 2354/1269/28 2801/1583/28 2610/1269/28
f 2500/2692/2070 3009/2694/2070 2492/2694/2070
f 2545/1583/28 2613/1687/28 2801/1583/28
f 1137/1519/28 2672/2695/28 2671/1519/28
f 2/2592/28 2819/55/28 2820/2592/28
f 2477/1442/28 2760/1716/28 2733/1442/28
f 52/121/28 2567/86/28 2566/121/28
f 268/118/28 2837/399/28 2838/118/28
f 2504/1716/28 2736/1785/28 2760/1716/28
f 2476/2336/28 2728/2335/28 2732/2336/28
f 2526/2693/2071 2982/2696/2071 2414/2696/2071
f 2357/1687/28 2800/1852/28 2613/1687/28
f 2371/2697/28 2623/903/28 2627/2697/28
f 1043/1409/28 2885/1439/28 2886/1409/28
f 1106/1518/28 2669/1482/28 2668/1518/28
f 2401/1311/28 2653/1310/28 2657/1311/28
f 2491/2542/28 2743/2541/28 2747/2542/28
f 2544/1852/28 2616/1926/28 2800/1852/28
f 2397/1266/28 2881/1265/28 2878/1266/28
f 2480/1785/28 2759/2053/28 2736/1785/28
f 2431/1720/28 2683/1719/28 2687/1720/28
f 2540/2698/2072 2967/2699/2072 2372/2699/2072
f 2416/2695/28 2668/1518/28 2672/2695/28
f 2503/2053/28 2739/2158/28 2759/2053/28
f 2355/690/28 2608/689/28 2612/690/28
f 1075/1481/28 2666/1446/28 2665/1481/28
f 2360/1926/28 2799/2368/28 2616/1926/28
f 2543/2368/28 2619/2511/28 2799/2368/28
f 2499/2700/2073 3010/2702/2073 2496/2702/2073
f 2483/2158/28 2758/2571/28 2739/2158/28
f 1044/1445/28 2663/1414/28 2662/1445/28
f 2525/2701/2074 2983/2703/2074 2417/2703/2074
f 2502/2571/28 2742/2594/28 2758/2571/28
f 2363/2511/28 2798/2682/28 2619/2511/28
f 2394/1229/28 2879/1228/28 2876/1229/28
f 2335/407/28 2587/406/28 2591/407/28
f 2542/2682/28 2622/2683/28 2798/2682/28
f 2498/2593/28 2820/2592/28 2942/2593/28
f 2350/621/28 2602/620/28 2606/621/28
f 2486/2594/28 2757/2684/28 2742/2594/28
f 2470/2267/28 2722/2266/28 2726/2267/28
f 2408/2685/28 2783/2686/28 2664/2685/28
f 2539/2704/2076 2968/2705/2076 2375/2705/2076
f 2365/2706/28 2617/833/28 2621/2706/28
f 2395/2707/28 2647/1235/28 2651/2707/28
f 206/293/28 2833/332/28 2834/293/28
f 1013/1413/28 2660/1342/28 2659/1413/28
f 2380/1047/28 2632/1046/28 2636/1047/28
f 516/722/28 2853/758/28 2852/722/28
f 2501/2684/28 2745/2687/28 2757/2684/28
f 2527/2686/28 2667/2688/28 2783/2686/28
f 2410/1446/28 2662/1445/28 2666/1446/28
f 2366/2683/28 2797/2689/28 2622/2683/28
f 361/506/28 2843/542/28 2844/506/28
f 982/1341/28 2657/1311/28 2656/1341/28
f 2541/2689/28 2625/2691/28 2797/2689/28
f 2391/1193/28 2877/1192/28 2874/1193/28
f 2489/2687/28 2756/2692/28 2745/2687/28
f 2411/2688/28 2782/2693/28 2667/2688/28
f 2524/2708/2077 2985/2709/2077 2420/2709/2077
f 2500/2692/28 2748/2694/28 2756/2692/28
f 2526/2693/28 2670/2696/28 2782/2693/28
f 51/77/28 2823/113/28 2824/77/28
f 951/1310/28 2654/1272/28 2653/1310/28
f 2369/2691/28 2796/2698/28 2625/2691/28
f 826/1127/28 2872/1159/28 2873/1127/28
f 827/1165/28 2642/1093/28 2641/1165/28
f 2540/2698/28 2628/2699/28 2796/2698/28
f 2492/2694/28 2755/2700/28 2748/2694/28
f 2414/2696/28 2781/2701/28 2670/2696/28
f 2493/2568/28 2943/2567/28 2940/2568/28
f 2314/122/28 2566/121/28 2570/122/28
f 1666/2266/28 2723/2194/28 2722/2266/28
f 2538/2710/2078 2969/2711/2078 2378/2711/2078
f 920/1236/28 2651/2707/28 2650/1236/28
f 2329/338/28 2581/337/28 2585/338/28
f 2388/1159/28 2875/1158/28 2872/1159/28
f 2499/2700/28 2752/2702/28 2755/2700/28
f 2359/765/28 2611/764/28 2615/765/28
f 2525/2701/28 2673/2703/28 2781/2701/28
f 2344/548/28 2596/547/28 2600/548/28
f 2523/2712/2079 2986/2713/2079 2423/2713/2079
f 2372/2699/28 2795/2704/28 2628/2699/28
f 2389/1166/28 2641/1165/28 2645/1166/28
f 2386/1128/28 2873/1127/28 2870/1128/28
f 21/85/28 2754/66/28 2564/85/28
f 2539/2704/28 2631/2705/28 2795/2704/28
f 2490/2332/28 2941/2536/28 2938/2332/28
f 889/1235/28 2648/1199/28 2647/1235/28
f 2417/2703/28 2780/2708/28 2673/2703/28
f 1974/65/28 2751/2596/28 2753/65/28
f 2524/2708/28 2676/2709/28 2780/2708/28
f 2537/2714/2080 2970/2715/2080 2381/2715/2080
f 1945/2595/28 2750/2575/28 2749/2595/28
f 2495/2596/28 2749/2595/28 2751/2596/28
f 2488/2508/28 2939/2331/28 2936/2508/28
f 2375/2705/28 2794/2710/28 2631/2705/28
f 858/1198/28 2645/1166/28 2644/1198/28
f 2538/2710/28 2634/2711/28 2794/2710/28
f 2420/2709/28 2779/2712/28 2676/2709/28
f 299/398/28 2839/475/28 2840/398/28
f 1914/2574/28 2747/2542/28 2746/2574/28
f 2523/2712/28 2679/2713/28 2779/2712/28
f 2522/2716/2081 2987/2717/2081 2426/2717/2081
f 2461/2718/28 2713/2127/28 2717/2718/28
f 2378/2711/28 2793/2714/28 2634/2711/28
f 1572/2086/28 2918/2122/28 2919/2086/28
f 1449/1961/28 2702/1891/28 2701/1961/28
f 2385/1093/28 2638/1092/28 2642/1093/28
f 2382/1070/28 2871/1069/28 2868/1070/28
f 2323/263/28 2575/262/28 2579/263/28
f 2537/2714/28 2637/2715/28 2793/2714/28
f 144/220/28 2829/255/28 2830/220/28
f 2423/2713/28 2778/2716/28 2679/2713/28
f 796/1092/28 2639/1076/28 2638/1092/28
f 2487/2473/28 2740/2472/28 2744/2473/28
f 2522/2716/28 2682/2717/28 2778/2716/28
f 2381/2715/28 2792/2719/28 2637/2715/28
f 2496/2702/28 2818/2720/28 2752/2702/28
f 2536/2719/2082 2971/2721/2082 2384/2721/2082
f 1852/2472/28 2741/2441/28 2740/2472/28
f 2536/2719/28 2640/2721/28 2792/2719/28
f 2562/2720/2083 2944/2722/2083 2307/2722/2083
f 2562/2720/28 2563/2722/28 2818/2720/28
f 765/1075/28 2636/1047/28 2635/1075/28
f 2484/2433/28 2937/2432/28 2934/2433/28
f 2751/2596/2084 2752/2702/2084 2753/65/2084
f 2748/2694/2084 2751/2596/2084 2749/2595/2084
f 2750/2575/2085 2748/2694/2085 2749/2595/2085
f 2745/2687/2085 2750/2575/2085 2746/2574/2085
f 2747/2542/2086 2745/2687/2086 2746/2574/2086
f 2742/2594/2086 2747/2542/2086 2743/2541/2086
f 2744/2473/2087 2742/2594/2087 2743/2541/2087
f 2739/2158/2087 2744/2473/2087 2740/2472/2087
f 2741/2441/2088 2739/2158/2088 2740/2472/2088
f 2736/1785/2088 2741/2441/2088 2737/2440/2088
f 2738/2406/2089 2736/1785/2089 2737/2440/2089
f 2733/1442/2089 2738/2406/2089 2734/2405/2089
f 2735/2372/2090 2733/1442/2090 2734/2405/2090
f 2730/1131/2090 2735/2372/2090 2731/2371/2090
f 2732/2336/2091 2730/1131/2091 2731/2371/2091
f 2727/830/2091 2732/2336/2091 2728/2335/2091
f 2729/2298/2092 2727/830/2092 2728/2335/2092
f 2724/403/2092 2729/2298/2092 2725/2297/2092
f 2726/2267/2093 2724/403/2093 2725/2297/2093
f 2721/193/2093 2726/2267/2093 2722/2266/2093
f 2723/2194/2094 2721/193/2094 2722/2266/2094
f 2718/81/2094 2723/2194/2094 2719/2193/2094
f 2720/2161/2095 2718/81/2095 2719/2193/2095
f 2715/2723/2095 2720/2161/2095 2716/2128/2095
f 2717/2718/2096 2715/2723/2096 2716/2128/2096
f 2712/2724/2096 2717/2718/2096 2713/2127/2096
f 2714/2092/2097 2712/2724/2097 2713/2127/2097
f 2709/2725/2097 2714/2092/2097 2710/2091/2097
f 2711/2057/2098 2709/2725/2098 2710/2091/2098
f 2706/2726/2098 2711/2057/2098 2707/2056/2098
f 2708/2015/2099 2706/2726/2099 2707/2056/2099
f 2703/2727/2099 2708/2015/2099 2704/2014/2099
f 2705/1962/2100 2703/2728/2100 2704/2729/2100
f 2700/2730/2100 2705/1962/2100 2701/1961/2100
f 2702/1891/2101 2700/2730/2101 2701/1961/2101
f 2697/2731/2101 2702/1891/2101 2698/1890/2101
f 2699/1856/2102 2697/2731/2102 2698/1890/2102
f 2694/2732/2102 2699/1856/2102 2695/1855/2102
f 2696/1823/2103 2694/2732/2103 2695/1855/2103
f 2691/2733/2103 2696/1823/2103 2692/1822/2103
f 2693/1789/2104 2691/2733/2104 2692/1822/2104
f 2688/2734/2104 2693/1789/2104 2689/1788/2104
f 2690/1754/2105 2688/2734/2105 2689/1788/2105
f 2685/2735/2105 2690/1754/2105 2686/1753/2105
f 2687/1720/2106 2685/2735/2106 2686/1753/2106
f 2682/2717/2106 2687/1720/2106 2683/1719/2106
f 2684/1690/2107 2682/2717/2107 2683/1719/2107
f 2679/2713/2107 2684/1690/2107 2680/1621/2107
f 2681/2690/2108 2679/2713/2108 2680/1621/2108
f 2676/2709/2108 2681/2690/2108 2677/1620/2108
f 2678/1587/2109 2676/2709/2109 2677/1620/2109
f 2673/2703/2109 2678/1587/2109 2674/1586/2109
f 2675/1553/2110 2673/2703/2110 2674/1586/2110
f 2670/2696/2110 2675/1553/2110 2671/1519/2110
f 2672/2695/2111 2670/2696/2111 2671/1519/2111
f 2667/2688/2111 2672/2695/2111 2668/1518/2111
f 2669/1482/2112 2667/2688/2112 2668/1518/2112
f 2664/2685/2112 2669/1482/2112 2665/1481/2112
f 2666/1446/2113 2664/2685/2113 2665/1481/2113
f 2661/2736/2113 2666/1446/2113 2662/1445/2113
f 2663/1414/2114 2661/2736/2114 2662/1445/2114
f 2658/2737/2114 2663/1414/2114 2659/1413/2114
f 2660/1342/2115 2658/2737/2115 2659/1413/2115
f 2655/2738/2115 2660/1342/2115 2656/1341/2115
f 2657/1311/2116 2655/2738/2116 2656/1341/2116
f 2652/2739/2116 2657/1311/2116 2653/1310/2116
f 2654/1272/2117 2652/2739/2117 2653/1310/2117
f 2649/2740/2117 2654/1272/2117 2650/1236/2117
f 2651/2707/2118 2649/2740/2118 2650/1236/2118
f 2646/2741/2118 2651/2707/2118 2647/1235/2118
f 2648/1199/2119 2646/2741/2119 2647/1235/2119
f 2643/2742/2119 2648/1199/2119 2644/1198/2119
f 2645/1166/2120 2643/2742/2120 2644/1198/2120
f 2640/2721/2120 2645/1166/2120 2641/1165/2120
f 2642/1093/2121 2640/2721/2121 2641/1165/2121
f 2637/2715/2121 2642/1093/2121 2638/1092/2121
f 2639/1076/2122 2637/2715/2122 2638/1092/2122
f 2634/2711/2122 2639/1076/2122 2635/1075/2122
f 2636/1047/2123 2634/2711/2123 2635/1075/2123
f 2631/2705/2123 2636/1047/2123 2632/1046/2123
f 2633/974/2124 2631/2705/2124 2632/1046/2124
f 2628/2699/2124 2633/974/2124 2629/973/2124
f 2630/939/2125 2628/2699/2125 2629/973/2125
f 2625/2691/2125 2630/939/2125 2626/904/2125
f 2627/2697/2126 2625/2691/2126 2626/904/2126
f 2622/2683/2126 2627/2697/2126 2623/903/2126
f 2624/868/2127 2622/2683/2127 2623/903/2127
f 2619/2511/2127 2624/868/2127 2620/834/2127
f 2621/2706/2128 2619/2511/2128 2620/834/2128
f 2616/1926/2128 2621/2706/2128 2617/833/2128
f 2618/798/2129 2616/1926/2129 2617/833/2129
f 2613/1687/2129 2618/798/2129 2614/797/2129
f 2615/765/2130 2613/1687/2130 2614/797/2130
f 2610/1269/2130 2615/765/2130 2611/764/2130
f 2612/690/2131 2610/1269/2131 2611/764/2131
f 2607/1009/2131 2612/690/2131 2608/689/2131
f 2609/659/2132 2607/1009/2132 2608/689/2132
f 2604/655/2132 2609/659/2132 2605/658/2132
f 2606/621/2133 2604/655/2133 2605/658/2133
f 2601/297/2133 2606/621/2133 2602/620/2133
f 2603/582/2134 2601/297/2134 2602/620/2134
f 2598/224/2134 2603/582/2134 2599/581/2134
f 2600/548/2135 2598/224/2135 2599/581/2135
f 2595/2743/2135 2600/548/2135 2596/547/2135
f 2597/514/2136 2595/2743/2136 2596/547/2136
f 2592/2744/2136 2597/514/2136 2593/513/2136
f 2594/440/2137 2592/2744/2137 2593/513/2137
f 2589/2745/2137 2594/440/2137 2590/439/2137
f 2591/407/2138 2589/2745/2138 2590/439/2138
f 2586/2746/2138 2591/407/2138 2587/406/2138
f 2588/373/2139 2586/2746/2139 2587/406/2139
f 2583/2747/2139 2588/373/2139 2584/372/2139
f 2585/338/2140 2583/2747/2140 2584/372/2140
f 2580/2748/2140 2585/338/2140 2581/337/2140
f 2582/301/2141 2580/2748/2141 2581/337/2141
f 2577/2749/2141 2582/301/2141 2578/300/2141
f 2579/263/2142 2577/2749/2142 2578/300/2142
f 2574/2750/2142 2579/263/2142 2575/262/2142
f 2576/229/2143 2574/2750/2143 2575/262/2143
f 2571/2751/2143 2576/229/2143 2572/228/2143
f 2573/156/2144 2571/2751/2144 2572/228/2144
f 2568/2752/2144 2573/156/2144 2569/155/2144
f 2570/122/2145 2568/2752/2145 2569/155/2145
f 2565/2753/2145 2570/122/2145 2566/121/2145
f 2567/86/2146 2565/2753/2146 2566/121/2146
f 2563/2722/2146 2567/86/2146 2564/85/2146
f 2754/66/2147 2563/2722/2147 2564/85/2147
f 2752/2702/2147 2754/66/2147 2753/65/2147
f 1324/1788/28 2690/1754/28 2689/1788/28
f 2509/82/28 2721/193/28 2765/82/28
f 2462/81/28 2765/82/28 2718/81/28
f 269/406/28 2588/373/28 2587/406/28
f 2550/2754/28 2598/224/28 2806/2754/28
f 1356/1822/28 2693/1789/28 2692/1822/28
f 2339/2743/28 2806/2754/28 2595/2743/28
f 2510/2755/28 2718/81/28 2766/2755/28
f 300/439/28 2591/407/28 2590/439/28
f 2459/2723/28 2766/2755/28 2715/2723/28
f 1387/1855/28 2696/1823/28 2695/1855/28
f 2551/2756/28 2595/2743/28 2807/2756/28
f 2337/440/28 2590/439/28 2594/440/28
f 2336/2744/28 2807/2756/28 2592/2744/28
f 2341/514/28 2593/513/28 2597/514/28
f 2326/301/28 2578/300/28 2582/301/28
f 2464/2161/28 2716/2128/28 2720/2161/28
f 2311/86/28 2564/85/28 2567/86/28
f 2511/2757/28 2715/2723/28 2767/2757/28
f 1418/1890/28 2699/1856/28 2698/1890/28
f 2456/2724/28 2767/2757/28 2712/2724/28
f 2552/2758/28 2592/2744/28 2808/2758/28
f 2445/1891/28 2698/1890/28 2702/1891/28
f 362/547/28 2597/514/28 2596/547/28
f 2333/2745/28 2808/2758/28 2589/2745/28
f 2512/2759/28 2712/2724/28 2768/2759/28
f 2453/2725/28 2768/2759/28 2709/2725/28
f 393/581/28 2600/548/28 2599/581/28
f 2553/2760/28 2589/2745/28 2809/2760/28
f 1480/2729/28 2705/1962/28 2704/2729/28
f 2330/2746/28 2809/2760/28 2586/2746/28
f 2392/1199/28 2644/1198/28 2648/1199/28
f 2362/798/28 2614/797/28 2618/798/28
f 2407/1414/28 2659/1413/28 2663/1414/28
f 2513/2761/28 2709/2725/28 2769/2761/28
f 424/620/28 2603/582/28 2602/620/28
f 2347/582/28 2599/581/28 2603/582/28
f 2450/2726/28 2769/2761/28 2706/2726/28
f 2332/373/28 2584/372/28 2588/373/28
f 1511/2056/28 2708/2015/28 2707/2056/28
f 2554/2762/28 2586/2746/28 2810/2762/28
f 114/228/28 2573/156/28 2572/228/28
f 2528/2763/28 2664/2685/28 2784/2763/28
f 2327/2747/28 2810/2762/28 2583/2747/28
f 2405/2736/28 2784/2763/28 2661/2736/28
f 455/658/28 2606/621/28 2605/658/28
f 2514/2764/28 2706/2726/28 2770/2764/28
f 1542/2091/28 2711/2057/28 2710/2091/28
f 2447/2727/28 2770/2764/28 2703/2727/28
f 2555/2765/28 2583/2747/28 2811/2765/28
f 2529/2766/28 2661/2736/28 2785/2766/28
f 486/689/28 2609/659/28 2608/689/28
f 2324/2748/28 2811/2765/28 2580/2748/28
f 2402/2737/28 2785/2766/28 2658/2737/28
f 1573/2127/28 2714/2092/28 2713/2127/28
f 2413/1482/28 2665/1481/28 2669/1482/28
f 2515/2767/28 2703/2728/28 2771/2767/28
f 2383/1076/28 2635/1075/28 2639/1076/28
f 517/764/28 2612/690/28 2611/764/28
f 2428/1690/28 2680/1621/28 2684/1690/28
f 2444/2730/28 2771/2767/28 2700/2730/28
f 2398/1272/28 2650/1236/28 2654/1272/28
f 2556/2768/28 2580/2748/28 2812/2768/28
f 2368/868/28 2620/834/28 2624/868/28
f 2530/2769/28 2658/2737/28 2786/2769/28
f 2473/2298/28 2725/2297/28 2729/2298/28
f 331/513/28 2594/440/28 2593/513/28
f 2353/659/28 2605/658/28 2609/659/28
f 1604/2128/28 2717/2718/28 2716/2128/28
f 2321/2749/28 2812/2768/28 2577/2749/28
f 2399/2738/28 2786/2769/28 2655/2738/28
f 2516/2770/28 2700/2730/28 2772/2770/28
f 548/797/28 2615/765/28 2614/797/28
f 2441/2731/28 2772/2770/28 2697/2731/28
f 1635/2193/28 2720/2161/28 2719/2193/28
f 2557/2771/28 2577/2749/28 2813/2771/28
f 2531/2772/28 2655/2738/28 2787/2772/28
f 2318/2750/28 2813/2771/28 2574/2750/28
f 2396/2739/28 2787/2772/28 2652/2739/28
f 2466/2194/28 2719/2193/28 2723/2194/28
f 579/833/28 2618/798/28 2617/833/28
f 2517/2773/28 2697/2731/28 2773/2773/28
f 2403/1342/28 2656/1341/28 2660/1342/28
f 2438/2732/28 2773/2773/28 2694/2732/28
f 2419/1553/28 2671/1519/28 2675/1553/28
f 2558/2774/28 2574/2750/28 2814/2774/28
f 2532/2775/28 2652/2739/28 2788/2775/28
f 2434/1754/28 2686/1753/28 2690/1754/28
f 2449/1962/28 2701/1961/28 2705/1962/28
f 610/834/28 2621/2706/28 2620/834/28
f 2315/2751/28 2814/2774/28 2571/2751/28
f 2393/2740/28 2788/2775/28 2649/2740/28
f 2494/2575/28 2746/2574/28 2750/2575/28
f 1697/2297/28 2726/2267/28 2725/2297/28
f 2374/939/28 2626/904/28 2630/939/28
f 2479/2372/28 2731/2371/28 2735/2372/28
f 2518/2776/28 2694/2732/28 2774/2776/28
f 2435/2733/28 2774/2776/28 2691/2733/28
f 641/903/28 2624/868/28 2623/903/28
f 2559/2777/28 2571/2751/28 2815/2777/28
f 2533/2778/28 2649/2740/28 2789/2778/28
f 1728/2335/28 2729/2298/28 2728/2335/28
f 2312/2752/28 2815/2777/28 2568/2752/28
f 2390/2741/28 2789/2778/28 2646/2741/28
f 2424/2690/28 2677/1620/28 2681/2690/28
f 2519/2779/28 2691/2733/28 2775/2779/28
f 672/904/28 2627/2697/28 2626/904/28
f 2432/2734/28 2775/2779/28 2688/2734/28
f 1759/2371/28 2732/2336/28 2731/2371/28
f 2560/2780/28 2568/2752/28 2816/2780/28
f 2534/2781/28 2646/2741/28 2790/2781/28
f 2309/2753/28 2816/2780/28 2565/2753/28
f 2387/2742/28 2790/2781/28 2643/2742/28
f 703/973/28 2630/939/28 2629/973/28
f 2455/2057/28 2707/2056/28 2711/2057/28
f 2520/2782/28 2688/2734/28 2776/2782/28
f 1790/2405/28 2735/2372/28 2734/2405/28
f 2440/1823/28 2692/1822/28 2696/1823/28
f 2429/2735/28 2776/2782/28 2685/2735/28
f 2376/974/28 2629/973/28 2633/974/28
f 2485/2441/28 2737/2440/28 2741/2441/28
f 2561/2783/28 2565/2753/28 2817/2783/28
f 2535/2784/28 2643/2742/28 2791/2784/28
f 2307/2722/28 2817/2783/28 2563/2722/28
f 2384/2721/28 2791/2784/28 2640/2721/28
f 1821/2440/28 2738/2406/28 2737/2440/28
f 2521/2785/28 2685/2735/28 2777/2785/28
f 2426/2717/28 2777/2785/28 2682/2717/28
f 3074/2720/2147 2822/54/2147 2944/2722/2147
f 3073/2783/2146 2824/77/2146 2945/2753/2146
f 3072/2780/2145 2826/112/2145 2946/2752/2145
f 3071/2777/2144 2828/190/2144 2947/2751/2144
f 3070/2774/2143 2830/220/2143 2948/2750/2143
f 3069/2771/2142 2832/254/2142 2949/2749/2142
f 3068/2768/2141 2834/293/2141 2950/2748/2141
f 3067/2765/2140 2836/331/2140 2951/2747/2140
f 3066/2762/2139 2838/118/2139 2952/2746/2139
f 3065/2760/2138 2840/398/2138 2953/2745/2138
f 3064/2758/2137 2842/474/2137 2954/2744/2137
f 3063/2756/2136 2844/506/2136 2955/2743/2136
f 3062/2754/2135 2846/541/2135 2956/224/2135
f 3061/225/2134 2848/575/2134 2957/297/2134
f 3060/510/2133 2850/612/2133 2958/655/2133
f 3059/900/2132 2959/651/2132 2960/1009/2132
f 3058/1162/2131 2852/722/2131 2961/1269/2131
f 3057/1583/2130 2855/757/2130 2962/1687/2130
f 3056/1852/2129 2857/789/2129 2963/1926/2129
f 3055/2368/2128 2859/826/2128 2964/2511/2128
f 3054/2682/2127 2861/862/2127 2965/2683/2127
f 3053/2689/2126 2863/896/2126 2966/2691/2126
f 3052/2698/2125 2865/931/2125 2967/2699/2125
f 3051/2704/2124 2867/1006/2124 2968/2705/2124
f 3050/2710/2123 2869/1039/2123 2969/2711/2123
f 3049/2714/2122 2871/1069/2122 2970/2715/2122
f 3048/2719/2121 2873/1127/2121 2971/2721/2121
f 3047/2784/2120 2875/1158/2120 2972/2742/2120
f 3046/2781/2119 2877/1192/2119 2973/2741/2119
f 3045/2778/2118 2879/1228/2118 2974/2740/2118
f 3044/2775/2117 2881/1265/2117 2975/2739/2117
f 3043/2772/2116 2976/1302/2116 2977/2738/2116
f 3042/2769/2115 2883/1374/2115 2978/2737/2115
f 3041/2766/2114 2886/1409/2114 2979/2736/2114
f 3040/2763/2113 2888/1438/2113 2980/2685/2113
f 3039/2686/2112 2890/1473/2112 2981/2688/2112
f 3038/2693/2111 2892/1510/2111 2982/2696/2111
f 3037/2701/2110 2894/1515/2110 2983/2703/2110
f 3036/2708/2109 2984/935/2109 2985/2709/2109
f 3035/2712/2108 2896/1654/2108 2986/2713/2108
f 3034/2716/2107 2899/794/2107 2987/2717/2107
f 3033/2785/2106 2901/479/2106 2988/2735/2106
f 3032/2782/2105 2903/259/2105 2989/2734/2105
f 3031/2779/2104 2905/61/2104 2990/2733/2104
f 3030/2776/2103 2907/761/2103 2991/2732/2103
f 3029/2773/2102 2909/1849/2102 2992/2731/2102
f 3028/2770/2101 2911/1923/2101 2993/2730/2101
f 3027/2767/2100 2913/1955/2100 2994/2728/2100
f 3026/2764/2099 2915/2005/2099 2995/2726/2099
f 3025/2761/2098 2917/616/2098 2996/2725/2098
f 3024/2759/2097 2919/2086/2097 2997/2724/2097
f 3023/2757/2096 2921/2121/2096 2998/2723/2096
f 3022/2755/2095 2923/2154/2095 2999/81/2095
f 3021/82/2094 2925/2228/2094 3000/193/2094
f 3020/369/2093 2927/2260/2093 3001/403/2093
f 3019/686/2092 2929/2232/2092 3002/830/2092
f 3018/1043/2091 2931/2328/2091 3003/1131/2091
f 3017/1338/2090 2933/1306/2090 3004/1442/2090
f 3016/1716/2089 2935/2400/2089 3005/1785/2089
f 3015/2053/2088 2937/2432/2088 3006/2158/2088
f 3014/2571/2087 2939/2331/2087 3007/2594/2087
f 3013/2684/2086 2941/2536/2086 3008/2687/2086
f 3012/2692/2085 2943/2567/2085 3009/2694/2085
f 3011/2700/2084 2820/2592/2084 3010/2702/2084
f 2943/2567/2084 3011/2700/2084 3009/2694/2084
f 2941/2536/2085 3012/2692/2085 3008/2687/2085
f 2939/2331/2086 3013/2684/2086 3007/2594/2086
f 2937/2432/2087 3014/2571/2087 3006/2158/2087
f 2935/2400/2088 3015/2053/2088 3005/1785/2088
f 2933/1306/2089 3016/1716/2089 3004/1442/2089
f 2931/2328/2090 3017/1338/2090 3003/1131/2090
f 2929/2232/2091 3018/1043/2091 3002/830/2091
f 2927/2260/2092 3019/686/2092 3001/403/2092
f 2925/2228/2093 3020/369/2093 3000/193/2093
f 2923/2154/2094 3021/82/2094 2999/81/2094
f 2921/2121/2095 3022/2755/2095 2998/2723/2095
f 2919/2086/2096 3023/2757/2096 2997/2724/2096
f 2917/616/2097 3024/2759/2097 2996/2725/2097
f 2915/2005/2098 3025/2761/2098 2995/2726/2098
f 2913/1477/2099 3026/2764/2099 2994/2727/2099
f 2911/1923/2100 3027/2767/2100 2993/2730/2100
f 2909/1849/2101 3028/2770/2101 2992/2731/2101
f 2907/761/2102 3029/2773/2102 2991/2732/2102
f 2905/61/2103 3030/2776/2103 2990/2733/2103
f 2903/259/2104 3031/2779/2104 2989/2734/2104
f 2901/479/2105 3032/2782/2105 2988/2735/2105
f 2899/794/2106 3033/2785/2106 2987/2717/2106
f 2896/1654/2107 3034/2716/2107 2986/2713/2107
f 2984/935/2108 3035/2712/2108 2985/2709/2108
f 2894/1515/2109 3036/2708/2109 2983/2703/2109
f 2892/1510/2110 3037/2701/2110 2982/2696/2110
f 2890/1473/2111 3038/2693/2111 2981/2688/2111
f 2888/1438/2112 3039/2686/2112 2980/2685/2112
f 2886/1409/2113 3040/2763/2113 2979/2736/2113
f 2883/1374/2114 3041/2766/2114 2978/2737/2114
f 2976/1302/2115 3042/2769/2115 2977/2738/2115
f 2881/1265/2116 3043/2772/2116 2975/2739/2116
f 2879/1228/2117 3044/2775/2117 2974/2740/2117
f 2877/1192/2118 3045/2778/2118 2973/2741/2118
f 2875/1158/2119 3046/2781/2119 2972/2742/2119
f 2873/1127/2120 3047/2784/2120 2971/2721/2120
f 2871/1069/2121 3048/2719/2121 2970/2715/2121
f 2869/1039/2122 3049/2714/2122 2969/2711/2122
f 2867/1006/2123 3050/2710/2123 2968/2705/2123
f 2865/931/2124 3051/2704/2124 2967/2699/2124
f 2863/896/2125 3052/2698/2125 2966/2691/2125
f 2861/862/2126 3053/2689/2126 2965/2683/2126
f 2859/826/2127 3054/2682/2127 2964/2511/2127
f 2857/789/2128 3055/2368/2128 2963/1926/2128
f 2855/757/2129 3056/1852/2129 2962/1687/2129
f 2852/722/2130 3057/1583/2130 2961/1269/2130
f 2959/651/2131 3058/1162/2131 2960/1009/2131
f 2850/612/2132 3059/900/2132 2958/655/2132
f 2848/575/2133 3060/510/2133 2957/297/2133
f 2846/541/2134 3061/225/2134 2956/224/2134
f 2844/506/2135 3062/2754/2135 2955/2743/2135
f 2842/474/2136 3063/2756/2136 2954/2744/2136
f 2840/398/2137 3064/2758/2137 2953/2745/2137
f 2838/118/2138 3065/2760/2138 2952/2746/2138
f 2836/331/2139 3066/2762/2139 2951/2747/2139
f 2834/293/2140 3067/2765/2140 2950/2748/2140
f 2832/254/2141 3068/2768/2141 2949/2749/2141
f 2830/220/2142 3069/2771/2142 2948/2750/2142
f 2828/190/2143 3070/2774/2143 2947/2751/2143
f 2826/112/2144 3071/2777/2144 2946/2752/2144
f 2824/77/2145 3072/2780/2145 2945/2753/2145
f 2822/54/2146 3073/2783/2146 2944/2722/2146
f 2820/2592/2147 3074/2720/2147 3010/2702/2147
f 2550/2754/2148 2956/224/2148 2342/224/2148
f 1603/2121/28 2920/2155/28 2921/2121/28
f 2334/399/28 2840/398/28 2837/399/28
f 330/474/28 2841/507/28 2842/474/28
f 2510/2755/2149 2999/81/2149 2462/81/2149
f 2439/1817/28 2907/761/28 2904/1817/28
f 175/254/28 2831/294/28 2832/254/28
f 795/1069/28 2870/1128/28 2871/1069/28
f 20/54/28 2821/78/28 2822/54/28
f 2551/2756/2150 2955/2743/2150 2339/2743/2150
f 2442/762/28 2909/1849/28 2906/762/28
f 2338/475/28 2842/474/28 2839/475/28
f 2511/2757/2151 2998/2723/2151 2459/2723/2151
f 2340/507/28 2844/506/28 2841/507/28
f 2552/2758/2152 2954/2744/2152 2336/2744/2152
f 2446/1924/28 2911/1923/28 2908/1924/28
f 2512/2759/2153 2997/2724/2153 2456/2724/2153
f 2343/542/28 2846/541/28 2843/542/28
f 857/1158/28 2874/1193/28 2875/1158/28
f 547/757/28 2854/790/28 2855/757/28
f 1012/1374/28 2884/1410/28 2883/1374/28
f 2448/1956/28 2913/1955/28 2910/1956/28
f 392/541/28 2845/576/28 2846/541/28
f 2553/2760/2154 2953/2745/2154 2333/2745/2154
f 237/331/28 2835/117/28 2836/331/28
f 702/931/28 2864/1007/28 2865/931/28
f 1634/2154/28 2922/2229/28 2923/2154/28
f 2346/576/28 2848/575/28 2845/576/28
f 1944/2567/28 2942/2593/28 2943/2567/28
f 2513/2761/2155 2996/2725/2155 2453/2725/2155
f 2451/1478/28 2915/2005/28 2912/1478/28
f 2554/2762/2156 2952/2746/2156 2330/2746/2156
f 2528/2763/2157 2980/2685/2157 2408/2685/2157
f 2349/613/28 2850/612/28 2847/613/28
f 2454/2050/28 2917/616/28 2914/2050/28
f 2514/2764/2159 2995/2726/2159 2450/2726/2159
f 1074/1438/28 2887/1474/28 2888/1438/28
f 764/1039/28 2868/1070/28 2869/1039/28
f 2352/652/28 2959/651/28 2849/652/28
f 2555/2765/2160 2951/2747/2160 2327/2747/2160
f 2529/2766/2161 2979/2736/2161 2405/2736/2161
f 1229/1654/28 2897/793/28 2896/1654/28
f 2457/617/28 2919/2086/28 2916/617/28
f 919/1228/28 2878/1266/28 2879/1228/28
f 609/826/28 2858/863/28 2859/826/28
f 1696/2260/28 2926/2292/28 2927/2260/28
f 454/612/28 2849/652/28 2850/612/28
f 2515/2767/2162 2994/2728/2162 2447/2728/2162
f 1851/2432/28 2936/2508/28 2937/2432/28
f 2460/2122/28 2921/2121/28 2918/2122/28
f 485/651/28 2851/723/28 2959/651/28
f 2556/2768/2163 2950/2748/2163 2324/2748/2163
f 2530/2769/2164 2978/2737/2164 2402/2737/2164
f 2358/758/28 2855/757/28 2853/758/28
f 2516/2770/2165 2993/2730/2165 2444/2730/2165
f 2463/2155/28 2923/2154/28 2920/2155/28
f 2557/2771/2166 2949/2749/2166 2321/2749/2166
f 2531/2772/2167 2977/2738/2167 2399/2738/2167
f 1136/1510/28 2891/1514/28 2892/1510/28
f 2361/790/28 2857/789/28 2854/790/28
f 1292/479/28 2900/258/28 2901/479/28
f 1448/1923/28 2910/1956/28 2911/1923/28
f 671/896/28 2862/932/28 2863/896/28
f 1913/2536/28 2940/2568/28 2941/2536/28
f 2517/2773/2168 2992/2731/2168 2441/2731/2168
f 2467/2229/28 2925/2228/28 2922/2229/28
f 1758/2328/28 2930/2365/28 2931/2328/28
f 2364/827/28 2859/826/28 2856/827/28
f 2558/2774/2169 2948/2750/2169 2318/2750/2169
f 2532/2775/2170 2975/2739/2170 2396/2739/2170
f 2404/1375/28 2883/1374/28 2882/1375/28
f 2469/2261/28 2927/2260/28 2924/2261/28
f 2518/2776/2171 2991/2732/2171 2438/2732/2171
f 2367/863/28 2861/862/28 2858/863/28
f 2472/2292/28 2929/2232/28 2926/2292/28
f 2559/2777/2172 2947/2751/2172 2315/2751/2172
f 2533/2778/2173 2974/2740/2173 2393/2740/2173
f 1820/2400/28 2934/2433/28 2935/2400/28
f 2370/897/28 2863/896/28 2860/897/28
f 2519/2779/2174 2990/2733/2174 2435/2733/2174
f 2425/936/28 2896/1654/28 2895/936/28
f 2475/2233/28 2931/2328/28 2928/2233/28
f 1510/2005/28 2914/2050/28 2915/2005/28
f 2560/2780/2175 2946/2752/2175 2312/2752/2175
f 1355/61/28 2904/1817/28 2905/61/28
f 2534/2781/2176 2973/2741/2176 2390/2741/2176
f 2373/932/28 2865/931/28 2862/932/28
f 2478/2365/28 2933/1306/28 2930/2365/28
f 82/112/28 2825/191/28 2826/112/28
f 2520/2782/2177 2989/2734/2177 2432/2734/2177
f 2561/2783/2178 2945/2753/2178 2309/2753/2178
f 2535/2784/2179 2972/2742/2179 2387/2742/2179
f 2481/1307/28 2935/2400/28 2932/1307/28
f 2377/1007/28 2867/1006/28 2864/1007/28
f 2521/2785/2180 2988/2735/2180 2429/2735/2180
f 2379/1040/28 2869/1039/28 2866/1040/28
f 9/1/1 8/64/1 35/2/1
f 2241/6/2 1976/2597/2 1975/4/2
f 1975/4/2 22/67/2 23/5/2
f 18/7/3 49/68/3 1989/8/3
f 9/1/4 36/3/4 37/10/4
f 2306/12/5 2241/6/5 23/5/5
f 10/11/6 37/10/6 38/14/6
f 25/18/7 3/2604/7 1977/16/7
f 2242/17/7 24/98/7 25/18/7
f 1983/15/2181 38/14/2181 39/19/2181
f 1978/21/9 3/2604/9 25/18/9
f 11/20/10 39/19/10 40/23/10
f 1979/25/11 1978/21/11 26/22/11
f 12/24/12 40/23/12 41/27/12
f 4/29/13 1979/25/13 27/26/13
f 13/28/14 41/27/14 42/31/14
f 1980/33/2182 4/29/2182 28/30/2182
f 14/32/16 42/31/16 43/35/16
f 15/36/18 43/35/18 44/39/18
f 1981/37/2183 30/38/2183 31/41/2183
f 1984/40/20 44/39/20 45/43/20
f 6/45/21 5/42/21 31/41/21
f 1985/44/23 45/43/23 46/50/23
f 7/52/24 6/45/24 32/46/24
f 2308/55/25 2/2592/25 1/47/25
f 1/47/25 19/49/25 20/54/25
f 1986/51/26 46/50/26 47/56/26
f 7/52/27 33/53/27 34/58/27
f 2436/60/28 1355/61/28 2905/61/28
f 17/62/29 16/57/29 47/56/29
f 8/64/30 1982/59/30 34/58/30
f 22/67/31 1975/4/31 1974/65/31
f 2497/66/31 21/85/31 22/67/31
f 17/62/32 48/63/32 49/68/32
f 31/41/2184 30/38/2184 61/69/2184
f 44/39/2185 75/110/2185 76/71/2185
f 32/46/35 31/41/35 62/70/35
f 45/43/2186 76/71/2186 77/75/2186
f 32/46/38 63/72/38 64/76/38
f 2310/78/39 20/54/39 19/49/39
f 19/49/39 50/74/39 51/77/39
f 46/50/2187 77/75/2187 78/79/2187
f 33/53/2188 64/76/2188 65/80/2188
f 48/63/2189 47/56/2189 78/79/2189
f 35/2/2190 34/58/2190 65/80/2190
f 53/87/45 22/67/45 21/85/45
f 2311/86/45 52/121/45 53/87/45
f 49/68/2191 48/63/2191 79/83/2191
f 35/2/47 66/84/47 67/89/47
f 2053/91/48 23/5/48 22/67/48
f 22/67/48 53/87/48 54/90/48
f 1989/92/49 49/68/49 80/88/49
f 36/3/50 67/89/50 68/94/50
f 2305/95/51 2053/91/51 54/90/51
f 38/14/2192 37/10/2192 68/94/2192
f 56/100/2193 25/18/2193 24/98/2193
f 2054/99/53 55/134/53 56/100/53
f 38/14/54 69/97/54 70/101/54
f 26/22/2194 25/18/2194 56/100/2194
f 39/19/56 70/101/56 71/103/56
f 27/26/2195 26/22/2195 57/102/2195
f 41/27/58 40/23/58 71/103/58
f 28/30/2196 27/26/2196 58/104/2196
f 41/27/60 72/105/60 73/107/60
f 29/34/2197 28/30/2197 59/106/2197
f 42/31/2198 73/107/2198 74/109/2198
f 30/38/2199 29/34/2199 60/108/2199
f 43/35/2200 74/109/2200 75/110/2200
f 63/72/65 94/150/65 95/111/65
f 2313/113/66 51/77/66 50/74/66
f 50/74/66 81/152/66 82/112/66
f 78/79/67 77/75/67 108/114/67
f 64/76/2201 95/111/2201 96/116/2201
f 2331/117/28 268/118/28 2838/118/28
f 78/79/69 109/115/69 110/119/69
f 66/84/2202 65/80/2202 96/116/2202
f 84/123/71 53/87/71 52/121/71
f 2314/122/71 83/155/71 84/123/71
f 79/83/72 110/119/72 111/124/72
f 66/84/73 97/120/73 98/125/73
f 2056/127/74 54/90/74 53/87/74
f 53/87/74 84/123/74 85/126/74
f 80/88/75 111/124/75 1991/128/75
f 67/89/76 98/125/76 99/130/76
f 2304/131/77 2056/127/77 85/126/77
f 69/97/78 68/94/78 99/130/78
f 87/136/79 56/100/79 55/134/79
f 2057/135/79 86/169/79 87/136/79
f 69/97/80 100/133/80 101/137/80
f 57/102/81 56/100/81 87/136/81
f 70/101/82 101/137/82 102/139/82
f 57/102/83 88/138/83 89/140/83
f 72/105/84 71/103/84 102/139/84
f 58/104/85 89/140/85 90/142/85
f 72/105/86 103/141/86 104/143/86
f 60/108/87 59/106/87 90/142/87
f 73/107/88 104/143/88 105/145/88
f 61/69/89 60/108/89 91/144/89
f 75/110/90 74/109/90 105/145/90
f 61/69/91 92/146/91 93/148/91
f 76/71/92 75/110/92 106/147/92
f 63/72/93 62/70/93 93/148/93
f 76/71/95 107/149/95 108/114/95
f 97/120/2203 96/116/2203 127/153/2203
f 115/157/97 84/123/97 83/155/97
f 2316/156/97 114/228/97 115/157/97
f 111/124/98 110/119/98 141/158/98
f 97/120/99 128/154/99 129/160/99
f 2059/162/100 85/126/100 84/123/100
f 84/123/100 115/157/100 116/161/100
f 111/124/101 142/159/101 1992/163/101
f 98/125/102 129/160/102 130/165/102
f 2303/166/103 2059/162/103 116/161/103
f 100/133/104 99/130/104 130/165/104
f 118/171/105 87/136/105 86/169/105
f 2060/170/105 117/199/105 118/171/105
f 101/137/106 100/133/106 131/168/106
f 87/136/107 118/171/107 119/173/107
f 101/137/108 132/172/108 133/174/108
f 88/138/109 119/173/109 120/175/109
f 103/141/110 102/139/110 133/174/110
f 89/140/111 120/175/111 121/177/111
f 103/141/112 134/176/112 135/178/112
f 91/144/113 90/142/113 121/177/113
f 105/145/114 104/143/114 135/178/114
f 92/146/115 91/144/115 122/179/115
f 106/147/116 105/145/116 136/180/116
f 92/146/117 123/181/117 124/183/117
f 107/149/118 106/147/118 137/182/118
f 94/150/119 93/148/119 124/183/119
f 108/114/121 107/149/121 138/184/121
f 94/150/122 125/185/122 126/189/122
f 2317/191/123 82/112/123 81/152/123
f 81/152/123 112/187/123 113/190/123
f 108/114/124 139/188/124 140/192/124
f 95/111/2204 126/189/2204 127/153/2204
f 2509/82/42 3021/82/42 3000/193/42
f 110/119/126 109/115/126 140/192/126
f 129/160/127 160/232/127 161/194/127
f 2302/195/128 2063/233/128 147/196/128
f 131/168/129 130/165/129 161/194/129
f 149/201/130 118/171/130 117/199/130
f 2062/200/130 148/275/130 149/201/130
f 131/168/131 162/198/131 163/202/131
f 119/173/132 118/171/132 149/201/132
f 132/172/133 163/202/133 164/204/133
f 120/175/134 119/173/134 150/203/134
f 134/176/135 133/174/135 164/204/135
f 120/175/136 151/205/136 152/207/136
f 134/176/137 165/206/137 166/208/137
f 122/179/138 121/177/138 152/207/138
f 136/180/139 135/178/139 166/208/139
f 123/181/140 122/179/140 153/209/140
f 137/182/141 136/180/141 167/210/141
f 123/181/142 154/211/142 155/213/142
f 138/184/143 137/182/143 168/212/143
f 125/185/144 124/183/144 155/213/144
f 139/188/146 138/184/146 169/214/146
f 125/185/147 156/215/147 157/219/147
f 2319/221/148 113/190/148 112/187/148
f 112/187/148 143/217/148 144/220/148
f 140/192/149 139/188/149 170/218/149
f 126/189/2205 157/219/2205 158/223/2205
f 140/192/152 171/222/152 172/226/152
f 128/154/2206 127/153/2206 158/223/2206
f 146/230/154 115/157/154 114/228/154
f 2320/229/154 145/262/154 146/230/154
f 142/159/155 141/158/155 172/226/155
f 129/160/156 128/154/156 159/227/156
f 2063/233/157 116/161/157 115/157/157
f 115/157/157 146/230/157 147/196/157
f 142/159/2207 173/231/2207 1993/234/2207
f 162/198/159 193/274/159 194/236/159
f 149/201/160 180/277/160 181/237/160
f 164/204/161 163/202/161 194/236/161
f 151/205/162 150/203/162 181/237/162
f 165/206/163 164/204/163 195/238/163
f 151/205/164 182/239/164 183/241/164
f 165/206/165 196/240/165 197/242/165
f 152/207/166 183/241/166 184/243/166
f 167/210/167 166/208/167 197/242/167
f 154/211/168 153/209/168 184/243/168
f 168/212/169 167/210/169 198/244/169
f 154/211/170 185/245/170 186/247/170
f 168/212/171 199/246/171 200/248/171
f 156/215/2208 155/213/2208 186/247/2208
f 169/214/174 200/248/174 201/252/174
f 156/215/175 187/249/175 188/253/175
f 2322/255/176 144/220/176 143/217/176
f 143/217/176 174/251/176 175/254/176
f 170/218/177 201/252/177 202/256/177
f 157/219/2209 188/253/2209 189/257/2209
f 2433/258/28 1323/259/28 2903/259/28
f 171/222/179 202/256/179 203/260/179
f 159/227/2210 158/223/2210 189/257/2210
f 177/264/181 146/230/181 145/262/181
f 2323/263/181 176/300/181 177/264/181
f 172/226/182 203/260/182 204/265/182
f 159/227/2211 190/261/2211 191/266/2211
f 2065/268/184 147/196/184 146/230/184
f 146/230/184 177/264/184 178/267/184
f 173/231/185 204/265/185 1994/269/185
f 160/232/2212 191/266/2212 192/271/2212
f 2301/272/187 2065/268/187 178/267/187
f 162/198/188 161/194/188 192/271/188
f 180/277/189 149/201/189 148/275/189
f 2066/276/189 179/313/189 180/277/189
f 196/240/190 195/238/190 226/278/190
f 182/239/191 213/318/191 214/280/191
f 196/240/192 227/279/192 228/281/192
f 183/241/193 214/280/193 215/282/193
f 197/242/194 228/281/194 229/283/194
f 185/245/195 184/243/195 215/282/195
f 199/246/2213 198/244/2213 229/283/2213
f 185/245/197 216/284/197 217/286/197
f 199/246/2214 230/285/2214 231/287/2214
f 187/249/199 186/247/199 217/286/199
f 200/248/2215 231/287/2215 232/291/2215
f 187/249/202 218/288/202 219/292/202
f 2325/294/203 175/254/203 174/251/203
f 174/251/203 205/290/203 206/293/203
f 201/252/2216 232/291/2216 233/295/2216
f 188/253/2217 219/292/2217 220/296/2217
f 2549/225/151 3061/225/151 2957/297/151
f 202/256/206 233/295/206 234/298/206
f 190/261/2218 189/257/2218 220/296/2218
f 208/302/208 177/264/208 176/300/208
f 2326/301/208 207/337/208 208/302/208
f 203/260/209 234/298/209 235/303/209
f 191/266/210 190/261/210 221/299/210
f 2068/306/211 178/267/211 177/264/211
f 177/264/211 208/302/211 209/305/211
f 1994/307/2219 204/265/2219 235/303/2219
f 191/266/213 222/304/213 223/309/213
f 2300/310/214 2068/306/214 209/305/214
f 193/274/215 192/271/215 223/309/215
f 211/315/216 180/277/216 179/313/216
f 2069/314/216 210/350/216 211/315/216
f 193/274/217 224/312/217 225/316/217
f 181/237/218 180/277/218 211/315/218
f 194/236/219 225/316/219 226/278/219
f 182/239/220 181/237/220 212/317/220
f 229/283/221 228/281/221 259/319/221
f 216/284/222 215/282/222 246/321/222
f 229/283/223 260/320/223 261/323/223
f 216/284/224 247/322/224 248/324/224
f 230/285/225 261/323/225 262/325/225
f 218/288/226 217/286/226 248/324/226
f 232/291/228 231/287/228 262/325/228
f 218/288/229 249/326/229 250/330/229
f 2328/332/230 206/293/230 205/290/230
f 205/290/230 236/328/230 237/331/230
f 232/291/231 263/329/231 264/333/231
f 219/292/2220 250/330/2220 251/334/2220
f 2328/332/28 237/331/28 2836/331/28
f 233/295/233 264/333/233 265/335/233
f 221/299/2221 220/296/2221 251/334/2221
f 239/339/235 208/302/235 207/337/235
f 2329/338/235 238/372/235 239/339/235
f 234/298/236 265/335/236 266/340/236
f 222/304/237 221/299/237 252/336/237
f 2071/343/238 209/305/238 208/302/238
f 208/302/238 239/339/238 240/342/238
f 235/303/239 266/340/239 1996/344/239
f 222/304/240 253/341/240 254/346/240
f 2299/347/241 2071/343/241 240/342/241
f 224/312/242 223/309/242 254/346/242
f 242/352/243 211/315/243 210/350/243
f 2072/351/243 241/385/243 242/352/243
f 224/312/244 255/349/244 256/353/244
f 211/315/245 242/352/245 243/354/245
f 226/278/246 225/316/246 256/353/246
f 213/318/247 212/317/247 243/354/247
f 227/279/248 226/278/248 257/355/248
f 213/318/249 244/356/249 245/358/249
f 227/279/250 258/357/250 259/319/250
f 214/280/251 245/358/251 246/321/251
f 262/325/252 261/323/252 292/359/252
f 249/326/253 248/324/253 279/361/253
f 262/325/255 293/360/255 294/365/255
f 249/326/256 280/362/256 281/366/256
f 2331/117/257 237/331/257 236/328/257
f 236/328/257 267/364/257 268/118/257
f 263/329/258 294/365/258 295/367/258
f 250/330/2222 281/366/2222 282/368/2222
f 264/333/261 295/367/261 296/370/261
f 252/336/2223 251/334/2223 282/368/2223
f 270/374/263 239/339/263 238/372/263
f 2332/373/263 269/406/263 270/374/263
f 266/340/264 265/335/264 296/370/264
f 253/341/265 252/336/265 283/371/265
f 2074/378/266 240/342/266 239/339/266
f 239/339/266 270/374/266 271/377/266
f 1996/379/267 266/340/267 297/375/267
f 253/341/268 284/376/268 285/381/268
f 2298/382/269 2074/378/269 271/377/269
f 255/349/270 254/346/270 285/381/270
f 273/387/271 242/352/271 241/385/271
f 2075/386/271 272/419/271 273/387/271
f 255/349/272 286/384/272 287/388/272
f 243/354/273 242/352/273 273/387/273
f 257/355/274 256/353/274 287/388/274
f 244/356/275 243/354/275 274/389/275
f 258/357/276 257/355/276 288/390/276
f 244/356/277 275/391/277 276/393/277
f 258/357/278 289/392/278 290/394/278
f 245/358/279 276/393/279 277/395/279
f 259/319/280 290/394/280 291/396/280
f 247/322/281 246/321/281 277/395/281
f 261/323/282 260/320/282 291/396/282
f 247/322/283 278/397/283 279/361/283
f 2334/399/284 268/118/284 267/364/284
f 267/364/284 298/437/284 299/398/284
f 295/367/2224 294/365/2224 325/400/2224
f 281/366/2225 312/438/2225 313/402/2225
f 2508/369/260 3020/369/260 3001/403/260
f 295/367/287 326/401/287 327/404/287
f 283/371/2226 282/368/2226 313/402/2226
f 301/408/289 270/374/289 269/406/289
f 2335/407/289 300/439/289 301/408/289
f 296/370/290 327/404/290 328/409/290
f 284/376/291 283/371/291 314/405/291
f 2077/412/292 271/377/292 270/374/292
f 270/374/292 301/408/292 302/411/292
f 297/375/2227 328/409/2227 1998/413/2227
f 284/376/294 315/410/294 316/415/294
f 2297/416/295 2077/412/295 302/411/295
f 286/384/296 285/381/296 316/415/296
f 304/421/297 273/387/297 272/419/297
f 2078/420/297 303/453/297 304/421/297
f 286/384/298 317/418/298 318/422/298
f 273/387/299 304/421/299 305/423/299
f 288/390/300 287/388/300 318/422/300
f 275/391/301 274/389/301 305/423/301
f 289/392/302 288/390/302 319/424/302
f 275/391/303 306/425/303 307/427/303
f 289/392/304 320/426/304 321/428/304
f 276/393/305 307/427/305 308/429/305
f 291/396/306 290/394/306 321/428/306
f 278/397/307 277/395/307 308/429/307
f 291/396/2228 322/430/2228 323/432/2228
f 278/397/309 309/431/309 310/433/309
f 293/360/2229 292/359/2229 323/432/2229
f 280/362/311 279/361/311 310/433/311
f 294/365/2230 293/360/2230 324/434/2230
f 280/362/314 311/435/314 312/438/314
f 332/441/315 301/408/315 300/439/315
f 2337/440/315 331/513/315 332/441/315
f 328/409/316 327/404/316 358/442/316
f 314/405/317 345/480/317 346/444/317
f 2080/446/318 302/411/318 301/408/318
f 301/408/318 332/441/318 333/445/318
f 328/409/319 359/443/319 1999/447/319
f 315/410/320 346/444/320 347/449/320
f 2296/450/321 2080/446/321 333/445/321
f 316/415/322 347/449/322 348/452/322
f 335/455/323 304/421/323 303/453/323
f 2081/454/323 334/485/323 335/455/323
f 317/418/324 348/452/324 349/456/324
f 305/423/325 304/421/325 335/455/325
f 319/424/326 318/422/326 349/456/326
f 306/425/327 305/423/327 336/457/327
f 320/426/328 319/424/328 350/458/328
f 306/425/329 337/459/329 338/461/329
f 320/426/330 351/460/330 352/462/330
f 307/427/331 338/461/331 339/463/331
f 321/428/332 352/462/332 353/464/332
f 309/431/333 308/429/333 339/463/333
f 323/432/334 322/430/334 353/464/334
f 310/433/335 309/431/335 340/465/335
f 324/434/336 323/432/336 354/466/336
f 310/433/337 341/467/337 342/469/337
f 324/434/339 355/468/339 356/472/339
f 311/435/340 342/469/340 343/473/340
f 2338/475/341 299/398/341 298/437/341
f 298/437/341 329/471/341 330/474/341
f 325/400/342 356/472/342 357/476/342
f 312/438/2231 343/473/2231 344/477/2231
f 2430/478/28 1292/479/28 2901/479/28
f 326/401/344 357/476/344 358/442/344
f 314/405/2232 313/402/2232 344/477/2232
f 2295/481/346 2084/518/346 364/482/346
f 347/449/347 378/521/347 379/484/347
f 366/487/348 335/455/348 334/485/348
f 2083/486/348 365/560/348 366/487/348
f 348/452/349 379/484/349 380/488/349
f 336/457/350 335/455/350 366/487/350
f 350/458/351 349/456/351 380/488/351
f 337/459/352 336/457/352 367/489/352
f 351/460/353 350/458/353 381/490/353
f 337/459/354 368/491/354 369/493/354
f 351/460/355 382/492/355 383/494/355
f 338/461/356 369/493/356 370/495/356
f 352/462/357 383/494/357 384/496/357
f 340/465/358 339/463/358 370/495/358
f 354/466/359 353/464/359 384/496/359
f 340/465/360 371/497/360 372/499/360
f 355/468/361 354/466/361 385/498/361
f 342/469/362 341/467/362 372/499/362
f 355/468/364 386/500/364 387/504/364
f 342/469/365 373/501/365 374/505/365
f 2340/507/366 330/474/366 329/471/366
f 329/471/366 360/503/366 361/506/366
f 356/472/367 387/504/367 388/508/367
f 343/473/2233 374/505/2233 375/509/2233
f 357/476/370 388/508/370 389/511/370
f 345/480/2234 344/477/2234 375/509/2234
f 363/515/372 332/441/372 331/513/372
f 2341/514/372 362/547/372 363/515/372
f 358/442/373 389/511/373 390/516/373
f 345/480/374 376/512/374 377/517/374
f 2084/518/375 333/445/375 332/441/375
f 332/441/375 363/515/375 364/482/375
f 1999/519/2235 359/443/2235 390/516/2235
f 346/444/377 377/517/377 378/521/377
f 367/489/378 366/487/378 397/522/378
f 381/490/379 380/488/379 411/524/379
f 367/489/380 398/523/380 399/526/380
f 382/492/381 381/490/381 412/525/381
f 368/491/382 399/526/382 400/528/382
f 382/492/383 413/527/383 414/529/383
f 369/493/384 400/528/384 401/530/384
f 383/494/385 414/529/385 415/531/385
f 371/497/386 370/495/386 401/530/386
f 385/498/387 384/496/387 415/531/387
f 371/497/388 402/532/388 403/534/388
f 385/498/389 416/533/389 417/535/389
f 373/501/390 372/499/390 403/534/390
f 386/500/392 417/535/392 418/539/392
f 373/501/393 404/536/393 405/540/393
f 2343/542/394 361/506/394 360/503/394
f 360/503/394 391/538/394 392/541/394
f 388/508/395 387/504/395 418/539/395
f 374/505/2236 405/540/2236 406/544/2236
f 2325/294/28 206/293/28 2834/293/28
f 388/508/397 419/543/397 420/545/397
f 376/512/2237 375/509/2237 406/544/2237
f 394/549/399 363/515/399 362/547/399
f 2344/548/399 393/581/399 394/549/399
f 389/511/400 420/545/400 421/550/400
f 376/512/401 407/546/401 408/551/401
f 2086/553/402 364/482/402 363/515/402
f 363/515/402 394/549/402 395/552/402
f 390/516/403 421/550/403 2001/554/403
f 377/517/404 408/551/404 409/556/404
f 2294/557/405 2086/553/405 395/552/405
f 378/521/406 409/556/406 410/559/406
f 397/522/407 366/487/407 365/560/407
f 2087/561/407 396/594/407 397/522/407
f 379/484/408 410/559/408 411/524/408
f 399/526/409 430/600/409 431/562/409
f 413/527/410 444/601/410 445/563/410
f 400/528/411 431/562/411 432/564/411
f 414/529/412 445/563/412 446/565/412
f 402/532/413 401/530/413 432/564/413
f 416/533/414 415/531/414 446/565/414
f 402/532/415 433/566/415 434/568/415
f 417/535/416 416/533/416 447/567/416
f 404/536/417 403/534/417 434/568/417
f 417/535/419 448/569/419 449/573/419
f 404/536/420 435/570/420 436/574/420
f 2346/576/421 392/541/421 391/538/421
f 391/538/421 422/572/421 423/575/421
f 419/543/422 418/539/422 449/573/422
f 405/540/2238 436/574/2238 437/578/2238
f 113/190/28 2319/221/28 2827/221/28
f 420/545/424 419/543/424 450/577/424
f 407/546/2239 406/544/2239 437/578/2239
f 425/583/426 394/549/426 393/581/426
f 2347/582/426 424/620/426 425/583/426
f 421/550/2240 420/545/2240 451/579/2240
f 408/551/428 407/546/428 438/580/428
f 2089/587/429 395/552/429 394/549/429
f 394/549/429 425/583/429 426/586/429
f 421/550/430 452/584/430 2002/588/430
f 408/551/431 439/585/431 440/590/431
f 2293/591/432 2089/587/432 426/586/432
f 409/556/433 440/590/433 441/593/433
f 428/596/434 397/522/434 396/594/434
f 2090/595/434 427/633/434 428/596/434
f 410/559/435 441/593/435 442/597/435
f 398/523/436 397/522/436 428/596/436
f 412/525/437 411/524/437 442/597/437
f 399/526/438 398/523/438 429/598/438
f 413/527/439 412/525/439 443/599/439
f 432/564/2241 463/643/2241 464/602/2241
f 447/567/2242 446/565/2242 477/603/2242
f 433/566/2243 464/602/2243 465/605/2243
f 448/569/2244 447/567/2244 478/604/2244
f 435/570/444 434/568/444 465/605/444
f 449/573/2245 448/569/2245 479/606/2245
f 435/570/447 466/607/447 467/611/447
f 2349/613/448 423/575/448 422/572/448
f 422/572/448 453/609/448 454/612/448
f 450/577/2246 449/573/2246 480/610/2246
f 436/574/2247 467/611/2247 468/615/2247
f 1541/616/28 2457/617/28 2916/617/28
f 450/577/2248 481/614/2248 482/618/2248
f 438/580/2249 437/578/2249 468/615/2249
f 456/622/453 425/583/453 424/620/453
f 2350/621/453 455/658/453 456/622/453
f 451/579/2250 482/618/2250 483/623/2250
f 439/585/455 438/580/455 469/619/455
f 2092/626/456 426/586/456 425/583/456
f 425/583/456 456/622/456 457/625/456
f 452/584/2251 483/623/2251 2003/627/2251
f 439/585/458 470/624/458 471/629/458
f 2292/630/459 2092/626/459 457/625/459
f 441/593/460 440/590/460 471/629/460
f 459/635/2252 428/596/2252 427/633/2252
f 427/633/28 2093/2681/28 458/634/28
f 441/593/462 472/632/462 473/636/462
f 428/596/2253 459/635/2253 460/637/2253
f 443/599/464 442/597/464 473/636/464
f 429/598/2254 460/637/2254 461/639/2254
f 444/601/466 443/599/466 474/638/466
f 430/600/2255 461/639/2255 462/641/2255
f 444/601/468 475/640/468 476/642/468
f 431/562/2256 462/641/2256 463/643/2256
f 446/565/2257 445/563/2257 476/642/2257
f 466/607/471 465/605/471 496/644/471
f 480/610/473 479/606/473 510/648/473
f 466/607/2258 497/645/2258 498/650/2258
f 2352/652/475 454/612/475 453/609/475
f 453/609/475 484/647/475 485/651/475
f 480/610/476 511/649/476 512/653/476
f 467/611/2259 498/650/2259 499/654/2259
f 2548/510/369 3060/510/369 2958/655/369
f 481/614/478 512/653/478 513/656/478
f 469/619/2260 468/615/2260 499/654/2260
f 487/660/480 456/622/480 455/658/480
f 2353/659/480 486/689/480 487/660/480
f 483/623/481 482/618/481 513/656/481
f 470/624/2261 469/619/2261 500/657/2261
f 2095/664/483 457/625/483 456/622/483
f 456/622/483 487/660/483 488/663/483
f 483/623/484 514/661/484 2004/665/484
f 470/624/485 501/662/485 502/667/485
f 2291/668/486 2095/664/486 488/663/486
f 472/632/487 471/629/487 502/667/487
f 490/672/488 459/635/488 458/634/488
f 2096/671/488 489/702/488 490/672/488
f 472/632/489 503/670/489 504/673/489
f 459/635/490 490/672/490 491/674/490
f 474/638/491 473/636/491 504/673/491
f 461/639/492 460/637/492 491/674/492
f 475/640/493 474/638/493 505/675/493
f 461/639/494 492/676/494 493/678/494
f 475/640/495 506/677/495 507/679/495
f 463/643/2262 462/641/2262 493/678/2262
f 476/642/497 507/679/497 508/681/497
f 477/603/499 508/681/499 509/683/499
f 464/602/2263 495/682/2263 496/644/2263
f 478/604/501 509/683/501 510/648/501
f 499/654/2264 498/650/2264 529/684/2264
f 512/653/504 543/724/504 544/687/504
f 499/654/2265 530/685/2265 531/688/2265
f 518/691/506 487/660/506 486/689/506
f 2355/690/506 517/764/506 518/691/506
f 514/661/507 513/656/507 544/687/507
f 501/662/508 500/657/508 531/688/508
f 2098/695/509 488/663/509 487/660/509
f 487/660/509 518/691/509 519/694/509
f 514/661/510 545/692/510 2005/696/510
f 501/662/511 532/693/511 533/698/511
f 2290/699/512 2098/695/512 519/694/512
f 503/670/513 502/667/513 533/698/513
f 521/704/514 490/672/514 489/702/514
f 2099/703/514 520/736/514 521/704/514
f 503/670/515 534/701/515 535/705/515
f 491/674/516 490/672/516 521/704/516
f 505/675/517 504/673/517 535/705/517
f 492/676/518 491/674/518 522/706/518
f 506/677/519 505/675/519 536/707/519
f 492/676/520 523/708/520 524/710/520
f 506/677/521 537/709/521 538/711/521
f 493/678/2266 524/710/2266 525/712/2266
f 507/679/523 538/711/523 539/713/523
f 509/683/525 508/681/525 539/713/525
f 496/644/2267 495/682/2267 526/714/2267
f 510/648/527 509/683/527 540/715/527
f 497/645/528 496/644/528 527/716/528
f 511/649/530 510/648/530 541/717/530
f 497/645/531 528/718/531 529/684/531
f 2356/723/532 485/651/532 484/647/532
f 484/647/532 515/720/532 516/722/532
f 511/649/533 542/721/533 543/724/533
f 532/693/534 531/688/534 562/725/534
f 2101/728/535 519/694/535 518/691/535
f 518/691/535 549/766/535 550/727/535
f 2005/729/2268 545/692/2268 576/730/2268
f 532/693/537 563/726/537 564/732/537
f 2289/733/538 2101/728/538 550/727/538
f 534/701/539 533/698/539 564/732/539
f 552/738/2269 521/704/2269 520/736/2269
f 520/736/28 2102/2680/28 551/737/28
f 534/701/541 565/735/541 566/739/541
f 522/706/2270 521/704/2270 552/738/2270
f 535/705/543 566/739/543 567/741/543
f 523/708/2271 522/706/2271 553/740/2271
f 537/709/545 536/707/545 567/741/545
f 524/710/2272 523/708/2272 554/742/2272
f 537/709/547 568/743/547 569/745/547
f 525/712/2273 524/710/2273 555/744/2273
f 538/711/2274 569/745/2274 570/747/2274
f 526/714/2275 525/712/2275 556/746/2275
f 539/713/2276 570/747/2276 571/749/2276
f 527/716/2277 526/714/2277 557/748/2277
f 540/715/2278 571/749/2278 572/751/2278
f 528/718/554 527/716/554 558/750/554
f 541/717/2279 572/751/2279 573/755/2279
f 528/718/557 559/752/557 560/756/557
f 2358/758/558 516/722/558 515/720/558
f 515/720/558 546/754/558 547/757/558
f 542/721/2280 573/755/2280 574/759/2280
f 530/685/2281 529/684/2281 560/756/2281
f 1386/761/28 2442/762/28 2906/762/28
f 544/687/2282 543/724/2282 574/759/2282
f 530/685/2283 561/760/2283 562/725/2283
f 549/766/563 518/691/563 517/764/563
f 2359/765/563 548/797/563 549/766/563
f 545/692/2284 544/687/2284 575/763/2284
f 565/735/565 564/732/565 595/767/565
f 583/770/566 552/738/566 551/737/566
f 2104/769/566 582/846/566 583/770/566
f 565/735/567 596/768/567 597/771/567
f 552/738/568 583/770/568 584/772/568
f 567/741/569 566/739/569 597/771/569
f 554/742/570 553/740/570 584/772/570
f 568/743/571 567/741/571 598/773/571
f 554/742/572 585/774/572 586/776/572
f 568/743/573 599/775/573 600/777/573
f 555/744/574 586/776/574 587/778/574
f 570/747/575 569/745/575 600/777/575
f 557/748/576 556/746/576 587/778/576
f 570/747/577 601/779/577 602/781/577
f 557/748/578 588/780/578 589/782/578
f 572/751/579 571/749/579 602/781/579
f 559/752/580 558/750/580 589/782/580
f 572/751/582 603/783/582 604/787/582
f 559/752/583 590/784/583 591/788/583
f 2361/790/584 547/757/584 546/754/584
f 546/754/584 577/786/584 578/789/584
f 573/755/585 604/787/585 605/791/585
f 561/760/2285 560/756/2285 591/788/2285
f 2427/793/28 1260/794/28 2899/794/28
f 575/763/587 574/759/587 605/791/587
f 561/760/2286 592/792/2286 593/796/2286
f 580/799/589 549/766/589 548/797/589
f 2362/798/589 579/833/589 580/799/589
f 575/763/590 606/795/590 607/800/590
f 563/726/591 562/725/591 593/796/591
f 2105/803/592 550/727/592 549/766/592
f 549/766/592 580/799/592 581/802/592
f 2006/804/593 576/730/593 607/800/593
f 563/726/594 594/801/594 595/767/594
f 2288/806/595 2105/803/595 581/802/595
f 598/773/596 597/771/596 628/808/596
f 585/774/597 584/772/597 615/810/597
f 599/775/598 598/773/598 629/809/598
f 585/774/599 616/811/599 617/813/599
f 599/775/600 630/812/600 631/814/600
f 586/776/601 617/813/601 618/815/601
f 600/777/602 631/814/602 632/816/602
f 588/780/603 587/778/603 618/815/603
f 601/779/604 632/816/604 633/818/604
f 588/780/605 619/817/605 620/819/605
f 603/783/606 602/781/606 633/818/606
f 590/784/607 589/782/607 620/819/607
f 603/783/609 634/820/609 635/824/609
f 590/784/610 621/821/610 622/825/610
f 2364/827/611 578/789/611 577/786/611
f 577/786/611 608/823/611 609/826/611
f 604/787/612 635/824/612 636/828/612
f 592/792/2287 591/788/2287 622/825/2287
f 2507/686/503 3019/686/503 3002/830/503
f 605/791/615 636/828/615 637/831/615
f 592/792/2288 623/829/2288 624/832/2288
f 611/835/617 580/799/617 579/833/617
f 579/833/28 2365/2706/28 610/834/28
f 607/800/618 606/795/618 637/831/618
f 594/801/619 593/796/619 624/832/619
f 2107/839/620 581/802/620 580/799/620
f 580/799/620 611/835/620 612/838/620
f 2007/840/621 607/800/621 638/836/621
f 594/801/622 625/837/622 626/842/622
f 2287/843/623 2107/839/623 612/838/623
f 596/768/624 595/767/624 626/842/624
f 614/848/625 583/770/625 582/846/625
f 2108/847/625 613/880/625 614/848/625
f 596/768/626 627/845/626 628/808/626
f 584/772/627 583/770/627 614/848/627
f 631/814/628 630/812/628 661/849/628
f 617/813/629 648/887/629 649/851/629
f 631/814/630 662/850/630 663/852/630
f 619/817/631 618/815/631 649/851/631
f 632/816/632 663/852/632 664/854/632
f 619/817/633 650/853/633 651/855/633
f 634/820/634 633/818/634 664/854/634
f 621/821/635 620/819/635 651/855/635
f 634/820/637 665/856/637 666/860/637
f 621/821/638 652/857/638 653/861/638
f 2367/863/639 609/826/639 608/823/639
f 608/823/639 639/859/639 640/862/639
f 635/824/640 666/860/640 667/864/640
f 623/829/2289 622/825/2289 653/861/2289
f 2322/255/28 175/254/28 2832/254/28
f 636/828/642 667/864/642 668/866/642
f 623/829/2290 654/865/2290 655/867/2290
f 642/869/644 611/835/644 610/834/644
f 2368/868/644 641/903/644 642/869/644
f 637/831/645 668/866/645 669/870/645
f 624/832/646 655/867/646 656/871/646
f 2110/873/647 612/838/647 611/835/647
f 611/835/647 642/869/647 643/872/647
f 638/836/2291 669/870/2291 2009/874/2291
f 625/837/649 656/871/649 657/876/649
f 2286/877/650 2110/873/650 643/872/650
f 627/845/651 626/842/651 657/876/651
f 645/882/652 614/848/652 613/880/652
f 2111/881/652 644/916/652 645/882/652
f 627/845/653 658/879/653 659/883/653
f 615/810/654 614/848/654 645/882/654
f 629/809/655 628/808/655 659/883/655
f 615/810/656 646/884/656 647/886/656
f 630/812/657 629/809/657 660/885/657
f 616/811/658 647/886/658 648/887/658
f 663/852/659 694/927/659 695/888/659
f 650/853/660 681/928/660 682/889/660
f 665/856/661 664/854/661 695/888/661
f 651/855/662 682/889/662 683/891/662
f 666/860/664 665/856/664 696/890/664
f 653/861/665 652/857/665 683/891/665
f 2370/897/666 640/862/666 639/859/666
f 639/859/666 670/893/666 671/896/666
f 667/864/667 666/860/667 697/894/667
f 654/865/2292 653/861/2292 684/895/2292
f 668/866/2293 667/864/2293 698/898/2293
f 654/865/2294 685/899/2294 686/902/2294
f 673/905/672 642/869/672 641/903/672
f 641/903/28 2371/2697/28 672/904/28
f 669/870/673 668/866/673 699/901/673
f 655/867/674 686/902/674 687/907/674
f 2113/909/675 643/872/675 642/869/675
f 642/869/675 673/905/675 674/908/675
f 669/870/676 700/906/676 2010/910/676
f 657/876/677 656/871/677 687/907/677
f 2285/913/678 2113/909/678 674/908/678
f 657/876/679 688/912/679 689/915/679
f 676/918/680 645/882/680 644/916/680
f 2114/917/680 675/951/680 676/918/680
f 658/879/681 689/915/681 690/919/681
f 645/882/682 676/918/682 677/920/682
f 660/885/683 659/883/683 690/919/683
f 647/886/684 646/884/684 677/920/684
f 661/849/685 660/885/685 691/921/685
f 647/886/686 678/922/686 679/924/686
f 661/849/687 692/923/687 693/925/687
f 648/887/688 679/924/688 680/926/688
f 662/850/689 693/925/689 694/927/689
f 650/853/690 649/851/690 680/926/690
f 696/890/691 727/966/691 728/929/691
f 683/891/692 714/967/692 715/930/692
f 2373/932/693 671/896/693 670/893/693
f 670/893/693 701/969/693 702/931/693
f 697/894/694 728/929/694 729/933/694
f 685/899/2295 684/895/2295 715/930/2295
f 1198/935/28 2425/936/28 2895/936/28
f 698/898/696 729/933/696 730/937/696
f 685/899/2296 716/934/2296 717/938/2296
f 704/940/698 673/905/698 672/904/698
f 2374/939/698 703/973/698 704/940/698
f 700/906/699 699/901/699 730/937/699
f 687/907/700 686/902/700 717/938/700
f 2116/944/701 674/908/701 673/905/701
f 673/905/701 704/940/701 705/943/701
f 700/906/2297 731/941/2297 2011/945/2297
f 687/907/703 718/942/703 719/947/703
f 2284/948/704 2116/944/704 705/943/704
f 689/915/705 688/912/705 719/947/705
f 707/953/706 676/918/706 675/951/706
f 675/951/28 2117/2679/28 706/952/28
f 689/915/707 720/950/707 721/954/707
f 677/920/708 676/918/708 707/953/708
f 690/919/709 721/954/709 722/956/709
f 678/922/710 677/920/710 708/955/710
f 692/923/711 691/921/711 722/956/711
f 678/922/712 709/957/712 710/959/712
f 692/923/713 723/958/713 724/960/713
f 680/926/714 679/924/714 710/959/714
f 693/925/715 724/960/715 725/962/715
f 681/928/716 680/926/716 711/961/716
f 694/927/717 725/962/717 726/964/717
f 681/928/718 712/963/718 713/965/718
f 695/888/719 726/964/719 727/966/719
f 683/891/720 682/889/720 713/965/720
f 730/937/722 729/933/722 760/970/722
f 716/934/2298 747/1008/2298 748/972/2298
f 735/975/724 704/940/724 703/973/724
f 2376/974/724 734/1046/724 735/975/724
f 730/937/725 761/971/725 762/976/725
f 718/942/726 717/938/726 748/972/726
f 2119/979/727 705/943/727 704/940/727
f 704/940/727 735/975/727 736/978/727
f 731/941/728 762/976/728 2012/980/728
f 718/942/729 749/977/729 750/982/729
f 2283/983/730 2119/979/730 736/978/730
f 720/950/731 719/947/731 750/982/731
f 738/987/732 707/953/732 706/952/732
f 2120/986/732 737/1018/732 738/987/732
f 720/950/733 751/985/733 752/988/733
f 708/955/734 707/953/734 738/987/734
f 721/954/735 752/988/735 753/990/735
f 709/957/736 708/955/736 739/989/736
f 723/958/737 722/956/737 753/990/737
f 709/957/738 740/991/738 741/993/738
f 723/958/739 754/992/739 755/994/739
f 711/961/740 710/959/740 741/993/740
f 724/960/741 755/994/741 756/996/741
f 712/963/742 711/961/742 742/995/742
f 726/964/2299 725/962/2299 756/996/2299
f 712/963/744 743/997/744 744/999/744
f 726/964/2300 757/998/2300 758/1000/2300
f 714/967/746 713/965/746 744/999/746
f 727/966/2301 758/1000/2301 759/1004/2301
f 714/967/749 745/1001/749 746/1005/749
f 2377/1007/750 702/931/750 701/969/750
f 701/969/750 732/1003/750 733/1006/750
f 728/929/2302 759/1004/2302 760/970/2302
f 716/934/2303 715/930/2303 746/1005/2303
f 2547/900/669 3059/900/669 2960/1009/669
f 2012/1010/753 762/976/753 793/1011/753
f 749/977/754 780/1049/754 781/1013/754
f 2282/1014/755 2123/1050/755 767/1015/755
f 751/985/756 750/982/756 781/1013/756
f 769/1020/757 738/987/757 737/1018/757
f 2122/1019/757 768/1088/757 769/1020/757
f 751/985/758 782/1017/758 783/1021/758
f 738/987/759 769/1020/759 770/1022/759
f 753/990/760 752/988/760 783/1021/760
f 740/991/761 739/989/761 770/1022/761
f 754/992/762 753/990/762 784/1023/762
f 740/991/763 771/1024/763 772/1026/763
f 754/992/764 785/1025/764 786/1027/764
f 741/993/765 772/1026/765 773/1028/765
f 756/996/766 755/994/766 786/1027/766
f 743/997/767 742/995/767 773/1028/767
f 757/998/768 756/996/768 787/1029/768
f 743/997/769 774/1030/769 775/1032/769
f 758/1000/770 757/998/770 788/1031/770
f 745/1001/771 744/999/771 775/1032/771
f 759/1004/773 758/1000/773 789/1033/773
f 745/1001/774 776/1034/774 777/1038/774
f 2379/1040/775 733/1006/775 732/1003/775
f 732/1003/775 763/1036/775 764/1039/775
f 759/1004/776 790/1037/776 791/1041/776
f 747/1008/2304 746/1005/2304 777/1038/2304
f 760/970/779 791/1041/779 792/1044/779
f 747/1008/2306 778/1042/2306 779/1045/2306
f 766/1048/781 735/975/781 734/1046/781
f 2380/1047/781 765/1075/781 766/1048/781
f 761/971/782 792/1044/782 793/1011/782
f 749/977/783 748/972/783 779/1045/783
f 2123/1050/784 736/978/784 735/975/784
f 735/975/784 766/1048/784 767/1015/784
f 782/1017/785 813/1087/785 814/1051/785
f 769/1020/786 800/1090/786 801/1052/786
f 784/1023/787 783/1021/787 814/1051/787
f 771/1024/788 770/1022/788 801/1052/788
f 785/1025/789 784/1023/789 815/1053/789
f 771/1024/790 802/1054/790 803/1056/790
f 785/1025/791 816/1055/791 817/1057/791
f 772/1026/792 803/1056/792 804/1058/792
f 786/1027/793 817/1057/793 818/1059/793
f 774/1030/794 773/1028/794 804/1058/794
f 788/1031/795 787/1029/795 818/1059/795
f 774/1030/796 805/1060/796 806/1062/796
f 788/1031/797 819/1061/797 820/1063/797
f 776/1034/798 775/1032/798 806/1062/798
f 789/1033/800 820/1063/800 821/1067/800
f 776/1034/801 807/1064/801 808/1068/801
f 2382/1070/802 764/1039/802 763/1036/802
f 763/1036/802 794/1066/802 795/1069/802
f 790/1037/803 821/1067/803 822/1071/803
f 778/1042/2307 777/1038/2307 808/1068/2307
f 2319/221/28 144/220/28 2830/220/28
f 791/1041/805 822/1071/805 823/1073/805
f 778/1042/2308 809/1072/2308 810/1074/2308
f 797/1077/807 766/1048/807 765/1075/807
f 2383/1076/807 796/1092/807 797/1077/807
f 792/1044/808 823/1073/808 824/1078/808
f 780/1049/809 779/1045/809 810/1074/809
f 2125/1081/810 767/1015/810 766/1048/810
f 766/1048/810 797/1077/810 798/1080/810
f 793/1011/2309 824/1078/2309 2014/1082/2309
f 780/1049/812 811/1079/812 812/1084/812
f 2281/1085/813 2125/1081/813 798/1080/813
f 782/1017/814 781/1013/814 812/1084/814
f 800/1090/815 769/1020/815 768/1088/815
f 2126/1089/815 799/1106/815 800/1090/815
f 809/1072/2310 840/1130/2310 841/1091/2310
f 828/1094/817 797/1077/817 796/1092/817
f 2385/1093/817 827/1165/817 828/1094/817
f 824/1078/818 823/1073/818 854/1095/818
f 811/1079/819 810/1074/819 841/1091/819
f 2128/1099/820 798/1080/820 797/1077/820
f 797/1077/820 828/1094/820 829/1098/820
f 2014/1100/821 824/1078/821 855/1096/821
f 811/1079/822 842/1097/822 843/1102/822
f 2280/1103/823 2128/1099/823 829/1098/823
f 813/1087/824 812/1084/824 843/1102/824
f 831/1108/825 800/1090/825 799/1106/825
f 2129/1107/825 830/1137/825 831/1108/825
f 813/1087/826 844/1105/826 845/1109/826
f 801/1052/827 800/1090/827 831/1108/827
f 814/1051/828 845/1109/828 846/1111/828
f 802/1054/829 801/1052/829 832/1110/829
f 816/1055/830 815/1053/830 846/1111/830
f 802/1054/831 833/1112/831 834/1114/831
f 816/1055/832 847/1113/832 848/1115/832
f 804/1058/833 803/1056/833 834/1114/833
f 817/1057/834 848/1115/834 849/1117/834
f 805/1060/835 804/1058/835 835/1116/835
f 818/1059/2311 849/1117/2311 850/1119/2311
f 805/1060/837 836/1118/837 837/1120/837
f 820/1063/2312 819/1061/2312 850/1119/2312
f 807/1064/839 806/1062/839 837/1120/839
f 821/1067/2313 820/1063/2313 851/1121/2313
f 807/1064/842 838/1122/842 839/1126/842
f 2386/1128/843 795/1069/843 794/1066/843
f 794/1066/843 825/1124/843 826/1127/843
f 822/1071/2314 821/1067/2314 852/1125/2314
f 809/1072/2315 808/1068/2315 839/1126/2315
f 2506/1043/778 3018/1043/778 3003/1131/778
f 822/1071/846 853/1129/846 854/1095/846
f 842/1097/847 873/1169/847 874/1132/847
f 2279/1133/848 2132/1170/848 860/1134/848
f 844/1105/849 843/1102/849 874/1132/849
f 862/1139/850 831/1108/850 830/1137/850
f 2131/1138/850 861/1211/850 862/1139/850
f 844/1105/851 875/1136/851 876/1140/851
f 832/1110/852 831/1108/852 862/1139/852
f 845/1109/853 876/1140/853 877/1142/853
f 833/1112/854 832/1110/854 863/1141/854
f 847/1113/855 846/1111/855 877/1142/855
f 833/1112/856 864/1143/856 865/1145/856
f 847/1113/857 878/1144/857 879/1146/857
f 834/1114/858 865/1145/858 866/1147/858
f 848/1115/859 879/1146/859 880/1148/859
f 836/1118/860 835/1116/860 866/1147/860
f 850/1119/861 849/1117/861 880/1148/861
f 836/1118/862 867/1149/862 868/1151/862
f 850/1119/863 881/1150/863 882/1152/863
f 838/1122/864 837/1120/864 868/1151/864
f 851/1121/866 882/1152/866 883/1156/866
f 838/1122/867 869/1153/867 870/1157/867
f 2388/1159/868 826/1127/868 825/1124/868
f 825/1124/868 856/1155/868 857/1158/868
f 852/1125/869 883/1156/869 884/1160/869
f 840/1130/2316 839/1126/2316 870/1157/2316
f 854/1095/872 853/1129/872 884/1160/872
f 840/1130/2317 871/1161/2317 872/1164/2317
f 859/1167/874 828/1094/874 827/1165/874
f 2389/1166/874 858/1198/874 859/1167/874
f 854/1095/875 885/1163/875 886/1168/875
f 841/1091/876 872/1164/876 873/1169/876
f 2132/1170/877 829/1098/877 828/1094/877
f 828/1094/877 859/1167/877 860/1134/877
f 855/1096/2318 886/1168/2318 2016/1171/2318
f 875/1136/879 906/1210/879 907/1173/879
f 863/1141/880 862/1139/880 893/1174/880
f 876/1140/881 907/1173/881 908/1176/881
f 863/1141/882 894/1175/882 895/1177/882
f 878/1144/883 877/1142/883 908/1176/883
f 864/1143/884 895/1177/884 896/1179/884
f 878/1144/885 909/1178/885 910/1180/885
f 866/1147/886 865/1145/886 896/1179/886
f 879/1146/887 910/1180/887 911/1182/887
f 867/1149/888 866/1147/888 897/1181/888
f 881/1150/889 880/1148/889 911/1182/889
f 867/1149/890 898/1183/890 899/1185/890
f 882/1152/891 881/1150/891 912/1184/891
f 869/1153/892 868/1151/892 899/1185/892
f 883/1156/894 882/1152/894 913/1186/894
f 869/1153/895 900/1187/895 901/1191/895
f 2391/1193/896 857/1158/896 856/1155/896
f 856/1155/896 887/1189/896 888/1192/896
f 883/1156/897 914/1190/897 915/1194/897
f 871/1161/2319 870/1157/2319 901/1191/2319
f 2317/191/28 113/190/28 2828/190/28
f 884/1160/899 915/1194/899 916/1196/899
f 871/1161/2320 902/1195/2320 903/1197/2320
f 890/1200/901 859/1167/901 858/1198/901
f 2392/1199/901 889/1235/901 890/1200/901
f 886/1168/902 885/1163/902 916/1196/902
f 873/1169/903 872/1164/903 903/1197/903
f 2134/1204/904 860/1134/904 859/1167/904
f 859/1167/904 890/1200/904 891/1203/904
f 886/1168/905 917/1201/905 2017/1205/905
f 873/1169/906 904/1202/906 905/1207/906
f 2278/1208/907 2134/1204/907 891/1203/907
f 875/1136/908 874/1132/908 905/1207/908
f 893/1174/909 862/1139/909 861/1211/909
f 2135/1212/909 892/1248/909 893/1174/909
f 909/1178/910 908/1176/910 939/1213/910
f 895/1177/911 926/1253/911 927/1215/911
f 909/1178/912 940/1214/912 941/1216/912
f 897/1181/913 896/1179/913 927/1215/913
f 910/1180/914 941/1216/914 942/1218/914
f 898/1183/915 897/1181/915 928/1217/915
f 912/1184/916 911/1182/916 942/1218/916
f 898/1183/917 929/1219/917 930/1221/917
f 913/1186/918 912/1184/918 943/1220/918
f 900/1187/919 899/1185/919 930/1221/919
f 914/1190/921 913/1186/921 944/1222/921
f 900/1187/922 931/1223/922 932/1227/922
f 2394/1229/923 888/1192/923 887/1189/923
f 887/1189/923 918/1225/923 919/1228/923
f 914/1190/924 945/1226/924 946/1230/924
f 902/1195/2321 901/1191/2321 932/1227/2321
f 2421/1232/28 1198/935/28 2984/935/28
f 915/1194/926 946/1230/926 947/1233/926
f 902/1195/2322 933/1231/2322 934/1234/2322
f 921/1237/928 890/1200/928 889/1235/928
f 889/1235/28 2395/2707/28 920/1236/28
f 917/1201/929 916/1196/929 947/1233/929
f 904/1202/930 903/1197/930 934/1234/930
f 2137/1241/931 891/1203/931 890/1200/931
f 890/1200/931 921/1237/931 922/1240/931
f 917/1201/932 948/1238/932 2018/1242/932
f 904/1202/933 935/1239/933 936/1244/933
f 2277/1245/934 2137/1241/934 922/1240/934
f 906/1210/935 905/1207/935 936/1244/935
f 924/1250/936 893/1174/936 892/1248/936
f 2138/1249/936 923/1284/936 924/1250/936
f 906/1210/937 937/1247/937 938/1251/937
f 894/1175/938 893/1174/938 924/1250/938
f 907/1173/939 938/1251/939 939/1213/939
f 895/1177/940 894/1175/940 925/1252/940
f 942/1218/2323 941/1216/2323 972/1254/2323
f 928/1217/2324 959/1293/2324 960/1256/2324
f 943/1220/2325 942/1218/2325 973/1255/2325
f 929/1219/2326 960/1256/2326 961/1258/2326
f 944/1222/2327 943/1220/2327 974/1257/2327
f 931/1223/946 930/1221/946 961/1258/946
f 945/1226/2328 944/1222/2328 975/1259/2328
f 931/1223/949 962/1260/949 963/1264/949
f 2397/1266/950 919/1228/950 918/1225/950
f 918/1225/950 949/1262/950 950/1265/950
f 946/1230/2329 945/1226/2329 976/1263/2329
f 933/1231/2330 932/1227/2330 963/1264/2330
f 2546/1162/871 3058/1162/871 2961/1269/871
f 946/1230/2331 977/1267/2331 978/1270/2331
f 933/1231/2332 964/1268/2332 965/1271/2332
f 952/1273/955 921/1237/955 920/1236/955
f 2398/1272/955 951/1310/955 952/1273/955
f 947/1233/2333 978/1270/2333 979/1274/2333
f 935/1239/957 934/1234/957 965/1271/957
f 2140/1277/958 922/1240/958 921/1237/958
f 921/1237/958 952/1273/958 953/1276/958
f 948/1238/959 979/1274/959 2019/1278/959
f 935/1239/960 966/1275/960 967/1280/960
f 2276/1281/961 2140/1277/961 953/1276/961
f 937/1247/2334 936/1244/2334 967/1280/2334
f 955/1286/2335 924/1250/2335 923/1284/2335
f 2141/1285/963 954/1323/963 955/1286/963
f 937/1247/964 968/1283/964 969/1287/964
f 924/1250/2336 955/1286/2336 956/1288/2336
f 938/1251/966 969/1287/966 970/1289/966
f 925/1252/2337 956/1288/2337 957/1290/2337
f 940/1214/968 939/1213/968 970/1289/968
f 926/1253/2338 957/1290/2338 958/1292/2338
f 940/1214/970 971/1291/970 972/1254/970
f 927/1215/2339 958/1292/2339 959/1293/2339
f 975/1259/972 974/1257/972 1005/1294/972
f 962/1260/973 961/1258/973 992/1296/973
f 976/1263/975 975/1259/975 1006/1295/975
f 962/1260/2340 993/1297/2340 994/1301/2340
f 2400/1303/977 950/1265/977 949/1262/977
f 949/1262/977 980/1299/977 981/1302/977
f 977/1267/978 976/1263/978 1007/1300/978
f 964/1268/979 963/1264/979 994/1301/979
f 1789/1306/28 2481/1307/28 2932/1307/28
f 977/1267/980 1008/1304/980 1009/1308/980
f 964/1268/981 995/1305/981 996/1309/981
f 983/1312/982 952/1273/982 951/1310/982
f 2401/1311/982 982/1341/982 983/1312/982
f 978/1270/983 1009/1308/983 1010/1313/983
f 966/1275/2341 965/1271/2341 996/1309/2341
f 2143/1316/985 953/1276/985 952/1273/985
f 952/1273/985 983/1312/985 984/1315/985
f 2019/1317/2342 979/1274/2342 1010/1313/2342
f 966/1275/987 997/1314/987 998/1319/987
f 2275/1320/988 2143/1316/988 984/1315/988
f 967/1280/989 998/1319/989 999/1322/989
f 986/1325/990 955/1286/990 954/1323/990
f 954/1323/28 2144/2678/28 985/1324/28
f 968/1283/991 999/1322/991 1000/1326/991
f 956/1288/992 955/1286/992 986/1325/992
f 969/1287/993 1000/1326/993 1001/1328/993
f 957/1290/994 956/1288/994 987/1327/994
f 971/1291/995 970/1289/995 1001/1328/995
f 957/1290/996 988/1329/996 989/1331/996
f 971/1291/997 1002/1330/997 1003/1332/997
f 958/1292/2343 989/1331/2343 990/1333/2343
f 972/1254/999 1003/1332/999 1004/1334/999
f 974/1257/1001 973/1255/1001 1004/1334/1001
f 961/1258/2344 960/1256/2344 991/1335/2344
f 1007/1300/1003 1038/1372/1003 1039/1336/1003
f 994/1301/1004 1025/1373/1004 1026/1337/1004
f 1009/1308/1006 1008/1304/1006 1039/1336/1006
f 996/1309/1007 995/1305/1007 1026/1337/1007
f 1014/1343/1008 983/1312/1008 982/1341/1008
f 2403/1342/1008 1013/1413/1008 1014/1343/1008
f 1010/1313/1009 1009/1308/1009 1040/1339/1009
f 997/1314/2345 996/1309/2345 1027/1340/2345
f 2146/1347/1011 984/1315/1011 983/1312/1011
f 983/1312/1011 1014/1343/1011 1015/1346/1011
f 1010/1313/2346 1041/1344/2346 2021/1348/2346
f 997/1314/1013 1028/1345/1013 1029/1350/1013
f 2274/1351/1014 2146/1347/1014 1015/1346/1014
f 999/1322/1015 998/1319/1015 1029/1350/1015
f 1017/1355/1016 986/1325/1016 985/1324/1016
f 2147/1354/1016 1016/1388/1016 1017/1355/1016
f 999/1322/1017 1030/1353/1017 1031/1356/1017
f 986/1325/1018 1017/1355/1018 1018/1357/1018
f 1000/1326/1019 1031/1356/1019 1032/1358/1019
f 988/1329/1020 987/1327/1020 1018/1357/1020
f 1002/1330/1021 1001/1328/1021 1032/1358/1021
f 988/1329/1022 1019/1359/1022 1020/1361/1022
f 1002/1330/1023 1033/1360/1023 1034/1362/1023
f 990/1333/2347 989/1331/2347 1020/1361/2347
f 1003/1332/1025 1034/1362/1025 1035/1364/1025
f 1004/1334/1027 1035/1364/1027 1036/1366/1027
f 991/1335/2348 1022/1365/2348 1023/1367/2348
f 1005/1294/1029 1036/1366/1029 1037/1368/1029
f 993/1297/1030 992/1296/1030 1023/1367/1030
f 1006/1295/1032 1037/1368/1032 1038/1372/1032
f 993/1297/2349 1024/1369/2349 1025/1373/2349
f 2404/1375/1034 981/1302/1034 980/1299/1034
f 980/1299/1034 1011/1371/1034 1012/1374/1034
f 1041/1344/2350 1040/1339/2350 1071/1376/2350
f 1028/1345/1036 1027/1340/1036 1058/1378/1036
f 2149/1381/1037 1015/1346/1037 1014/1343/1037
f 1014/1343/1037 1045/1415/1037 1046/1380/1037
f 2021/1382/1038 1041/1344/1038 1072/1377/1038
f 1028/1345/1039 1059/1379/1039 1060/1384/1039
f 2273/1385/1040 2149/1381/1040 1046/1380/1040
f 1029/1350/2351 1060/1384/2351 1061/1387/2351
f 1048/1390/2352 1017/1355/2352 1016/1388/2352
f 1016/1388/28 2150/2677/28 1047/1389/28
f 1030/1353/1043 1061/1387/1043 1062/1391/1043
f 1018/1357/2353 1017/1355/2353 1048/1390/2353
f 1031/1356/1045 1062/1391/1045 1063/1393/1045
f 1019/1359/2354 1018/1357/2354 1049/1392/2354
f 1033/1360/1047 1032/1358/1047 1063/1393/1047
f 1020/1361/2355 1019/1359/2355 1050/1394/2355
f 1033/1360/1049 1064/1395/1049 1065/1397/1049
f 1021/1363/2356 1020/1361/2356 1051/1396/2356
f 1034/1362/2357 1065/1397/2357 1066/1399/2357
f 1022/1365/2358 1021/1363/2358 1052/1398/2358
f 1035/1364/2359 1066/1399/2359 1067/1401/2359
f 1023/1367/2360 1022/1365/2360 1053/1400/2360
f 1036/1366/2361 1067/1401/2361 1068/1403/2361
f 1024/1369/1056 1023/1367/1056 1054/1402/1056
f 1037/1368/2362 1068/1403/2362 1069/1407/2362
f 1024/1369/1059 1055/1404/1059 1056/1408/1059
f 2406/1410/1060 1012/1374/1060 1011/1371/1060
f 1011/1371/1060 1042/1406/1060 1043/1409/1060
f 1038/1372/2363 1069/1407/2363 1070/1411/2363
f 1025/1373/2364 1056/1408/2364 1057/1412/2364
f 1323/259/28 2436/60/28 2902/60/28
f 1040/1339/2365 1039/1336/2365 1070/1411/2365
f 1027/1340/2366 1026/1337/2366 1057/1412/2366
f 1045/1415/1065 1014/1343/1065 1013/1413/1065
f 2407/1414/1065 1044/1445/1065 1045/1415/1065
f 1061/1387/1066 1060/1384/1066 1091/1416/1066
f 1079/1419/1067 1048/1390/1067 1047/1389/1067
f 2152/1418/1067 1078/1494/1067 1079/1419/1067
f 1061/1387/1068 1092/1417/1068 1093/1420/1068
f 1048/1390/1069 1079/1419/1069 1080/1421/1069
f 1063/1393/1070 1062/1391/1070 1093/1420/1070
f 1050/1394/1071 1049/1392/1071 1080/1421/1071
f 1064/1395/1072 1063/1393/1072 1094/1422/1072
f 1050/1394/1073 1081/1423/1073 1082/1425/1073
f 1064/1395/1074 1095/1424/1074 1096/1426/1074
f 1051/1396/1075 1082/1425/1075 1083/1427/1075
f 1066/1399/1076 1065/1397/1076 1096/1426/1076
f 1053/1400/1077 1052/1398/1077 1083/1427/1077
f 1066/1399/1078 1097/1428/1078 1098/1430/1078
f 1053/1400/1079 1084/1429/1079 1085/1431/1079
f 1067/1401/1080 1098/1430/1080 1099/1432/1080
f 1055/1404/1081 1054/1402/1081 1085/1431/1081
f 1069/1407/1083 1068/1403/1083 1099/1432/1083
f 1055/1404/1084 1086/1433/1084 1087/1437/1084
f 2409/1439/1085 1043/1409/1085 1042/1406/1085
f 1042/1406/1085 1073/1435/1085 1074/1438/1085
f 1070/1411/1086 1069/1407/1086 1100/1436/1086
f 1056/1408/2367 1087/1437/2367 1088/1441/2367
f 2505/1338/1005 3017/1338/1005 3004/1442/1005
f 1071/1376/1088 1070/1411/1088 1101/1440/1088
f 1058/1378/2368 1057/1412/2368 1088/1441/2368
f 1076/1447/1090 1045/1415/1090 1044/1445/1090
f 2410/1446/1090 1075/1481/1090 1076/1447/1090
f 1071/1376/1091 1102/1443/1091 1103/1448/1091
f 1059/1379/1092 1058/1378/1092 1089/1444/1092
f 2153/1451/1093 1046/1380/1093 1045/1415/1093
f 1045/1415/1093 1076/1447/1093 1077/1450/1093
f 2022/1452/1094 1072/1377/1094 1103/1448/1094
f 1059/1379/1095 1090/1449/1095 1091/1416/1095
f 2272/1454/1096 2153/1451/1096 1077/1450/1096
f 1093/1420/1097 1124/1497/1097 1125/1456/1097
f 1081/1423/1098 1080/1421/1098 1111/1457/1098
f 1095/1424/1099 1094/1422/1099 1125/1456/1099
f 1081/1423/1100 1112/1458/1100 1113/1460/1100
f 1095/1424/1101 1126/1459/1101 1127/1461/1101
f 1083/1427/1102 1082/1425/1102 1113/1460/1102
f 1096/1426/1103 1127/1461/1103 1128/1463/1103
f 1084/1429/1104 1083/1427/1104 1114/1462/1104
f 1097/1428/1105 1128/1463/1105 1129/1465/1105
f 1084/1429/1106 1115/1464/1106 1116/1466/1106
f 1099/1432/1107 1098/1430/1107 1129/1465/1107
f 1086/1433/1108 1085/1431/1108 1116/1466/1108
f 1099/1432/1110 1130/1467/1110 1131/1471/1110
f 1086/1433/1111 1117/1468/1111 1118/1472/1111
f 2412/1474/1112 1074/1438/1112 1073/1435/1112
f 1073/1435/1112 1104/1470/1112 1105/1473/1112
f 1100/1436/1113 1131/1471/1113 1132/1475/1113
f 1087/1437/2369 1118/1472/2369 1119/1476/2369
f 1479/1477/28 2451/1478/28 2912/1478/28
f 1102/1443/1115 1101/1440/1115 1132/1475/1115
f 1089/1444/2370 1088/1441/2370 1119/1476/2370
f 1107/1483/1117 1076/1447/1117 1075/1481/1117
f 2413/1482/1117 1106/1518/1117 1107/1483/1117
f 1103/1448/1118 1102/1443/1118 1133/1479/1118
f 1090/1449/1119 1089/1444/1119 1120/1480/1119
f 2155/1487/1120 1077/1450/1120 1076/1447/1120
f 1076/1447/1120 1107/1483/1120 1108/1486/1120
f 1103/1448/1121 1134/1484/1121 2024/1488/1121
f 1090/1449/1122 1121/1485/1122 1122/1490/1122
f 2271/1491/1123 2155/1487/1123 1108/1486/1123
f 1091/1416/1124 1122/1490/1124 1123/1493/1124
f 1110/1496/1125 1079/1419/1125 1078/1494/1125
f 2156/1495/1125 1109/1531/1125 1110/1496/1125
f 1092/1417/1126 1123/1493/1126 1124/1497/1126
f 1080/1421/1127 1079/1419/1127 1110/1496/1127
f 1126/1459/1128 1157/1538/1128 1158/1498/1128
f 1113/1460/1129 1144/1539/1129 1145/1499/1129
f 1128/1463/1130 1127/1461/1130 1158/1498/1130
f 1115/1464/1131 1114/1462/1131 1145/1499/1131
f 1129/1465/1132 1128/1463/1132 1159/1500/1132
f 1116/1466/1133 1115/1464/1133 1146/1501/1133
f 1129/1465/1134 1160/1502/1134 1161/1504/1134
f 1117/1468/1135 1116/1466/1135 1147/1503/1135
f 1130/1467/1137 1161/1504/1137 1162/1508/1137
f 1117/1468/1138 1148/1505/1138 1149/1509/1138
f 2415/1511/1139 1105/1473/1139 1104/1470/1139
f 1104/1470/1139 1135/1507/1139 1136/1510/1139
f 1132/1475/1140 1131/1471/1140 1162/1508/1140
f 1118/1472/2371 1149/1509/2371 1150/1513/2371
f 2418/1514/28 1167/1515/28 2894/1515/28
f 1132/1475/1142 1163/1512/1142 1164/1516/1142
f 1120/1480/2372 1119/1476/2372 1150/1513/2372
f 1138/1520/1144 1107/1483/1144 1106/1518/1144
f 1106/1518/2373 2416/2695/2373 1137/1519/2373
f 1134/1484/1145 1133/1479/1145 1164/1516/1145
f 1121/1485/1146 1120/1480/1146 1151/1517/1146
f 2158/1524/1147 1108/1486/1147 1107/1483/1147
f 1107/1483/1147 1138/1520/1147 1139/1523/1147
f 1134/1484/2374 1165/1521/2374 2025/1525/2374
f 1121/1485/1149 1152/1522/1149 1153/1527/1149
f 2270/1528/1150 2158/1524/1150 1139/1523/1150
f 1122/1490/1151 1153/1527/1151 1154/1530/1151
f 1141/1533/1152 1110/1496/1152 1109/1531/1152
f 2159/1532/1152 1140/1565/1152 1141/1533/1152
f 1123/1493/1153 1154/1530/1153 1155/1534/1153
f 1110/1496/1154 1141/1533/1154 1142/1535/1154
f 1124/1497/1155 1155/1534/1155 1156/1536/1155
f 1112/1458/1156 1111/1457/1156 1142/1535/1156
f 1126/1459/1157 1125/1456/1157 1156/1536/1157
f 1112/1458/1158 1143/1537/1158 1144/1539/1158
f 1160/1502/1159 1159/1500/1159 1190/1540/1159
f 1146/1501/1160 1177/1576/1160 1178/1542/1160
f 1160/1502/1161 1191/1541/1161 1192/1543/1161
f 1148/1505/1162 1147/1503/1162 1178/1542/1162
f 1162/1508/1164 1161/1504/1164 1192/1543/1164
f 1148/1505/1165 1179/1544/1165 1180/1548/1165
f 2418/1514/1166 1136/1510/1166 1135/1507/1166
f 1135/1507/1166 1166/1546/1166 1167/1515/1166
f 1162/1508/1167 1193/1547/1167 1194/1549/1167
f 1149/1509/2375 1180/1548/2375 1181/1550/2375
f 1167/1515/28 2421/1232/28 2893/1232/28
f 1164/1516/1169 1163/1512/1169 1194/1549/1169
f 1151/1517/2376 1150/1513/2376 1181/1550/2376
f 1169/1554/1171 1138/1520/1171 1137/1519/1171
f 2419/1553/1171 1168/1586/1171 1169/1554/1171
f 1164/1516/1172 1195/1551/1172 1196/1555/1172
f 1152/1522/1173 1151/1517/1173 1182/1552/1173
f 2161/1558/1174 1139/1523/1174 1138/1520/1174
f 1138/1520/1174 1169/1554/1174 1170/1557/1174
f 2025/1559/1175 1165/1521/1175 1196/1555/1175
f 1152/1522/1176 1183/1556/1176 1184/1561/1176
f 2269/1562/1177 2161/1558/1177 1170/1557/1177
f 1154/1530/1178 1153/1527/1178 1184/1561/1178
f 1172/1567/1179 1141/1533/1179 1140/1565/1179
f 2162/1566/1179 1171/1599/1179 1172/1567/1179
f 1154/1530/1180 1185/1564/1180 1186/1568/1180
f 1141/1533/1181 1172/1567/1181 1173/1569/1181
f 1155/1534/1182 1186/1568/1182 1187/1570/1182
f 1143/1537/1183 1142/1535/1183 1173/1569/1183
f 1157/1538/1184 1156/1536/1184 1187/1570/1184
f 1143/1537/1185 1174/1571/1185 1175/1573/1185
f 1157/1538/1186 1188/1572/1186 1189/1574/1186
f 1144/1539/1187 1175/1573/1187 1176/1575/1187
f 1158/1498/1188 1189/1574/1188 1190/1540/1188
f 1146/1501/1189 1145/1499/1189 1176/1575/1189
f 1192/1543/2377 1223/1614/2377 1224/1579/2377
f 1179/1544/1192 1210/1615/1192 1211/1580/1192
f 2421/1232/1193 1167/1515/1193 1166/1546/1193
f 1166/1546/1193 1197/1578/1193 1198/935/1193
f 1193/1547/2378 1224/1579/2378 1225/1581/2378
f 1180/1548/2379 1211/1580/2379 1212/1582/2379
f 1195/1551/1197 1194/1549/1197 1225/1581/1197
f 1182/1552/2380 1181/1550/2380 1212/1582/2380
f 1200/1588/1199 1169/1554/1199 1168/1586/1199
f 2422/1587/1199 1199/1620/1199 1200/1588/1199
f 1195/1551/1200 1226/1584/1200 1227/1589/1200
f 1183/1556/1201 1182/1552/1201 1213/1585/1201
f 2164/1592/1202 1170/1557/1202 1169/1554/1202
f 1169/1554/1202 1200/1588/1202 1201/1591/1202
f 1196/1555/2381 1227/1589/2381 2027/1593/2381
f 1183/1556/1204 1214/1590/1204 1215/1595/1204
f 2268/1596/1205 2164/1592/1205 1201/1591/1205
f 1184/1561/1206 1215/1595/1206 1216/1598/1206
f 1203/1601/1207 1172/1567/1207 1171/1599/1207
f 2165/1600/1207 1202/1633/1207 1203/1601/1207
f 1185/1564/1208 1216/1598/1208 1217/1602/1208
f 1172/1567/1209 1203/1601/1209 1204/1603/1209
f 1186/1568/1210 1217/1602/1210 1218/1604/1210
f 1174/1571/1211 1173/1569/1211 1204/1603/1211
f 1188/1572/1212 1187/1570/1212 1218/1604/1212
f 1174/1571/1213 1205/1605/1213 1206/1607/1213
f 1188/1572/1214 1219/1606/1214 1220/1608/1214
f 1175/1573/1215 1206/1607/1215 1207/1609/1215
f 1189/1574/1216 1220/1608/1216 1221/1610/1216
f 1177/1576/1217 1176/1575/1217 1207/1609/1217
f 1191/1541/2382 1190/1540/2382 1221/1610/2382
f 1178/1542/1219 1177/1576/1219 1208/1611/1219
f 1191/1541/2383 1222/1612/2383 1223/1614/2383
f 1179/1544/1221 1178/1542/1221 1209/1613/1221
f 2313/113/28 82/112/28 2826/112/28
f 1226/1584/1222 1225/1581/1222 1256/1616/1222
f 1213/1585/2384 1212/1582/2384 1243/1618/2384
f 1231/1622/1224 1200/1588/1224 1199/1620/1224
f 1199/1620/28 2424/2690/28 1230/1621/28
f 1226/1584/1225 1257/1617/1225 1258/1623/1225
f 1214/1590/1226 1213/1585/1226 1244/1619/1226
f 2167/1626/1227 1201/1591/1227 1200/1588/1227
f 1200/1588/1227 1231/1622/1227 1232/1625/1227
f 2027/1627/1228 1227/1589/1228 1258/1623/1228
f 1214/1590/1229 1245/1624/1229 1246/1629/1229
f 2267/1630/1230 2167/1626/1230 1232/1625/1230
f 1215/1595/1231 1246/1629/1231 1247/1632/1231
f 1234/1635/1232 1203/1601/1232 1202/1633/1232
f 2168/1634/1232 1233/1664/1232 1234/1635/1232
f 1216/1598/1233 1247/1632/1233 1248/1636/1233
f 1203/1601/1234 1234/1635/1234 1235/1637/1234
f 1217/1602/1235 1248/1636/1235 1249/1638/1235
f 1205/1605/1236 1204/1603/1236 1235/1637/1236
f 1219/1606/1237 1218/1604/1237 1249/1638/1237
f 1205/1605/1238 1236/1639/1238 1237/1641/1238
f 1219/1606/1239 1250/1640/1239 1251/1642/1239
f 1206/1607/1240 1237/1641/1240 1238/1643/1240
f 1221/1610/1241 1220/1608/1241 1251/1642/1241
f 1208/1611/1242 1207/1609/1242 1238/1643/1242
f 1221/1610/1243 1252/1644/1243 1253/1646/1243
f 1208/1611/1244 1239/1645/1244 1240/1647/1244
f 1222/1612/1245 1253/1646/1245 1254/1648/1245
f 1210/1615/1246 1209/1613/1246 1240/1647/1246
f 1224/1579/1248 1223/1614/1248 1254/1648/1248
f 1210/1615/1249 1241/1649/1249 1242/1653/1249
f 2425/936/1250 1198/935/1250 1197/1578/1250
f 1197/1578/1250 1228/1651/1250 1229/1654/1250
f 1224/1579/1251 1255/1652/1251 1256/1616/1251
f 1211/1580/2385 1242/1653/2385 1243/1618/2385
f 2170/1656/1253 1232/1625/1253 1231/1622/1253
f 1231/1622/1253 1262/1691/1253 1263/1655/1253
f 2028/1657/1254 1258/1623/1254 1289/1658/1254
f 1245/1624/1255 1276/1692/1255 1277/1660/1255
f 2266/1661/1256 2170/1656/1256 1263/1655/1256
f 1246/1629/1257 1277/1660/1257 1278/1663/1257
f 1265/1666/1258 1234/1635/1258 1233/1664/1258
f 2171/1665/1258 1264/1693/1258 1265/1666/1258
f 1247/1632/1259 1278/1663/1259 1279/1667/1259
f 1235/1637/1260 1234/1635/1260 1265/1666/1260
f 1249/1638/1261 1248/1636/1261 1279/1667/1261
f 1236/1639/1262 1235/1637/1262 1266/1668/1262
f 1250/1640/1263 1249/1638/1263 1280/1669/1263
f 1236/1639/1264 1267/1670/1264 1268/1672/1264
f 1250/1640/1265 1281/1671/1265 1282/1673/1265
f 1237/1641/1266 1268/1672/1266 1269/1674/1266
f 1251/1642/1267 1282/1673/1267 1283/1675/1267
f 1239/1645/1268 1238/1643/1268 1269/1674/1268
f 1252/1644/1269 1283/1675/1269 1284/1677/1269
f 1240/1647/1270 1239/1645/1270 1270/1676/1270
f 1254/1648/1271 1253/1646/1271 1284/1677/1271
f 1241/1649/1272 1240/1647/1272 1271/1678/1272
f 1255/1652/1274 1254/1648/1274 1285/1679/1274
f 1241/1649/1275 1272/1680/1275 1273/1684/1275
f 2427/793/1276 1229/1654/1276 1228/1651/1276
f 1228/1651/1276 1259/1682/1276 1260/794/1276
f 1255/1652/1277 1286/1683/1277 1287/1685/1277
f 1242/1653/2386 1273/1684/2386 1274/1686/2386
f 2545/1583/1196 3057/1583/1196 2962/1687/1196
f 1256/1616/1279 1287/1685/1279 1288/1688/1279
f 1244/1619/2387 1243/1618/2387 1274/1686/2387
f 1262/1691/1281 1231/1622/1281 1230/1621/1281
f 2428/1690/1281 1261/1719/1281 1262/1691/1281
f 1257/1617/1282 1288/1688/1282 1289/1658/1282
f 1245/1624/1283 1244/1619/1283 1275/1689/1283
f 1297/1695/1284 1265/1666/1284 1264/1693/1284
f 2173/1694/1284 1296/1766/1284 1297/1695/1284
f 1278/1663/1285 1310/1731/1285 1311/1696/1285
f 1265/1666/1286 1297/1695/1286 1298/1697/1286
f 1279/1667/1287 1311/1696/1287 1312/1698/1287
f 1267/1670/1288 1266/1668/1288 1298/1697/1288
f 1281/1671/1289 1280/1669/1289 1312/1698/1289
f 1267/1670/1290 1299/1699/1290 1300/1701/1290
f 1281/1671/1291 1313/1700/1291 1314/1702/1291
f 1269/1674/1292 1268/1672/1292 1300/1701/1292
f 1283/1675/1293 1282/1673/1293 1314/1702/1293
f 1270/1676/1294 1269/1674/1294 1301/1703/1294
f 1283/1675/2388 1315/1704/2388 1316/1706/2388
f 1270/1676/1296 1302/1705/1296 1303/1707/1296
f 1285/1679/2389 1284/1677/2389 1316/1706/2389
f 1272/1680/1298 1271/1678/1298 1303/1707/1298
f 1286/1683/2390 1285/1679/2390 1317/1708/2390
f 1272/1680/1301 1304/1709/1301 1305/1713/1301
f 2430/478/1302 1260/794/1302 1259/1682/1302
f 1259/1682/1302 1291/1711/1302 1292/479/1302
f 1287/1685/2391 1286/1683/2391 1318/1712/2391
f 1273/1684/2392 1305/1713/2392 1306/1715/2392
f 1288/1688/1306 1287/1685/1306 1319/1714/1306
f 1275/1689/2393 1274/1686/2393 1306/1715/2393
f 1294/1721/1308 1262/1691/1308 1261/1719/1308
f 2431/1720/1308 1293/1753/1308 1294/1721/1308
f 1288/1688/1309 1320/1717/1309 1321/1722/1309
f 1276/1692/1310 1275/1689/1310 1307/1718/1310
f 2174/1725/1311 1263/1655/1311 1262/1691/1311
f 1262/1691/1311 1294/1721/1311 1295/1724/1311
f 1289/1658/2394 1321/1722/2394 2029/1726/2394
f 1276/1692/1313 1308/1723/1313 1309/1728/1313
f 2265/1729/1314 2174/1725/1314 1295/1724/1314
f 1278/1663/1315 1277/1660/1315 1309/1728/1315
f 1299/1699/1316 1298/1697/1316 1329/1732/1316
f 1313/1700/1317 1312/1698/1317 1343/1734/1317
f 1299/1699/1318 1330/1733/1318 1331/1736/1318
f 1313/1700/1319 1344/1735/1319 1345/1737/1319
f 1300/1701/1320 1331/1736/1320 1332/1738/1320
f 1315/1704/1321 1314/1702/1321 1345/1737/1321
f 1302/1705/1322 1301/1703/1322 1332/1738/1322
f 1315/1704/1323 1346/1739/1323 1347/1741/1323
f 1302/1705/1324 1333/1740/1324 1334/1742/1324
f 1317/1708/1325 1316/1706/1325 1347/1741/1325
f 1304/1709/1326 1303/1707/1326 1334/1742/1326
f 1318/1712/1328 1317/1708/1328 1348/1743/1328
f 1304/1709/1329 1335/1744/1329 1336/1748/1329
f 2433/258/1330 1292/479/1330 1291/1711/1330
f 1291/1711/1330 1322/1746/1330 1323/259/1330
f 1318/1712/1331 1349/1747/1331 1350/1749/1331
f 1305/1713/2395 1336/1748/2395 1337/1750/2395
f 2415/1511/28 1136/1510/28 2892/1510/28
f 1319/1714/1333 1350/1749/1333 1351/1751/1333
f 1307/1718/2396 1306/1715/2396 1337/1750/2396
f 1325/1755/1335 1294/1721/1335 1293/1753/1335
f 2434/1754/1335 1324/1788/1335 1325/1755/1335
f 1320/1717/1336 1351/1751/1336 1352/1756/1336
f 1308/1723/1337 1307/1718/1337 1338/1752/1337
f 2176/1759/1338 1295/1724/1338 1294/1721/1338
f 1294/1721/1338 1325/1755/1338 1326/1758/1338
f 2029/1760/1339 1321/1722/1339 1352/1756/1339
f 1308/1723/1340 1339/1757/1340 1340/1762/1340
f 2264/1763/1341 2176/1759/1341 1326/1758/1341
f 1310/1731/1342 1309/1728/1342 1340/1762/1342
f 1328/1768/1343 1297/1695/1343 1296/1766/1343
f 2177/1767/1343 1327/1801/1343 1328/1768/1343
f 1310/1731/1344 1341/1765/1344 1342/1769/1344
f 1297/1695/1345 1328/1768/1345 1329/1732/1345
f 1311/1696/1346 1342/1769/1346 1343/1734/1346
f 1332/1738/1347 1331/1736/1347 1363/1770/1347
f 1346/1739/1348 1345/1737/1348 1377/1772/1348
f 1333/1740/1349 1332/1738/1349 1364/1771/1349
f 1346/1739/1350 1378/1773/1350 1379/1775/1350
f 1333/1740/1351 1365/1774/1351 1366/1776/1351
f 1347/1741/1352 1379/1775/1352 1380/1777/1352
f 1334/1742/1353 1366/1776/1353 1367/1778/1353
f 1349/1747/1355 1348/1743/1355 1380/1777/1355
f 1335/1744/1356 1367/1778/1356 1368/1782/1356
f 2436/60/1357 1323/259/1357 1322/1746/1357
f 1322/1746/1357 1354/1780/1357 1355/61/1357
f 1350/1749/1358 1349/1747/1358 1381/1781/1358
f 1336/1748/2397 1368/1782/2397 1369/1784/2397
f 2504/1716/1305 3016/1716/1305 3005/1785/1305
f 1350/1749/1360 1382/1783/1360 1383/1786/1360
f 1338/1752/2398 1337/1750/2398 1369/1784/2398
f 1357/1790/1362 1325/1755/1362 1324/1788/1362
f 2437/1789/1362 1356/1822/1362 1357/1790/1362
f 1352/1756/1363 1351/1751/1363 1383/1786/1363
f 1339/1757/1364 1338/1752/1364 1370/1787/1364
f 2179/1794/1365 1326/1758/1365 1325/1755/1365
f 1325/1755/1365 1357/1790/1365 1358/1793/1365
f 1352/1756/2399 1384/1791/2399 2031/1795/2399
f 1339/1757/1367 1371/1792/1367 1372/1797/1367
f 2263/1798/1368 2179/1794/1368 1358/1793/1368
f 1341/1765/1369 1340/1762/1369 1372/1797/1369
f 1360/1803/1370 1328/1768/1370 1327/1801/1370
f 2180/1802/1370 1359/1835/1370 1360/1803/1370
f 1341/1765/1371 1373/1800/1371 1374/1804/1371
f 1328/1768/1372 1360/1803/1372 1361/1805/1372
f 1342/1769/1373 1374/1804/1373 1375/1806/1373
f 1330/1733/1374 1329/1732/1374 1361/1805/1374
f 1344/1735/1375 1343/1734/1375 1375/1806/1375
f 1330/1733/1376 1362/1807/1376 1363/1770/1376
f 1344/1735/1377 1376/1808/1377 1377/1772/1377
f 1366/1776/1378 1365/1774/1378 1396/1809/1378
f 1379/1775/1379 1410/1847/1379 1411/1811/1379
f 1367/1778/1380 1366/1776/1380 1397/1810/1380
f 1381/1781/1382 1380/1777/1382 1411/1811/1382
f 1367/1778/1383 1398/1812/1383 1399/1816/1383
f 2439/1817/1384 1355/61/1384 1354/1780/1384
f 1354/1780/1384 1385/1814/1384 1386/761/1384
f 1381/1781/1385 1412/1815/1385 1413/1818/1385
f 1368/1782/2400 1399/1816/2400 1400/1819/2400
f 2310/78/28 51/77/28 2824/77/28
f 1383/1786/1387 1382/1783/1387 1413/1818/1387
f 1370/1787/2401 1369/1784/2401 1400/1819/2401
f 1388/1824/1389 1357/1790/1389 1356/1822/1389
f 2440/1823/1389 1387/1855/1389 1388/1824/1389
f 1383/1786/1390 1414/1820/1390 1415/1825/1390
f 1371/1792/1391 1370/1787/1391 1401/1821/1391
f 2182/1828/1392 1358/1793/1392 1357/1790/1392
f 1357/1790/1392 1388/1824/1392 1389/1827/1392
f 1384/1791/1393 1415/1825/1393 2032/1829/1393
f 1371/1792/1394 1402/1826/1394 1403/1831/1394
f 2262/1832/1395 2182/1828/1395 1389/1827/1395
f 1372/1797/1396 1403/1831/1396 1404/1834/1396
f 1391/1837/1397 1360/1803/1397 1359/1835/1397
f 2183/1836/1397 1390/1868/1397 1391/1837/1397
f 1373/1800/1398 1404/1834/1398 1405/1838/1398
f 1360/1803/1399 1391/1837/1399 1392/1839/1399
f 1374/1804/1400 1405/1838/1400 1406/1840/1400
f 1362/1807/1401 1361/1805/1401 1392/1839/1401
f 1376/1808/1402 1375/1806/1402 1406/1840/1402
f 1362/1807/1403 1393/1841/1403 1394/1843/1403
f 1376/1808/1404 1407/1842/1404 1408/1844/1404
f 1364/1771/1405 1363/1770/1405 1394/1843/1405
f 1378/1773/1406 1377/1772/1406 1408/1844/1406
f 1365/1774/1407 1364/1771/1407 1395/1845/1407
f 1378/1773/1408 1409/1846/1408 1410/1847/1408
f 1398/1812/1409 1429/1884/1409 1430/1848/1409
f 2442/762/1410 1386/761/1410 1385/1814/1410
f 1385/1814/1410 1416/1886/1410 1417/1849/1410
f 1412/1815/1411 1443/1887/1411 1444/1850/1411
f 1399/1816/2402 1430/1848/2402 1431/1851/2402
f 1414/1820/1414 1413/1818/1414 1444/1850/1414
f 1401/1821/2403 1400/1819/2403 1431/1851/2403
f 1419/1857/1416 1388/1824/1416 1387/1855/1416
f 2443/1856/1416 1418/1890/1416 1419/1857/1416
f 1415/1825/2404 1414/1820/2404 1445/1853/2404
f 1402/1826/1418 1401/1821/1418 1432/1854/1418
f 2185/1861/1419 1389/1827/1419 1388/1824/1419
f 1388/1824/1419 1419/1857/1419 1420/1860/1419
f 1415/1825/1420 1446/1858/1420 2033/1862/1420
f 1402/1826/1421 1433/1859/1421 1434/1864/1421
f 2261/1865/1422 2185/1861/1422 1420/1860/1422
f 1404/1834/1423 1403/1831/1423 1434/1864/1423
f 1422/1870/1424 1391/1837/1424 1390/1868/1424
f 1390/1868/28 2186/2676/28 1421/1869/28
f 1404/1834/1425 1435/1867/1425 1436/1871/1425
f 1391/1837/1426 1422/1870/1426 1423/1872/1426
f 1405/1838/1427 1436/1871/1427 1437/1873/1427
f 1393/1841/1428 1392/1839/1428 1423/1872/1428
f 1407/1842/1429 1406/1840/1429 1437/1873/1429
f 1393/1841/1430 1424/1874/1430 1425/1876/1430
f 1407/1842/1431 1438/1875/1431 1439/1877/1431
f 1395/1845/1432 1394/1843/1432 1425/1876/1432
f 1409/1846/1433 1408/1844/1433 1439/1877/1433
f 1396/1809/1434 1395/1845/1434 1426/1878/1434
f 1409/1846/1435 1440/1879/1435 1441/1881/1435
f 1396/1809/1436 1427/1880/1436 1428/1882/1436
f 1410/1847/1437 1441/1881/1437 1442/1883/1437
f 1397/1810/1438 1428/1882/1438 1429/1884/1438
f 1412/1815/1440 1411/1811/1440 1442/1883/1440
f 1432/1854/2405 1431/1851/2405 1462/1888/2405
f 1450/1892/1442 1419/1857/1442 1418/1890/1442
f 2445/1891/1442 1449/1961/1442 1450/1892/1442
f 1445/1853/2406 1476/1927/2406 1477/1893/2406
f 1433/1859/1444 1432/1854/1444 1463/1889/1444
f 2188/1896/1445 1420/1860/1445 1419/1857/1445
f 1419/1857/1445 1450/1892/1445 1451/1895/1445
f 1446/1858/2407 1477/1893/2407 2034/1897/2407
f 1434/1864/1447 1433/1859/1447 1464/1894/1447
f 2260/1900/1448 2188/1896/1448 1451/1895/1448
f 1434/1864/1449 1465/1899/1449 1466/1902/1449
f 1453/1904/2408 1422/1870/2408 1421/1869/2408
f 2189/1903/1450 1452/1934/1450 1453/1904/1450
f 1435/1867/1451 1466/1902/1451 1467/1905/1451
f 1422/1870/2409 1453/1904/2409 1454/1906/2409
f 1436/1871/1453 1467/1905/1453 1468/1907/1453
f 1423/1872/2410 1454/1906/2410 1455/1908/2410
f 1438/1875/1455 1437/1873/1455 1468/1907/1455
f 1424/1874/2411 1455/1908/2411 1456/1910/2411
f 1438/1875/1457 1469/1909/1457 1470/1911/1457
f 1425/1876/2412 1456/1910/2412 1457/1912/2412
f 1440/1879/2413 1439/1877/2413 1470/1911/2413
f 1426/1878/2414 1457/1912/2414 1458/1914/2414
f 1441/1881/2415 1440/1879/2415 1471/1913/2415
f 1427/1880/2416 1458/1914/2416 1459/1916/2416
f 1442/1883/2417 1441/1881/2417 1472/1915/2417
f 1428/1882/1464 1459/1916/1464 1460/1918/1464
f 1443/1887/2418 1442/1883/2418 1473/1917/2418
f 1429/1884/1467 1460/1918/1467 1461/1922/1467
f 2446/1924/1468 1417/1849/1468 1416/1886/1468
f 1416/1886/1468 1447/1920/1468 1448/1923/1468
f 1444/1850/2419 1443/1887/2419 1474/1921/2419
f 1430/1848/2420 1461/1922/2420 1462/1888/2420
f 2544/1852/1413 3056/1852/1413 2963/1926/1413
f 1444/1850/2421 1475/1925/2421 1476/1927/2421
f 1465/1899/1472 1464/1894/1472 1495/1928/1472
f 2259/1930/1473 2192/1965/1473 1482/1931/1473
f 1465/1899/1474 1496/1929/1474 1497/1933/1474
f 1484/1936/1475 1453/1904/1475 1452/1934/1475
f 2191/1935/1475 1483/2675/1475 1484/1936/1475
f 1466/1902/1476 1497/1933/1476 1498/1937/1476
f 1453/1904/1477 1484/1936/1477 1485/1938/1477
f 1467/1905/1478 1498/1937/1478 1499/1939/1478
f 1455/1908/1479 1454/1906/1479 1485/1938/1479
f 1469/1909/1480 1468/1907/1480 1499/1939/1480
f 1455/1908/1481 1486/1940/1481 1487/1942/1481
f 1469/1909/1482 1500/1941/1482 1501/1943/1482
f 1457/1912/2422 1456/1910/2422 1487/1942/2422
f 1471/1913/1484 1470/1911/1484 1501/1943/1484
f 1471/1913/1486 1502/1945/1486 1503/1947/1486
f 1458/1914/2423 1489/1946/2423 1490/1948/2423
f 1472/1915/1488 1503/1947/1488 1504/1949/1488
f 1459/1916/1489 1490/1948/1489 1491/1950/1489
f 1474/1921/1491 1473/1917/1491 1504/1949/1491
f 1460/1918/2424 1491/1950/2424 1492/1954/2424
f 2448/1956/1493 1448/1923/1493 1447/1920/1493
f 1447/1920/1493 1478/1952/1493 1479/1955/1493
f 1474/1921/1494 1505/1953/1494 1506/1957/1494
f 1461/1922/2425 1492/1954/2425 1493/1958/2425
f 2308/55/28 20/54/28 2822/54/28
f 1475/1925/1496 1506/1957/1496 1507/1959/1496
f 1463/1889/2426 1462/1888/2426 1493/1958/2426
f 1481/1963/1498 1450/1892/1498 1449/1961/1498
f 2449/1962/1498 1480/2729/1498 1481/1963/1498
f 1477/1893/1499 1476/1927/1499 1507/1959/1499
f 1464/1894/2427 1463/1889/2427 1494/1960/2427
f 2192/1965/1501 1451/1895/1501 1450/1892/1501
f 1450/1892/1501 1481/1963/1501 1482/1931/1501
f 1477/1893/1502 1508/1964/1502 2035/1966/1502
f 1497/1968/1503 1528/2030/1503 1529/1969/1503
f 1484/1971/1504 1515/2033/1504 1516/1972/1504
f 1498/1970/1505 1529/1969/1505 1530/1974/1505
f 1486/1976/1506 1485/1973/1506 1516/1972/1506
f 1500/1978/1507 1499/1975/1507 1530/1974/1507
f 1486/1976/1508 1517/1977/1508 1518/1980/1508
f 1500/1978/1509 1531/1979/1509 1532/1982/1509
f 1487/1981/2428 1518/1980/2428 1519/1984/2428
f 1502/1986/1511 1501/1983/1511 1532/1982/1511
f 1502/1986/1513 1533/1987/1513 1534/1990/1513
f 1490/1992/2429 1489/1989/2429 1520/1988/2429
f 1503/1991/1515 1534/1990/1515 1535/1994/1515
f 1491/1996/1516 1490/1992/1516 1521/1993/1516
f 1505/2001/1518 1504/1995/1518 1535/1994/1518
f 1491/1996/2430 1522/1997/2430 1523/2003/2430
f 2451/1478/1520 1479/1477/1520 1478/1998/1520
f 1478/1998/1520 1509/2000/1520 1510/2005/1520
f 1505/2001/1521 1536/2002/1521 1537/2006/1521
f 1493/2008/2431 1492/2004/2431 1523/2003/2431
f 2412/1474/28 1105/1473/28 2890/1473/28
f 1507/2010/1523 1506/2007/1523 1537/2006/1523
f 1493/2008/2432 1524/2009/2432 1525/2012/2432
f 1512/2016/1525 1481/2021/1525 1480/2014/1525
f 2452/2015/1525 1511/2056/1525 1512/2016/1525
f 1507/2010/1526 1538/2011/1526 1539/2017/1526
f 1495/2019/2433 1494/2013/2433 1525/2012/2433
f 2194/2023/1528 1482/2674/1528 1481/2021/1528
f 1481/2021/1528 1512/2016/1528 1513/2022/1528
f 1508/2018/1529 1539/2017/1529 2036/2024/1529
f 1495/2019/1530 1526/2020/1530 1527/2026/1530
f 2258/2028/1531 2194/2023/1531 1513/2022/1531
f 1496/2027/1532 1527/2026/1532 1528/2030/1532
f 1515/2033/1533 1484/1971/1533 1483/2031/1533
f 2195/2032/1533 1514/2069/1533 1515/2033/1533
f 1531/1979/1534 1530/1974/1534 1561/2034/1534
f 1518/1980/2434 1517/1977/2434 1548/2036/2434
f 1531/1979/1536 1562/2035/1536 1563/2038/1536
f 1519/1984/2435 1518/1980/2435 1549/2037/2435
f 1532/1982/2436 1563/2038/2436 1564/2040/2436
f 1520/1988/2437 1519/1984/2437 1550/2039/2437
f 1533/1987/2438 1564/2040/2438 1565/2042/2438
f 1521/1993/2439 1520/1988/2439 1551/2041/2439
f 1534/1990/2440 1565/2042/2440 1566/2044/2440
f 1522/1997/1543 1521/1993/1543 1552/2043/1543
f 1535/1994/2441 1566/2044/2441 1567/2048/2441
f 1522/1997/1546 1553/2045/1546 1554/2049/1546
f 2454/2050/1547 1510/2005/1547 1509/2000/1547
f 1509/2000/1547 1540/2047/1547 1541/616/1547
f 1536/2002/2442 1567/2048/2442 1568/2051/2442
f 1524/2009/2443 1523/2003/2443 1554/2049/2443
f 1538/2011/2444 1537/2006/2444 1568/2051/2444
f 1524/2009/2445 1555/2052/2445 1556/2055/2445
f 1543/2058/1553 1512/2016/1553 1511/2056/1553
f 2455/2057/1553 1542/2091/1553 1543/2058/1553
f 1539/2017/2446 1538/2011/2446 1569/2054/2446
f 1526/2020/1555 1525/2012/1555 1556/2055/1555
f 2197/2062/1556 1513/2022/1556 1512/2016/1556
f 1512/2016/1556 1543/2058/1556 1544/2061/1556
f 2036/2063/2447 1539/2017/2447 1570/2059/2447
f 1526/2020/1558 1557/2060/1558 1558/2065/1558
f 2257/2066/1559 2197/2062/1559 1544/2061/1559
f 1527/2026/1560 1558/2065/1560 1559/2068/1560
f 1546/2071/2448 1515/2033/2448 1514/2069/2448
f 2198/2070/1561 1545/2104/1561 1546/2071/1561
f 1528/2030/1562 1559/2068/1562 1560/2072/1562
f 1516/1972/2449 1515/2033/2449 1546/2071/2449
f 1529/1969/1564 1560/2072/1564 1561/2034/1564
f 1517/1977/2450 1516/1972/2450 1547/2073/2450
f 1564/2040/1566 1563/2038/1566 1594/2074/1566
f 1551/2041/1567 1550/2039/1567 1581/2076/1567
f 1564/2040/1568 1595/2075/1568 1596/2078/1568
f 1552/2043/1569 1551/2041/1569 1582/2077/1569
f 1565/2042/1570 1596/2078/1570 1597/2080/1570
f 1553/2045/1571 1552/2043/1571 1583/2079/1571
f 1567/2048/1573 1566/2044/1573 1597/2080/1573
f 1553/2045/1574 1584/2081/1574 1585/2085/1574
f 2457/617/1575 1541/616/1575 1540/2047/1575
f 1540/2047/1575 1571/2083/1575 1572/2086/1575
f 1568/2051/1576 1567/2048/1576 1598/2084/1576
f 1555/2052/2451 1554/2049/2451 1585/2085/2451
f 2356/723/28 516/722/28 2852/722/28
f 1569/2054/1578 1568/2051/1578 1599/2087/1578
f 1555/2052/2452 1586/2088/2452 1587/2090/2452
f 1574/2093/1580 1543/2058/1580 1542/2091/1580
f 2458/2092/1580 1573/2127/1580 1574/2093/1580
f 1569/2054/1581 1600/2089/1581 1601/2094/1581
f 1557/2060/1582 1556/2055/1582 1587/2090/1582
f 2200/2097/1583 1544/2061/1583 1543/2058/1583
f 1543/2058/1583 1574/2093/1583 1575/2096/1583
f 1570/2059/1584 1601/2094/1584 2038/2098/1584
f 1557/2060/1585 1588/2095/1585 1589/2100/1585
f 2256/2101/1586 2200/2097/1586 1575/2096/1586
f 1558/2065/1587 1589/2100/1587 1590/2103/1587
f 1577/2106/1588 1546/2071/1588 1545/2104/1588
f 2201/2105/1588 1576/2140/1588 1577/2106/1588
f 1559/2068/1589 1590/2103/1589 1591/2107/1589
f 1546/2071/1590 1577/2106/1590 1578/2108/1590
f 1560/2072/1591 1591/2107/1591 1592/2109/1591
f 1548/2036/1592 1547/2073/1592 1578/2108/1592
f 1562/2035/1593 1561/2034/1593 1592/2109/1593
f 1548/2036/1594 1579/2110/1594 1580/2112/1594
f 1562/2035/1595 1593/2111/1595 1594/2074/1595
f 1550/2039/1596 1549/2037/1596 1580/2112/1596
f 1583/2079/1597 1582/2077/1597 1613/2113/1597
f 1596/2078/1598 1627/2152/1598 1628/2115/1598
f 1584/2081/1599 1583/2079/1599 1614/2114/1599
f 1598/2084/1601 1597/2080/1601 1628/2115/1601
f 1584/2081/1602 1615/2116/1602 1616/2120/1602
f 2460/2122/1603 1572/2086/1603 1571/2083/1603
f 1571/2083/1603 1602/2118/1603 1603/2121/1603
f 1598/2084/1604 1629/2119/1604 1630/2123/1604
f 1586/2088/2453 1585/2085/2453 1616/2120/2453
f 1417/1849/28 2446/1924/28 2908/1924/28
f 1599/2087/1606 1630/2123/1606 1631/2125/1606
f 1586/2088/2454 1617/2124/2454 1618/2126/2454
f 1605/2129/1608 1574/2093/1608 1573/2127/1608
f 1573/2127/28 2461/2718/28 1604/2128/28
f 1600/2089/1609 1631/2125/1609 1632/2130/1609
f 1588/2095/1610 1587/2090/1610 1618/2126/1610
f 2203/2133/1611 1575/2096/1611 1574/2093/1611
f 1574/2093/1611 1605/2129/1611 1606/2132/1611
f 1601/2094/1612 1632/2130/1612 2039/2134/1612
f 1588/2095/1613 1619/2131/1613 1620/2136/1613
f 2255/2137/1614 2203/2133/1614 1606/2132/1614
f 1589/2100/1615 1620/2136/1615 1621/2139/1615
f 1608/2142/1616 1577/2106/1616 1576/2140/1616
f 1576/2140/28 2204/2672/28 1607/2141/28
f 1590/2103/1617 1621/2139/1617 1622/2143/1617
f 1577/2106/1618 1608/2142/1618 1609/2144/1618
f 1591/2107/1619 1622/2143/1619 1623/2145/1619
f 1579/2110/1620 1578/2108/1620 1609/2144/1620
f 1593/2111/1621 1592/2109/1621 1623/2145/1621
f 1579/2110/1622 1610/2146/1622 1611/2148/1622
f 1593/2111/1623 1624/2147/1623 1625/2149/1623
f 1581/2076/1624 1580/2112/1624 1611/2148/1624
f 1595/2075/1625 1594/2074/1625 1625/2149/1625
f 1582/2077/1626 1581/2076/1626 1612/2150/1626
f 1595/2075/1627 1626/2151/1627 1627/2152/1627
f 1615/2116/1628 1646/2188/1628 1647/2153/1628
f 2463/2155/1629 1603/2121/1629 1602/2118/1629
f 1602/2118/1629 1633/2190/1629 1634/2154/1629
f 1629/2119/1630 1660/2191/1630 1661/2156/1630
f 1617/2124/2455 1616/2120/2455 1647/2153/2455
f 2503/2053/1550 3015/2053/1550 3006/2158/1550
f 1631/2125/1632 1630/2123/1632 1661/2156/1632
f 1617/2124/2456 1648/2157/2456 1649/2160/2456
f 1636/2162/1634 1605/2129/1634 1604/2128/1634
f 2464/2161/1634 1635/2193/1634 1636/2162/1634
f 1631/2125/1635 1662/2159/1635 1663/2163/1635
f 1619/2131/1636 1618/2126/1636 1649/2160/1636
f 2206/2166/1637 1606/2132/1637 1605/2129/1637
f 1605/2129/1637 1636/2162/1637 1637/2165/1637
f 2039/2167/2457 1632/2130/2457 1663/2163/2457
f 1619/2131/1639 1650/2164/1639 1651/2169/1639
f 2254/2170/1640 2206/2166/1640 1637/2165/1640
f 1620/2136/1641 1651/2169/1641 1652/2172/1641
f 1639/2174/1642 1608/2142/1642 1607/2141/1642
f 2207/2173/1642 1638/2207/1642 1639/2174/1642
f 1621/2139/1643 1652/2172/1643 1653/2175/1643
f 1608/2142/1644 1639/2174/1644 1640/2176/1644
f 1622/2143/1645 1653/2175/1645 1654/2177/1645
f 1610/2146/1646 1609/2144/1646 1640/2176/1646
f 1624/2147/1647 1623/2145/1647 1654/2177/1647
f 1610/2146/1648 1641/2178/1648 1642/2180/1648
f 1624/2147/1649 1655/2179/1649 1656/2181/1649
f 1612/2150/1650 1611/2148/1650 1642/2180/1650
f 1626/2151/1651 1625/2149/1651 1656/2181/1651
f 1613/2113/1652 1612/2150/1652 1643/2182/1652
f 1626/2151/1653 1657/2183/1653 1658/2185/1653
f 1614/2114/1654 1613/2113/1654 1644/2184/1654
f 1627/2152/1655 1658/2185/1655 1659/2187/1655
f 1615/2116/1656 1614/2114/1656 1645/2186/1656
f 1629/2119/1658 1628/2115/1658 1659/2187/1658
f 1648/2157/2458 1679/2231/2458 1680/2192/2458
f 1667/2195/1660 1636/2162/1660 1635/2193/1660
f 2466/2194/1660 1666/2266/1660 1667/2195/1660
f 1663/2163/1661 1662/2159/1661 1693/2196/1661
f 1650/2164/1662 1649/2160/1662 1680/2192/1662
f 2209/2200/1663 1637/2165/1663 1636/2162/1663
f 1636/2162/1663 1667/2195/1663 1668/2199/1663
f 2040/2201/1664 1663/2163/1664 1694/2197/1664
f 1650/2164/1665 1681/2198/1665 1682/2203/1665
f 2253/2204/1666 2209/2200/1666 1668/2199/1666
f 1651/2169/1667 1682/2203/1667 1683/2206/1667
f 1670/2209/1668 1639/2174/1668 1638/2207/1668
f 2210/2208/1668 1669/2239/1668 1670/2209/1668
f 1652/2172/1669 1683/2206/1669 1684/2210/1669
f 1639/2174/1670 1670/2209/1670 1671/2211/1670
f 1653/2175/1671 1684/2210/1671 1685/2212/1671
f 1641/2178/1672 1640/2176/1672 1671/2211/1672
f 1655/2179/1673 1654/2177/1673 1685/2212/1673
f 1641/2178/1674 1672/2213/1674 1673/2215/1674
f 1655/2179/1675 1686/2214/1675 1687/2216/1675
f 1643/2182/1676 1642/2180/1676 1673/2215/1676
f 1657/2183/1677 1656/2181/1677 1687/2216/1677
f 1644/2184/1678 1643/2182/1678 1674/2217/1678
f 1657/2183/1679 1688/2218/1679 1689/2220/1679
f 1644/2184/1680 1675/2219/1680 1676/2221/1680
f 1658/2185/1681 1689/2220/1681 1690/2222/1681
f 1646/2188/1682 1645/2186/1682 1676/2221/1682
f 1660/2191/1684 1659/2187/1684 1690/2222/1684
f 1646/2188/1685 1677/2223/1685 1678/2227/1685
f 2467/2229/1686 1634/2154/1686 1633/2190/1686
f 1633/2190/1686 1664/2225/1686 1665/2228/1686
f 1660/2191/1687 1691/2226/1687 1692/2230/1687
f 1648/2157/2459 1647/2153/2459 1678/2227/2459
f 1727/2232/28 2475/2233/28 2928/2233/28
f 1662/2159/2460 1661/2156/2460 1692/2230/2460
f 1681/2198/1690 1712/2270/1690 1713/2234/1690
f 2252/2235/1691 2213/2271/1691 1699/2236/1691
f 1682/2203/1692 1713/2234/1692 1714/2238/1692
f 1701/2241/1693 1670/2209/1693 1669/2239/1693
f 2212/2240/1693 1700/2310/1693 1701/2241/1693
f 1683/2206/1694 1714/2238/1694 1715/2242/1694
f 1670/2209/1695 1701/2241/1695 1702/2243/1695
f 1684/2210/1696 1715/2242/1696 1716/2244/1696
f 1672/2213/1697 1671/2211/1697 1702/2243/1697
f 1686/2214/1698 1685/2212/1698 1716/2244/1698
f 1672/2213/1699 1703/2245/1699 1704/2247/1699
f 1686/2214/1700 1717/2246/1700 1718/2248/1700
f 1674/2217/1701 1673/2215/1701 1704/2247/1701
f 1688/2218/1702 1687/2216/1702 1718/2248/1702
f 1675/2219/1703 1674/2217/1703 1705/2249/1703
f 1689/2220/2461 1688/2218/2461 1719/2250/2461
f 1676/2221/1705 1675/2219/1705 1706/2251/1705
f 1689/2220/2462 1720/2252/2462 1721/2254/2462
f 1677/2223/1707 1676/2221/1707 1707/2253/1707
f 1690/2222/2463 1721/2254/2463 1722/2258/2463
f 1677/2223/1710 1708/2255/1710 1709/2259/1710
f 2469/2261/1711 1665/2228/1711 1664/2225/1711
f 1664/2225/1711 1695/2257/1711 1696/2260/1711
f 1691/2226/2464 1722/2258/2464 1723/2262/2464
f 1679/2231/2465 1678/2227/2465 1709/2259/2465
f 640/862/28 2370/897/28 2860/897/28
f 1692/2230/1714 1723/2262/1714 1724/2264/1714
f 1679/2231/2466 1710/2263/2466 1711/2265/2466
f 1698/2268/1716 1667/2195/1716 1666/2266/1716
f 2470/2267/1716 1697/2297/1716 1698/2268/1716
f 1693/2196/1717 1724/2264/1717 1725/2269/1717
f 1681/2198/1718 1680/2192/1718 1711/2265/1718
f 2213/2271/1719 1668/2199/1719 1667/2195/1719
f 1667/2195/1719 1698/2268/1719 1699/2236/1719
f 1694/2197/2467 1725/2269/2467 2042/2272/2467
f 1714/2238/1721 1745/2309/1721 1746/2274/1721
f 1701/2241/1722 1732/2312/1722 1733/2275/1722
f 1715/2242/1723 1746/2274/1723 1747/2276/1723
f 1703/2245/1724 1702/2243/1724 1733/2275/1724
f 1717/2246/1725 1716/2244/1725 1747/2276/1725
f 1703/2245/1726 1734/2277/1726 1735/2279/1726
f 1717/2246/1727 1748/2278/1727 1749/2280/1727
f 1705/2249/1728 1704/2247/1728 1735/2279/1728
f 1719/2250/1729 1718/2248/1729 1749/2280/1729
f 1706/2251/1730 1705/2249/1730 1736/2281/1730
f 1720/2252/1731 1719/2250/1731 1750/2282/1731
f 1706/2251/1732 1737/2283/1732 1738/2285/1732
f 1720/2252/1733 1751/2284/1733 1752/2286/1733
f 1708/2255/1734 1707/2253/1734 1738/2285/1734
f 1722/2258/1736 1721/2254/1736 1752/2286/1736
f 1708/2255/1737 1739/2287/1737 1740/2291/1737
f 2472/2292/1738 1696/2260/1738 1695/2257/1738
f 1695/2257/1738 1726/2289/1738 1727/2232/1738
f 1722/2258/1739 1753/2290/1739 1754/2293/1739
f 1710/2263/2468 1709/2259/2468 1740/2291/2468
f 950/1265/28 2400/1303/28 2880/1303/28
f 1724/2264/1741 1723/2262/1741 1754/2293/1741
f 1710/2263/2469 1741/2294/2469 1742/2296/2469
f 1729/2299/1743 1698/2268/1743 1697/2297/1743
f 2473/2298/1743 1728/2335/1743 1729/2299/1743
f 1724/2264/1744 1755/2295/1744 1756/2300/1744
f 1712/2270/1745 1711/2265/1745 1742/2296/1745
f 2215/2303/1746 1699/2236/1746 1698/2268/1746
f 1698/2268/1746 1729/2299/1746 1730/2302/1746
f 1725/2269/1747 1756/2300/1747 2043/2304/1747
f 1712/2270/1748 1743/2301/1748 1744/2306/1748
f 2251/2307/1749 2215/2303/1749 1730/2302/1749
f 1713/2234/1750 1744/2306/1750 1745/2309/1750
f 1732/2312/1751 1701/2241/1751 1700/2310/1751
f 1700/2310/2373 2216/2671/2373 1731/2311/2373
f 1748/2278/1752 1747/2276/1752 1778/2313/1752
f 1734/2277/1753 1765/2352/1753 1766/2315/1753
f 1748/2278/1754 1779/2314/1754 1780/2316/1754
f 1736/2281/1755 1735/2279/1755 1766/2315/1755
f 1750/2282/1756 1749/2280/1756 1780/2316/1756
f 1737/2283/1757 1736/2281/1757 1767/2317/1757
f 1750/2282/1758 1781/2318/1758 1782/2320/1758
f 1738/2285/1759 1737/2283/1759 1768/2319/1759
f 1751/2284/1760 1782/2320/1760 1783/2322/1760
f 1739/2287/1761 1738/2285/1761 1769/2321/1761
f 1753/2290/1763 1752/2286/1763 1783/2322/1763
f 1739/2287/1764 1770/2323/1764 1771/2327/1764
f 2475/2233/1765 1727/2232/1765 1726/2289/1765
f 1726/2289/1765 1757/2325/1765 1758/2328/1765
f 1753/2290/1766 1784/2326/1766 1785/2329/1766
f 1741/2294/2470 1740/2291/2470 1771/2327/2470
f 1882/2331/28 2490/2332/28 2938/2332/28
f 1754/2293/1768 1785/2329/1768 1786/2333/1768
f 1741/2294/2471 1772/2330/2471 1773/2334/2471
f 1760/2337/1770 1729/2299/1770 1728/2335/1770
f 2476/2336/1770 1759/2371/1770 1760/2337/1770
f 1756/2300/1771 1755/2295/1771 1786/2333/1771
f 1743/2301/1772 1742/2296/1772 1773/2334/1772
f 2218/2341/1773 1730/2302/1773 1729/2299/1773
f 1729/2299/1773 1760/2337/1773 1761/2340/1773
f 1756/2300/1774 1787/2338/1774 2044/2342/1774
f 1743/2301/1775 1774/2339/1775 1775/2344/1775
f 2250/2345/1776 2218/2341/1776 1761/2340/1776
f 1744/2306/1777 1775/2344/1777 1776/2347/1777
f 1763/2349/1778 1732/2312/1778 1731/2311/1778
f 2219/2348/1778 1762/2384/1778 1763/2349/1778
f 1745/2309/1779 1776/2347/1779 1777/2350/1779
f 1732/2312/1780 1763/2349/1780 1764/2351/1780
f 1746/2274/1781 1777/2350/1781 1778/2313/1781
f 1734/2277/1782 1733/2275/1782 1764/2351/1782
f 1781/2318/1783 1780/2316/1783 1811/2353/1783
f 1768/2319/1784 1767/2317/1784 1798/2355/1784
f 1781/2318/2472 1812/2354/2472 1813/2357/2472
f 1768/2319/1786 1799/2356/1786 1800/2358/1786
f 1783/2322/2473 1782/2320/2473 1813/2357/2473
f 1770/2323/1788 1769/2321/1788 1800/2358/1788
f 1784/2326/2474 1783/2322/2474 1814/2359/2474
f 1770/2323/1791 1801/2360/1791 1802/2364/1791
f 2478/2365/1792 1758/2328/1792 1757/2325/1792
f 1757/2325/1792 1788/2362/1792 1789/1306/1792
f 1785/2329/2475 1784/2326/2475 1815/2363/2475
f 1772/2330/2476 1771/2327/2476 1802/2364/2476
f 1786/2333/1796 1785/2329/1796 1816/2366/1796
f 1772/2330/2477 1803/2367/2477 1804/2370/2477
f 1791/2373/1798 1760/2337/1798 1759/2371/1798
f 2479/2372/1798 1790/2405/1798 1791/2373/1798
f 1787/2338/1799 1786/2333/1799 1817/2369/1799
f 1774/2339/1800 1773/2334/1800 1804/2370/1800
f 2221/2377/1801 1761/2340/1801 1760/2337/1801
f 1760/2337/1801 1791/2373/1801 1792/2376/1801
f 1787/2338/2478 1818/2374/2478 2045/2378/2478
f 1774/2339/1803 1805/2375/1803 1806/2380/1803
f 2249/2381/1804 2221/2377/1804 1792/2376/1804
f 1775/2344/1805 1806/2380/1805 1807/2383/1805
f 1794/2386/1806 1763/2349/1806 1762/2384/1806
f 2222/2385/1806 1793/2418/1806 1794/2386/1806
f 1776/2347/1807 1807/2383/1807 1808/2387/1807
f 1763/2349/1808 1794/2386/1808 1795/2388/1808
f 1777/2350/1809 1808/2387/1809 1809/2389/1809
f 1765/2352/1810 1764/2351/1810 1795/2388/1810
f 1779/2314/1811 1778/2313/1811 1809/2389/1811
f 1765/2352/1812 1796/2390/1812 1797/2392/1812
f 1779/2314/1813 1810/2391/1813 1811/2353/1813
f 1767/2317/1814 1766/2315/1814 1797/2392/1814
f 1813/2357/1815 1844/2431/1815 1845/2393/1815
f 1801/2360/1816 1800/2358/1816 1831/2394/1816
f 1815/2363/1818 1814/2359/1818 1845/2393/1818
f 1801/2360/1819 1832/2395/1819 1833/2399/1819
f 2481/1307/1820 1789/1306/1820 1788/2362/1820
f 1788/2362/1820 1819/2397/1820 1820/2400/1820
f 1815/2363/1821 1846/2398/1821 1847/2401/1821
f 1803/2367/2479 1802/2364/2479 1833/2399/2479
f 2409/1439/28 1074/1438/28 2888/1438/28
f 1816/2366/1823 1847/2401/1823 1848/2403/1823
f 1803/2367/2480 1834/2402/2480 1835/2404/2480
f 1822/2407/1825 1791/2373/1825 1790/2405/1825
f 2482/2406/1825 1821/2440/1825 1822/2407/1825
f 1817/2369/1826 1848/2403/1826 1849/2408/1826
f 1805/2375/1827 1804/2370/1827 1835/2404/1827
f 2224/2411/1828 1792/2376/1828 1791/2373/1828
f 1791/2373/1828 1822/2407/1828 1823/2410/1828
f 1818/2374/1829 1849/2408/1829 2046/2412/1829
f 1805/2375/1830 1836/2409/1830 1837/2414/1830
f 2248/2415/1831 2224/2411/1831 1823/2410/1831
f 1806/2380/1832 1837/2414/1832 1838/2417/1832
f 1825/2420/1833 1794/2386/1833 1793/2418/1833
f 2225/2419/1833 1824/2453/1833 1825/2420/1833
f 1807/2383/1834 1838/2417/1834 1839/2421/1834
f 1794/2386/1835 1825/2420/1835 1826/2422/1835
f 1808/2387/1836 1839/2421/1836 1840/2423/1836
f 1796/2390/1837 1795/2388/1837 1826/2422/1837
f 1810/2391/1838 1809/2389/1838 1840/2423/1838
f 1796/2390/1839 1827/2424/1839 1828/2426/1839
f 1810/2391/1840 1841/2425/1840 1842/2427/1840
f 1798/2355/1841 1797/2392/1841 1828/2426/1841
f 1812/2354/1842 1811/2353/1842 1842/2427/1842
f 1799/2356/1843 1798/2355/1843 1829/2428/1843
f 1813/2357/1844 1812/2354/1844 1843/2429/1844
f 1799/2356/1845 1830/2430/1845 1831/2394/1845
f 2484/2433/1846 1820/2400/1846 1819/2397/1846
f 1819/2397/1846 1850/2471/1846 1851/2432/1846
f 1847/2401/1847 1846/2398/1847 1877/2434/1847
f 1834/2402/2481 1833/2399/2481 1864/2436/2481
f 1260/794/28 2430/478/28 2898/478/28
f 1848/2403/1849 1847/2401/1849 1878/2435/1849
f 1834/2402/2482 1865/2437/2482 1866/2439/2482
f 1853/2442/1851 1822/2407/1851 1821/2440/1851
f 2485/2441/1851 1852/2472/1851 1853/2442/1851
f 1848/2403/1852 1879/2438/1852 1880/2443/1852
f 1836/2409/1853 1835/2404/1853 1866/2439/1853
f 2227/2446/1854 1823/2410/1854 1822/2407/1854
f 1822/2407/1854 1853/2442/1854 1854/2445/1854
f 1849/2408/2483 1880/2443/2483 2047/2447/2483
f 1836/2409/1856 1867/2444/1856 1868/2449/1856
f 2247/2450/1857 2227/2446/1857 1854/2445/1857
f 1837/2414/1858 1868/2449/1858 1869/2452/1858
f 1856/2455/1859 1825/2420/1859 1824/2453/1859
f 2228/2454/1859 1855/2487/1859 1856/2455/1859
f 1838/2417/1860 1869/2452/1860 1870/2456/1860
f 1825/2420/1861 1856/2455/1861 1857/2457/1861
f 1839/2421/1862 1870/2456/1862 1871/2458/1862
f 1827/2424/1863 1826/2422/1863 1857/2457/1863
f 1841/2425/1864 1840/2423/1864 1871/2458/1864
f 1827/2424/1865 1858/2459/1865 1859/2461/1865
f 1841/2425/1866 1872/2460/1866 1873/2462/1866
f 1829/2428/1867 1828/2426/1867 1859/2461/1867
f 1843/2429/1868 1842/2427/1868 1873/2462/1868
f 1830/2430/1869 1829/2428/1869 1860/2463/1869
f 1843/2429/1870 1874/2464/1870 1875/2466/1870
f 1831/2394/1871 1830/2430/1871 1861/2465/1871
f 1844/2431/1872 1875/2466/1872 1876/2468/1872
f 1832/2395/1873 1831/2394/1873 1862/2467/1873
f 1846/2398/1875 1845/2393/1875 1876/2468/1875
f 1832/2395/1876 1863/2469/1876 1864/2436/1876
f 1884/2474/1877 1853/2442/1877 1852/2472/1877
f 2487/2473/1877 1883/2541/1877 1884/2474/1877
f 1880/2443/1878 1879/2438/1878 1910/2475/1878
f 1867/2444/1879 1866/2439/1879 1897/2477/1879
f 2230/2480/1880 1854/2445/1880 1853/2442/1880
f 1853/2442/1880 1884/2474/1880 1885/2479/1880
f 1880/2443/1881 1911/2476/1881 2048/2481/1881
f 1867/2444/1882 1898/2478/1882 1899/2483/1882
f 2246/2484/1883 2230/2480/1883 1885/2479/1883
f 1868/2449/1884 1899/2483/1884 1900/2486/1884
f 1887/2489/1885 1856/2455/1885 1855/2487/1885
f 1855/2487/2373 2231/2670/2373 1886/2488/2373
f 1869/2452/1886 1900/2486/1886 1901/2490/1886
f 1856/2455/1887 1887/2489/1887 1888/2491/1887
f 1870/2456/1888 1901/2490/1888 1902/2492/1888
f 1858/2459/1889 1857/2457/1889 1888/2491/1889
f 1872/2460/1890 1871/2458/1890 1902/2492/1890
f 1858/2459/1891 1889/2493/1891 1890/2495/1891
f 1872/2460/1892 1903/2494/1892 1904/2496/1892
f 1860/2463/1893 1859/2461/1893 1890/2495/1893
f 1874/2464/1894 1873/2462/1894 1904/2496/1894
f 1861/2465/1895 1860/2463/1895 1891/2497/1895
f 1874/2464/1896 1905/2498/1896 1906/2500/1896
f 1862/2467/1897 1861/2465/1897 1892/2499/1897
f 1875/2466/1898 1906/2500/1898 1907/2502/1898
f 1863/2469/1899 1862/2467/1899 1893/2501/1899
f 1877/2434/1901 1876/2468/1901 1907/2502/1901
f 1863/2469/1902 1894/2503/1902 1895/2507/1902
f 2488/2508/1903 1851/2432/1903 1850/2471/1903
f 1850/2471/1903 1881/2505/1903 1882/2331/1903
f 1877/2434/1904 1908/2506/1904 1909/2509/1904
f 1865/2437/2484 1864/2436/2484 1895/2507/2484
f 2543/2368/1795 3055/2368/1795 2964/2511/1795
f 1878/2435/1906 1909/2509/1906 1910/2475/1906
f 1865/2437/2485 1896/2510/2485 1897/2477/2485
f 2245/2512/1908 2234/2546/1908 1916/2513/1908
f 1899/2483/1909 1930/2549/1909 1931/2515/1909
f 1918/2517/1910 1887/2489/1910 1886/2488/1910
f 2233/2516/1910 1917/2587/1910 1918/2517/1910
f 1900/2486/1911 1931/2515/1911 1932/2518/1911
f 1887/2489/1912 1918/2517/1912 1919/2519/1912
f 1901/2490/1913 1932/2518/1913 1933/2520/1913
f 1889/2493/1914 1888/2491/1914 1919/2519/1914
f 1903/2494/1915 1902/2492/1915 1933/2520/1915
f 1889/2493/1916 1920/2521/1916 1921/2523/1916
f 1903/2494/1917 1934/2522/1917 1935/2524/1917
f 1891/2497/1918 1890/2495/1918 1921/2523/1918
f 1905/2498/1919 1904/2496/1919 1935/2524/1919
f 1892/2499/1920 1891/2497/1920 1922/2525/1920
f 1905/2498/1921 1936/2526/1921 1937/2528/1921
f 1893/2501/1922 1892/2499/1922 1923/2527/1922
f 1906/2500/1923 1937/2528/1923 1938/2530/1923
f 1894/2503/1924 1893/2501/1924 1924/2529/1924
f 1908/2506/1926 1907/2502/1926 1938/2530/1926
f 1894/2503/1927 1925/2531/1927 1926/2535/1927
f 2490/2332/1928 1882/2331/1928 1881/2505/1928
f 1881/2505/1928 1912/2533/1928 1913/2536/1928
f 1908/2506/1929 1939/2534/1929 1940/2537/1929
f 1896/2510/2486 1895/2507/2486 1926/2535/2486
f 1105/1473/28 2415/1511/28 2889/1511/28
f 1909/2509/1931 1940/2537/1931 1941/2539/1931
f 1896/2510/2487 1927/2538/2487 1928/2540/2487
f 1915/2543/1933 1884/2474/1933 1883/2541/1933
f 2491/2542/1933 1914/2574/1933 1915/2543/1933
f 1910/2475/1934 1941/2539/1934 1942/2544/1934
f 1898/2478/1935 1897/2477/1935 1928/2540/1935
f 2234/2546/1936 1885/2479/1936 1884/2474/1936
f 1884/2474/1936 1915/2543/1936 1916/2513/1936
f 1911/2476/1937 1942/2544/1937 2049/2547/1937
f 1898/2478/1938 1929/2545/1938 1930/2549/1938
f 1918/2517/2488 1949/2589/2488 1950/2550/2488
f 1932/2518/1940 1963/2590/1940 1964/2551/1940
f 1919/2519/2489 1950/2550/2489 1951/2552/2489
f 1934/2522/1942 1933/2520/1942 1964/2551/1942
f 1920/2521/2490 1951/2552/2490 1952/2554/2490
f 1934/2522/1944 1965/2553/1944 1966/2555/1944
f 1921/2523/2491 1952/2554/2491 1953/2556/2491
f 1936/2526/2492 1935/2524/2492 1966/2555/2492
f 1922/2525/2493 1953/2556/2493 1954/2558/2493
f 1937/2528/2494 1936/2526/2494 1967/2557/2494
f 1923/2527/2495 1954/2558/2495 1955/2560/2495
f 1938/2530/2496 1937/2528/2496 1968/2559/2496
f 1925/2531/1951 1924/2529/1951 1955/2560/1951
f 1939/2534/2497 1938/2530/2497 1969/2561/2497
f 1925/2531/1954 1956/2562/1954 1957/2566/1954
f 2493/2568/1955 1913/2536/1955 1912/2533/1955
f 1912/2533/1955 1943/2564/1955 1944/2567/1955
f 1940/2537/2498 1939/2534/2498 1970/2565/2498
f 1927/2538/2499 1926/2535/2499 1957/2566/2499
f 1940/2537/2500 1971/2569/2500 1972/2572/2500
f 1927/2538/2501 1958/2570/2501 1959/2573/2501
f 1946/2576/1961 1915/2543/1961 1914/2574/1961
f 2494/2575/1961 1945/2595/1961 1946/2576/1961
f 1941/2539/2502 1972/2572/2502 1973/2577/2502
f 1929/2545/1963 1928/2540/1963 1959/2573/1963
f 2236/2580/1964 1916/2513/1964 1915/2543/1964
f 1915/2543/1964 1946/2576/1964 1947/2579/1964
f 1942/2544/1965 1973/2577/1965 2050/2581/1965
f 1929/2545/1966 1960/2578/1966 1961/2583/1966
f 2244/2584/1967 2236/2580/1967 1947/2579/1967
f 1930/2549/1968 1961/2583/1968 1962/2586/1968
f 1949/2589/2503 1918/2517/2503 1917/2587/2503
f 2237/2588/1969 1948/2603/1969 1949/2589/1969
f 1931/2515/1970 1962/2586/1970 1963/2590/1970
f 1951/2552/1971 1979/25/1971 4/29/1971
f 1965/2553/1972 13/28/1972 14/32/1972
f 1952/2554/2504 4/29/2504 1980/33/2504
f 1966/2555/1974 14/32/1974 15/36/1974
f 1967/2557/1976 15/36/1976 1984/40/1976
f 1955/2560/2505 1954/2558/2505 1981/37/2505
f 1968/2559/1978 1984/40/1978 1985/44/1978
f 1956/2562/1979 1955/2560/1979 5/42/1979
f 1970/2565/1981 1969/2561/1981 1985/44/1981
f 1956/2562/1982 6/45/1982 7/52/1982
f 2498/2593/1983 1944/2567/1983 1943/2564/1983
f 1943/2564/1983 1/47/1983 2/2592/1983
f 1970/2565/1984 1986/51/1984 16/57/1984
f 1958/2570/1985 1957/2566/1985 7/52/1985
f 2502/2571/1958 3014/2571/1958 3007/2594/1958
f 1971/2569/1986 16/57/1986 17/62/1986
f 1958/2570/1987 1982/59/1987 8/64/1987
f 1975/4/1988 1946/2576/1988 1945/2595/1988
f 2495/2596/1988 1974/65/1988 1975/4/1988
f 1972/2572/1989 17/62/1989 18/7/1989
f 1960/2578/1990 1959/2573/1990 8/64/1990
f 2239/2598/1991 1947/2579/1991 1946/2576/1991
f 1946/2576/1991 1975/4/1991 1976/2597/1991
f 1973/2577/1992 18/7/1992 1988/2599/1992
f 1960/2578/1993 9/1/1993 10/11/1993
f 2243/2601/1994 2239/2598/1994 1976/2597/1994
f 1961/2583/1995 10/11/1995 1983/15/1995
f 3/2604/1996 1949/2589/1996 1948/2603/1996
f 1948/2603/28 2240/2669/28 1977/16/28
f 1962/2586/2506 1983/15/2506 11/20/2506
f 1950/2550/1998 1949/2589/1998 3/2604/1998
f 1963/2590/1999 11/20/1999 12/24/1999
f 1951/2552/2000 1950/2550/2000 1978/21/2000
f 1964/2551/2001 12/24/2001 13/28/2001
f 2240/2669/1994 2243/2601/1994 2238/2602/1994
f 2237/2588/1967 2244/2584/1967 2235/2585/1967
f 2233/2516/1908 2245/2512/1908 2232/2514/1908
f 2231/2670/1883 2246/2484/1883 2229/2485/1883
f 2228/2454/1857 2247/2450/1857 2226/2451/1857
f 2225/2419/1831 2248/2415/1831 2223/2416/1831
f 2222/2385/1804 2249/2381/1804 2220/2382/1804
f 2219/2348/1776 2250/2345/1776 2217/2346/1776
f 2216/2671/1749 2251/2307/1749 2214/2308/1749
f 2212/2240/1691 2252/2235/1691 2211/2237/1691
f 2210/2208/1666 2253/2204/1666 2208/2205/1666
f 2207/2173/1640 2254/2170/1640 2205/2171/1640
f 2204/2672/1614 2255/2137/1614 2202/2138/1614
f 2201/2105/1586 2256/2101/1586 2199/2102/1586
f 2198/2070/1559 2257/2066/1559 2196/2067/1559
f 2195/2032/1531 2258/2028/1531 2193/2029/1531
f 2191/1935/1473 2259/1930/1473 2190/1932/1473
f 2189/1903/1448 2260/1900/1448 2187/1901/1448
f 2186/2676/1422 2261/1865/1422 2184/1866/1422
f 2183/1836/1395 2262/1832/1395 2181/1833/1395
f 2180/1802/1368 2263/1798/1368 2178/1799/1368
f 2177/1767/1341 2264/1763/1341 2175/1764/1341
f 2173/1694/1314 2265/1729/1314 2172/1730/1314
f 2171/1665/1256 2266/1661/1256 2169/1662/1256
f 2168/1634/1230 2267/1630/1230 2166/1631/1230
f 2165/1600/1205 2268/1596/1205 2163/1597/1205
f 2162/1566/1177 2269/1562/1177 2160/1563/1177
f 2159/1532/1150 2270/1528/1150 2157/1529/1150
f 2156/1495/1123 2271/1491/1123 2154/1492/1123
f 2152/1418/1096 2272/1454/1096 2151/1455/1096
f 2150/2677/1040 2273/1385/1040 2148/1386/1040
f 2147/1354/1014 2274/1351/1014 2145/1352/1014
f 2144/2678/988 2275/1320/988 2142/1321/988
f 2141/1285/961 2276/1281/961 2139/1282/961
f 2138/1249/934 2277/1245/934 2136/1246/934
f 2135/1212/907 2278/1208/907 2133/1209/907
f 2131/1138/848 2279/1133/848 2130/1135/848
f 2129/1107/823 2280/1103/823 2127/1104/823
f 2126/1089/813 2281/1085/813 2124/1086/813
f 2122/1019/755 2282/1014/755 2121/1016/755
f 2120/986/730 2283/983/730 2118/984/730
f 2117/2679/704 2284/948/704 2115/949/704
f 2114/917/678 2285/913/678 2112/914/678
f 2111/881/650 2286/877/650 2109/878/650
f 2108/847/623 2287/843/623 2106/844/623
f 2104/769/595 2288/806/595 2103/807/595
f 2102/2680/538 2289/733/538 2100/734/538
f 2099/703/512 2290/699/512 2097/700/512
f 2096/671/486 2291/668/486 2094/669/486
f 2093/2681/459 2292/630/459 2091/631/459
f 2090/595/432 2293/591/432 2088/592/432
f 2087/561/405 2294/557/405 2085/558/405
f 2083/486/346 2295/481/346 2082/483/346
f 2081/454/321 2296/450/321 2079/451/321
f 2078/420/295 2297/416/295 2076/417/295
f 2075/386/269 2298/382/269 2073/383/269
f 2072/351/241 2299/347/241 2070/348/241
f 2069/314/214 2300/310/214 2067/311/214
f 2066/276/187 2301/272/187 2064/273/187
f 2062/200/128 2302/195/128 2061/197/128
f 2060/170/103 2303/166/103 2058/167/103
f 2057/135/77 2304/131/77 2055/132/77
f 2054/99/51 2305/95/51 2052/96/51
f 2242/17/5 2306/12/5 2051/13/5
f 2342/224/28 2549/225/28 2805/225/28
f 238/372/28 2329/338/28 2585/338/28
f 2406/1410/28 1043/1409/28 2886/1409/28
f 2549/225/28 2345/297/28 2601/297/28
f 2443/1856/28 1387/1855/28 2695/1855/28
f 2320/229/28 114/228/28 2572/228/28
f 1883/2541/28 2487/2473/28 2744/2473/28
f 2542/2682/2066 3054/2682/2066 2965/2683/2066
f 2465/193/28 2508/369/28 2764/369/28
f 2458/2092/28 1542/2091/28 2710/2091/28
f 981/1302/28 2404/1375/28 2882/1375/28
f 1293/1753/28 2431/1720/28 2687/1720/28
f 2508/369/28 2468/403/28 2724/403/28
f 207/337/28 2326/301/28 2582/301/28
f 2345/297/28 2548/510/28 2804/510/28
f 2548/510/28 2348/655/28 2604/655/28
f 1261/1719/28 2428/1690/28 2684/1690/28
f 2501/2684/2067 3013/2684/2067 3008/2687/2067
f 2468/403/28 2507/686/28 2763/686/28
f 176/300/28 2323/263/28 2579/263/28
f 2527/2686/2068 3039/2686/2068 2981/2688/2068
f 2507/686/28 2471/830/28 2727/830/28
f 2348/655/28 2547/900/28 2803/900/28
f 2547/900/28 2351/1009/28 2607/1009/28
f 145/262/28 2320/229/28 2576/229/28
f 423/575/28 2349/613/28 2847/613/28
f 734/1046/28 2376/974/28 2633/974/28
f 1230/1621/28 2424/2690/28 2681/2690/28
f 1665/2228/28 2469/2261/28 2924/2261/28
f 2471/830/28 2506/1043/28 2762/1043/28
f 2497/66/28 1974/65/28 2753/65/28
f 578/789/28 2364/827/28 2856/827/28
f 2482/2406/28 1790/2405/28 2734/2405/28
f 2506/1043/28 2474/1131/28 2730/1131/28
f 2541/2689/2069 3053/2689/2069 2966/2691/2069
f 2437/1789/28 1324/1788/28 2689/1788/28
f 1199/1620/28 2422/1587/28 2678/1587/28
f 888/1192/28 2394/1229/28 2876/1229/28
f 2452/2015/28 1480/2014/28 2704/2014/28
f 2351/1009/28 2546/1162/28 2802/1162/28
f 2400/1303/28 981/1302/28 2976/1302/28
f 2422/1587/28 1168/1586/28 2674/1586/28
f 2546/1162/28 2354/1269/28 2610/1269/28
f 733/1006/28 2379/1040/28 2866/1040/28
f 2316/156/28 83/155/28 2569/155/28
f 2474/1131/28 2505/1338/28 2761/1338/28
f 1168/1586/28 2419/1553/28 2675/1553/28
f 2505/1338/28 2477/1442/28 2733/1442/28
f 83/155/28 2314/122/28 2570/122/28
f 2354/1269/28 2545/1583/28 2801/1583/28
f 2500/2692/2070 3012/2692/2070 3009/2694/2070
f 2545/1583/28 2357/1687/28 2613/1687/28
f 1137/1519/28 2416/2695/28 2672/2695/28
f 2/2592/28 2308/55/28 2819/55/28
f 2477/1442/28 2504/1716/28 2760/1716/28
f 52/121/28 2311/86/28 2567/86/28
f 268/118/28 2334/399/28 2837/399/28
f 2504/1716/28 2480/1785/28 2736/1785/28
f 2476/2336/28 1728/2335/28 2728/2335/28
f 2526/2693/2071 3038/2693/2071 2982/2696/2071
f 2357/1687/28 2544/1852/28 2800/1852/28
f 2371/2697/28 641/903/28 2623/903/28
f 1043/1409/28 2409/1439/28 2885/1439/28
f 1106/1518/28 2413/1482/28 2669/1482/28
f 2401/1311/28 951/1310/28 2653/1310/28
f 2491/2542/28 1883/2541/28 2743/2541/28
f 2544/1852/28 2360/1926/28 2616/1926/28
f 2397/1266/28 950/1265/28 2881/1265/28
f 2480/1785/28 2503/2053/28 2759/2053/28
f 2431/1720/28 1261/1719/28 2683/1719/28
f 2540/2698/2072 3052/2698/2072 2967/2699/2072
f 2416/2695/28 1106/1518/28 2668/1518/28
f 2503/2053/28 2483/2158/28 2739/2158/28
f 2355/690/28 486/689/28 2608/689/28
f 1075/1481/28 2410/1446/28 2666/1446/28
f 2360/1926/28 2543/2368/28 2799/2368/28
f 2543/2368/28 2363/2511/28 2619/2511/28
f 2499/2700/2073 3011/2700/2073 3010/2702/2073
f 2483/2158/28 2502/2571/28 2758/2571/28
f 1044/1445/28 2407/1414/28 2663/1414/28
f 2525/2701/2074 3037/2701/2074 2983/2703/2074
f 2502/2571/28 2486/2594/28 2742/2594/28
f 2363/2511/28 2542/2682/28 2798/2682/28
f 2394/1229/28 919/1228/28 2879/1228/28
f 2335/407/28 269/406/28 2587/406/28
f 2542/2682/28 2366/2683/28 2622/2683/28
f 2498/2593/28 2/2592/28 2820/2592/28
f 2350/621/28 424/620/28 2602/620/28
f 2486/2594/28 2501/2684/28 2757/2684/28
f 2470/2267/28 1666/2266/28 2722/2266/28
f 2408/2685/28 2527/2686/28 2783/2686/28
f 2539/2704/2075 3051/2704/2075 2968/2705/2075
f 2365/2706/28 579/833/28 2617/833/28
f 2395/2707/28 889/1235/28 2647/1235/28
f 206/293/28 2328/332/28 2833/332/28
f 1013/1413/28 2403/1342/28 2660/1342/28
f 2380/1047/28 734/1046/28 2632/1046/28
f 516/722/28 2358/758/28 2853/758/28
f 2501/2684/28 2489/2687/28 2745/2687/28
f 2527/2686/28 2411/2688/28 2667/2688/28
f 2410/1446/28 1044/1445/28 2662/1445/28
f 2366/2683/28 2541/2689/28 2797/2689/28
f 361/506/28 2343/542/28 2843/542/28
f 982/1341/28 2401/1311/28 2657/1311/28
f 2541/2689/28 2369/2691/28 2625/2691/28
f 2391/1193/28 888/1192/28 2877/1192/28
f 2489/2687/28 2500/2692/28 2756/2692/28
f 2411/2688/28 2526/2693/28 2782/2693/28
f 2524/2708/2077 3036/2708/2077 2985/2709/2077
f 2500/2692/28 2492/2694/28 2748/2694/28
f 2526/2693/28 2414/2696/28 2670/2696/28
f 51/77/28 2313/113/28 2823/113/28
f 951/1310/28 2398/1272/28 2654/1272/28
f 2369/2691/28 2540/2698/28 2796/2698/28
f 826/1127/28 2388/1159/28 2872/1159/28
f 827/1165/28 2385/1093/28 2642/1093/28
f 2540/2698/28 2372/2699/28 2628/2699/28
f 2492/2694/28 2499/2700/28 2755/2700/28
f 2414/2696/28 2525/2701/28 2781/2701/28
f 2493/2568/28 1944/2567/28 2943/2567/28
f 2314/122/28 52/121/28 2566/121/28
f 1666/2266/28 2466/2194/28 2723/2194/28
f 2538/2710/2078 3050/2710/2078 2969/2711/2078
f 920/1236/28 2395/2707/28 2651/2707/28
f 2329/338/28 207/337/28 2581/337/28
f 2388/1159/28 857/1158/28 2875/1158/28
f 2499/2700/28 2496/2702/28 2752/2702/28
f 2359/765/28 517/764/28 2611/764/28
f 2525/2701/28 2417/2703/28 2673/2703/28
f 2344/548/28 362/547/28 2596/547/28
f 2523/2712/2508 3035/2712/2508 2986/2713/2508
f 2372/2699/28 2539/2704/28 2795/2704/28
f 2389/1166/28 827/1165/28 2641/1165/28
f 2386/1128/28 826/1127/28 2873/1127/28
f 21/85/28 2497/66/28 2754/66/28
f 2539/2704/28 2375/2705/28 2631/2705/28
f 2490/2332/28 1913/2536/28 2941/2536/28
f 889/1235/28 2392/1199/28 2648/1199/28
f 2417/2703/28 2524/2708/28 2780/2708/28
f 1974/65/28 2495/2596/28 2751/2596/28
f 2524/2708/28 2420/2709/28 2676/2709/28
f 2537/2714/2080 3049/2714/2080 2970/2715/2080
f 1945/2595/28 2494/2575/28 2750/2575/28
f 2495/2596/28 1945/2595/28 2749/2595/28
f 2488/2508/28 1882/2331/28 2939/2331/28
f 2375/2705/28 2538/2710/28 2794/2710/28
f 858/1198/28 2389/1166/28 2645/1166/28
f 2538/2710/28 2378/2711/28 2634/2711/28
f 2420/2709/28 2523/2712/28 2779/2712/28
f 299/398/28 2338/475/28 2839/475/28
f 1914/2574/28 2491/2542/28 2747/2542/28
f 2523/2712/28 2423/2713/28 2679/2713/28
f 2522/2716/2081 3034/2716/2081 2987/2717/2081
f 2461/2718/28 1573/2127/28 2713/2127/28
f 2378/2711/28 2537/2714/28 2793/2714/28
f 1572/2086/28 2460/2122/28 2918/2122/28
f 1449/1961/28 2445/1891/28 2702/1891/28
f 2385/1093/28 796/1092/28 2638/1092/28
f 2382/1070/28 795/1069/28 2871/1069/28
f 2323/263/28 145/262/28 2575/262/28
f 2537/2714/28 2381/2715/28 2637/2715/28
f 144/220/28 2322/255/28 2829/255/28
f 2423/2713/28 2522/2716/28 2778/2716/28
f 796/1092/28 2383/1076/28 2639/1076/28
f 2487/2473/28 1852/2472/28 2740/2472/28
f 2522/2716/28 2426/2717/28 2682/2717/28
f 2381/2715/28 2536/2719/28 2792/2719/28
f 2496/2702/28 2562/2720/28 2818/2720/28
f 2536/2719/2082 3048/2719/2082 2971/2721/2082
f 1852/2472/28 2485/2441/28 2741/2441/28
f 2536/2719/28 2384/2721/28 2640/2721/28
f 2562/2720/2083 3074/2720/2083 2944/2722/2083
f 2562/2720/28 2307/2722/28 2563/2722/28
f 765/1075/28 2380/1047/28 2636/1047/28
f 2484/2433/28 1851/2432/28 2937/2432/28
f 2751/2596/2084 2755/2700/2084 2752/2702/2084
f 2748/2694/2084 2755/2700/2084 2751/2596/2084
f 2750/2575/2085 2756/2692/2085 2748/2694/2085
f 2745/2687/2085 2756/2692/2085 2750/2575/2085
f 2747/2542/2086 2757/2684/2086 2745/2687/2086
f 2742/2594/2086 2757/2684/2086 2747/2542/2086
f 2744/2473/2087 2758/2571/2087 2742/2594/2087
f 2739/2158/2087 2758/2571/2087 2744/2473/2087
f 2741/2441/2088 2759/2053/2088 2739/2158/2088
f 2736/1785/2088 2759/2053/2088 2741/2441/2088
f 2738/2406/2089 2760/1716/2089 2736/1785/2089
f 2733/1442/2089 2760/1716/2089 2738/2406/2089
f 2735/2372/2090 2761/1338/2090 2733/1442/2090
f 2730/1131/2090 2761/1338/2090 2735/2372/2090
f 2732/2336/2091 2762/1043/2091 2730/1131/2091
f 2727/830/2091 2762/1043/2091 2732/2336/2091
f 2729/2298/2092 2763/686/2092 2727/830/2092
f 2724/403/2092 2763/686/2092 2729/2298/2092
f 2726/2267/2093 2764/369/2093 2724/403/2093
f 2721/193/2093 2764/369/2093 2726/2267/2093
f 2723/2194/2094 2765/82/2094 2721/193/2094
f 2718/81/2094 2765/82/2094 2723/2194/2094
f 2720/2161/2095 2766/2755/2095 2718/81/2095
f 2715/2723/2095 2766/2755/2095 2720/2161/2095
f 2717/2718/2096 2767/2757/2096 2715/2723/2096
f 2712/2724/2096 2767/2757/2096 2717/2718/2096
f 2714/2092/2097 2768/2759/2097 2712/2724/2097
f 2709/2725/2097 2768/2759/2097 2714/2092/2097
f 2711/2057/2098 2769/2761/2098 2709/2725/2098
f 2706/2726/2098 2769/2761/2098 2711/2057/2098
f 2708/2015/2099 2770/2764/2099 2706/2726/2099
f 2703/2727/2099 2770/2764/2099 2708/2015/2099
f 2705/1962/2100 2771/2767/2100 2703/2728/2100
f 2700/2730/2100 2771/2767/2100 2705/1962/2100
f 2702/1891/2101 2772/2770/2101 2700/2730/2101
f 2697/2731/2101 2772/2770/2101 2702/1891/2101
f 2699/1856/2102 2773/2773/2102 2697/2731/2102
f 2694/2732/2102 2773/2773/2102 2699/1856/2102
f 2696/1823/2103 2774/2776/2103 2694/2732/2103
f 2691/2733/2103 2774/2776/2103 2696/1823/2103
f 2693/1789/2104 2775/2779/2104 2691/2733/2104
f 2688/2734/2104 2775/2779/2104 2693/1789/2104
f 2690/1754/2105 2776/2782/2105 2688/2734/2105
f 2685/2735/2105 2776/2782/2105 2690/1754/2105
f 2687/1720/2106 2777/2785/2106 2685/2735/2106
f 2682/2717/2106 2777/2785/2106 2687/1720/2106
f 2684/1690/2107 2778/2716/2107 2682/2717/2107
f 2679/2713/2107 2778/2716/2107 2684/1690/2107
f 2681/2690/2108 2779/2712/2108 2679/2713/2108
f 2676/2709/2108 2779/2712/2108 2681/2690/2108
f 2678/1587/2109 2780/2708/2109 2676/2709/2109
f 2673/2703/2109 2780/2708/2109 2678/1587/2109
f 2675/1553/2110 2781/2701/2110 2673/2703/2110
f 2670/2696/2110 2781/2701/2110 2675/1553/2110
f 2672/2695/2111 2782/2693/2111 2670/2696/2111
f 2667/2688/2111 2782/2693/2111 2672/2695/2111
f 2669/1482/2112 2783/2686/2112 2667/2688/2112
f 2664/2685/2112 2783/2686/2112 2669/1482/2112
f 2666/1446/2113 2784/2763/2113 2664/2685/2113
f 2661/2736/2113 2784/2763/2113 2666/1446/2113
f 2663/1414/2114 2785/2766/2114 2661/2736/2114
f 2658/2737/2114 2785/2766/2114 2663/1414/2114
f 2660/1342/2115 2786/2769/2115 2658/2737/2115
f 2655/2738/2115 2786/2769/2115 2660/1342/2115
f 2657/1311/2116 2787/2772/2116 2655/2738/2116
f 2652/2739/2116 2787/2772/2116 2657/1311/2116
f 2654/1272/2117 2788/2775/2117 2652/2739/2117
f 2649/2740/2117 2788/2775/2117 2654/1272/2117
f 2651/2707/2118 2789/2778/2118 2649/2740/2118
f 2646/2741/2118 2789/2778/2118 2651/2707/2118
f 2648/1199/2119 2790/2781/2119 2646/2741/2119
f 2643/2742/2119 2790/2781/2119 2648/1199/2119
f 2645/1166/2120 2791/2784/2120 2643/2742/2120
f 2640/2721/2120 2791/2784/2120 2645/1166/2120
f 2642/1093/2121 2792/2719/2121 2640/2721/2121
f 2637/2715/2121 2792/2719/2121 2642/1093/2121
f 2639/1076/2122 2793/2714/2122 2637/2715/2122
f 2634/2711/2122 2793/2714/2122 2639/1076/2122
f 2636/1047/2123 2794/2710/2123 2634/2711/2123
f 2631/2705/2123 2794/2710/2123 2636/1047/2123
f 2633/974/2124 2795/2704/2124 2631/2705/2124
f 2628/2699/2124 2795/2704/2124 2633/974/2124
f 2630/939/2125 2796/2698/2125 2628/2699/2125
f 2625/2691/2125 2796/2698/2125 2630/939/2125
f 2627/2697/2126 2797/2689/2126 2625/2691/2126
f 2622/2683/2126 2797/2689/2126 2627/2697/2126
f 2624/868/2127 2798/2682/2127 2622/2683/2127
f 2619/2511/2127 2798/2682/2127 2624/868/2127
f 2621/2706/2128 2799/2368/2128 2619/2511/2128
f 2616/1926/2128 2799/2368/2128 2621/2706/2128
f 2618/798/2129 2800/1852/2129 2616/1926/2129
f 2613/1687/2129 2800/1852/2129 2618/798/2129
f 2615/765/2130 2801/1583/2130 2613/1687/2130
f 2610/1269/2130 2801/1583/2130 2615/765/2130
f 2612/690/2131 2802/1162/2131 2610/1269/2131
f 2607/1009/2131 2802/1162/2131 2612/690/2131
f 2609/659/2132 2803/900/2132 2607/1009/2132
f 2604/655/2132 2803/900/2132 2609/659/2132
f 2606/621/2133 2804/510/2133 2604/655/2133
f 2601/297/2133 2804/510/2133 2606/621/2133
f 2603/582/2134 2805/225/2134 2601/297/2134
f 2598/224/2134 2805/225/2134 2603/582/2134
f 2600/548/2135 2806/2754/2135 2598/224/2135
f 2595/2743/2135 2806/2754/2135 2600/548/2135
f 2597/514/2136 2807/2756/2136 2595/2743/2136
f 2592/2744/2136 2807/2756/2136 2597/514/2136
f 2594/440/2137 2808/2758/2137 2592/2744/2137
f 2589/2745/2137 2808/2758/2137 2594/440/2137
f 2591/407/2138 2809/2760/2138 2589/2745/2138
f 2586/2746/2138 2809/2760/2138 2591/407/2138
f 2588/373/2139 2810/2762/2139 2586/2746/2139
f 2583/2747/2139 2810/2762/2139 2588/373/2139
f 2585/338/2140 2811/2765/2140 2583/2747/2140
f 2580/2748/2140 2811/2765/2140 2585/338/2140
f 2582/301/2141 2812/2768/2141 2580/2748/2141
f 2577/2749/2141 2812/2768/2141 2582/301/2141
f 2579/263/2142 2813/2771/2142 2577/2749/2142
f 2574/2750/2142 2813/2771/2142 2579/263/2142
f 2576/229/2143 2814/2774/2143 2574/2750/2143
f 2571/2751/2143 2814/2774/2143 2576/229/2143
f 2573/156/2144 2815/2777/2144 2571/2751/2144
f 2568/2752/2144 2815/2777/2144 2573/156/2144
f 2570/122/2145 2816/2780/2145 2568/2752/2145
f 2565/2753/2145 2816/2780/2145 2570/122/2145
f 2567/86/2146 2817/2783/2146 2565/2753/2146
f 2563/2722/2146 2817/2783/2146 2567/86/2146
f 2754/66/2147 2818/2720/2147 2563/2722/2147
f 2752/2702/2147 2818/2720/2147 2754/66/2147
f 1324/1788/28 2434/1754/28 2690/1754/28
f 2509/82/28 2465/193/28 2721/193/28
f 2462/81/28 2509/82/28 2765/82/28
f 269/406/28 2332/373/28 2588/373/28
f 2550/2754/28 2342/224/28 2598/224/28
f 1356/1822/28 2437/1789/28 2693/1789/28
f 2339/2743/28 2550/2754/28 2806/2754/28
f 2510/2755/28 2462/81/28 2718/81/28
f 300/439/28 2335/407/28 2591/407/28
f 2459/2723/28 2510/2755/28 2766/2755/28
f 1387/1855/28 2440/1823/28 2696/1823/28
f 2551/2756/28 2339/2743/28 2595/2743/28
f 2337/440/28 300/439/28 2590/439/28
f 2336/2744/28 2551/2756/28 2807/2756/28
f 2341/514/28 331/513/28 2593/513/28
f 2326/301/28 176/300/28 2578/300/28
f 2464/2161/28 1604/2128/28 2716/2128/28
f 2311/86/28 21/85/28 2564/85/28
f 2511/2757/28 2459/2723/28 2715/2723/28
f 1418/1890/28 2443/1856/28 2699/1856/28
f 2456/2724/28 2511/2757/28 2767/2757/28
f 2552/2758/28 2336/2744/28 2592/2744/28
f 2445/1891/28 1418/1890/28 2698/1890/28
f 362/547/28 2341/514/28 2597/514/28
f 2333/2745/28 2552/2758/28 2808/2758/28
f 2512/2759/28 2456/2724/28 2712/2724/28
f 2453/2725/28 2512/2759/28 2768/2759/28
f 393/581/28 2344/548/28 2600/548/28
f 2553/2760/28 2333/2745/28 2589/2745/28
f 1480/2729/28 2449/1962/28 2705/1962/28
f 2330/2746/28 2553/2760/28 2809/2760/28
f 2392/1199/28 858/1198/28 2644/1198/28
f 2362/798/28 548/797/28 2614/797/28
f 2407/1414/28 1013/1413/28 2659/1413/28
f 2513/2761/28 2453/2725/28 2709/2725/28
f 424/620/28 2347/582/28 2603/582/28
f 2347/582/28 393/581/28 2599/581/28
f 2450/2726/28 2513/2761/28 2769/2761/28
f 2332/373/28 238/372/28 2584/372/28
f 1511/2056/28 2452/2015/28 2708/2015/28
f 2554/2762/28 2330/2746/28 2586/2746/28
f 114/228/28 2316/156/28 2573/156/28
f 2528/2763/28 2408/2685/28 2664/2685/28
f 2327/2747/28 2554/2762/28 2810/2762/28
f 2405/2736/28 2528/2763/28 2784/2763/28
f 455/658/28 2350/621/28 2606/621/28
f 2514/2764/28 2450/2726/28 2706/2726/28
f 1542/2091/28 2455/2057/28 2711/2057/28
f 2447/2727/28 2514/2764/28 2770/2764/28
f 2555/2765/28 2327/2747/28 2583/2747/28
f 2529/2766/28 2405/2736/28 2661/2736/28
f 486/689/28 2353/659/28 2609/659/28
f 2324/2748/28 2555/2765/28 2811/2765/28
f 2402/2737/28 2529/2766/28 2785/2766/28
f 1573/2127/28 2458/2092/28 2714/2092/28
f 2413/1482/28 1075/1481/28 2665/1481/28
f 2515/2767/28 2447/2728/28 2703/2728/28
f 2383/1076/28 765/1075/28 2635/1075/28
f 517/764/28 2355/690/28 2612/690/28
f 2428/1690/28 1230/1621/28 2680/1621/28
f 2444/2730/28 2515/2767/28 2771/2767/28
f 2398/1272/28 920/1236/28 2650/1236/28
f 2556/2768/28 2324/2748/28 2580/2748/28
f 2368/868/28 610/834/28 2620/834/28
f 2530/2769/28 2402/2737/28 2658/2737/28
f 2473/2298/28 1697/2297/28 2725/2297/28
f 331/513/28 2337/440/28 2594/440/28
f 2353/659/28 455/658/28 2605/658/28
f 1604/2128/28 2461/2718/28 2717/2718/28
f 2321/2749/28 2556/2768/28 2812/2768/28
f 2399/2738/28 2530/2769/28 2786/2769/28
f 2516/2770/28 2444/2730/28 2700/2730/28
f 548/797/28 2359/765/28 2615/765/28
f 2441/2731/28 2516/2770/28 2772/2770/28
f 1635/2193/28 2464/2161/28 2720/2161/28
f 2557/2771/28 2321/2749/28 2577/2749/28
f 2531/2772/28 2399/2738/28 2655/2738/28
f 2318/2750/28 2557/2771/28 2813/2771/28
f 2396/2739/28 2531/2772/28 2787/2772/28
f 2466/2194/28 1635/2193/28 2719/2193/28
f 579/833/28 2362/798/28 2618/798/28
f 2517/2773/28 2441/2731/28 2697/2731/28
f 2403/1342/28 982/1341/28 2656/1341/28
f 2438/2732/28 2517/2773/28 2773/2773/28
f 2419/1553/28 1137/1519/28 2671/1519/28
f 2558/2774/28 2318/2750/28 2574/2750/28
f 2532/2775/28 2396/2739/28 2652/2739/28
f 2434/1754/28 1293/1753/28 2686/1753/28
f 2449/1962/28 1449/1961/28 2701/1961/28
f 610/834/28 2365/2706/28 2621/2706/28
f 2315/2751/28 2558/2774/28 2814/2774/28
f 2393/2740/28 2532/2775/28 2788/2775/28
f 2494/2575/28 1914/2574/28 2746/2574/28
f 1697/2297/28 2470/2267/28 2726/2267/28
f 2374/939/28 672/904/28 2626/904/28
f 2479/2372/28 1759/2371/28 2731/2371/28
f 2518/2776/28 2438/2732/28 2694/2732/28
f 2435/2733/28 2518/2776/28 2774/2776/28
f 641/903/28 2368/868/28 2624/868/28
f 2559/2777/28 2315/2751/28 2571/2751/28
f 2533/2778/28 2393/2740/28 2649/2740/28
f 1728/2335/28 2473/2298/28 2729/2298/28
f 2312/2752/28 2559/2777/28 2815/2777/28
f 2390/2741/28 2533/2778/28 2789/2778/28
f 2424/2690/28 1199/1620/28 2677/1620/28
f 2519/2779/28 2435/2733/28 2691/2733/28
f 672/904/28 2371/2697/28 2627/2697/28
f 2432/2734/28 2519/2779/28 2775/2779/28
f 1759/2371/28 2476/2336/28 2732/2336/28
f 2560/2780/28 2312/2752/28 2568/2752/28
f 2534/2781/28 2390/2741/28 2646/2741/28
f 2309/2753/28 2560/2780/28 2816/2780/28
f 2387/2742/28 2534/2781/28 2790/2781/28
f 703/973/28 2374/939/28 2630/939/28
f 2455/2057/28 1511/2056/28 2707/2056/28
f 2520/2782/28 2432/2734/28 2688/2734/28
f 1790/2405/28 2479/2372/28 2735/2372/28
f 2440/1823/28 1356/1822/28 2692/1822/28
f 2429/2735/28 2520/2782/28 2776/2782/28
f 2376/974/28 703/973/28 2629/973/28
f 2485/2441/28 1821/2440/28 2737/2440/28
f 2561/2783/28 2309/2753/28 2565/2753/28
f 2535/2784/28 2387/2742/28 2643/2742/28
f 2307/2722/28 2561/2783/28 2817/2783/28
f 2384/2721/28 2535/2784/28 2791/2784/28
f 1821/2440/28 2482/2406/28 2738/2406/28
f 2521/2785/28 2429/2735/28 2685/2735/28
f 2426/2717/28 2521/2785/28 2777/2785/28
f 3074/2720/2147 2819/55/2147 2822/54/2147
f 3073/2783/2146 2821/78/2146 2824/77/2146
f 3072/2780/2145 2823/113/2145 2826/112/2145
f 3071/2777/2144 2825/191/2144 2828/190/2144
f 3070/2774/2143 2827/221/2143 2830/220/2143
f 3069/2771/2142 2829/255/2142 2832/254/2142
f 3068/2768/2141 2831/294/2141 2834/293/2141
f 3067/2765/2140 2833/332/2140 2836/331/2140
f 3066/2762/2139 2835/117/2139 2838/118/2139
f 3065/2760/2138 2837/399/2138 2840/398/2138
f 3064/2758/2137 2839/475/2137 2842/474/2137
f 3063/2756/2136 2841/507/2136 2844/506/2136
f 3062/2754/2135 2843/542/2135 2846/541/2135
f 3061/225/2134 2845/576/2134 2848/575/2134
f 3060/510/2133 2847/613/2133 2850/612/2133
f 3059/900/2132 2849/652/2132 2959/651/2132
f 3058/1162/2131 2851/723/2131 2852/722/2131
f 3057/1583/2130 2853/758/2130 2855/757/2130
f 3056/1852/2129 2854/790/2129 2857/789/2129
f 3055/2368/2128 2856/827/2128 2859/826/2128
f 3054/2682/2127 2858/863/2127 2861/862/2127
f 3053/2689/2126 2860/897/2126 2863/896/2126
f 3052/2698/2125 2862/932/2125 2865/931/2125
f 3051/2704/2124 2864/1007/2124 2867/1006/2124
f 3050/2710/2123 2866/1040/2123 2869/1039/2123
f 3049/2714/2122 2868/1070/2122 2871/1069/2122
f 3048/2719/2121 2870/1128/2121 2873/1127/2121
f 3047/2784/2120 2872/1159/2120 2875/1158/2120
f 3046/2781/2119 2874/1193/2119 2877/1192/2119
f 3045/2778/2118 2876/1229/2118 2879/1228/2118
f 3044/2775/2117 2878/1266/2117 2881/1265/2117
f 3043/2772/2116 2880/1303/2116 2976/1302/2116
f 3042/2769/2115 2882/1375/2115 2883/1374/2115
f 3041/2766/2114 2884/1410/2114 2886/1409/2114
f 3040/2763/2113 2885/1439/2113 2888/1438/2113
f 3039/2686/2112 2887/1474/2112 2890/1473/2112
f 3038/2693/2111 2889/1511/2111 2892/1510/2111
f 3037/2701/2110 2891/1514/2110 2894/1515/2110
f 3036/2708/2109 2893/1232/2109 2984/935/2109
f 3035/2712/2108 2895/936/2108 2896/1654/2108
f 3034/2716/2107 2897/793/2107 2899/794/2107
f 3033/2785/2106 2898/478/2106 2901/479/2106
f 3032/2782/2105 2900/258/2105 2903/259/2105
f 3031/2779/2104 2902/60/2104 2905/61/2104
f 3030/2776/2103 2904/1817/2103 2907/761/2103
f 3029/2773/2102 2906/762/2102 2909/1849/2102
f 3028/2770/2101 2908/1924/2101 2911/1923/2101
f 3027/2767/2100 2910/1956/2100 2913/1955/2100
f 3026/2764/2099 2912/1478/2099 2915/2005/2099
f 3025/2761/2098 2914/2050/2098 2917/616/2098
f 3024/2759/2097 2916/617/2097 2919/2086/2097
f 3023/2757/2096 2918/2122/2096 2921/2121/2096
f 3022/2755/2095 2920/2155/2095 2923/2154/2095
f 3021/82/2094 2922/2229/2094 2925/2228/2094
f 3020/369/2093 2924/2261/2093 2927/2260/2093
f 3019/686/2092 2926/2292/2092 2929/2232/2092
f 3018/1043/2091 2928/2233/2091 2931/2328/2091
f 3017/1338/2090 2930/2365/2090 2933/1306/2090
f 3016/1716/2089 2932/1307/2089 2935/2400/2089
f 3015/2053/2088 2934/2433/2088 2937/2432/2088
f 3014/2571/2087 2936/2508/2087 2939/2331/2087
f 3013/2684/2086 2938/2332/2086 2941/2536/2086
f 3012/2692/2085 2940/2568/2085 2943/2567/2085
f 3011/2700/2084 2942/2593/2084 2820/2592/2084
f 2943/2567/2084 2942/2593/2084 3011/2700/2084
f 2941/2536/2085 2940/2568/2085 3012/2692/2085
f 2939/2331/2086 2938/2332/2086 3013/2684/2086
f 2937/2432/2087 2936/2508/2087 3014/2571/2087
f 2935/2400/2088 2934/2433/2088 3015/2053/2088
f 2933/1306/2089 2932/1307/2089 3016/1716/2089
f 2931/2328/2090 2930/2365/2090 3017/1338/2090
f 2929/2232/2091 2928/2233/2091 3018/1043/2091
f 2927/2260/2092 2926/2292/2092 3019/686/2092
f 2925/2228/2093 2924/2261/2093 3020/369/2093
f 2923/2154/2094 2922/2229/2094 3021/82/2094
f 2921/2121/2095 2920/2155/2095 3022/2755/2095
f 2919/2086/2096 2918/2122/2096 3023/2757/2096
f 2917/616/2097 2916/617/2097 3024/2759/2097
f 2915/2005/2098 2914/2050/2098 3025/2761/2098
f 2913/1477/2099 2912/1478/2099 3026/2764/2099
f 2911/1923/2100 2910/1956/2100 3027/2767/2100
f 2909/1849/2101 2908/1924/2101 3028/2770/2101
f 2907/761/2102 2906/762/2102 3029/2773/2102
f 2905/61/2103 2904/1817/2103 3030/2776/2103
f 2903/259/2104 2902/60/2104 3031/2779/2104
f 2901/479/2105 2900/258/2105 3032/2782/2105
f 2899/794/2106 2898/478/2106 3033/2785/2106
f 2896/1654/2107 2897/793/2107 3034/2716/2107
f 2984/935/2108 2895/936/2108 3035/2712/2108
f 2894/1515/2109 2893/1232/2109 3036/2708/2109
f 2892/1510/2110 2891/1514/2110 3037/2701/2110
f 2890/1473/2111 2889/1511/2111 3038/2693/2111
f 2888/1438/2112 2887/1474/2112 3039/2686/2112
f 2886/1409/2113 2885/1439/2113 3040/2763/2113
f 2883/1374/2114 2884/1410/2114 3041/2766/2114
f 2976/1302/2115 2882/1375/2115 3042/2769/2115
f 2881/1265/2116 2880/1303/2116 3043/2772/2116
f 2879/1228/2117 2878/1266/2117 3044/2775/2117
f 2877/1192/2118 2876/1229/2118 3045/2778/2118
f 2875/1158/2119 2874/1193/2119 3046/2781/2119
f 2873/1127/2120 2872/1159/2120 3047/2784/2120
f 2871/1069/2121 2870/1128/2121 3048/2719/2121
f 2869/1039/2122 2868/1070/2122 3049/2714/2122
f 2867/1006/2123 2866/1040/2123 3050/2710/2123
f 2865/931/2124 2864/1007/2124 3051/2704/2124
f 2863/896/2125 2862/932/2125 3052/2698/2125
f 2861/862/2126 2860/897/2126 3053/2689/2126
f 2859/826/2127 2858/863/2127 3054/2682/2127
f 2857/789/2128 2856/827/2128 3055/2368/2128
f 2855/757/2129 2854/790/2129 3056/1852/2129
f 2852/722/2130 2853/758/2130 3057/1583/2130
f 2959/651/2131 2851/723/2131 3058/1162/2131
f 2850/612/2132 2849/652/2132 3059/900/2132
f 2848/575/2133 2847/613/2133 3060/510/2133
f 2846/541/2134 2845/576/2134 3061/225/2134
f 2844/506/2135 2843/542/2135 3062/2754/2135
f 2842/474/2136 2841/507/2136 3063/2756/2136
f 2840/398/2137 2839/475/2137 3064/2758/2137
f 2838/118/2138 2837/399/2138 3065/2760/2138
f 2836/331/2139 2835/117/2139 3066/2762/2139
f 2834/293/2140 2833/332/2140 3067/2765/2140
f 2832/254/2141 2831/294/2141 3068/2768/2141
f 2830/220/2142 2829/255/2142 3069/2771/2142
f 2828/190/2143 2827/221/2143 3070/2774/2143
f 2826/112/2144 2825/191/2144 3071/2777/2144
f 2824/77/2145 2823/113/2145 3072/2780/2145
f 2822/54/2146 2821/78/2146 3073/2783/2146
f 2820/2592/2147 2819/55/2147 3074/2720/2147
f 2550/2754/2148 3062/2754/2148 2956/224/2148
f 1603/2121/28 2463/2155/28 2920/2155/28
f 2334/399/28 299/398/28 2840/398/28
f 330/474/28 2340/507/28 2841/507/28
f 2510/2755/2149 3022/2755/2149 2999/81/2149
f 2439/1817/28 1386/761/28 2907/761/28
f 175/254/28 2325/294/28 2831/294/28
f 795/1069/28 2386/1128/28 2870/1128/28
f 20/54/28 2310/78/28 2821/78/28
f 2551/2756/2150 3063/2756/2150 2955/2743/2150
f 2442/762/28 1417/1849/28 2909/1849/28
f 2338/475/28 330/474/28 2842/474/28
f 2511/2757/2151 3023/2757/2151 2998/2723/2151
f 2340/507/28 361/506/28 2844/506/28
f 2552/2758/2152 3064/2758/2152 2954/2744/2152
f 2446/1924/28 1448/1923/28 2911/1923/28
f 2512/2759/2153 3024/2759/2153 2997/2724/2153
f 2343/542/28 392/541/28 2846/541/28
f 857/1158/28 2391/1193/28 2874/1193/28
f 547/757/28 2361/790/28 2854/790/28
f 1012/1374/28 2406/1410/28 2884/1410/28
f 2448/1956/28 1479/1955/28 2913/1955/28
f 392/541/28 2346/576/28 2845/576/28
f 2553/2760/2154 3065/2760/2154 2953/2745/2154
f 237/331/28 2331/117/28 2835/117/28
f 702/931/28 2377/1007/28 2864/1007/28
f 1634/2154/28 2467/2229/28 2922/2229/28
f 2346/576/28 423/575/28 2848/575/28
f 1944/2567/28 2498/2593/28 2942/2593/28
f 2513/2761/2155 3025/2761/2155 2996/2725/2155
f 2451/1478/28 1510/2005/28 2915/2005/28
f 2554/2762/2158 3066/2762/2158 2952/2746/2158
f 2528/2763/2157 3040/2763/2157 2980/2685/2157
f 2349/613/28 454/612/28 2850/612/28
f 2454/2050/28 1541/616/28 2917/616/28
f 2514/2764/2159 3026/2764/2159 2995/2726/2159
f 1074/1438/28 2412/1474/28 2887/1474/28
f 764/1039/28 2382/1070/28 2868/1070/28
f 2352/652/28 485/651/28 2959/651/28
f 2555/2765/2160 3067/2765/2160 2951/2747/2160
f 2529/2766/2161 3041/2766/2161 2979/2736/2161
f 1229/1654/28 2427/793/28 2897/793/28
f 2457/617/28 1572/2086/28 2919/2086/28
f 919/1228/28 2397/1266/28 2878/1266/28
f 609/826/28 2367/863/28 2858/863/28
f 1696/2260/28 2472/2292/28 2926/2292/28
f 454/612/28 2352/652/28 2849/652/28
f 2515/2767/2162 3027/2767/2162 2994/2728/2162
f 1851/2432/28 2488/2508/28 2936/2508/28
f 2460/2122/28 1603/2121/28 2921/2121/28
f 485/651/28 2356/723/28 2851/723/28
f 2556/2768/2163 3068/2768/2163 2950/2748/2163
f 2530/2769/2164 3042/2769/2164 2978/2737/2164
f 2358/758/28 547/757/28 2855/757/28
f 2516/2770/2165 3028/2770/2165 2993/2730/2165
f 2463/2155/28 1634/2154/28 2923/2154/28
f 2557/2771/2166 3069/2771/2166 2949/2749/2166
f 2531/2772/2167 3043/2772/2167 2977/2738/2167
f 1136/1510/28 2418/1514/28 2891/1514/28
f 2361/790/28 578/789/28 2857/789/28
f 1292/479/28 2433/258/28 2900/258/28
f 1448/1923/28 2448/1956/28 2910/1956/28
f 671/896/28 2373/932/28 2862/932/28
f 1913/2536/28 2493/2568/28 2940/2568/28
f 2517/2773/2168 3029/2773/2168 2992/2731/2168
f 2467/2229/28 1665/2228/28 2925/2228/28
f 1758/2328/28 2478/2365/28 2930/2365/28
f 2364/827/28 609/826/28 2859/826/28
f 2558/2774/2169 3070/2774/2169 2948/2750/2169
f 2532/2775/2170 3044/2775/2170 2975/2739/2170
f 2404/1375/28 1012/1374/28 2883/1374/28
f 2469/2261/28 1696/2260/28 2927/2260/28
f 2518/2776/2171 3030/2776/2171 2991/2732/2171
f 2367/863/28 640/862/28 2861/862/28
f 2472/2292/28 1727/2232/28 2929/2232/28
f 2559/2777/2172 3071/2777/2172 2947/2751/2172
f 2533/2778/2173 3045/2778/2173 2974/2740/2173
f 1820/2400/28 2484/2433/28 2934/2433/28
f 2370/897/28 671/896/28 2863/896/28
f 2519/2779/2174 3031/2779/2174 2990/2733/2174
f 2425/936/28 1229/1654/28 2896/1654/28
f 2475/2233/28 1758/2328/28 2931/2328/28
f 1510/2005/28 2454/2050/28 2914/2050/28
f 2560/2780/2175 3072/2780/2175 2946/2752/2175
f 1355/61/28 2439/1817/28 2904/1817/28
f 2534/2781/2176 3046/2781/2176 2973/2741/2176
f 2373/932/28 702/931/28 2865/931/28
f 2478/2365/28 1789/1306/28 2933/1306/28
f 82/112/28 2317/191/28 2825/191/28
f 2520/2782/2177 3032/2782/2177 2989/2734/2177
f 2561/2783/2178 3073/2783/2178 2945/2753/2178
f 2535/2784/2179 3047/2784/2179 2972/2742/2179
f 2481/1307/28 1820/2400/28 2935/2400/28
f 2377/1007/28 733/1006/28 2867/1006/28
f 2521/2785/2180 3033/2785/2180 2988/2735/2180
f 2379/1040/28 764/1039/28 2869/1039/28
usemtl Material
f 1981/37/17 29/34/17 30/38/17
f 1/47/22 1353/48/22 19/49/22
f 19/49/36 1353/73/36 50/74/36
f 2462/81/42 3021/82/42 2509/82/42
f 50/74/94 1353/151/94 81/152/94
f 81/152/120 1353/186/120 112/187/120
f 112/187/145 1353/216/145 143/217/145
f 2342/224/151 3061/225/151 2549/225/151
f 143/217/173 1353/250/173 174/251/173
f 174/251/200 1353/289/200 205/290/200
f 205/290/227 1353/327/227 236/328/227
f 236/328/254 1353/363/254 267/364/254
f 2465/193/260 3020/369/260 2508/369/260
f 267/364/312 1353/436/312 298/437/312
f 298/437/338 1353/470/338 329/471/338
f 329/471/363 1353/502/363 360/503/363
f 2345/297/369 3060/510/369 2548/510/369
f 360/503/391 1353/537/391 391/538/391
f 391/538/418 1353/571/418 422/572/418
f 422/572/445 1353/608/445 453/609/445
f 453/609/472 1353/646/472 484/647/472
f 464/602/498 494/680/498 495/682/498
f 2468/403/503 3019/686/503 2507/686/503
f 494/680/524 526/714/524 495/682/524
f 484/647/529 1353/719/529 515/720/529
f 515/720/555 1353/753/555 546/754/555
f 546/754/581 1353/785/581 577/786/581
f 577/786/608 1353/822/608 608/823/608
f 608/823/636 1353/858/636 639/859/636
f 639/859/663 1353/892/663 670/893/663
f 2348/655/669 3059/900/669 2547/900/669
f 670/893/721 1353/968/721 701/969/721
f 701/969/747 1353/1002/747 732/1003/747
f 732/1003/772 1353/1035/772 763/1036/772
f 2471/830/778 3018/1043/778 2506/1043/778
f 763/1036/799 1353/1065/799 794/1066/799
f 794/1066/840 1353/1123/840 825/1124/840
f 825/1124/865 1353/1154/865 856/1155/865
f 2351/1009/871 3058/1162/871 2546/1162/871
f 856/1155/893 1353/1188/893 887/1189/893
f 887/1189/920 1353/1224/920 918/1225/920
f 918/1225/947 1353/1261/947 949/1262/947
f 949/1262/974 1353/1298/974 980/1299/974
f 959/1293/1000 991/1335/1000 960/1256/1000
f 2474/1131/1005 3017/1338/1005 2505/1338/1005
f 991/1335/1026 1021/1363/1026 1022/1365/1026
f 980/1299/1031 1353/1370/1031 1011/1371/1031
f 1011/1371/1057 1353/1405/1057 1042/1406/1057
f 1042/1406/1082 1353/1434/1082 1073/1435/1082
f 1073/1435/1109 1353/1469/1109 1104/1470/1109
f 1104/1470/1136 1353/1506/1136 1135/1507/1136
f 1135/1507/1163 1353/1545/1163 1166/1546/1163
f 1166/1546/1190 1353/1577/1190 1197/1578/1190
f 2354/1269/1196 3057/1583/1196 2545/1583/1196
f 1197/1578/1247 1353/1650/1247 1228/1651/1247
f 1228/1651/1273 1353/1681/1273 1259/1682/1273
f 1259/1682/1299 1353/1710/1299 1291/1711/1299
f 2477/1442/1305 3016/1716/1305 2504/1716/1305
f 1291/1711/1327 1353/1745/1327 1322/1746/1327
f 1322/1746/1354 1353/1779/1354 1354/1780/1354
f 1354/1780/1381 1353/1813/1381 1385/1814/1381
f 2357/1687/1413 3056/1852/1413 2544/1852/1413
f 1385/1814/1439 1353/1885/1439 1416/1886/1439
f 1416/1886/1465 1353/1919/1465 1447/1920/1465
f 1458/1914/1485 1488/1944/1485 1489/1946/1485
f 1447/1920/1490 1353/1951/1490 1478/1952/1490
f 1488/1985/1512 1520/1988/1512 1489/1989/1512
f 1478/1998/1517 1353/1999/1517 1509/2000/1517
f 1509/2000/1544 1353/2046/1544 1540/2047/1544
f 2480/1785/1550 3015/2053/1550 2503/2053/1550
f 1540/2047/1572 1353/2082/1572 1571/2083/1572
f 1571/2083/1600 1353/2117/1600 1602/2118/1600
f 1602/2118/1657 1353/2189/1657 1633/2190/1657
f 1633/2190/1683 1353/2224/1683 1664/2225/1683
f 1664/2225/1708 1353/2256/1708 1695/2257/1708
f 1695/2257/1735 1353/2288/1735 1726/2289/1735
f 1726/2289/1762 1353/2324/1762 1757/2325/1762
f 1757/2325/1789 1353/2361/1789 1788/2362/1789
f 2360/1926/1795 3055/2368/1795 2543/2368/1795
f 1788/2362/1817 1353/2396/1817 1819/2397/1817
f 1819/2397/1874 1353/2470/1874 1850/2471/1874
f 1850/2471/1900 1353/2504/1900 1881/2505/1900
f 1881/2505/1925 1353/2532/1925 1912/2533/1925
f 1912/2533/1952 1353/2563/1952 1943/2564/1952
f 2483/2158/1958 3014/2571/1958 2502/2571/1958
f 1953/2556/1975 1981/37/1975 1954/2558/1975
f 1943/2564/1980 1353/2591/1980 1/47/1980
f 2363/2511/2066 3054/2682/2066 2542/2682/2066
f 2486/2594/2067 3013/2684/2067 2501/2684/2067
f 2408/2685/2068 3039/2686/2068 2527/2686/2068
f 2366/2683/2069 3053/2689/2069 2541/2689/2069
f 2489/2687/2070 3012/2692/2070 2500/2692/2070
f 2411/2688/2071 3038/2693/2071 2526/2693/2071
f 2369/2691/2072 3052/2698/2072 2540/2698/2072
f 2492/2694/2073 3011/2700/2073 2499/2700/2073
f 2414/2696/2074 3037/2701/2074 2525/2701/2074
f 2372/2699/2075 3051/2704/2075 2539/2704/2075
f 2417/2703/2077 3036/2708/2077 2524/2708/2077
f 2375/2705/2078 3050/2710/2078 2538/2710/2078
f 2420/2709/2079 3035/2712/2079 2523/2712/2079
f 2378/2711/2080 3049/2714/2080 2537/2714/2080
f 2423/2713/2081 3034/2716/2081 2522/2716/2081
f 2381/2715/2082 3048/2719/2082 2536/2719/2082
f 2496/2702/2083 3074/2720/2083 2562/2720/2083
f 2339/2743/2148 3062/2754/2148 2550/2754/2148
f 2459/2723/2149 3022/2755/2149 2510/2755/2149
f 2336/2744/2150 3063/2756/2150 2551/2756/2150
f 2456/2724/2151 3023/2757/2151 2511/2757/2151
f 2333/2745/2152 3064/2758/2152 2552/2758/2152
f 2453/2725/2153 3024/2759/2153 2512/2759/2153
f 2330/2746/2154 3065/2760/2154 2553/2760/2154
f 2450/2726/2155 3025/2761/2155 2513/2761/2155
f 2327/2747/2158 3066/2762/2158 2554/2762/2158
f 2405/2736/2157 3040/2763/2157 2528/2763/2157
f 2447/2727/2159 3026/2764/2159 2514/2764/2159
f 2324/2748/2160 3067/2765/2160 2555/2765/2160
f 2402/2737/2161 3041/2766/2161 2529/2766/2161
f 2444/2730/2162 3027/2767/2162 2515/2767/2162
f 2321/2749/2163 3068/2768/2163 2556/2768/2163
f 2399/2738/2164 3042/2769/2164 2530/2769/2164
f 2441/2731/2165 3028/2770/2165 2516/2770/2165
f 2318/2750/2166 3069/2771/2166 2557/2771/2166
f 2396/2739/2167 3043/2772/2167 2531/2772/2167
f 2438/2732/2168 3029/2773/2168 2517/2773/2168
f 2315/2751/2169 3070/2774/2169 2558/2774/2169
f 2393/2740/2170 3044/2775/2170 2532/2775/2170
f 2435/2733/2171 3030/2776/2171 2518/2776/2171
f 2312/2752/2172 3071/2777/2172 2559/2777/2172
f 2390/2741/2173 3045/2778/2173 2533/2778/2173
f 2432/2734/2174 3031/2779/2174 2519/2779/2174
f 2309/2753/2175 3072/2780/2175 2560/2780/2175
f 2387/2742/2176 3046/2781/2176 2534/2781/2176
f 2429/2735/2177 3032/2782/2177 2520/2782/2177
f 2307/2722/2178 3073/2783/2178 2561/2783/2178
f 2384/2721/2179 3047/2784/2179 2535/2784/2179
f 2426/2717/2180 3033/2785/2180 2521/2785/2180
f 1981/37/17 1980/33/17 29/34/17
f 2462/81/42 2999/81/42 3021/82/42
f 2342/224/151 2956/224/151 3061/225/151
f 2465/193/260 3000/193/260 3020/369/260
f 2345/297/369 2957/297/369 3060/510/369
f 464/602/498 463/643/498 494/680/498
f 2468/403/614 3001/403/614 3019/686/614
f 494/680/524 525/712/524 526/714/524
f 2348/655/669 2958/655/669 3059/900/669
f 2471/830/2305 3002/830/2305 3018/1043/2305
f 2351/1009/871 2960/1009/871 3058/1162/871
f 959/1293/1000 990/1333/1000 991/1335/1000
f 2474/1131/1005 3003/1131/1005 3017/1338/1005
f 991/1335/1026 990/1333/1026 1021/1363/1026
f 2354/1269/1196 2961/1269/1196 3057/1583/1196
f 2477/1442/1305 3004/1442/1305 3016/1716/1305
f 2357/1687/1413 2962/1687/1413 3056/1852/1413
f 1458/1914/1485 1457/1912/1485 1488/1944/1485
f 1488/1985/1512 1519/1984/1512 1520/1988/1512
f 2480/1785/1550 3005/1785/1550 3015/2053/1550
f 2360/1926/1795 2963/1926/1795 3055/2368/1795
f 2483/2158/1958 3006/2158/1958 3014/2571/1958
f 1953/2556/1975 1980/33/1975 1981/37/1975
f 2363/2511/2066 2964/2511/2066 3054/2682/2066
f 2486/2594/2067 3007/2594/2067 3013/2684/2067
f 2408/2685/2068 2980/2685/2068 3039/2686/2068
f 2366/2683/2069 2965/2683/2069 3053/2689/2069
f 2489/2687/2070 3008/2687/2070 3012/2692/2070
f 2411/2688/2071 2981/2688/2071 3038/2693/2071
f 2369/2691/2072 2966/2691/2072 3052/2698/2072
f 2492/2694/2073 3009/2694/2073 3011/2700/2073
f 2414/2696/2074 2982/2696/2074 3037/2701/2074
f 2372/2699/2075 2967/2699/2075 3051/2704/2075
f 2417/2703/2077 2983/2703/2077 3036/2708/2077
f 2375/2705/2507 2968/2705/2507 3050/2710/2507
f 2420/2709/2508 2985/2709/2508 3035/2712/2508
f 2378/2711/2080 2969/2711/2080 3049/2714/2080
f 2423/2713/2081 2986/2713/2081 3034/2716/2081
f 2381/2715/2082 2970/2715/2082 3048/2719/2082
f 2496/2702/2083 3010/2702/2083 3074/2720/2083
f 2339/2743/2148 2955/2743/2148 3062/2754/2148
f 2459/2723/2149 2998/2723/2149 3022/2755/2149
f 2336/2744/2150 2954/2744/2150 3063/2756/2150
f 2456/2724/2151 2997/2724/2151 3023/2757/2151
f 2333/2745/2152 2953/2745/2152 3064/2758/2152
f 2453/2725/2153 2996/2725/2153 3024/2759/2153
f 2330/2746/2154 2952/2746/2154 3065/2760/2154
f 2450/2726/2155 2995/2726/2155 3025/2761/2155
f 2327/2747/2158 2951/2747/2158 3066/2762/2158
f 2405/2736/2157 2979/2736/2157 3040/2763/2157
f 2447/2727/2159 2994/2727/2159 3026/2764/2159
f 2324/2748/2160 2950/2748/2160 3067/2765/2160
f 2402/2737/2161 2978/2737/2161 3041/2766/2161
f 2444/2730/2162 2993/2730/2162 3027/2767/2162
f 2321/2749/2163 2949/2749/2163 3068/2768/2163
f 2399/2738/2164 2977/2738/2164 3042/2769/2164
f 2441/2731/2165 2992/2731/2165 3028/2770/2165
f 2318/2750/2166 2948/2750/2166 3069/2771/2166
f 2396/2739/2167 2975/2739/2167 3043/2772/2167
f 2438/2732/2168 2991/2732/2168 3029/2773/2168
f 2315/2751/2169 2947/2751/2169 3070/2774/2169
f 2393/2740/2170 2974/2740/2170 3044/2775/2170
f 2435/2733/2171 2990/2733/2171 3030/2776/2171
f 2312/2752/2172 2946/2752/2172 3071/2777/2172
f 2390/2741/2173 2973/2741/2173 3045/2778/2173
f 2432/2734/2174 2989/2734/2174 3031/2779/2174
f 2309/2753/2175 2945/2753/2175 3072/2780/2175
f 2387/2742/2176 2972/2742/2176 3046/2781/2176
f 2429/2735/2177 2988/2735/2177 3032/2782/2177
f 2307/2722/2178 2944/2722/2178 3073/2783/2178
f 2384/2721/2179 2971/2721/2179 3047/2784/2179
f 2426/2717/2180 2987/2717/2180 3033/2785/2180
usemtl Material.001
f 2235/2585/1994 2240/2669/1994 1948/2603/1994
f 1947/2579/1994 2243/2601/1994 2235/2585/1994
f 2232/2514/1967 2237/2588/1967 1917/2587/1967
f 1916/2513/1967 2244/2584/1967 2232/2514/1967
f 2229/2485/1908 2233/2516/1908 1886/2488/1908
f 1885/2479/1908 2245/2512/1908 2229/2485/1908
f 2226/2451/1883 2231/2670/1883 1855/2487/1883
f 1854/2445/1883 2246/2484/1883 2226/2451/1883
f 2223/2416/1857 2228/2454/1857 1824/2453/1857
f 1823/2410/1857 2247/2450/1857 2223/2416/1857
f 2220/2382/1831 2225/2419/1831 1793/2418/1831
f 1792/2376/1831 2248/2415/1831 2220/2382/1831
f 2217/2346/1804 2222/2385/1804 1762/2384/1804
f 1761/2340/1804 2249/2381/1804 2217/2346/1804
f 2214/2308/1776 2219/2348/1776 1731/2311/1776
f 1730/2302/1776 2250/2345/1776 2214/2308/1776
f 2211/2237/1749 2216/2671/1749 1700/2310/1749
f 1699/2236/1749 2251/2307/1749 2211/2237/1749
f 2208/2205/1691 2212/2240/1691 1669/2239/1691
f 1668/2199/1691 2252/2235/1691 2208/2205/1691
f 2205/2171/1666 2210/2208/1666 1638/2207/1666
f 1637/2165/1666 2253/2204/1666 2205/2171/1666
f 2202/2138/1640 2207/2173/1640 1607/2141/1640
f 1606/2132/1640 2254/2170/1640 2202/2138/1640
f 2199/2102/1614 2204/2672/1614 1576/2140/1614
f 1575/2096/1614 2255/2137/1614 2199/2102/1614
f 2196/2067/1586 2201/2105/1586 1545/2104/1586
f 1544/2061/1586 2256/2101/1586 2196/2067/1586
f 2193/2029/1559 2198/2070/1559 1514/2069/1559
f 1513/2022/1559 2257/2066/1559 2193/2029/1559
f 2190/2673/1531 2195/2032/1531 1483/2031/1531
f 1482/2674/1531 2258/2028/1531 2190/2673/1531
f 2187/1901/1473 2191/1935/1473 1452/1934/1473
f 1451/1895/1473 2259/1930/1473 2187/1901/1473
f 2184/1866/1448 2189/1903/1448 1421/1869/1448
f 1420/1860/1448 2260/1900/1448 2184/1866/1448
f 2181/1833/1422 2186/2676/1422 1390/1868/1422
f 1389/1827/1422 2261/1865/1422 2181/1833/1422
f 2178/1799/1395 2183/1836/1395 1359/1835/1395
f 1358/1793/1395 2262/1832/1395 2178/1799/1395
f 2175/1764/1368 2180/1802/1368 1327/1801/1368
f 1326/1758/1368 2263/1798/1368 2175/1764/1368
f 2172/1730/1341 2177/1767/1341 1296/1766/1341
f 1295/1724/1341 2264/1763/1341 2172/1730/1341
f 2169/1662/1314 2173/1694/1314 1264/1693/1314
f 1263/1655/1314 2265/1729/1314 2169/1662/1314
f 2166/1631/1256 2171/1665/1256 1233/1664/1256
f 1232/1625/1256 2266/1661/1256 2166/1631/1256
f 2163/1597/1230 2168/1634/1230 1202/1633/1230
f 1201/1591/1230 2267/1630/1230 2163/1597/1230
f 2160/1563/1205 2165/1600/1205 1171/1599/1205
f 1170/1557/1205 2268/1596/1205 2160/1563/1205
f 2157/1529/1177 2162/1566/1177 1140/1565/1177
f 1139/1523/1177 2269/1562/1177 2157/1529/1177
f 2154/1492/1150 2159/1532/1150 1109/1531/1150
f 1108/1486/1150 2270/1528/1150 2154/1492/1150
f 2151/1455/1123 2156/1495/1123 1078/1494/1123
f 1077/1450/1123 2271/1491/1123 2151/1455/1123
f 2148/1386/1096 2152/1418/1096 1047/1389/1096
f 1046/1380/1096 2272/1454/1096 2148/1386/1096
f 2145/1352/1040 2150/2677/1040 1016/1388/1040
f 1015/1346/1040 2273/1385/1040 2145/1352/1040
f 2142/1321/1014 2147/1354/1014 985/1324/1014
f 984/1315/1014 2274/1351/1014 2142/1321/1014
f 2139/1282/988 2144/2678/988 954/1323/988
f 953/1276/988 2275/1320/988 2139/1282/988
f 2136/1246/961 2141/1285/961 923/1284/961
f 922/1240/961 2276/1281/961 2136/1246/961
f 2133/1209/934 2138/1249/934 892/1248/934
f 891/1203/934 2277/1245/934 2133/1209/934
f 2130/1135/907 2135/1212/907 861/1211/907
f 860/1134/907 2278/1208/907 2130/1135/907
f 2127/1104/848 2131/1138/848 830/1137/848
f 829/1098/848 2279/1133/848 2127/1104/848
f 2124/1086/823 2129/1107/823 799/1106/823
f 798/1080/823 2280/1103/823 2124/1086/823
f 2121/1016/813 2126/1089/813 768/1088/813
f 767/1015/813 2281/1085/813 2121/1016/813
f 2118/984/755 2122/1019/755 737/1018/755
f 736/978/755 2282/1014/755 2118/984/755
f 2115/949/730 2120/986/730 706/952/730
f 705/943/730 2283/983/730 2115/949/730
f 2112/914/704 2117/2679/704 675/951/704
f 674/908/704 2284/948/704 2112/914/704
f 2109/878/678 2114/917/678 644/916/678
f 643/872/678 2285/913/678 2109/878/678
f 2106/844/650 2111/881/650 613/880/650
f 612/838/650 2286/877/650 2106/844/650
f 2103/807/623 2108/847/623 582/846/623
f 581/802/623 2287/843/623 2103/807/623
f 2100/734/595 2104/769/595 551/737/595
f 550/727/595 2288/806/595 2100/734/595
f 2097/700/538 2102/2680/538 520/736/538
f 519/694/538 2289/733/538 2097/700/538
f 2094/669/512 2099/703/512 489/702/512
f 488/663/512 2290/699/512 2094/669/512
f 2091/631/486 2096/671/486 458/634/486
f 457/625/486 2291/668/486 2091/631/486
f 2088/592/459 2093/2681/459 427/633/459
f 426/586/459 2292/630/459 2088/592/459
f 2085/558/432 2090/595/432 396/594/432
f 395/552/432 2293/591/432 2085/558/432
f 2082/483/405 2087/561/405 365/560/405
f 364/482/405 2294/557/405 2082/483/405
f 2079/451/346 2083/486/346 334/485/346
f 333/445/346 2295/481/346 2079/451/346
f 2076/417/321 2081/454/321 303/453/321
f 302/411/321 2296/450/321 2076/417/321
f 2073/383/295 2078/420/295 272/419/295
f 271/377/295 2297/416/295 2073/383/295
f 2070/348/269 2075/386/269 241/385/269
f 240/342/269 2298/382/269 2070/348/269
f 2067/311/241 2072/351/241 210/350/241
f 209/305/241 2299/347/241 2067/311/241
f 2064/273/214 2069/314/214 179/313/214
f 178/267/214 2300/310/214 2064/273/214
f 2061/197/187 2066/276/187 148/275/187
f 147/196/187 2301/272/187 2061/197/187
f 2058/167/128 2062/200/128 117/199/128
f 116/161/128 2302/195/128 2058/167/128
f 2055/132/103 2060/170/103 86/169/103
f 85/126/103 2303/166/103 2055/132/103
f 2052/96/77 2057/135/77 55/134/77
f 54/90/77 2304/131/77 2052/96/77
f 2051/13/51 2054/99/51 24/98/51
f 23/5/51 2305/95/51 2051/13/51
f 2238/2602/5 2242/17/5 1977/16/5
f 1976/2597/5 2306/12/5 2238/2602/5
f 2235/2585/1994 2243/2601/1994 2240/2669/1994
f 1947/2579/1994 2239/2598/1994 2243/2601/1994
f 2232/2514/1967 2244/2584/1967 2237/2588/1967
f 1916/2513/1967 2236/2580/1967 2244/2584/1967
f 2229/2485/1908 2245/2512/1908 2233/2516/1908
f 1885/2479/1908 2234/2546/1908 2245/2512/1908
f 2226/2451/1883 2246/2484/1883 2231/2670/1883
f 1854/2445/1883 2230/2480/1883 2246/2484/1883
f 2223/2416/1857 2247/2450/1857 2228/2454/1857
f 1823/2410/1857 2227/2446/1857 2247/2450/1857
f 2220/2382/1831 2248/2415/1831 2225/2419/1831
f 1792/2376/1831 2224/2411/1831 2248/2415/1831
f 2217/2346/1804 2249/2381/1804 2222/2385/1804
f 1761/2340/1804 2221/2377/1804 2249/2381/1804
f 2214/2308/1776 2250/2345/1776 2219/2348/1776
f 1730/2302/1776 2218/2341/1776 2250/2345/1776
f 2211/2237/1749 2251/2307/1749 2216/2671/1749
f 1699/2236/1749 2215/2303/1749 2251/2307/1749
f 2208/2205/1691 2252/2235/1691 2212/2240/1691
f 1668/2199/1691 2213/2271/1691 2252/2235/1691
f 2205/2171/1666 2253/2204/1666 2210/2208/1666
f 1637/2165/1666 2209/2200/1666 2253/2204/1666
f 2202/2138/1640 2254/2170/1640 2207/2173/1640
f 1606/2132/1640 2206/2166/1640 2254/2170/1640
f 2199/2102/1614 2255/2137/1614 2204/2672/1614
f 1575/2096/1614 2203/2133/1614 2255/2137/1614
f 2196/2067/1586 2256/2101/1586 2201/2105/1586
f 1544/2061/1586 2200/2097/1586 2256/2101/1586
f 2193/2029/1559 2257/2066/1559 2198/2070/1559
f 1513/2022/1559 2197/2062/1559 2257/2066/1559
f 2190/2673/1531 2258/2028/1531 2195/2032/1531
f 1482/2674/1531 2194/2023/1531 2258/2028/1531
f 2187/1901/1473 2259/1930/1473 2191/1935/1473
f 1451/1895/1473 2192/1965/1473 2259/1930/1473
f 2184/1866/1448 2260/1900/1448 2189/1903/1448
f 1420/1860/1448 2188/1896/1448 2260/1900/1448
f 2181/1833/1422 2261/1865/1422 2186/2676/1422
f 1389/1827/1422 2185/1861/1422 2261/1865/1422
f 2178/1799/1395 2262/1832/1395 2183/1836/1395
f 1358/1793/1395 2182/1828/1395 2262/1832/1395
f 2175/1764/1368 2263/1798/1368 2180/1802/1368
f 1326/1758/1368 2179/1794/1368 2263/1798/1368
f 2172/1730/1341 2264/1763/1341 2177/1767/1341
f 1295/1724/1341 2176/1759/1341 2264/1763/1341
f 2169/1662/1314 2265/1729/1314 2173/1694/1314
f 1263/1655/1314 2174/1725/1314 2265/1729/1314
f 2166/1631/1256 2266/1661/1256 2171/1665/1256
f 1232/1625/1256 2170/1656/1256 2266/1661/1256
f 2163/1597/1230 2267/1630/1230 2168/1634/1230
f 1201/1591/1230 2167/1626/1230 2267/1630/1230
f 2160/1563/1205 2268/1596/1205 2165/1600/1205
f 1170/1557/1205 2164/1592/1205 2268/1596/1205
f 2157/1529/1177 2269/1562/1177 2162/1566/1177
f 1139/1523/1177 2161/1558/1177 2269/1562/1177
f 2154/1492/1150 2270/1528/1150 2159/1532/1150
f 1108/1486/1150 2158/1524/1150 2270/1528/1150
f 2151/1455/1123 2271/1491/1123 2156/1495/1123
f 1077/1450/1123 2155/1487/1123 2271/1491/1123
f 2148/1386/1096 2272/1454/1096 2152/1418/1096
f 1046/1380/1096 2153/1451/1096 2272/1454/1096
f 2145/1352/1040 2273/1385/1040 2150/2677/1040
f 1015/1346/1040 2149/1381/1040 2273/1385/1040
f 2142/1321/1014 2274/1351/1014 2147/1354/1014
f 984/1315/1014 2146/1347/1014 2274/1351/1014
f 2139/1282/988 2275/1320/988 2144/2678/988
f 953/1276/988 2143/1316/988 2275/1320/988
f 2136/1246/961 2276/1281/961 2141/1285/961
f 922/1240/961 2140/1277/961 2276/1281/961
f 2133/1209/934 2277/1245/934 2138/1249/934
f 891/1203/934 2137/1241/934 2277/1245/934
f 2130/1135/907 2278/1208/907 2135/1212/907
f 860/1134/907 2134/1204/907 2278/1208/907
f 2127/1104/848 2279/1133/848 2131/1138/848
f 829/1098/848 2132/1170/848 2279/1133/848
f 2124/1086/823 2280/1103/823 2129/1107/823
f 798/1080/823 2128/1099/823 2280/1103/823
f 2121/1016/813 2281/1085/813 2126/1089/813
f 767/1015/813 2125/1081/813 2281/1085/813
f 2118/984/755 2282/1014/755 2122/1019/755
f 736/978/755 2123/1050/755 2282/1014/755
f 2115/949/730 2283/983/730 2120/986/730
f 705/943/730 2119/979/730 2283/983/730
f 2112/914/704 2284/948/704 2117/2679/704
f 674/908/704 2116/944/704 2284/948/704
f 2109/878/678 2285/913/678 2114/917/678
f 643/872/678 2113/909/678 2285/913/678
f 2106/844/650 2286/877/650 2111/881/650
f 612/838/650 2110/873/650 2286/877/650
f 2103/807/623 2287/843/623 2108/847/623
f 581/802/623 2107/839/623 2287/843/623
f 2100/734/595 2288/806/595 2104/769/595
f 550/727/595 2105/803/595 2288/806/595
f 2097/700/538 2289/733/538 2102/2680/538
f 519/694/538 2101/728/538 2289/733/538
f 2094/669/512 2290/699/512 2099/703/512
f 488/663/512 2098/695/512 2290/699/512
f 2091/631/486 2291/668/486 2096/671/486
f 457/625/486 2095/664/486 2291/668/486
f 2088/592/459 2292/630/459 2093/2681/459
f 426/586/459 2092/626/459 2292/630/459
f 2085/558/432 2293/591/432 2090/595/432
f 395/552/432 2089/587/432 2293/591/432
f 2082/483/405 2294/557/405 2087/561/405
f 364/482/405 2086/553/405 2294/557/405
f 2079/451/346 2295/481/346 2083/486/346
f 333/445/346 2084/518/346 2295/481/346
f 2076/417/321 2296/450/321 2081/454/321
f 302/411/321 2080/446/321 2296/450/321
f 2073/383/295 2297/416/295 2078/420/295
f 271/377/295 2077/412/295 2297/416/295
f 2070/348/269 2298/382/269 2075/386/269
f 240/342/269 2074/378/269 2298/382/269
f 2067/311/241 2299/347/241 2072/351/241
f 209/305/241 2071/343/241 2299/347/241
f 2064/273/214 2300/310/214 2069/314/214
f 178/267/214 2068/306/214 2300/310/214
f 2061/197/187 2301/272/187 2066/276/187
f 147/196/187 2065/268/187 2301/272/187
f 2058/167/128 2302/195/128 2062/200/128
f 116/161/128 2063/233/128 2302/195/128
f 2055/132/103 2303/166/103 2060/170/103
f 85/126/103 2059/162/103 2303/166/103
f 2052/96/77 2304/131/77 2057/135/77
f 54/90/77 2056/127/77 2304/131/77
f 2051/13/51 2305/95/51 2054/99/51
f 23/5/51 2053/91/51 2305/95/51
f 2238/2602/5 2306/12/5 2242/17/5
f 1976/2597/5 2241/6/5 2306/12/5
usemtl Material.002
f 1290/2607/2004 2048/2548/2004 2049/2547/2004
f 1290/2608/2005 2047/2482/2005 2048/2481/2005
f 1290/2609/2006 2046/2448/2006 2047/2447/2006
f 1290/2610/2007 2045/2413/2007 2046/2412/2007
f 1290/2611/2008 2044/2379/2008 2045/2378/2008
f 1290/2612/2009 2043/2343/2009 2044/2342/2009
f 1290/2613/2010 2042/2305/2010 2043/2304/2010
f 1290/2614/2011 2041/2273/2011 2042/2272/2011
f 1290/2615/2012 2040/2201/2012 2041/2202/2012
f 1290/2616/2013 2039/2167/2013 2040/2168/2013
f 1290/2617/2014 2038/2135/2014 2039/2134/2014
f 1290/2618/2015 2037/2099/2015 2038/2098/2015
f 1290/2623/2020 2032/1863/2020 2033/1862/2020
f 1290/2624/2021 2031/1830/2021 2032/1829/2021
f 1290/2625/2022 2030/1796/2022 2031/1795/2022
f 1290/2626/2023 2029/1760/2023 2030/1761/2023
f 1290/2627/2024 1987/1727/2024 2029/1726/2024
f 1290/2628/2025 2028/1657/2025 1987/1659/2025
f 1290/2629/2026 2027/1627/2026 2028/1628/2026
f 1290/2630/2027 2026/1594/2027 2027/1593/2027
f 1290/2631/2028 2025/1559/2028 2026/1560/2028
f 1290/2632/2029 2024/1526/2029 2025/1525/2029
f 1290/2633/2030 2023/1489/2030 2024/1488/2030
f 1290/2634/2031 2022/1452/2031 2023/1453/2031
f 1290/2639/2036 2017/1243/2036 2018/1242/2036
f 1290/2640/2037 2016/1206/2037 2017/1205/2037
f 1290/2641/2038 2015/1172/2038 2016/1171/2038
f 1290/2642/2039 2014/1100/2039 2015/1101/2039
f 1290/2643/2040 2013/1083/2040 2014/1082/2040
f 1290/2644/2041 2012/1010/2041 2013/1012/2041
f 1290/2645/2042 2011/981/2042 2012/980/2042
f 1290/2646/2043 2010/946/2043 2011/945/2043
f 1290/2647/2044 2009/911/2044 2010/910/2044
f 1290/2648/2045 2008/875/2045 2009/874/2045
f 1290/2649/2046 2007/840/2046 2008/841/2046
f 1290/2650/2047 2006/804/2047 2007/805/2047
f 1290/2655/2052 2001/589/2052 2002/588/2052
f 1290/2656/2053 2000/555/2053 2001/554/2053
f 1290/2657/2054 1999/519/2054 2000/520/2054
f 1290/2658/2055 1998/448/2055 1999/447/2055
f 1290/2659/2056 1997/414/2056 1998/413/2056
f 1290/2660/2057 1996/379/2057 1997/380/2057
f 1290/2661/2058 1995/345/2058 1996/344/2058
f 1290/2662/2059 1994/307/2059 1995/308/2059
f 1290/2663/2060 1993/270/2060 1994/269/2060
f 1290/2664/2061 1992/235/2061 1993/234/2061
f 1290/2665/2062 1991/164/2062 1992/163/2062
f 1290/2666/2063 1990/129/2063 1991/128/2063
