# Blender 5.1.2
# www.blender.org
mtllib Tripod.mtl
o TriPod
v -10.149349 2.000000 6.203820
v 1.224402 52.474129 -0.094052
v -10.053679 2.000000 6.184790
v -0.275598 2.000000 -6.751718
v -0.179927 2.000000 -6.770748
v 10.318113 4.635948 3.448332
v -0.275598 52.474129 -2.594052
v 10.299082 4.659954 3.355722
v 10.244890 4.680305 3.277211
v -9.679070 2.000000 5.488845
v 0.194681 2.000000 -7.466693
v 10.163784 4.693901 3.224751
v 10.068113 4.698677 3.206329
v -9.698101 2.000000 5.393173
v 9.972443 4.693901 3.224751
v -1.775598 52.474129 -0.094052
v 9.847834 2.583260 3.396609
v -9.752293 2.000000 5.312068
v 9.382271 4.600197 3.586261
v 0.175651 2.000000 -7.562365
v -9.833399 2.000000 5.257874
v -0.098821 2.000000 -6.824941
v -9.929070 2.000000 5.238844
v 10.068113 2.699928 2.946508
v 0.121457 2.000000 -7.643470
v 9.613239 2.640171 3.177048
v -0.275598 52.137535 -2.870284
v -10.245020 2.000000 6.184790
v 0.040352 2.000000 -7.697663
v -10.149349 0.000000 5.953820
v -0.275598 51.996841 -2.912963
v -0.760192 2.000000 -7.228536
v 1.224402 52.137535 -0.370284
v -0.741162 2.000000 -7.132864
v -0.275598 1.850525 -7.788518
v -9.929070 0.000000 5.488845
v -10.383942 0.000000 5.727003
v -0.275598 51.850525 -2.927374
v 1.224402 51.996841 -0.412963
v -0.275598 51.704208 -2.912963
v -0.510192 0.000000 -7.228536
v -1.775598 52.137535 -0.370284
v -0.275598 51.563515 -2.870284
v 1.224402 51.850525 -0.427374
v -0.055319 0.000000 -7.466693
v -10.146694 1.850525 5.215026
v -0.452375 2.000000 -6.824941
v -0.247053 52.586113 -2.320881
v -0.371269 2.000000 -6.770748
v -1.775598 51.996841 -0.412963
v -0.275598 0.000000 -7.001718
v -0.219605 52.543434 -2.458872
v -0.194308 52.474129 -2.586046
v 1.224402 51.704208 -0.412963
v 9.847694 4.433960 3.139086
v -0.172136 52.380856 -2.697514
v 1.224402 51.563515 -0.370284
v -0.153939 52.267204 -2.788994
v 1.224402 51.226921 -0.094052
v -0.140418 52.137535 -2.856970
v -0.132092 51.996841 -2.898829
v -1.775598 51.850525 -0.427374
v -0.129280 51.850525 -2.912963
v 1.252947 52.586113 0.179119
v -0.132092 51.704208 -2.898829
v -0.140418 51.563515 -2.856970
v 1.280395 52.543434 0.041128
v -1.775598 51.704208 -0.412963
v 1.305692 52.474129 -0.086046
v -1.775598 51.563515 -0.370284
v 1.327864 52.380856 -0.197514
v -0.084256 1.850525 -7.750458
v 1.346061 52.267204 -0.288994
v -0.219605 52.586113 -2.312554
v 3.342439 58.114426 3.265565
v -0.165763 52.543434 -2.442539
v -0.116142 52.474129 -2.562334
v 1.359582 52.137535 -0.356970
v -0.072650 52.380856 -2.667336
v 1.367908 51.996841 -0.398829
v -1.775598 51.226921 -0.094052
v -0.036956 52.267204 -2.753508
v -0.010433 52.137535 -2.817539
v 1.370720 51.850525 -0.412963
v 0.005900 51.996841 -2.856970
v 1.367908 51.704208 -0.398829
v 0.011415 51.850525 -2.870284
v 0.005900 51.704208 -2.856970
v -1.747053 52.586113 0.179119
v -0.010433 51.563515 -2.817539
v 1.359582 51.563515 -0.356970
v -1.719605 52.543434 0.041128
v 1.346061 51.433846 -0.288994
v -1.694308 52.474129 -0.086046
v 1.327864 51.320194 -0.197514
v -0.194308 52.586113 -2.299033
v 1.305692 51.226921 -0.086046
v -0.116142 52.543434 -2.416017
v 10.039036 4.433960 3.177147
v 1.280395 51.157616 0.041128
v -0.044104 52.474129 -2.523829
v 0.019038 52.380856 -2.618328
v 1.252947 51.114937 0.179119
v 0.070857 52.267204 -2.695881
v 0.109362 52.137535 -2.753508
v -1.672136 52.380856 -0.197514
v 1.280395 52.586113 0.187446
v 0.133073 51.996841 -2.788994
v 0.141080 51.850525 -2.800977
v -1.653939 52.267204 -0.288994
v 0.133073 51.704208 -2.788994
v 1.334237 52.543434 0.057461
v 0.109362 51.563515 -2.753508
v 2.724402 53.244156 -0.677374
v -1.640418 52.137535 -0.356970
v 1.383858 52.474129 -0.062334
v 1.427351 52.380856 -0.167335
v 0.186342 1.850525 -7.479860
v 1.463044 52.267204 -0.253508
v -1.632092 51.996841 -0.398829
v -0.172136 52.586113 -2.280837
v -0.072650 52.543434 -2.380323
v 0.019038 52.474129 -2.472010
v 1.489567 52.137535 -0.317539
v 0.099402 52.380856 -2.552374
v -1.629280 51.850525 -0.412963
v 1.505900 51.996841 -0.356970
v 0.165355 52.267204 -2.618328
v -1.632092 51.704208 -0.398829
v 0.214363 52.137535 -2.667336
v 1.511415 51.850525 -0.370284
v 0.244542 51.996841 -2.697514
v 0.254732 51.850525 -2.707704
v 1.505900 51.704208 -0.356970
v 0.244542 51.704208 -2.697514
v 1.489567 51.563515 -0.317539
v -1.640418 51.563515 -0.356970
v 0.214363 51.563515 -2.667336
v 1.463044 51.433846 -0.253508
v 0.224402 1.850525 -7.288518
v 1.427351 51.320194 -0.167335
v -9.955353 1.850525 5.253086
v -1.653939 51.433846 -0.288994
v -0.153939 52.586113 -2.258664
v 1.383858 51.226921 -0.062334
v 1.334237 51.157616 0.057461
v -0.036956 52.543434 -2.336830
v 0.070857 52.474129 -2.408868
v 1.280395 51.114937 0.187446
v 0.165355 52.380856 -2.472010
v -1.672136 51.320194 -0.197514
v 0.242908 52.267204 -2.523829
v 1.305692 52.586113 0.200967
v 0.300535 52.137535 -2.562334
v 0.336022 51.996841 -2.586046
v 1.383858 52.543434 0.083983
v 0.348004 51.850525 -2.594052
v 0.336022 51.704208 -2.586046
v -1.694308 51.226921 -0.086046
v -1.719605 51.157616 0.041128
v 0.300535 51.563515 -2.562334
v 1.455896 52.474129 -0.023829
v 0.242908 51.433846 -2.523829
v -0.275598 51.535725 0.322626
v 1.519037 52.380856 -0.118328
v 1.570857 52.267204 -0.195881
v 0.186342 1.850525 -7.097177
v 1.609362 52.137535 -0.253508
v -0.275598 52.600525 -2.177374
v -1.719605 52.586113 0.187446
v -0.140418 52.586113 -2.233368
v -0.010433 52.543434 -2.287209
v 1.633073 51.996841 -0.288994
v 0.109362 52.474129 -2.336830
v 1.641080 51.850525 -0.300976
v 0.214363 52.380856 -2.380323
v 0.300535 52.267204 -2.416017
v 1.633073 51.704208 -0.288994
v 0.364567 52.137535 -2.442539
v -1.665763 52.543434 0.057461
v 1.609362 51.563515 -0.253508
v 0.403997 51.996841 -2.458872
v 0.417311 51.850525 -2.464387
v 0.077955 1.850525 -6.934965
v 0.403997 51.704208 -2.458872
v -1.616142 52.474129 -0.062334
v 0.364567 51.563515 -2.442539
v 1.570857 51.433846 -0.195881
v 0.300535 51.433846 -2.416017
v -1.572649 52.380856 -0.167335
v 1.519037 51.320194 -0.118328
v 0.214363 51.320194 -2.380323
v 1.455896 51.226921 -0.023829
v 10.309633 4.433960 3.447745
v 1.383858 51.157616 0.083983
v -1.536956 52.267204 -0.253508
v -0.132092 52.586113 -2.205920
v 0.005900 52.543434 -2.233368
v 0.133073 52.474129 -2.258664
v 1.305692 51.114937 0.200967
v 1.327864 52.586113 0.219163
v 0.244542 52.380856 -2.280837
v -1.510433 52.137535 -0.317539
v 0.336022 52.267204 -2.299033
v 0.403997 52.137535 -2.312554
v -0.084256 1.850525 -6.826578
v 0.445857 51.996841 -2.320881
v 1.427351 52.543434 0.119677
v 0.459991 51.850525 -2.323692
v 1.519037 52.474129 0.027990
v 0.445857 51.704208 -2.320881
v -1.494100 51.996841 -0.356970
v 1.599402 52.380856 -0.052374
v 0.403997 51.563515 -2.312554
v -1.488585 51.850525 -0.370284
v 0.336022 51.433846 -2.299033
v 1.665355 52.267204 -0.118328
v 0.244542 51.320194 -2.280837
v 1.714363 52.137535 -0.167335
v -1.494100 51.704208 -0.356970
v 1.744542 51.996841 -0.197514
v -0.129280 52.586113 -2.177374
v 2.657415 53.744156 -0.677374
v 1.754732 51.850525 -0.207704
v 0.011414 52.543434 -2.177374
v 0.141080 52.474129 -2.177374
v -1.510433 51.563515 -0.317539
v 1.744542 51.704208 -0.197514
v 0.254732 52.380856 -2.177374
v 0.348004 52.267204 -2.177374
v -1.536956 51.433846 -0.253508
v 0.417311 52.137535 -2.177374
v 1.714363 51.563515 -0.167335
v 0.459991 51.996841 -2.177374
v 0.474402 51.850525 -2.177374
v 10.347694 4.433960 3.639086
v 1.665355 51.433846 -0.118328
v 0.459991 51.704208 -2.177374
v 0.417311 51.563515 -2.177374
v 1.599402 51.320194 -0.052374
v -1.572649 51.320194 -0.167335
v 0.348004 51.433846 -2.177374
v 1.519037 51.226921 0.027990
v 0.254732 51.320194 -2.177374
v 0.141080 51.226921 -2.177374
v -1.616142 51.226921 -0.062334
v 1.427351 51.157616 0.119677
v -0.466940 1.850525 -6.826578
v -0.132092 52.586113 -2.148829
v -1.665763 51.157616 0.057461
v 0.005900 52.543434 -2.121381
v 0.133073 52.474129 -2.096085
v 1.346061 52.586113 0.241336
v 1.463044 52.543434 0.163170
v 0.244542 52.380856 -2.073912
v 0.336022 52.267204 -2.055716
v 2.474402 54.110180 -0.677374
v 1.570857 52.474129 0.091132
v 0.403997 52.137535 -2.042194
v 1.665355 52.380856 0.027990
v 0.445857 51.996841 -2.033868
v 0.459991 51.850525 -2.031057
v -1.694308 52.586113 0.200967
v 0.445857 51.704208 -2.033868
v -0.629151 1.850525 -6.934965
v 0.403997 51.563515 -2.042194
v 1.742908 52.267204 -0.023829
v 0.336022 51.433846 -2.055716
v 1.800535 52.137535 -0.062334
v 0.244542 51.320194 -2.073912
v -1.616142 52.543434 0.083983
v 1.836022 51.996841 -0.086046
v 0.133073 51.226921 -2.096085
v 0.005900 51.157616 -2.121381
v 2.224402 56.693577 4.506673
v 1.848004 51.850525 -0.094052
v -1.544104 52.474129 -0.023829
v -0.140418 52.586113 -2.121381
v -0.010433 52.543434 -2.067539
v 10.309633 4.433960 3.830428
v 1.836022 51.704208 -0.086046
v 0.109362 52.474129 -2.017919
v 0.214363 52.380856 -1.974426
v 1.800535 51.563515 -0.062334
v 0.300535 52.267204 -1.938732
v -1.480963 52.380856 -0.118328
v 0.364567 52.137535 -1.912209
v 1.742908 51.433846 -0.023829
v 0.403997 51.996841 -1.895877
v 0.417311 51.850525 -1.890362
v 1.665355 51.320194 0.027990
v -1.429143 52.267204 -0.195881
v 0.403997 51.704208 -1.895877
v -1.390638 52.137535 -0.253508
v 0.364567 51.563515 -1.912209
v -0.737538 1.850525 -7.097177
v 0.300535 51.433846 -1.938732
v 0.214363 51.320194 -1.974426
v 1.224402 52.600525 0.322626
v 0.109362 51.226921 -2.017919
v -0.010433 51.157616 -2.067539
v 1.359582 52.586113 0.266632
v -1.366927 51.996841 -0.288994
v -0.153939 52.586113 -2.096085
v 1.489567 52.543434 0.212791
v -1.358920 51.850525 -0.300976
v -0.036956 52.543434 -2.017919
v 0.070857 52.474129 -1.945881
v 1.609362 52.474129 0.163170
v 0.165355 52.380856 -1.882739
v -1.366927 51.704208 -0.288994
v 10.201248 4.433960 3.992640
v 0.242908 52.267204 -1.830920
v 1.714363 52.380856 0.119677
v 0.300535 52.137535 -1.792414
v 0.336022 51.996841 -1.768703
v 1.800535 52.267204 0.083983
v -1.390638 51.563515 -0.253508
v 0.348004 51.850525 -1.760697
v -0.775598 1.850525 -7.288518
v 0.336022 51.704208 -1.768703
v 1.864567 52.137535 0.057461
v 0.300535 51.563515 -1.792414
v -1.429143 51.433846 -0.195881
v 0.242908 51.433846 -1.830920
v 1.903997 51.996841 0.041128
v 0.165355 51.320194 -1.882739
v 2.224402 54.244156 -0.677374
v 0.070857 51.226921 -1.945881
v 1.917311 51.850525 0.035613
v -0.036956 51.157616 -2.017919
v 1.903997 51.704208 0.041128
v -0.172136 52.586113 -2.073912
v 1.864567 51.563515 0.057461
v -0.072650 52.543434 -1.974426
v -1.480963 51.320194 -0.118328
v -9.684755 1.850525 5.523684
v 1.800535 51.433846 0.083983
v -1.544104 51.226921 -0.023829
v -1.616142 51.157616 0.083983
v -0.737538 1.850525 -7.479860
v 0.254732 51.850525 -1.647044
v 0.244542 51.704208 -1.657234
v 1.367908 52.586113 0.294081
v 0.214363 51.563515 -1.687413
v -1.672136 52.586113 0.219163
v 0.165355 51.433846 -1.736421
v 1.505900 52.543434 0.266632
v 0.099402 51.320194 -1.802374
v 1.633073 52.474129 0.241336
v 0.019037 51.226921 -1.882739
v -0.629151 1.850525 -7.642071
v -0.072650 51.157616 -1.974426
v 1.744542 52.380856 0.219163
v -0.172136 51.114937 -2.073912
v -1.572649 52.543434 0.119677
v -0.194308 52.586113 -2.055716
v 1.836022 52.267204 0.200967
v -1.480963 52.474129 0.027990
v 1.903997 52.137535 0.187446
v 10.039036 4.433960 4.101027
v 1.945857 51.996841 0.179119
v -1.400598 52.380856 -0.052374
v 1.959991 51.850525 0.176308
v 1.945857 51.704208 0.179119
v -0.466940 1.850525 -7.750458
v 0.070857 51.433846 -1.658868
v 1.903997 51.563515 0.187446
v 0.019038 51.320194 -1.736421
v -0.044104 51.226921 -1.830920
v 1.836022 51.433846 0.200967
v -0.116142 51.157616 -1.938732
v -1.255458 51.704208 -0.197514
v -0.194308 51.114937 -2.055716
v -0.080508 51.535725 0.303411
v -0.219605 52.586113 -2.042194
v -1.285637 51.563515 -0.167335
v 1.974402 54.110180 -0.677374
v -1.334645 51.433846 -0.118328
v 1.370720 52.586113 0.322626
v 1.511415 52.543434 0.322626
v -0.275598 26.850525 -10.395555
v 1.641080 52.474129 0.322626
v -1.400598 51.320194 -0.052374
v -0.084256 26.850525 -10.357495
v -0.036956 51.433846 -1.601241
v 1.848004 52.267204 0.322626
v -0.072650 51.320194 -1.687413
v -1.480963 51.226921 0.027990
v -0.116143 51.226921 -1.792414
v 9.847694 4.433960 4.139087
v -0.165763 51.157616 -1.912209
v 1.917311 52.137535 0.322626
v -0.219605 51.114937 -2.042194
v 1.959991 51.996841 0.322626
v 0.077955 26.850525 -10.249109
v -0.247053 52.586113 -2.033868
v 1.974402 51.850525 0.322626
v -1.572649 51.157616 0.119677
v 1.959991 51.704208 0.322626
v 1.917311 51.563515 0.322626
v 0.186342 26.850525 -10.086897
v -1.653939 52.586113 0.241336
v -9.646694 1.850525 5.715026
v -1.536956 52.543434 0.163170
v 0.224402 26.850525 -9.895555
v -0.153939 51.433846 -1.565755
v -1.429143 52.474129 0.091132
v -1.334645 52.380856 0.027990
v -0.172136 51.320194 -1.657234
v 1.367908 52.586113 0.351171
v -0.194308 51.226921 -1.768703
v -0.219605 51.157616 -1.895877
v 0.186342 26.850525 -9.704214
v -0.247053 51.114937 -2.033868
v 1.505900 52.543434 0.378619
v -0.275598 52.586113 -2.031057
v 9.656353 4.433960 4.101027
v 1.633073 52.474129 0.403915
v 0.077955 26.850525 -9.542002
v 1.836022 52.267204 0.444284
v -2.447453 59.269066 -7.431108
v 1.903997 52.137535 0.457806
v -0.084256 26.850525 -9.433615
v 1.945857 51.996841 0.466132
v -1.163978 51.704208 -0.086046
v 1.959991 51.850525 0.468943
v -0.275598 51.433846 -1.553772
v 1.945857 51.704208 0.466132
v -0.275598 51.320194 -1.647044
v -1.199465 51.563515 -0.062334
v -0.275598 51.226921 -1.760697
v -1.257092 51.433846 -0.023829
v -0.275598 51.157616 -1.890362
v 1.903997 51.563515 0.457806
v -0.275598 51.114937 -2.031057
v 9.494141 4.433960 3.992640
v -0.275598 26.850525 -9.395555
v -0.304143 52.586113 -2.033868
v -1.334645 51.320194 0.027990
v -0.466940 26.850525 -9.433615
v -1.429143 51.226921 0.091132
v -9.684755 1.850525 5.906367
v 1.359582 52.586113 0.378619
v 1.489567 52.543434 0.432461
v -1.536956 51.157616 0.163170
v -0.629151 26.850525 -9.542002
v -1.775598 52.600525 0.322626
v -2.775598 56.691299 4.506277
v 1.800535 52.267204 0.561268
v -0.397257 51.433846 -1.565755
v -0.379060 51.320194 -1.657234
v 1.864567 52.137535 0.587791
v -0.356888 51.226921 -1.768703
v 1.903997 51.996841 0.604123
v -0.331591 51.157616 -1.895877
v -1.640418 52.586113 0.266632
v -0.304143 51.114937 -2.033868
v -1.510433 52.543434 0.212791
v 1.917311 51.850525 0.609638
v -0.331591 52.586113 -2.042194
v -0.737538 26.850525 -9.704214
v 1.903997 51.704208 0.604123
v 1.864567 51.563515 0.587791
v -1.390638 52.474129 0.163170
v -0.775598 26.850525 -9.895555
v -1.285637 52.380856 0.119677
v -0.737538 26.850525 -10.086897
v 9.385754 4.433960 3.830428
v -0.629151 26.850525 -10.249109
v 1.346061 52.586113 0.403915
v -0.514240 51.433846 -1.601241
v 1.791389 53.744156 -0.677374
v -0.478547 51.320194 -1.687413
v 1.463044 52.543434 0.482081
v -0.435054 51.226921 -1.792415
v -0.385433 51.157616 -1.912209
v -1.096003 51.704208 0.041128
v -0.466940 26.850525 -10.357495
v -0.331591 51.114937 -2.042194
v -0.356888 52.586113 -2.055716
v -1.135433 51.563515 0.057461
v 1.742908 52.267204 0.669080
v -0.179927 1.850525 -7.769488
v 1.800535 52.137535 0.707586
v -1.199465 51.433846 0.083983
v 1.836022 51.996841 0.731297
v -1.285637 51.320194 0.119677
v 1.848004 51.850525 0.739303
v 0.107085 51.535725 0.246505
v 1.836022 51.704208 0.731297
v 9.347694 4.433960 3.639086
v -0.622053 51.433846 -1.658868
v -0.570234 51.320194 -1.736421
v 1.800535 51.563515 0.707586
v -0.507092 51.226921 -1.830920
v -1.390638 51.226921 0.163170
v -0.435054 51.157616 -1.938732
v -0.356888 51.114937 -2.055716
v -1.510433 51.157616 0.212791
v -0.275598 39.350525 -9.264855
v -0.379060 52.586113 -2.073912
v -0.478547 52.543434 -1.974426
v -1.632092 52.586113 0.294081
v 1.327864 52.586113 0.426088
v -1.494100 52.543434 0.266632
v 1.427350 52.543434 0.525574
v -0.084256 14.350525 -10.095057
v -9.793140 1.850525 6.068579
v -0.805928 51.850525 -1.647045
v -1.366927 52.474129 0.241336
v -0.795738 51.704208 -1.657235
v 1.665355 52.267204 0.763579
v -0.765559 51.563515 -1.687413
v -0.003150 1.850525 -7.696265
v -0.716551 51.433846 -1.736421
v 1.714363 52.137535 0.812587
v 1.744542 51.996841 0.842765
v -0.650598 51.320194 -1.802374
v -0.570234 51.226921 -1.882739
v -1.255458 52.380856 0.219163
v -0.478547 51.157616 -1.974426
v -1.163978 52.267204 0.200967
v -0.379060 51.114937 -2.073912
v 1.754732 51.850525 0.852956
v -1.096003 52.137535 0.187446
v -0.397257 52.586113 -2.096085
v 1.744542 51.704208 0.842765
v -0.514240 52.543434 -2.017919
v 9.385754 4.433960 3.447745
v -0.622053 52.474129 -1.945881
v -0.716551 52.380856 -1.882739
v 1.714363 51.563515 0.812587
v -0.794104 52.267204 -1.830920
v -1.054143 51.996841 0.179119
v -0.851731 52.137535 -1.792414
v -0.887218 51.996841 -1.768703
v -1.040009 51.850525 0.176308
v 0.077955 14.350525 -9.986670
v -0.899200 51.850525 -1.760697
v -1.054143 51.704208 0.179119
v -0.887218 51.704208 -1.768703
v 1.305692 52.586113 0.444284
v -0.851731 51.563515 -1.792414
v -1.096003 51.563515 0.187446
v -0.794104 51.433846 -1.830920
v -0.716551 51.320194 -1.882739
v 1.383857 52.543434 0.561268
v -0.622053 51.226921 -1.945881
v 1.724402 53.244156 -0.677374
v -0.514240 51.157616 -2.017919
v 1.455896 52.474129 0.669080
v 1.570857 52.267204 0.841132
v -0.410778 52.586113 -2.121381
v -1.163978 51.433846 0.200967
v -0.540763 52.543434 -2.067539
v 1.609362 52.137535 0.898759
v -0.660558 52.474129 -2.017919
v 9.494141 4.433960 3.285533
v -0.765559 52.380856 -1.974426
v -1.255458 51.320194 0.219163
v -0.851731 52.267204 -1.938732
v 1.633073 51.996841 0.934245
v -0.915763 52.137535 -1.912209
v 1.641079 51.850525 0.946228
v -0.955193 51.996841 -1.895877
v -1.366927 51.226921 0.241336
v -0.968507 51.850525 -1.890362
v 1.633073 51.704208 0.934245
v -0.955193 51.704208 -1.895877
v -0.915763 51.563515 -1.912209
v -0.851731 51.433846 -1.938732
v 0.186342 14.350525 -9.824458
v -0.765559 51.320194 -1.974426
v 1.609362 51.563515 0.898759
v -0.660558 51.226921 -2.017919
v -1.494100 51.157616 0.266632
v 1.791389 52.744156 -0.677374
v -0.540763 51.157616 -2.067539
v -1.629280 52.586113 0.322626
v 0.205372 1.850525 -7.384189
v -0.419104 52.586113 -2.148829
v 1.280395 52.586113 0.457806
v -0.557096 52.543434 -2.121381
v -1.488585 52.543434 0.322626
v -0.684269 52.474129 -2.096085
v -0.795738 52.380856 -2.073912
v 1.334237 52.543434 0.587791
v -0.887218 52.267204 -2.055716
v -9.955353 1.850525 6.176965
v -1.358920 52.474129 0.322626
v -0.955193 52.137535 -2.042194
v 1.383857 52.474129 0.707586
v -0.997053 51.996841 -2.033868
v -1.011186 51.850525 -2.031057
v -1.245268 52.380856 0.322626
v -0.997053 51.704208 -2.033868
v 1.463044 52.267204 0.898759
v -0.955193 51.563515 -2.042194
v -1.151996 52.267204 0.322626
v -0.887218 51.433846 -2.055716
v -0.795738 51.320194 -2.073912
v 1.489567 52.137535 0.962791
v -0.684269 51.226921 -2.096085
v 0.224402 14.350525 -9.633117
v -0.557096 51.157616 -2.121381
v 1.505899 51.996841 1.002221
v 1.511414 51.850525 1.015535
v -0.421916 52.586113 -2.177374
v -1.082689 52.137535 0.322626
v -0.562611 52.543434 -2.177374
v 1.505899 51.704208 1.002221
v 9.656353 4.433960 3.177147
v -0.692275 52.474129 -2.177375
v -1.040009 51.996841 0.322626
v -0.805928 52.380856 -2.177374
v 1.489567 51.563515 0.962791
v -0.899200 52.267204 -2.177375
v 0.205372 1.850525 -7.192848
v -0.968507 52.137535 -2.177374
v -1.025598 51.850525 0.322626
v -1.011187 51.996841 -2.177375
v -1.025597 51.850525 -2.177375
v -1.040009 51.704208 0.322626
v -1.011187 51.704208 -2.177375
v -1.082689 51.563515 0.322626
v -0.968507 51.563515 -2.177374
v -2.522402 58.989353 -7.502538
v -0.899200 51.433846 -2.177375
v 1.252947 52.586113 0.466132
v -0.805928 51.320194 -2.177374
v 1.280395 52.543434 0.604123
v -0.692275 51.226921 -2.177375
v -1.151996 51.433846 0.322626
v 1.305692 52.474129 0.731297
v 1.327864 52.380856 0.842765
v -0.419104 52.586113 -2.205920
v 0.186342 14.350525 -9.441774
v -0.557096 52.543434 -2.233368
v 1.346061 52.267204 0.934245
v -0.684269 52.474129 -2.258664
v -1.245268 51.320194 0.322626
v -0.795738 52.380856 -2.280837
v -1.358920 51.226921 0.322626
v -0.887217 52.267204 -2.299033
v 1.359582 52.137535 1.002221
v -0.955193 52.137535 -2.312554
v 1.367908 51.996841 1.044080
v -0.997052 51.996841 -2.320881
v 0.132149 1.850525 -7.016071
v -1.011186 51.850525 -2.323692
v -1.488585 51.157616 0.322626
v -0.997052 51.704208 -2.320881
v 1.370720 51.850525 1.058214
v -0.955193 51.563515 -2.312554
v 1.367908 51.704208 1.044080
v -0.887217 51.433846 -2.299033
v -0.795738 51.320194 -2.280837
v 1.896257 59.269066 -7.431108
v 1.359582 51.563515 1.002221
v 9.741987 26.850525 9.395555
v -1.632092 52.586113 0.351171
v -0.410778 52.586113 -2.233368
v -0.540763 52.543434 -2.287210
v 0.077955 14.350525 -9.279564
v -1.494100 52.543434 0.378619
v -0.660558 52.474129 -2.336830
v -0.765559 52.380856 -2.380323
v -1.366927 52.474129 0.403915
v -0.851731 52.267204 -2.416017
v 9.933329 26.850525 9.433616
v -0.915763 52.137535 -2.442539
v 1.224402 52.586113 0.468943
v 1.224402 52.543434 0.609638
v -0.955193 51.996841 -2.458872
v -1.255458 52.380856 0.426088
v -0.968507 51.850525 -2.464387
v -0.955193 51.704208 -2.458872
v 1.224402 52.474129 0.739303
v -0.915763 51.563515 -2.442539
v -0.003150 1.850525 -6.880772
v -0.851731 51.433846 -2.416017
v -1.163978 52.267204 0.444284
v -0.765559 51.320194 -2.380323
v 1.224402 52.380856 0.852956
v -10.146694 1.850525 6.215025
v 1.224402 52.267204 0.946228
v -1.096003 52.137535 0.457806
v 1.224402 52.137535 1.015535
v -0.397257 52.586113 -2.258664
v 1.224402 51.996841 1.058214
v -0.514240 52.543434 -2.336830
v -0.622052 52.474129 -2.408868
v 1.224402 51.850525 1.072625
v -0.716551 52.380856 -2.472010
v -1.054143 51.996841 0.466132
v -0.794104 52.267204 -2.523829
v 1.974402 52.378128 -0.677374
v -0.851731 52.137535 -2.562334
v -0.887218 51.996841 -2.586046
v 1.224402 51.704208 1.058214
v -0.899200 51.850525 -2.594052
v -0.084256 14.350525 -9.171177
v -0.887218 51.704208 -2.586046
v 1.224402 51.563515 1.015535
v -1.040009 51.850525 0.468943
v -0.851731 51.563515 -2.562334
v 10.095541 26.850525 9.542003
v -0.794104 51.433846 -2.523829
v -1.054143 51.704208 0.466132
v -1.096003 51.563515 0.457806
v -1.163978 51.433846 0.444284
v 1.195857 52.586113 0.466132
v -0.379060 52.586113 -2.280837
v -1.255458 51.320194 0.426088
v -0.478546 52.543434 -2.380323
v 1.168409 52.543434 0.604123
v -0.570233 52.474129 -2.472010
v 10.203926 26.850525 9.704214
v -0.650598 52.380856 -2.552374
v -1.366927 51.226921 0.403915
v -0.716551 52.267204 -2.618327
v 1.143112 52.474129 0.731297
v -0.765559 52.137535 -2.667335
v 1.120940 52.380856 0.842765
v -0.795738 51.996841 -2.697514
v -2.607080 58.673328 -7.466736
v -0.805928 51.850525 -2.707704
v 1.102743 52.267204 0.934245
v -0.795738 51.704208 -2.697514
v -0.765559 51.563515 -2.667335
v -1.494100 51.157616 0.378619
v -0.275598 14.350525 -9.133116
v 1.089222 52.137535 1.002221
v 1.080896 51.996841 1.044080
v 10.241987 26.850525 9.895555
v -0.356888 52.586113 -2.299033
v 1.078084 51.850525 1.058214
v -1.640418 52.586113 0.378619
v -0.435054 52.543434 -2.416017
v -0.507091 52.474129 -2.523829
v 1.080896 51.704208 1.044080
v -0.570234 52.380856 -2.618328
v 10.203926 26.850525 10.086898
v 1.089222 51.563515 1.002221
v -0.622052 52.267204 -2.695880
v -1.510433 52.543434 0.432461
v -0.660558 52.137535 -2.753508
v 1.102743 51.433846 0.934245
v -0.684269 51.996841 -2.788994
v -0.466940 14.350525 -9.171177
v -0.692275 51.850525 -2.800976
v -1.390638 52.474129 0.482081
v -0.684269 51.704208 -2.788994
v -1.285637 52.380856 0.525574
v -0.660558 51.563515 -2.753508
v -10.338036 1.850525 6.176965
v 1.168409 52.586113 0.457806
v -1.199465 52.267204 0.561268
v 1.114567 52.543434 0.587791
v -1.135433 52.137535 0.587791
v -0.548046 1.850525 -6.880772
v -0.331591 52.586113 -2.312554
v -0.385433 52.543434 -2.442539
v 1.064946 52.474129 0.707585
v -0.435053 52.474129 -2.562334
v 1.021453 52.380856 0.812587
v -0.478547 52.380856 -2.667336
v 10.095541 26.850525 10.249109
v -0.514240 52.267204 -2.753507
v -1.096003 51.996841 0.604123
v 0.985760 52.267204 0.898759
v -0.540763 52.137535 -2.817539
v -0.557095 51.996841 -2.856970
v 0.959237 52.137535 0.962791
v -0.562610 51.850525 -2.870283
v -0.557095 51.704208 -2.856970
v -1.082689 51.850525 0.609638
v 0.942904 51.996841 1.002221
v -0.540763 51.563515 -2.817539
v 0.937389 51.850525 1.015535
v -1.096003 51.704208 0.604123
v 0.942904 51.704208 1.002221
v 9.933329 26.850525 10.357496
v -1.135433 51.563515 0.587791
v 0.959237 51.563515 0.962791
v -0.304143 52.586113 -2.320881
v -0.331591 52.543434 -2.458872
v -0.629151 14.350525 -9.279564
v 0.985760 51.433846 0.898759
v -0.356888 52.474129 -2.586045
v -0.379060 52.380856 -2.697514
v -1.199465 51.433846 0.561268
v 1.021453 51.320194 0.812587
v -0.397257 52.267204 -2.788994
v -0.410778 52.137535 -2.856970
v -0.683345 1.850525 -7.016071
v -1.285637 51.320194 0.525574
v -0.419104 51.996841 -2.898829
v 2.224402 52.244156 -0.677374
v -0.421916 51.850525 -2.912963
v 9.741987 26.850525 10.395556
v -0.419104 51.704208 -2.898829
v 1.143112 52.586113 0.444284
v -0.410778 51.563515 -2.856970
v 1.064946 52.543434 0.561268
v -1.390638 51.226921 0.482081
v 0.992908 52.474129 0.669080
v -1.510433 51.157616 0.432461
v 0.929766 52.380856 0.763579
v -0.275598 52.586113 -2.323692
v -0.275598 52.543434 -2.464387
v 2.474402 52.378128 -0.677374
v 0.877947 52.267204 0.841132
v -0.275598 52.380856 -2.707705
v -1.653939 52.586113 0.403915
v -0.275598 52.267204 -2.800976
v 0.839442 52.137535 0.898759
v 0.815731 51.996841 0.934245
v -0.737538 14.350525 -9.441774
v -1.536956 52.543434 0.482081
v 0.807724 51.850525 0.946227
v 0.815731 51.704208 0.934245
v -0.756568 1.850525 -7.192848
v 0.839442 51.563515 0.898759
v -1.429143 52.474129 0.554119
v -10.500248 1.850525 6.068579
v 0.877947 51.433846 0.841132
v 0.929766 51.320194 0.763579
v -1.334645 52.380856 0.617261
v 0.992908 51.226921 0.669080
v 9.550646 26.850525 10.357496
v 1.064946 51.157616 0.561268
v -1.257092 52.267204 0.669080
v 1.120940 52.586113 0.426088
v -1.199465 52.137535 0.707586
v 1.021453 52.543434 0.525574
v -0.775598 14.350525 -9.633117
v -1.163978 51.996841 0.731297
v 0.929766 52.474129 0.617261
v 0.279972 51.535725 0.154095
v 0.849402 52.380856 0.697626
v -0.756568 1.850525 -7.384189
v 0.783449 52.267204 0.763579
v 0.734441 52.137535 0.812587
v -1.151996 51.850525 0.739303
v 0.704262 51.996841 0.842765
v 9.388433 26.850525 10.249109
v 0.694072 51.850525 0.852955
v -1.163978 51.704208 0.731297
v 9.280046 26.850525 10.086898
v 0.704262 51.704208 0.842765
v -1.199465 51.563515 0.707586
v 0.734441 51.563515 0.812587
v 0.783449 51.433846 0.763579
v -1.257092 51.433846 0.669080
v 0.849402 51.320194 0.697626
v 0.929766 51.226921 0.617261
v -0.737538 14.350525 -9.824458
v -1.334645 51.320194 0.617261
v 1.021453 51.157616 0.525574
v -1.429143 51.226921 0.554119
v -0.683345 1.850525 -7.560966
v 1.102743 52.586113 0.403915
v 0.985760 52.543434 0.482081
v -1.536956 51.157616 0.482081
v 0.877947 52.474129 0.554119
v 9.241987 26.850525 9.895555
v 0.783449 52.380856 0.617261
v -1.672136 52.586113 0.426088
v 2.657415 52.744156 -0.677374
v 0.705896 52.267204 0.669080
v 0.648269 52.137535 0.707586
v -1.572650 52.543434 0.525574
v 0.612782 51.996841 0.731297
v -1.480963 52.474129 0.617261
v 0.600800 51.850525 0.739303
v 0.612782 51.704208 0.731297
v -0.629151 14.350525 -9.986670
v 0.648269 51.563515 0.707586
v -10.608635 1.850525 5.906367
v 0.705896 51.433846 0.669080
v -1.400598 52.380856 0.697626
v 9.280046 26.850525 9.704214
v 0.783449 51.320194 0.617261
v 0.877947 51.226921 0.554119
v -1.334645 52.267204 0.763579
v 0.985760 51.157616 0.482081
v -1.285637 52.137535 0.812587
v -0.548046 1.850525 -7.696265
v 1.102743 51.114937 0.403915
v -1.255458 51.996841 0.842765
v 1.089222 52.586113 0.378619
v 9.388433 26.850525 9.542003
v 0.959237 52.543434 0.432461
v 0.839442 52.474129 0.482081
v -1.245268 51.850525 0.852956
v 0.734441 52.380856 0.525574
v 0.648269 52.267204 0.561268
v -1.255458 51.704208 0.842765
v -0.466940 14.350525 -10.095057
v 0.584237 52.137535 0.587791
v -1.285637 51.563515 0.812587
v 0.544807 51.996841 0.604123
v 0.531493 51.850525 0.609638
v 2.325709 56.685364 4.500924
v 0.544807 51.704208 0.604123
v -0.371269 1.850525 -7.769488
v 0.584237 51.563515 0.587791
v -1.334645 51.433846 0.763579
v 0.648269 51.433846 0.561268
v -1.400598 51.320194 0.697626
v 9.550646 26.850525 9.433616
v 0.734441 51.320194 0.525574
v 0.839442 51.226921 0.482081
v -1.480963 51.226921 0.617261
v 0.959237 51.157616 0.432461
v -10.646694 1.850525 5.715026
v 1.089222 51.114937 0.378619
v -1.694308 52.586113 0.444284
v 1.080896 52.586113 0.351171
v 0.942904 52.543434 0.378619
v -0.275598 14.350525 -10.133117
v 0.815731 52.474129 0.403915
v -1.616143 52.543434 0.561268
v 9.943365 4.433960 3.158117
v 0.704262 52.380856 0.426088
v -1.544104 52.474129 0.669080
v 0.612782 52.267204 0.444284
v -0.084256 39.350525 -9.226795
v 0.544807 52.137535 0.457806
v 0.502947 51.996841 0.466132
v -1.480963 52.380856 0.763579
v 0.488814 51.850525 0.468943
v 0.077955 39.350525 -9.118409
v 1.971206 58.989353 -7.502538
v 0.502947 51.704208 0.466132
v 0.544807 51.563515 0.457806
v -1.429143 52.267204 0.841132
v -1.390638 52.137535 0.898759
v 0.612782 51.433846 0.444284
v 0.186342 39.350525 -8.719419
v 0.704262 51.320194 0.426088
v -1.366927 51.996841 0.934245
v 0.815731 51.226921 0.403915
v 0.942904 51.157616 0.378619
v 1.080896 51.114937 0.351171
v 0.224402 39.350525 -8.528077
v 1.078084 52.586113 0.322626
v -1.358921 51.850525 0.946228
v -1.366927 51.704208 0.934245
v 0.937389 52.543434 0.322626
v 0.807725 52.474129 0.322625
v 7.215547 39.504772 4.773860
v -1.390638 51.563515 0.898759
v 0.694072 52.380856 0.322626
v 0.186342 39.350525 -8.336736
v 0.600800 52.267204 0.322626
v 0.531493 52.137535 0.322626
v -1.429143 51.433846 0.841132
v 0.488813 51.996841 0.322625
v -1.480963 51.320194 0.763579
v 0.474403 51.850525 0.322626
v 0.077955 39.350525 -8.174524
v -1.544104 51.226921 0.669080
v 0.488813 51.704208 0.322625
v 10.541220 14.350525 8.286874
v 0.531493 51.563515 0.322626
v -0.084256 39.350525 -8.066137
v 0.600800 51.433846 0.322626
v 2.698737 53.244156 -1.068953
v 0.694072 51.320194 0.322626
v -1.719605 52.586113 0.457806
v 0.807725 51.226921 0.322625
v -10.608635 1.850525 5.523684
v 0.937389 51.157616 0.322626
v 1.078084 51.114937 0.322626
v -0.275598 39.350525 -8.028078
v -1.665763 52.543434 0.587791
v 1.080896 52.586113 0.294080
v -1.616143 52.474129 0.707586
v 0.942904 52.543434 0.266632
v 0.815731 52.474129 0.241336
v -1.572649 52.380856 0.812587
v 0.704262 52.380856 0.219163
v -0.466940 39.350525 -8.066137
v 0.612783 52.267204 0.200967
v 0.544807 52.137535 0.187446
v -1.536956 52.267204 0.898759
v 0.502948 51.996841 0.179119
v -0.629151 39.350525 -8.174524
v 0.488814 51.850525 0.176308
v -1.510433 52.137535 0.962791
v 0.502948 51.704208 0.179119
v -0.737538 39.350525 -8.336736
v 0.544807 51.563515 0.187446
v 0.612783 51.433846 0.200967
v -1.494101 51.996841 1.002221
v 0.704262 51.320194 0.219163
v -1.488586 51.850525 1.015535
v 0.815731 51.226921 0.241336
v 0.431509 51.535725 0.029732
v 0.942904 51.157616 0.266632
v -0.775598 39.350525 -8.528077
v 1.080896 51.114937 0.294080
v -1.494101 51.704208 1.002221
v 10.703430 14.350525 8.395261
v 1.089222 52.586113 0.266632
v 0.959237 52.543434 0.212791
v -1.510433 51.563515 0.962791
v 0.839442 52.474129 0.163170
v -0.737538 39.350525 -8.719419
v 0.734441 52.380856 0.119677
v -1.536956 51.433846 0.898759
v -1.572649 51.320194 0.812587
v 2.632322 53.744156 -1.060209
v -0.629151 39.350525 -9.118409
v 0.544807 51.704208 0.041128
v -0.466940 39.350525 -9.226795
v -1.747053 52.586113 0.466132
v 0.584237 51.563515 0.057461
v -1.719605 52.543434 0.604123
v 0.648269 51.433846 0.083984
v 0.734441 51.320194 0.119677
v 0.839442 51.226921 0.163170
v -0.371269 26.850525 -10.376525
v -1.694308 52.474129 0.731297
v 0.959237 51.157616 0.212791
v -10.500248 1.850525 5.361472
v 1.089222 51.114937 0.266632
v -1.672136 52.380856 0.842765
v 1.102743 52.586113 0.241336
v 0.985760 52.543434 0.163170
v -0.548046 26.850525 -10.303302
v 0.877948 52.474129 0.091132
v -1.653939 52.267204 0.934245
v 2.450875 54.110180 -1.036321
v 0.783449 52.380856 0.027990
v -1.640418 52.137535 1.002221
v -0.683345 26.850525 -10.168003
v -1.632092 51.996841 1.044080
v 10.811817 14.350525 8.557472
v -1.629280 51.850525 1.058214
v 0.612782 51.704208 -0.086046
v -0.756568 26.850525 -9.991226
v 0.648269 51.563515 -0.062334
v 0.705896 51.433846 -0.023829
v -1.632092 51.704208 1.044080
v -1.640418 51.563515 1.002221
v 0.783449 51.320194 0.027990
v 0.877948 51.226921 0.091132
v -0.756568 26.850525 -9.799885
v 10.328665 4.433960 3.543416
v 0.985760 51.157616 0.163170
v -1.653939 51.433846 0.934245
v 1.102743 51.114937 0.241336
v 1.120940 52.586113 0.219163
v -1.672136 51.320194 0.842765
v 1.021454 52.543434 0.119677
v -2.885847 57.632957 -6.749829
v -0.683345 26.850525 -9.623108
v 0.929767 52.474129 0.027990
v 0.849402 52.380856 -0.052374
v -0.548046 26.850525 -9.487808
v -1.775598 52.586113 0.468943
v -0.371269 26.850525 -9.414585
v -1.775598 52.543434 0.609638
v 0.704262 51.704208 -0.197514
v -1.775598 52.474129 0.739303
v -0.179927 26.850525 -9.414585
v 0.734441 51.563515 -0.167335
v 0.555872 51.535725 -0.121804
v 0.783449 51.433846 -0.118327
v 0.849402 51.320194 -0.052374
v -1.775598 52.380856 0.852956
v 0.929767 51.226921 0.027990
v -1.775598 52.267204 0.946228
v 1.021454 51.157616 0.119677
v -0.003150 26.850525 -9.487808
v 1.120940 51.114937 0.219163
v -1.775598 52.137535 1.015535
v 1.143112 52.586113 0.200967
v 10.849876 14.350525 8.748813
v 1.064946 52.543434 0.083984
v 0.132149 26.850525 -9.623108
v 0.992909 52.474129 -0.023829
v -1.775598 51.996841 1.058214
v -1.775598 51.850525 1.072625
v 0.929766 52.380856 -0.118328
v 0.877948 52.267204 -0.195880
v -10.338036 1.850525 5.253086
v 0.205372 26.850525 -9.799885
v 0.839442 52.137535 -0.253507
v 0.815731 51.996841 -0.288994
v -1.775598 51.704208 1.058214
v -1.775598 51.563515 1.015535
v 0.807725 51.850525 -0.300976
v 0.815731 51.704208 -0.288994
v 10.328665 4.433960 3.734757
v 0.205372 26.850525 -9.991226
v 0.839442 51.563515 -0.253507
v -1.775598 51.433846 0.946228
v 0.877948 51.433846 -0.195880
v 0.929766 51.320194 -0.118328
v 0.132149 26.850525 -10.168003
v 0.992909 51.226921 -0.023829
v 1.064946 51.157616 0.083984
v -0.003150 26.850525 -10.303302
v 1.143112 51.114937 0.200967
v 2.203014 54.244156 -1.003690
v -0.179927 26.850525 -10.376525
v 1.168409 52.586113 0.187446
v -1.804143 52.586113 0.466132
v 1.114567 52.543434 0.057461
v 1.064947 52.474129 -0.062334
v 10.811817 14.350525 8.940155
v -1.831591 52.543434 0.604123
v 1.021453 52.380856 -0.167335
v -0.179927 14.350525 -10.114086
v 0.985760 52.267204 -0.253507
v 0.959237 52.137535 -0.317539
v -1.856888 52.474129 0.731297
v 0.942905 51.996841 -0.356970
v -1.879060 52.380856 0.842765
v 0.937390 51.850525 -0.370283
v 10.255442 4.433960 3.911534
v -0.003150 14.350525 -10.040863
v 0.942905 51.704208 -0.356970
v 0.959237 51.563515 -0.317539
v -1.897257 52.267204 0.934245
v 0.985760 51.433846 -0.253507
v -1.910778 52.137535 1.002221
v 1.021453 51.320194 -0.167335
v -0.275598 58.825901 6.818532
v 1.064947 51.226921 -0.062334
v -1.919104 51.996841 1.044080
v 1.114567 51.157616 0.057461
v -9.862240 26.850525 4.111115
v 1.168409 51.114937 0.187446
v 0.132149 14.350525 -9.905563
v -1.921916 51.850525 1.058214
v 1.195857 52.586113 0.179120
v -1.919104 51.704208 1.044080
v 1.168409 52.543434 0.041128
v 1.143112 52.474129 -0.086045
v 1.120940 52.380856 -0.197514
v -1.910778 51.563515 1.002221
v 1.102743 52.267204 -0.288994
v 0.205372 14.350525 -9.728786
v 10.703430 14.350525 9.102366
v 1.089222 52.137535 -0.356970
v 1.080896 51.996841 -0.398829
v -1.897257 51.433846 0.934245
v 1.078084 51.850525 -0.412963
v 0.205372 14.350525 -9.537446
v 1.080896 51.704208 -0.398829
v 0.132149 14.350525 -9.360669
v 1.089222 51.563515 -0.356970
v -9.670898 26.850525 4.149175
v -0.003150 14.350525 -9.225370
v 1.102743 51.433846 -0.288994
v 1.120940 51.320194 -0.197514
v -1.831591 52.586113 0.457806
v 1.955153 54.110180 -0.971058
v 1.143112 51.226921 -0.086045
v -0.179927 14.350525 -9.152146
v 1.168409 51.157616 0.041128
v -1.885433 52.543434 0.587791
v 1.195857 51.114937 0.179120
v 1.224402 52.586113 0.176308
v 10.120142 4.433960 4.046833
v 1.224402 52.543434 0.035613
v -1.935054 52.474129 0.707585
v 1.224402 52.380856 -0.207704
v -0.371269 14.350525 -9.152146
v 1.224402 52.267204 -0.300976
v -9.508688 26.850525 4.257562
v 1.224402 51.433846 -0.300976
v -2.014240 52.267204 0.898759
v -0.548046 14.350525 -9.225370
v 1.224402 51.320194 -0.207704
v -2.040763 52.137535 0.962791
v 1.224402 51.157616 0.035613
v -2.057096 51.996841 1.002221
v 1.224402 51.114937 0.176308
v -2.062611 51.850525 1.015535
v -0.683345 14.350525 -9.360669
v 2.055884 58.673328 -7.466736
v -2.057096 51.704208 1.002221
v 10.541220 14.350525 9.210752
v -2.040763 51.563515 0.962791
v -0.756568 14.350525 -9.537446
v -2.014240 51.433846 0.898759
v -0.756568 14.350525 -9.728786
v 9.943365 4.433960 4.120057
v -0.683345 14.350525 -9.905563
v -9.400301 26.850525 4.419773
v 1.773706 53.744156 -0.947170
v -1.856888 52.586113 0.444284
v -1.935054 52.543434 0.561268
v -0.548046 14.350525 -10.040863
v -2.007092 52.474129 0.669080
v -0.371269 14.350525 -10.114086
v -2.122053 52.267204 0.841132
v 10.349876 14.350525 9.248814
v -2.160558 52.137535 0.898759
v -0.371269 39.350525 -9.245826
v 2.334651 57.632957 -6.749829
v -2.184269 51.996841 0.934245
v -2.192276 51.850525 0.946227
v -0.548046 39.350525 -9.172603
v -2.184269 51.704208 0.934245
v -0.683345 39.350525 -9.037304
v -9.362240 26.850525 4.611115
v -2.160558 51.563515 0.898759
v -0.756568 39.350525 -8.623749
v 9.752024 4.433960 4.120057
v -0.756568 39.350525 -8.432406
v -0.683345 39.350525 -8.255630
v 1.707292 53.244156 -0.938427
v -1.879060 52.586113 0.426088
v 10.158535 14.350525 9.210752
v -1.978547 52.543434 0.525574
v -0.548046 39.350525 -8.120331
v -9.400301 26.850525 4.802457
v -0.371269 39.350525 -8.047108
v -2.216551 52.267204 0.763579
v -2.265559 52.137535 0.812587
v 9.575247 4.433960 4.046833
v -2.295738 51.996841 0.842765
v -0.179927 39.350525 -8.047108
v -0.003150 39.350525 -8.120331
v -2.305928 51.850525 0.852955
v -2.295738 51.704208 0.842765
v 0.648281 51.535725 -0.294691
v 0.132149 39.350525 -8.255630
v -2.265559 51.563515 0.812587
v -9.508688 26.850525 4.964668
v 0.205372 39.350525 -8.432406
v 0.205372 39.350525 -8.623749
v -9.670898 26.850525 5.073055
v 9.996325 14.350525 9.102366
v -1.897257 52.586113 0.403915
v 0.132149 39.350525 -9.037304
v -2.014240 52.543434 0.482081
v 9.439947 4.433960 3.911534
v -0.003150 39.350525 -9.172603
v -2.294104 52.267204 0.669080
v -0.179927 39.350525 -9.245826
v 1.773706 52.744156 -0.947170
v -2.351731 52.137535 0.707586
v -2.387218 51.996841 0.731297
v -9.862240 26.850525 5.111115
v -2.399200 51.850525 0.739303
v -2.387218 51.704208 0.731297
v -2.674291 56.683098 4.500513
v -2.351731 51.563515 0.707586
v 9.887938 14.350525 8.940155
v 9.366724 4.433960 3.734757
v 1.955153 52.378128 -0.971058
v -10.053581 26.850525 5.073055
v 2.203014 52.244156 -1.003690
v 9.849876 14.350525 8.748813
v -1.910778 52.586113 0.378619
v 9.366724 4.433960 3.543416
v -2.040763 52.543434 0.432461
v -10.215794 26.850525 4.964668
v -0.072984 58.805855 6.818532
v -2.351731 52.267204 0.561268
v 9.887938 14.350525 8.557472
v -2.415763 52.137535 0.587791
v -10.324181 26.850525 4.802457
v -2.455194 51.996841 0.604123
v 9.439947 4.433960 3.366639
v -2.468507 51.850525 0.609638
v -10.362240 26.850525 4.611115
v -2.455194 51.704208 0.604123
v -2.415763 51.563515 0.587791
v 2.450875 52.378128 -1.036321
v 0.705187 51.535725 -0.482284
v 9.996325 14.350525 8.395261
v -10.324181 26.850525 4.419773
v 9.575247 4.433960 3.231340
v -1.919104 52.586113 0.351171
v 2.632322 52.744156 -1.060209
v -2.057096 52.543434 0.378619
v -2.184269 52.474129 0.403915
v 10.158535 14.350525 8.286874
v -10.215794 26.850525 4.257562
v -10.053581 26.850525 4.149175
v -2.387218 52.267204 0.444284
v 9.752024 4.433960 3.158117
v -2.455193 52.137535 0.457806
v 2.423123 56.661049 4.483899
v -2.497053 51.996841 0.466132
v -2.511186 51.850525 0.468943
v -2.497053 51.704208 0.466132
v -10.051023 1.850525 5.234056
v -2.455193 51.563515 0.457806
v 10.349876 14.350525 8.248814
v 7.406888 39.504772 4.811920
v -4.747729 58.114449 -0.677374
v 2.622180 53.244156 -1.453831
v 7.569100 39.504772 4.920306
v -1.921916 52.586113 0.322626
v 7.677486 39.504772 5.082518
v 7.715547 39.350525 5.452932
v -2.062611 52.543434 0.322626
v 0.724402 51.535725 -0.677374
v -2.192276 52.474129 0.322625
v 7.677486 39.350525 5.644274
v -6.164407 39.457340 1.950747
v -2.399200 52.267204 0.322626
v 7.569100 39.350525 5.806485
v -2.468507 52.137535 0.322626
v 2.557475 53.744156 -1.436494
v -2.511187 51.996841 0.322625
v -10.158535 14.350525 3.438657
v -2.525597 51.850525 0.322626
v 7.406888 39.350525 5.914872
v -2.511187 51.704208 0.322625
v -2.468507 51.563515 0.322626
v 7.215547 39.350525 5.952932
v 2.380698 54.110180 -1.389127
v 7.024205 39.350525 5.914872
v 6.861993 39.350525 5.470080
v 6.753607 39.504772 5.465201
v -1.919104 52.586113 0.294080
v -2.057096 52.543434 0.266632
v -2.029762 59.131924 -7.378864
v -2.184269 52.474129 0.241336
v -9.996323 14.350525 3.547044
v -2.295738 52.380856 0.219163
v 6.715547 39.504772 5.273860
v -2.387218 52.267204 0.200967
v -2.576877 56.658817 4.483441
v 6.753607 39.504772 5.082518
v -2.455193 52.137535 0.187446
v -2.497052 51.996841 0.179119
v 6.861993 39.504772 4.920306
v -2.511186 51.850525 0.176308
v 2.139216 54.244156 -1.324422
v -2.497052 51.704208 0.179119
v 7.024205 39.504772 4.811920
v -2.455193 51.563515 0.187446
v 9.646317 26.850525 9.414587
v 0.705187 51.535725 -0.872465
v 9.469540 26.850525 9.487809
v 1.897735 54.110180 -1.259717
v -1.910778 52.586113 0.266632
v 9.334240 26.850525 9.623109
v -9.887938 14.350525 3.709256
v -2.040763 52.543434 0.212791
v 9.261017 26.850525 9.799886
v -2.160558 52.474129 0.163170
v -9.665726 1.850525 5.619354
v -2.265559 52.380856 0.119677
v -2.351731 52.267204 0.083984
v 9.261017 26.850525 9.991226
v 9.334240 26.850525 10.168003
v -2.415763 52.137535 0.057461
v -2.455193 51.996841 0.041128
v 1.720958 53.744156 -1.212350
v 9.469540 26.850525 10.303303
v -2.468507 51.850525 0.035613
v -2.455193 51.704208 0.041128
v 2.512900 56.621567 4.456251
v -2.415763 51.563515 0.057461
v 9.646317 26.850525 10.376526
v -2.351731 51.433846 0.083984
v 1.656254 53.244156 -1.195012
v 9.837658 26.850525 10.376526
v -9.849876 14.350525 3.900598
v 10.014435 26.850525 10.303303
v 10.149733 26.850525 10.168003
v -1.897257 52.586113 0.241336
v -9.665726 1.850525 5.810696
v -2.014240 52.543434 0.163170
v -2.122052 52.474129 0.091132
v -2.112737 58.854847 -7.451298
v 10.222956 26.850525 9.991226
v -2.216551 52.380856 0.027990
v -2.294104 52.267204 -0.023829
v 10.222956 26.850525 9.799886
v -2.351731 52.137535 -0.062334
v 0.648281 51.535725 -1.060058
v 10.149733 26.850525 9.623109
v -2.387218 51.996841 -0.086046
v -2.399199 51.850525 -0.094052
v -2.387218 51.704208 -0.086046
v 10.014435 26.850525 9.487809
v -2.351731 51.563515 -0.062334
v 1.720958 52.744156 -1.212350
v -2.294104 51.433846 -0.023829
v 9.837658 26.850525 9.414587
v -9.887938 14.350525 4.091939
v -9.738949 1.850525 5.987473
v 10.445547 14.350525 8.267843
v -1.657538 58.114426 -7.057243
v 10.622324 14.350525 8.341067
v -1.879060 52.586113 0.219163
v 10.757624 14.350525 8.476366
v -1.978546 52.543434 0.119677
v 1.897735 52.378128 -1.259717
v -2.070233 52.474129 0.027990
v -2.150598 52.380856 -0.052374
v -2.216551 52.267204 -0.118327
v 10.830847 14.350525 8.653143
v -2.265559 52.137535 -0.167335
v 10.830847 14.350525 8.844484
v -2.295738 51.996841 -0.197514
v 2.139216 52.244156 -1.324422
v -2.305928 51.850525 -0.207704
v -9.996323 14.350525 4.254150
v 10.757624 14.350525 9.021261
v -2.295738 51.704208 -0.197514
v -2.265559 51.563515 -0.167335
v 10.622324 14.350525 9.156559
v -2.216551 51.433846 -0.118327
v -2.221184 58.546627 -7.418468
v -2.150598 51.320194 -0.052374
v 10.445547 14.350525 9.229784
v -9.874247 1.850525 6.122771
v 10.254206 14.350525 9.229784
v 2.380698 52.378128 -1.389127
v 10.077429 14.350525 9.156559
v -1.856888 52.586113 0.200967
v -1.935054 52.543434 0.083984
v -2.007092 52.474129 -0.023829
v 0.555872 51.535725 -1.232945
v -2.070234 52.380856 -0.118328
v 9.942131 14.350525 9.021261
v -10.158535 14.350525 4.362537
v -2.122052 52.267204 -0.195880
v 9.868908 14.350525 8.844484
v -2.160558 52.137535 -0.253507
v -2.184269 51.996841 -0.288994
v 9.868908 14.350525 8.653143
v -2.192275 51.850525 -0.300976
v -10.051023 1.850525 6.195995
v 9.942131 14.350525 8.476366
v -2.184269 51.704208 -0.288994
v -2.160558 51.563515 -0.253507
v -2.350938 58.219105 -7.281639
v -2.122052 51.433846 -0.195880
v -2.070234 51.320194 -0.118328
v 10.077429 14.350525 8.341067
v 2.557475 52.744156 -1.436494
v 10.254206 14.350525 8.267843
v 7.119876 39.504772 4.792890
v -10.349876 14.350525 4.400598
v -1.831591 52.586113 0.187446
v 2.496041 53.244156 -1.825425
v -1.885433 52.543434 0.057461
v -1.935053 52.474129 -0.062334
v 6.943099 39.504772 4.866113
v -1.978547 52.380856 -0.167335
v -10.242365 1.850525 6.195995
v 6.807800 39.504772 5.001412
v -2.014240 52.267204 -0.253507
v -2.040763 52.137535 -0.317539
v 6.734577 39.504772 5.178189
v 2.591591 56.568428 4.419043
v -2.057096 51.996841 -0.356970
v -2.062610 51.850525 -0.370283
v 2.434152 53.744156 -1.799790
v 6.734577 39.504772 5.369530
v -2.057096 51.704208 -0.356970
v -2.040763 51.563515 -0.317539
v 6.807800 39.504772 5.546307
v -2.014240 51.433846 -0.253507
v 6.943099 39.350525 5.860679
v -1.978547 51.320194 -0.167335
v -1.935053 51.226921 -0.062334
v 0.431509 51.535725 -1.384481
v -10.541218 14.350525 4.362537
v 7.119876 39.350525 5.933903
v -1.804143 52.586113 0.179120
v 2.265071 54.110180 -1.729754
v -1.831591 52.543434 0.041128
v 7.311217 39.350525 5.933903
v -1.856888 52.474129 -0.086045
v -10.419142 1.850525 6.122771
v 7.487994 39.350525 5.860679
v -1.879060 52.380856 -0.197514
v -1.897257 52.267204 -0.288994
v -1.910778 52.137535 -0.356970
v 7.623293 39.350525 5.725380
v -1.919104 51.996841 -0.398829
v -2.497011 57.884872 -7.046066
v -1.921916 51.850525 -0.412963
v 7.696517 39.350525 5.548603
v -1.919104 51.704208 -0.398829
v 7.696517 39.504772 5.514594
v 2.034101 54.244156 -1.634083
v -1.910778 51.563515 -0.356970
v -1.897257 51.433846 -0.288994
v 7.623293 39.504772 5.001412
v -10.703430 14.350525 4.254150
v -1.879060 51.320194 -0.197514
v -1.856888 51.226921 -0.086045
v 0.279972 51.535725 -1.508844
v 7.487994 39.504772 4.866113
v 7.311217 39.504772 4.792890
v -10.554441 1.850525 5.987473
v -1.775598 52.586113 0.176308
v 2.255952 59.590061 -7.203951
v -1.775598 52.543434 0.035613
v -1.775598 52.380856 -0.207704
v -10.811817 14.350525 4.091939
v -1.775598 52.267204 -0.300976
v 1.803131 54.110180 -1.538412
v -1.775598 51.433846 -0.300976
v -10.627665 1.850525 5.810696
v -1.775598 51.320194 -0.207704
v -2.653790 57.556767 -6.720804
v 1.634049 53.744156 -1.468376
v -10.849876 14.350525 3.900598
v 2.326559 59.359142 -7.378864
v 1.572161 53.244156 -1.442741
v -10.627665 1.850525 5.619354
v 0.107085 51.535725 -1.601254
v -10.811817 14.350525 3.709256
v 1.634049 52.744156 -1.468376
v 1.803131 52.378128 -1.538412
v -10.554441 1.850525 5.442577
v 2.393239 59.077702 -7.451298
v 2.034101 52.244156 -1.634083
v -10.703430 14.350525 3.547044
v -10.419142 1.850525 5.307280
v -2.815250 57.247402 -6.318352
v -10.541218 14.350525 3.438657
v 2.265071 52.378128 -1.729754
v -2.487100 56.619385 4.455719
v -10.242365 1.850525 5.234056
v 2.434152 52.744156 -1.799790
v -10.349876 14.350525 3.400597
v 2.322478 53.244156 -2.177375
v -5.973065 39.457340 1.988808
v -2.975186 56.968666 -5.854175
v -5.810854 39.457340 2.097194
v 2.264465 53.744156 -2.143881
v -5.702467 39.457340 2.259405
v 0.121845 58.746490 6.818532
v -5.664407 39.457340 2.450747
v -5.702467 39.457340 2.642088
v 2.105972 54.110180 -2.052375
v -5.810854 39.457340 2.804300
v 1.889465 54.244156 -1.927375
v -5.973065 39.457340 2.912687
v -6.408216 39.350525 2.950747
v 1.672959 54.110180 -1.802375
v -6.599558 39.350525 2.912687
v 2.453431 58.756550 -7.418468
v 2.656171 56.503677 4.373705
v -6.761769 39.350525 2.804300
v -6.870156 39.350525 2.642088
v 1.514465 53.744156 -1.710868
v 1.456453 53.244156 -1.677375
v -6.908216 39.350525 2.450747
v -6.870156 39.350525 2.259405
v 2.504822 58.408031 -7.281639
v -6.761769 39.350525 2.097194
v -0.658282 51.535725 -1.601254
v 1.514465 52.744156 -1.710868
v -6.355749 39.457340 1.988808
v 1.672959 52.378128 -1.802375
v -9.957911 26.850525 4.130145
v -10.134687 26.850525 4.203369
v 2.545436 58.045540 -7.046066
v -10.269987 26.850525 4.338668
v 1.889465 52.244156 -1.927375
v -10.343210 26.850525 4.515445
v 1.106342 62.586624 5.702495
v -10.343210 26.850525 4.706786
v 2.105972 52.378128 -2.052375
v -10.269987 26.850525 4.883563
v -0.831168 51.535725 -1.508844
v -10.134687 26.850525 5.018862
v 2.573714 57.683002 -6.720804
v -9.957911 26.850525 5.092085
v 2.264465 52.744156 -2.143881
v 2.104462 53.244156 -2.503658
v -9.766569 26.850525 5.092085
v -9.589792 26.850525 5.018862
v -0.982705 51.535725 -1.384481
v -9.454494 26.850525 4.883563
v 2.051318 53.744156 -2.462879
v -9.381271 26.850525 4.706786
v 2.704157 56.429806 4.321980
v 1.906124 54.110180 -2.351468
v -9.381271 26.850525 4.515445
v -9.454494 26.850525 4.338668
v -1.731183 58.679352 -7.299548
v -9.589792 26.850525 4.203369
v -1.107068 51.535725 -1.232945
v -9.766569 26.850525 4.130145
v 1.707786 54.244156 -2.199278
v 1.509447 54.110180 -2.047087
v -10.254206 14.350525 3.419627
v -2.408409 56.566315 4.418411
v -10.077429 14.350525 3.492851
v 1.364253 53.744156 -1.935676
v -9.942131 14.350525 3.628150
v -9.868908 14.350525 3.804926
v 2.588567 57.334354 -6.318352
v -1.199478 51.535725 -1.060058
v -9.868908 14.350525 3.996268
v -9.942131 14.350525 4.173045
v 1.311109 53.244156 -1.894897
v -10.077429 14.350525 4.308344
v 1.364253 52.744156 -1.935676
v -1.861768 58.381313 -7.275524
v -10.254206 14.350525 4.381567
v -10.445547 14.350525 4.381567
v -3.893635 62.586624 3.265565
v -10.622324 14.350525 4.308344
v 1.509447 52.378128 -2.047087
v -2.027472 58.070328 -7.152992
v -10.757624 14.350525 4.173045
v 1.707786 52.244156 -2.199278
v -10.830847 14.350525 3.996268
v -10.830847 14.350525 3.804926
v 1.906124 52.378128 -2.351468
v -1.256383 51.535725 -0.872465
v -10.757624 14.350525 3.628150
v 2.051318 52.744156 -2.462879
v -10.622324 14.350525 3.492851
v -10.445547 14.350525 3.419627
v -2.221926 57.758347 -6.936661
v -6.260078 39.457340 1.969777
v 1.845722 53.244156 -2.798695
v -6.436855 39.457340 2.043000
v 2.589426 57.012997 -5.854175
v -6.815962 39.350525 2.178299
v 1.798355 53.744156 -2.751328
v -1.275598 51.535725 -0.677374
v -6.889186 39.350525 2.355076
v -6.889186 39.350525 2.546418
v 1.668945 54.110180 -2.621918
v -2.437657 57.457355 -6.634845
v -6.815962 39.350525 2.723195
v -6.680664 39.350525 2.858493
v 1.492169 54.244156 -2.445141
v -1.256383 51.535725 -0.482284
v -6.503887 39.350525 2.931717
v 1.315392 54.110180 -2.268365
v -6.068737 39.457340 2.931717
v 2.733708 56.349651 4.265854
v -5.891960 39.457340 2.858493
v -5.756661 39.457340 2.723195
v -2.666375 57.178928 -6.259141
v -5.683437 39.457340 2.546418
v 1.185982 53.744156 -2.138955
v -5.683437 39.457340 2.355076
v 1.138615 53.244156 -2.091588
v -5.756661 39.457340 2.178299
v -1.199478 51.535725 -0.294691
v 0.301399 58.650085 6.818532
v -5.891960 39.457340 2.043000
v 1.185982 52.744156 -2.138955
v -6.068737 39.457340 1.969777
v 1.315392 52.378128 -2.268365
v -3.893635 62.586624 -4.620314
v 1.492169 52.244156 -2.445141
v -1.107068 51.535725 -0.121804
v 1.668945 52.378128 -2.621918
v -2.899291 56.933762 -5.823990
v 1.798355 52.744156 -2.751328
v -2.343829 56.501652 4.372952
v -0.982705 51.535725 0.029732
v 1.550687 53.244156 -3.057434
v 1.509907 53.744156 -3.004289
v 2.743686 56.266293 4.207485
v 0.458780 58.520344 6.818532
v 1.398496 54.110180 -2.859096
v -0.831168 51.535725 0.154095
v 1.246306 54.244156 -2.660758
v 1.094115 54.110180 -2.462419
v 2.733708 56.182934 4.149117
v 0.982704 53.744156 -2.317225
v 2.674135 59.628857 -7.052203
v -0.658282 51.535725 0.246505
v 0.941925 53.244156 -2.264081
v 0.982704 52.744156 -2.317225
v 2.752934 59.398697 -7.224142
v 1.094115 52.378128 -2.462419
v 1.106342 62.586624 -7.057243
v 1.246306 52.244156 -2.660758
v -0.470688 51.535725 0.303411
v 1.398496 52.378128 -2.859096
v 2.811422 59.116493 -7.299548
v -2.295843 56.427879 4.321086
v 1.509907 52.744156 -3.004289
v 1.224402 53.244156 -3.275451
v 2.847351 58.793091 -7.275524
v 1.190908 53.744156 -3.217438
v 2.704157 56.102776 4.092991
v 1.099402 54.110180 -3.058944
v -1.740269 57.892517 -6.944080
v 4.196533 62.586601 -0.677374
v 0.974402 54.244156 -2.842438
v 0.849402 54.110180 -2.625932
v -1.977680 57.607132 -6.758996
v -2.245754 57.338547 -6.495255
v 0.757895 53.744156 -2.467438
v 2.859340 58.440918 -7.152992
v 0.724402 53.244156 -2.409425
v -2.534190 57.097092 -6.162991
v 0.757895 52.744156 -2.467438
v -2.266292 56.347828 4.264810
v 0.849402 52.378128 -2.625932
v -2.831903 56.892040 -5.774972
v 0.974402 52.244156 -2.842438
v 1.099402 52.378128 -3.058944
v 2.846929 58.073505 -6.936661
v 2.656171 56.028904 4.041265
v 1.190908 52.744156 -3.217438
v 2.810595 57.704979 -6.634845
v 0.872453 53.244156 -3.449013
v 2.751734 57.349491 -6.259141
v 0.846818 53.744156 -3.387125
v -0.275598 65.350525 -0.677374
v 0.776782 54.110180 -3.218043
v 0.681111 54.244156 -2.987073
v 2.672607 57.020714 -5.823990
v 0.585440 54.110180 -2.756103
v 0.587939 58.362255 6.818532
v 0.515404 53.744156 -2.587022
v 2.591591 55.964157 3.995927
v 0.489769 53.244156 -2.525133
v -2.256314 56.264580 4.206284
v 0.515404 52.744156 -2.587022
v 0.683913 58.181892 6.818532
v 2.512900 55.911018 3.958720
v 0.585440 52.378128 -2.756103
v -1.773658 57.437038 -6.519901
v 0.681111 52.244156 -2.987073
v 0.776782 52.378128 -3.218043
v 2.953207 59.786587 -6.558207
v -2.085455 57.204906 -6.307398
v 0.846818 52.744156 -3.387125
v -2.423774 57.005039 -6.033593
v 0.500859 53.244156 -3.575152
v 2.423123 55.871532 3.931072
v 0.483522 53.744156 -3.510447
v -2.775614 56.845112 -5.709006
v 0.436154 54.110180 -3.333670
v 0.371450 54.244156 -3.092189
v 3.072397 59.616604 -6.805775
v 0.306745 54.110180 -2.850708
v 3.158998 59.386208 -6.972887
v -2.266292 56.181332 4.147758
v 0.259378 53.744156 -2.673931
v 0.743013 57.986191 6.818532
v 0.242040 53.244156 -2.609226
v 3.209684 59.104244 -7.053121
v 0.259378 52.744156 -2.673931
v 0.306745 52.378128 -2.850708
v 2.994322 57.926498 3.670359
v 0.371450 52.244156 -3.092189
v 3.222506 58.781551 -7.043394
v 0.436154 52.378128 -3.333670
v 1.851016 56.097252 1.640211
v 3.196970 58.430534 -6.944080
v 0.483522 52.744156 -3.510447
v 3.134060 58.064674 -6.758996
v 0.115980 53.244156 -3.651709
v 2.325709 55.847218 3.914046
v 0.107236 53.744156 -3.585295
v 3.036192 57.698036 -6.495255
v 0.083348 54.110180 -3.403848
v 0.050717 54.244156 -3.155987
v 2.917312 57.667168 3.785613
v -1.617701 57.254604 -6.228561
v 0.018085 54.110180 -2.908125
v -0.005802 53.744156 -2.726678
v -1.962921 57.061569 -6.078494
v 2.907128 57.344711 -6.162991
v -0.014546 53.244156 -2.660264
v -0.005802 52.744156 -2.726678
v -2.339371 56.906303 -5.875921
v 2.813673 57.439865 3.940719
v 0.018085 52.378128 -2.908125
v 2.751827 57.018276 -5.774972
v 0.050717 52.244156 -3.155987
v -2.732585 56.794777 -5.628625
v 0.083348 52.378128 -3.403848
v 0.107236 52.744156 -3.585295
v -2.295843 56.101280 4.091482
v 2.224402 55.839008 3.908298
v -0.275598 53.244156 -3.677374
v -0.275598 53.744156 -3.610387
v 0.762969 57.782665 6.818532
v -0.275598 54.110180 -3.427375
v -2.343829 56.027508 4.039617
v -0.275598 54.244156 -3.177374
v 2.123095 55.847218 3.914046
v -0.275598 54.110180 -2.927374
v 0.743013 57.579140 6.818532
v 3.295180 59.727406 -6.245813
v -0.275598 53.744156 -2.744362
v 2.025681 55.871532 3.931072
v -0.275598 53.244156 -2.677374
v 3.435433 59.553780 -6.474139
v -0.275598 52.744156 -2.744362
v -2.408409 55.962845 3.994158
v -0.275598 52.378128 -2.927374
v -0.275598 52.244156 -3.177374
v 3.529147 59.322151 -6.634753
v -0.275598 52.378128 -3.427375
v 0.683913 57.383438 6.818532
v 3.572720 59.041420 -6.721485
v -0.275598 52.744156 -3.610387
v -1.882860 56.914043 -5.817339
v -0.667177 53.244156 -3.651709
v 1.935904 55.911018 3.958720
v -0.658433 53.744156 -3.585295
v -0.634545 54.110180 -3.403848
v -2.487100 55.909775 3.956850
v -2.284224 56.804688 -5.696034
v -0.601914 54.244156 -3.155987
v -2.704472 56.742973 -5.536920
v -0.569282 54.110180 -2.908125
v 3.564478 58.722374 -6.731000
v -0.545394 53.744156 -2.726678
v -0.536651 53.244156 -2.660264
v 3.504738 58.377274 -6.662933
v 3.285062 58.500526 3.761966
v -0.545394 52.744156 -2.726678
v 3.264682 58.207890 3.782346
v -0.569282 52.378128 -2.908125
v -0.601914 52.244156 -3.155987
v 3.395795 58.019382 -6.519901
v -0.634545 52.378128 -3.403848
v 3.241836 57.662453 -6.307398
v -0.658433 52.744156 -3.585295
v 1.857213 55.964157 3.995927
v -1.052055 53.244156 -3.575152
v 3.048778 57.320198 -6.033593
v -1.034717 53.744156 -3.510447
v 3.204324 57.926498 3.842704
v -0.987350 54.110180 -3.333671
v 2.824039 57.005779 -5.709006
v 3.977641 57.721844 -0.677374
v -0.922645 54.244156 -3.092189
v -0.857941 54.110180 -2.850708
v 3.106308 57.667168 3.940719
v -0.810573 53.744156 -2.673931
v 3.788048 57.839024 1.536908
v -0.793236 53.244156 -2.609226
v -1.848350 56.767998 -5.533970
v -0.810573 52.744156 -2.673931
v 2.974402 57.439865 4.072626
v -0.857941 52.378128 -2.850708
v -2.260453 56.704090 -5.500846
v -0.922645 52.244156 -3.092189
v 1.792633 56.028904 4.041265
v -0.987350 52.378128 -3.333671
v 2.813673 57.253319 4.233355
v -1.034717 52.744156 -3.510447
v -2.692353 56.691689 -5.437414
v 3.590829 59.622864 -5.865160
v -1.423649 53.244156 -3.449013
v -1.398014 53.744156 -3.387125
v -2.576877 55.870342 3.929127
v 3.749292 59.442799 -6.070039
v -1.327978 54.110180 -3.218043
v 0.587939 57.203075 6.818532
v -1.232307 54.244156 -2.987073
v 3.849154 59.208992 -6.222737
v -1.136636 54.110180 -2.756103
v 3.886579 58.930435 -6.317386
v -1.066600 53.744156 -2.587022
v 1.744647 56.102776 4.092991
v -1.040965 53.244156 -2.525134
v 3.860126 58.617828 -6.350347
v -1.066600 52.744156 -2.587022
v -2.674291 55.846062 3.912056
v -1.136636 52.378128 -2.756103
v 3.770814 58.283184 -6.320354
v -1.232307 52.244156 -2.987073
v 1.715096 56.182934 4.149117
v -1.327978 52.378128 -3.218043
v -1.398014 52.744156 -3.387125
v 3.622074 57.939365 -6.228561
v -1.860716 56.629044 -5.239276
v -1.775598 53.244156 -3.275451
v -1.742104 53.744156 -3.217438
v -2.268971 56.608376 -5.297857
v 0.458780 57.044987 6.818532
v -1.650598 54.110180 -3.058945
v -1.525598 54.244156 -2.842438
v -2.696696 56.642895 -5.333931
v -1.400598 54.110180 -2.625932
v 3.419623 57.599583 -6.078494
v -1.309091 53.744156 -2.467438
v 3.171239 57.276897 -5.875921
v -2.775598 55.837860 3.906291
v -1.275598 53.244156 -2.409425
v -1.309091 52.744156 -2.467438
v 2.886469 56.983704 -5.628625
v -1.400598 52.378128 -2.625932
v 3.376668 59.074551 4.052706
v -1.525598 52.244156 -2.842438
v 1.705118 56.266293 4.207485
v 3.447642 58.793159 4.005283
v -1.650598 52.378128 -3.058945
v 3.471606 58.500526 3.989271
v -1.742104 52.744156 -3.217438
v -2.101882 53.244156 -3.057434
v 1.851016 56.097252 -2.994960
v 3.447642 58.207890 4.005283
v -2.061103 53.744156 -3.004290
v -1.949692 54.110180 -2.859096
v 3.828792 59.476971 -5.430875
v 1.715096 56.349651 4.265854
v -1.797502 54.244156 -2.660758
v -1.645311 54.110180 -2.462419
v 4.001913 59.287918 -5.609005
v 3.376668 57.926498 4.052706
v -1.533900 53.744156 -2.317226
v -1.919483 56.502525 -4.944582
v -1.493121 53.244156 -2.264081
v -2.876905 55.846062 3.912056
v -1.533900 52.744156 -2.317226
v -1.645311 52.378128 -2.462419
v -2.309450 56.521229 -5.094868
v -2.717332 56.598469 -5.230449
v -1.797502 52.244156 -2.660758
v -1.949692 52.378128 -2.859096
v 4.106724 59.051083 -5.752671
v 3.261415 57.667168 4.129716
v -2.061103 52.744156 -3.004290
v 4.139199 58.775558 -5.856352
v -2.396919 53.244156 -2.798694
v -2.349552 53.744156 -2.751327
v 4.098090 58.471935 -5.916062
v 1.744647 56.429806 4.321980
v -2.220142 54.110180 -2.621918
v -2.043365 54.244156 -2.445141
v 3.984975 58.151886 -5.929509
v 3.106308 57.439865 4.233355
v -1.866589 54.110180 -2.268364
v 2.917312 57.253319 4.359638
v -1.737179 53.744156 -2.138955
v -1.689812 53.244156 -2.091588
v 3.804204 57.827705 -5.896174
v -1.737179 52.744156 -2.138955
v 0.301399 56.915245 6.818532
v -1.866589 52.378128 -2.268364
v 3.562721 57.511852 -5.817339
v -2.043365 52.244156 -2.445141
v 3.269807 57.216465 -5.696034
v -2.220142 52.378128 -2.621918
v -4.042807 57.062950 -0.677374
v -2.349552 52.744156 -2.751327
v 1.792633 56.503677 4.373705
v -2.655658 53.244156 -2.503659
v -2.022393 56.393303 -4.661212
v -2.602513 53.744156 -2.462879
v -2.380336 56.445995 -4.899680
v -2.457320 54.110180 -2.351468
v 2.936718 56.952896 -5.536920
v -2.904247 56.097267 -0.677374
v -2.258981 54.244156 -2.199278
v -2.060643 54.110180 -2.047088
v -2.753469 56.560112 -5.130942
v -1.915449 53.744156 -1.935677
v -2.974319 55.870342 3.929127
v -1.862305 53.244156 -1.894897
v 1.857213 56.568428 4.419043
v -1.915449 52.744156 -1.935677
v 0.121845 56.818840 6.818532
v -2.060643 52.378128 -2.047088
v 1.935904 56.621567 4.456251
v -2.258981 52.244156 -2.199278
v 3.999925 59.295338 -4.959650
v -2.457320 52.378128 -2.351468
v 3.376668 59.333881 4.345341
v 4.183586 59.095100 -5.108755
v -2.602513 52.744156 -2.462879
v -3.064096 55.909775 3.956850
v -2.873674 53.244156 -2.177375
v 4.291957 58.854485 -5.242620
v -2.815661 53.744156 -2.143881
v -2.657167 54.110180 -2.052375
v 4.320873 58.582737 -5.356101
v 3.504732 59.074551 4.292296
v -2.440661 54.244156 -1.927375
v -1.875523 56.292400 -4.092317
v -2.224155 54.110180 -1.802375
v 2.025681 56.661049 4.483899
v -2.065661 53.744156 -1.710868
v -2.165491 56.305573 -4.400058
v -2.007648 53.244156 -1.677375
v -2.478904 56.385563 -4.719793
v -2.065661 52.744156 -1.710868
v 4.269223 58.290302 -5.444837
v -2.224155 52.378128 -1.802375
v -2.803718 56.529305 -5.039237
v -2.440661 52.244156 -1.927375
v 3.583593 58.793159 4.259630
v -2.657167 52.378128 -2.052375
v 4.138991 57.988422 -5.505417
v -2.815661 52.744156 -2.143881
v 3.610221 58.500526 4.248601
v -3.047236 53.244156 -1.825425
v 3.935183 57.688690 -5.535514
v -2.985348 53.744156 -1.799790
v -2.816267 54.110180 -1.729754
v 3.665630 57.402630 -5.533970
v -2.585297 54.244156 -1.634083
v -3.716545 57.721844 3.072602
v -2.354327 54.110180 -1.538412
v -3.142787 55.962845 3.994158
v 3.340692 57.141232 -5.500846
v -2.185245 53.744156 -1.468376
v -2.123357 53.244156 -1.442741
v 3.583593 58.207890 4.259630
v 2.972856 56.914543 -5.437414
v -2.185245 52.744156 -1.468376
v 2.123095 56.685364 4.500924
v -2.354327 52.378128 -1.538412
v 3.504732 57.926498 4.292296
v -2.585297 52.244156 -1.634083
v -2.101803 56.212383 -3.800977
v -2.816267 52.378128 -1.729754
v -2.985348 52.744156 -1.799790
v -0.072984 56.759476 6.818532
v -3.173376 53.244156 -1.453831
v -2.343277 56.242702 -4.171154
v 3.376668 57.667168 4.345341
v -3.108671 53.744156 -1.436494
v -2.931894 54.110180 -1.389126
v -2.601365 56.342262 -4.562122
v -2.690413 54.244156 -1.324422
v 3.204324 57.439865 4.416728
v -2.448931 54.110180 -1.259717
v -2.866149 56.507229 -4.958857
v 2.994322 57.253319 4.503715
v -2.272155 53.744156 -1.212350
v 4.097651 59.084942 -4.469591
v -2.207450 53.244156 -1.195012
v -2.272155 52.744156 -1.212350
v -4.430851 57.839031 1.114026
v -2.448931 52.378128 -1.259717
v 4.287332 58.871746 -4.588511
v -2.690413 52.244156 -1.324422
v 4.397734 58.626755 -4.712184
v -2.245268 57.114704 4.602956
v -2.931894 52.378128 -1.389126
v -3.108671 52.744156 -1.436494
v 2.754732 57.114704 4.602956
v 4.424618 58.359386 -4.835857
v -3.249933 53.244156 -1.068953
v -3.183518 53.744156 -1.060210
v -3.207367 56.027508 4.039617
v -3.002071 54.110180 -1.036322
v 4.366949 58.079910 -4.954778
v -2.754210 54.244156 -1.003690
v 4.226942 57.799072 -5.064376
v -2.506349 54.110180 -0.971059
v 2.607085 57.021690 4.739398
v -2.324902 53.744156 -0.947171
v -0.275598 55.782665 2.100071
v -2.258488 53.244156 -0.938427
v -2.363537 56.167091 -3.561881
v -2.324902 52.744156 -0.947171
v 4.009979 57.527660 -5.160439
v -2.506349 52.378128 -0.971059
v -2.548921 56.207115 -3.983297
v 3.724397 57.276108 -5.239276
v -2.754210 52.244156 -1.003690
v -3.002071 52.378128 -1.036322
v -2.743015 56.317749 -4.432724
v -2.938361 56.494736 -4.892890
v -3.183518 52.744156 -1.060210
v -3.275598 53.244156 -0.677375
v 3.264682 59.561184 4.615701
v -3.208611 53.744156 -0.677375
v 3.381172 57.054085 -5.297857
v -3.025598 54.110180 -0.677375
v 2.779972 56.945992 4.686394
v 2.993492 56.870113 -5.333931
v -2.775598 54.244156 -0.677375
v -2.525598 54.110180 -0.677375
v -3.699478 57.308357 2.056181
v -2.342585 53.744156 -0.677375
v 3.447641 59.333881 4.579309
v -2.275598 53.244156 -0.677375
v 2.931509 56.844120 4.615063
v -2.342585 52.744156 -0.677375
v 3.583593 59.074551 4.552266
v -2.525598 52.378128 -0.677375
v -3.255353 56.101280 4.091482
v -2.775598 52.244156 -0.677375
v 3.667311 58.793159 4.535613
v 4.118214 58.853874 -3.979532
v -3.025598 52.378128 -0.677375
v -3.208611 52.744156 -0.677375
v -2.531620 56.188824 -2.975760
v -3.249933 53.244156 -0.285795
v 3.055871 56.719990 4.528145
v 3.695580 58.500526 4.529990
v -3.183518 53.744156 -0.294539
v -3.002071 54.110180 -0.318427
v -2.650668 56.158257 -3.384217
v -2.754210 54.244156 -0.351059
v -2.774518 56.200176 -3.843708
v -2.506349 54.110180 -0.383690
v 4.309162 58.626446 -4.068268
v 3.667311 58.207890 4.535613
v -2.324902 53.744156 -0.407578
v -2.258488 53.244156 -0.416322
v -2.898409 56.312965 -4.336573
v -2.324902 52.744156 -0.407578
v 4.419992 58.376648 -4.181749
v -2.506349 52.378128 -0.383690
v -3.017581 56.492298 -4.843873
v -2.754210 52.244156 -0.351059
v 4.446448 58.114082 -4.315614
v -3.002071 52.378128 -0.318427
v -0.275598 56.739429 6.818532
v 4.387512 57.848843 -4.464719
v -3.183518 52.744156 -0.294539
v -3.173376 53.244156 0.099082
v -1.439705 57.062927 -6.051597
v -3.108671 53.744156 0.081745
v 4.245449 57.591114 -4.623335
v -2.931894 54.110180 0.034378
v 3.583593 57.926498 4.552266
v 4.025718 57.350807 -4.785365
v -2.690413 54.244156 -0.030327
v 3.148282 56.578369 4.428981
v -2.448931 54.110180 -0.095032
v 3.447641 57.667168 4.579309
v -2.272155 53.744156 -0.142399
v -2.207450 53.244156 -0.159736
v 3.736763 57.137157 -4.944582
v -2.272155 52.744156 -0.142399
v -2.886138 56.221710 -2.847113
v -1.087876 56.097252 -4.427339
v -2.448931 52.378128 -0.095032
v -2.690413 52.244156 -0.030327
v -2.952161 56.186226 -3.274812
v -2.931894 52.378128 0.034378
v 3.389689 56.958370 -5.094868
v -3.011400 56.222153 -3.757748
v -3.108671 52.744156 0.081745
v -3.047237 53.244156 0.470675
v 2.997834 56.821320 -5.230449
v -2.985349 53.744156 0.445040
v -3.061576 56.328102 -4.277363
v -2.816267 54.110180 0.375004
v 3.264682 57.439865 4.615701
v -2.585297 54.244156 0.279333
v -3.100762 56.500015 -4.813688
v -2.354327 54.110180 0.183663
v 3.205187 56.424702 4.321382
v 3.041744 57.253319 4.660047
v -2.185246 53.744156 0.113627
v -2.123357 53.244156 0.087992
v 2.787397 57.114704 4.710639
v -2.185246 52.744156 0.113627
v -2.212603 57.114704 4.710639
v -3.284904 56.181332 4.147758
v -2.354327 52.378128 0.183663
v -2.585297 52.244156 0.279333
v 4.060825 58.611008 -3.508307
v 2.511415 57.029346 4.765535
v -2.816267 52.378128 0.375004
v 4.248238 58.368622 -3.568017
v -2.985349 52.744156 0.445040
v -2.873675 53.244156 0.822625
v -2.488585 57.029346 4.765535
v 4.357874 58.113773 -3.671698
v -2.815662 53.744156 0.789132
v -2.657168 54.110180 0.697625
v 3.224402 56.264893 4.209483
v -2.440662 54.244156 0.572625
v -3.213413 56.410465 -2.442821
v 4.385524 57.856258 -3.815363
v -2.224155 54.110180 0.447625
v -2.065662 53.744156 0.356119
v -3.243921 56.296608 -2.803675
v 3.205187 56.105083 4.097584
v -2.007649 53.244156 0.322625
v -2.065662 52.744156 0.356119
v -3.256430 56.249924 -3.237870
v 4.330123 57.605976 -3.993494
v -2.440662 52.244156 0.572625
v -3.250462 56.272198 -3.728724
v -2.657168 52.378128 0.697625
v -3.226245 56.362576 -4.257370
v -2.815662 52.744156 0.789132
v 4.193800 57.372543 -4.199243
v -2.655658 53.244156 1.148910
v -3.184710 56.517586 -4.803496
v -3.127453 56.731274 -5.346112
v -2.602513 53.744156 1.108131
v 3.285062 59.561184 4.822626
v -2.457320 54.110180 0.996720
v -2.258981 54.244156 0.844529
v 3.981794 57.164928 -4.424704
v -0.478212 56.759476 6.818532
v -2.060643 54.110180 0.692339
v 3.471606 59.333881 4.822626
v -1.915449 53.744156 0.580928
v -1.862305 53.244156 0.540148
v 3.702252 56.991112 -4.661212
v -1.915449 52.744156 0.580928
v 3.365918 56.857773 -4.899680
v 3.148282 55.951416 3.989985
v -2.258981 52.244156 0.844529
v 2.985716 56.770035 -5.130942
v -2.457320 52.378128 0.996720
v 3.610221 59.074551 4.822626
v -2.602513 52.744156 1.108131
v -3.575747 56.721615 -2.220418
v 3.695580 58.793159 4.822626
v -2.396919 53.244156 1.443945
v -2.349552 53.744156 1.396578
v -3.599309 56.537167 -2.491087
v -3.294882 56.264580 4.206284
v -2.220142 54.110180 1.267169
v -2.043365 54.244156 1.090392
v -3.591218 56.410637 -2.847114
v -1.866589 54.110180 0.913615
v 3.055871 55.809795 3.890821
v -1.737179 53.744156 0.784206
v 3.724401 58.500526 4.822626
v -1.689812 53.244156 0.736839
v -3.551782 56.346893 -3.274812
v -3.482519 56.348389 -3.757749
v -1.737179 52.744156 0.784206
v 2.931509 55.685665 3.803903
v -1.866589 52.378128 0.913615
v -2.043365 52.244156 1.090392
v -3.386088 56.415058 -4.277363
v -2.220142 52.378128 1.267169
v 3.695580 58.207890 4.822626
v -2.349552 52.744156 1.396578
v -3.266197 56.544342 -4.813688
v 4.106901 58.108181 -3.106984
v -2.101884 53.244156 1.702685
v -4.430851 57.839031 -2.468775
v -2.061104 53.744156 1.649540
v -1.949693 54.110180 1.504346
v 3.610221 57.926498 4.822626
v 4.213769 57.848232 -3.201632
v -1.797503 54.244156 1.306008
v -1.645312 54.110180 1.107670
v 4.244188 57.595821 -3.354330
v -3.284904 56.347828 4.264810
v -1.533901 53.744156 0.962476
v 4.196987 57.360649 -3.559209
v -1.493122 53.244156 0.909332
v 3.471606 57.667168 4.822626
v -1.533901 52.744156 0.962476
v 4.073980 57.151752 -3.808397
v -1.645312 52.378128 1.107670
v -1.797503 52.244156 1.306008
v -3.910463 57.135834 -2.200229
v -1.949693 52.378128 1.504346
v 2.779972 55.583794 3.732571
v -2.061104 52.744156 1.649540
v -3.957300 56.897110 -2.372168
v 3.879896 56.977161 -4.092317
v -1.775598 53.244156 1.920702
v -3.958725 56.702477 -2.634032
v -1.742104 53.744156 1.862689
v -1.650598 54.110180 1.704196
v 3.285062 57.439865 4.822626
v -1.525598 54.244156 1.487689
v -3.914683 56.559414 -2.975761
v -1.400598 54.110180 1.271183
v 3.622191 56.843586 -4.400058
v -1.309091 53.744156 1.112689
v -3.826868 56.473419 -3.384217
v -3.698652 56.447800 -3.843708
v -1.275598 53.244156 1.054677
v 2.607085 55.508095 3.679567
v -1.309091 52.744156 1.112689
v -1.400598 52.378128 1.271183
v -3.534963 56.483532 -4.336573
v 3.310771 56.756157 -4.719793
v -1.525598 52.244156 1.487689
v 3.057757 57.253319 4.822626
v -1.650598 52.378128 1.704196
v -3.342093 56.579250 -4.843873
v -1.742104 52.744156 1.862689
v -1.423649 53.244156 2.094264
v 2.957602 56.718231 -5.039237
v 2.798427 57.114704 4.822626
v -1.398014 53.744156 2.032376
v -0.673041 56.818840 6.818532
v -1.327978 54.110180 1.863294
v -1.232307 54.244156 1.632324
v 2.517037 57.029346 4.822626
v -1.136636 54.110180 1.401355
v 2.419492 55.461479 3.646927
v -1.066600 53.744156 1.232273
v -2.201573 57.114704 4.822626
v -1.040965 53.244156 1.170385
v 3.041744 59.747730 4.985205
v -1.066600 52.744156 1.232273
v -4.255879 57.349682 -2.451484
v -1.136636 52.378128 1.401355
v 3.890583 57.855137 -2.702884
v -1.232307 52.244156 1.632324
v -4.296080 57.106850 -2.618595
v -1.327978 52.378128 1.863294
v -4.277849 56.900047 -2.866162
v -1.398014 52.744156 2.032376
v -2.482963 57.029346 4.822626
v -1.052056 53.244156 2.220403
v 2.224402 55.445740 3.635906
v -1.034719 53.744156 2.155698
v -4.201887 56.737225 -3.184672
v -4.071114 56.624634 -3.561881
v -0.987351 54.110180 1.978921
v 3.993213 57.590229 -2.789616
v -0.922646 54.244156 1.737440
v 3.264682 59.561184 5.029551
v -0.857942 54.110180 1.495959
v -3.890555 56.566605 -3.983298
v -0.810574 53.744156 1.319182
v -0.793237 53.244156 1.254477
v 4.027870 57.342777 -2.950230
v -0.810574 52.744156 1.319182
v -3.667149 56.565369 -4.432724
v -0.857942 52.378128 1.495959
v 3.993220 57.122284 -3.178556
v -0.922646 52.244156 1.737440
v -3.409480 56.620972 -4.892890
v 3.447641 59.333881 5.065943
v -0.987351 52.378128 1.978921
v -1.034719 52.744156 2.155698
v 3.890595 56.937233 -3.465818
v -0.667178 53.244156 2.296960
v 2.029312 55.461479 3.646927
v -0.658435 53.744156 2.230546
v 3.723940 56.794727 -3.800977
v 3.583593 59.074551 5.092986
v -0.634547 54.110180 2.049099
v -0.601915 54.244156 1.801238
v -4.441779 57.855137 -2.702885
v 3.499657 56.700249 -4.171154
v -0.569283 54.110180 1.553376
v -4.544409 57.590229 -2.789617
v -0.545395 53.744156 1.371930
v 3.667311 58.793159 5.109638
v -0.536652 53.244156 1.305515
v -4.579066 57.342777 -2.950231
v -0.545395 52.744156 1.371930
v 3.226368 56.657421 -4.562122
v -0.569283 52.378128 1.553376
v -4.544416 57.122288 -3.178556
v -0.601915 52.244156 1.801238
v -3.255353 56.427879 4.321086
v -0.634547 52.378128 2.049099
v -0.658435 52.744156 2.230546
v -4.441791 56.937233 -3.465819
v 2.914574 56.667900 -4.958857
v -0.275598 53.244156 2.322626
v -0.275598 53.744156 2.255638
v 1.841718 55.508095 3.679567
v -0.275598 54.110180 2.072626
v -4.275136 56.794727 -3.800977
v -0.275598 54.244156 1.822626
v 3.695580 58.500526 5.115261
v -4.050853 56.700249 -4.171155
v -0.275598 54.110180 1.572626
v 3.667311 58.207890 5.109638
v -0.275598 53.744156 1.389613
v -3.777564 56.657421 -4.562122
v -0.275598 53.244156 1.322626
v -0.275598 52.744156 1.389613
v -0.852595 56.915245 6.818532
v -3.465770 56.667900 -4.958857
v -0.275598 52.378128 1.572626
v 1.668832 55.583794 3.732571
v -0.275598 52.244156 1.822626
v 3.583593 57.926498 5.092986
v -0.275598 52.378128 2.072626
v -0.275598 52.744156 2.255638
v 3.447641 57.667168 5.065943
v -0.423794 57.839016 -7.158755
v 0.115980 53.244156 2.296960
v 3.704683 57.349682 -2.451483
v 0.107236 53.744156 2.230546
v 3.744884 57.106850 -2.618595
v 0.083348 54.110180 2.049099
v -4.658097 58.108181 -3.106984
v 0.050717 54.244156 1.801238
v 3.264682 57.439865 5.029551
v 0.018085 54.110180 1.553377
v -0.005802 53.744156 1.371930
v -4.764965 57.848232 -3.201633
v -3.207367 56.501652 4.372952
v -0.014546 53.244156 1.305516
v -0.005802 52.744156 1.371930
v -4.795384 57.595821 -3.354331
v 0.018085 52.378128 1.553377
v 3.726653 56.900047 -2.866162
v 0.050717 52.244156 1.801238
v -4.748183 57.360649 -3.559210
v 0.083348 52.378128 2.049099
v 3.650691 56.737225 -3.184671
v 0.107236 52.744156 2.230546
v 1.517295 55.685665 3.803903
v 0.500858 53.244156 2.220403
v -4.625176 57.151752 -3.808398
v 3.519918 56.624634 -3.561881
v 0.483520 53.744156 2.155699
v 0.436153 54.110180 1.978922
v -4.431092 56.977161 -4.092317
v 3.041744 57.253319 4.985205
v 0.371448 54.244156 1.737441
v -4.173388 56.843586 -4.400059
v 0.306744 54.110180 1.495959
v 0.259377 53.744156 1.319182
v -3.861967 56.756157 -4.719794
v 0.242039 53.244156 1.254478
v 3.339358 56.566605 -3.983297
v 0.259377 52.744156 1.319182
v 2.787397 57.114704 4.934613
v 0.306744 52.378128 1.495959
v -3.508798 56.718231 -5.039237
v 3.115952 56.565369 -4.432724
v 0.371448 52.244156 1.737441
v 0.436153 52.378128 1.978922
v 1.038746 57.721836 -6.744962
v 0.483520 52.744156 2.155699
v 2.511415 57.029346 4.879716
v 2.858284 56.620972 -4.892890
v 0.872453 53.244156 2.094264
v 0.846818 53.744156 2.032376
v 1.392932 55.809795 3.890821
v -3.142787 56.566315 4.418411
v 0.776782 54.110180 1.863294
v -4.612021 58.611008 -3.508307
v 0.681111 54.244156 1.632324
v 0.585440 54.110180 1.401354
v 1.300522 55.951416 3.989985
v -4.799433 58.368622 -3.568018
v 0.515404 53.744156 1.232273
v -4.909070 58.113773 -3.671699
v 0.489769 53.244156 1.170385
v 0.515404 52.744156 1.232273
v 2.994322 59.747730 5.141537
v 0.585440 52.378128 1.401354
v 3.204324 59.561184 5.228523
v -4.936720 57.856258 -3.815364
v 0.681111 52.244156 1.632324
v -4.881319 57.605976 -3.993494
v 0.776782 52.378128 1.863294
v -2.212603 57.114704 4.934613
v 0.846818 52.744156 2.032376
v 1.224402 53.244156 1.920702
v -4.744996 57.372543 -4.199244
v 3.359266 57.135834 -2.200228
v 1.190908 53.744156 1.862689
v -4.532990 57.164928 -4.424704
v 1.099402 54.110180 1.704195
v 3.376668 59.333881 5.299910
v 0.974402 54.244156 1.487689
v 0.849402 54.110180 1.271183
v 3.406104 56.897110 -2.372167
v 0.757895 53.744156 1.112689
v -4.253448 56.991112 -4.661213
v -3.917114 56.857773 -4.899680
v 0.724402 53.244156 1.054677
v 1.243617 56.105083 4.097584
v 0.757895 52.744156 1.112689
v -2.488585 57.029346 4.879716
v 0.849402 52.378128 1.271183
v -3.536912 56.770035 -5.130942
v 0.974402 52.244156 1.487689
v 3.407529 56.702477 -2.634032
v 1.099402 52.378128 1.704195
v 3.504732 59.074551 5.352956
v 1.190908 52.744156 1.862689
v 1.550686 53.244156 1.702686
v 3.363487 56.559414 -2.975760
v 1.509906 53.744156 1.649542
v 3.583593 58.793159 5.385621
v 1.398495 54.110180 1.504348
v 3.275671 56.473419 -3.384217
v -1.009976 57.044987 6.818532
v 1.246305 54.244156 1.306009
v -4.669410 58.853874 -3.979533
v 1.094115 54.110180 1.107671
v 3.147455 56.447796 -3.843708
v 0.982704 53.744156 0.962477
v -4.860357 58.626446 -4.068269
v 0.941924 53.244156 0.909333
v 2.983767 56.483532 -4.336573
v 0.982704 52.744156 0.962477
v -4.971187 58.376648 -4.181750
v 1.094115 52.378128 1.107671
v 1.246305 52.244156 1.306009
v 3.610221 58.500526 5.396651
v -4.997644 58.114082 -4.315615
v 1.398495 52.378128 1.504348
v -4.938708 57.848843 -4.464720
v 1.509906 52.744156 1.649542
v 2.790897 56.579250 -4.843873
v 1.845721 53.244156 1.443947
v -4.796644 57.591114 -4.623335
v 1.798354 53.744156 1.396580
v 1.224402 56.264893 4.209483
v 1.668945 54.110180 1.267170
v 3.583593 58.207890 5.385621
v 1.492168 54.244156 1.090394
v 1.315391 54.110180 0.913617
v -4.576914 57.350807 -4.785364
v 5.888369 61.606274 -0.187245
v 1.185982 53.744156 0.784207
v -4.287959 57.137157 -4.944582
v 1.138615 53.244156 0.736840
v 3.504732 57.926498 5.352956
v 1.185982 52.744156 0.784207
v 1.315391 52.378128 0.913617
v -3.940885 56.958370 -5.094869
v 1.492168 52.244156 1.090394
v -3.549030 56.821320 -5.230449
v 1.243617 56.424702 4.321382
v 1.668945 52.378128 1.267170
v 3.376668 57.667168 5.299910
v 1.798354 52.744156 1.396580
v 2.104462 53.244156 1.148910
v -3.064096 56.619385 4.455719
v 2.051318 53.744156 1.108130
v 3.204324 57.439865 5.228523
v 1.906124 54.110180 0.996719
v -1.139135 57.203075 6.818532
v 1.707786 54.244156 0.844529
v 2.994322 57.253319 5.141537
v 1.509447 54.110180 0.692339
v 3.024550 56.721615 -2.220418
v -4.648846 59.084942 -4.469591
v 1.364253 53.744156 0.580927
v -4.838527 58.871746 -4.588512
v 1.311109 53.244156 0.540148
v 1.517295 56.844120 4.615063
v 1.364253 52.744156 0.580927
v 3.048113 56.537167 -2.491087
v -4.948929 58.626755 -4.712185
v 1.707786 52.244156 0.844529
v 1.906124 52.378128 0.996719
v 2.754732 57.114704 5.042296
v -4.975813 58.359386 -4.835858
v 2.051318 52.744156 1.108130
v 2.322478 53.244156 0.822626
v 3.040021 56.410637 -2.847113
v 2.264465 53.744156 0.789132
v -4.918144 58.079910 -4.954778
v -4.778137 57.799072 -5.064376
v 2.105972 54.110180 0.697626
v 1.889465 54.244156 0.572626
v 4.479692 60.350525 1.754463
v 3.000587 56.346893 -3.274812
v 1.672959 54.110180 0.447626
v 1.514465 53.744156 0.356120
v -4.561175 57.527660 -5.160439
v 1.456453 53.244156 0.322626
v -4.275593 57.276108 -5.239276
v 2.494762 57.029346 4.934613
v 1.514465 52.744156 0.356120
v 2.931322 56.348389 -3.757748
v -3.932367 57.054085 -5.297857
v 1.889465 52.244156 0.572626
v -3.544688 56.870113 -5.333931
v 2.105972 52.378128 0.697626
v 1.668832 56.945992 4.686394
v 2.264465 52.744156 0.789132
v 2.834892 56.415058 -4.277363
v 2.496040 53.244156 0.470677
v 2.434152 53.744156 0.445042
v -2.974319 56.658817 4.483441
v 2.265070 54.110180 0.375006
v 2.715001 56.544342 -4.813688
v 1.841718 57.021690 4.739398
v 2.034101 54.244156 0.279335
v 4.027890 59.094772 2.644057
v 1.803131 54.110180 0.183664
v -4.551120 59.295338 -4.959650
v 1.634049 53.744156 0.113628
v 2.917311 59.747730 5.285613
v 1.572161 53.244156 0.087993
v 1.634049 52.744156 0.113628
v -4.734781 59.095100 -5.108755
v 3.106308 59.561184 5.411897
v 1.803131 52.378128 0.183664
v -4.843152 58.854485 -5.242620
v 2.034101 52.244156 0.279335
v 3.261414 59.333881 5.515535
v 2.265070 52.378128 0.375006
v 2.434152 52.744156 0.445042
v -4.872068 58.582737 -5.356102
v 4.027890 59.094772 -3.848754
v 2.622180 53.244156 0.099082
v 2.557475 53.744156 0.081744
v 3.376668 59.074551 5.592546
v -4.820418 58.290302 -5.444837
v 2.380698 54.110180 0.034377
v -2.245268 57.114704 5.042296
v 2.139217 54.244156 -0.030327
v -4.690186 57.988422 -5.505417
v 1.897735 54.110180 -0.095032
v -4.486379 57.688690 -5.535514
v 1.720958 53.744156 -0.142399
v 1.656254 53.244156 -0.159737
v -2.876905 56.683098 4.500513
v 2.662217 56.410465 -2.442821
v 1.720958 52.744156 -0.142399
v -4.216825 57.402630 -5.533970
v 1.897735 52.378128 -0.095032
v 2.139217 52.244156 -0.030327
v 3.447641 58.793159 5.639968
v 2.380698 52.378128 0.034377
v -3.891888 57.141232 -5.500846
v 2.557475 52.744156 0.081744
v 2.692724 56.296608 -2.803675
v -3.524052 56.914543 -5.437414
v 2.698737 53.244156 -0.285796
v 3.471606 58.500526 5.655981
v 2.632322 53.744156 -0.294539
v -2.505238 57.029346 4.934613
v 2.450875 54.110180 -0.318427
v 2.705234 56.249924 -3.237870
v 2.203014 54.244156 -0.351059
v -1.235109 57.383438 6.818532
v 1.955153 54.110180 -0.383690
v 2.699266 56.272198 -3.728724
v 1.773706 53.744156 -0.407578
v 1.707292 53.244156 -0.416322
v 2.675049 56.362576 -4.257370
v 1.773706 52.744156 -0.407578
v -4.379987 59.476971 -5.430875
v 3.447641 58.207890 5.639968
v 1.955153 52.378128 -0.383690
v 2.203014 52.244156 -0.351059
v -4.553108 59.287918 -5.609006
v -4.657918 59.051083 -5.752671
v 2.450875 52.378128 -0.318427
v 3.376668 57.926498 5.592546
v 2.632322 52.744156 -0.294539
v 2.633513 56.517586 -4.803496
v -4.690394 58.775558 -5.856352
v 2.275056 56.689472 4.503798
v -4.649285 58.471935 -5.916062
v 2.576257 56.731274 -5.346112
v -4.536170 58.151886 -5.929509
v -4.355400 57.827705 -5.896174
v 3.261414 57.667168 5.515535
v -4.113915 57.511852 -5.817339
v 2.224402 56.877644 4.678196
v -3.821002 57.216465 -5.696034
v 3.106308 57.439865 5.411897
v -3.487915 56.952896 -5.536920
v 2.917311 57.253319 5.285613
v 4.982321 60.350525 -3.109212
v 2.701686 57.114704 5.141537
v 2.374416 56.673206 4.492411
v 2.467719 57.029346 4.985205
v -2.392915 57.018974 4.739620
v -4.142024 59.622860 -5.865159
v -1.294209 57.579140 6.818532
v -4.300487 59.442799 -6.070039
v 5.888369 61.606274 -2.805138
v 2.334942 56.221710 -2.847114
v -4.400349 59.208992 -6.222736
v 2.400965 56.186226 -3.274812
v -4.437774 58.930435 -6.317386
v -4.411322 58.617828 -6.350347
v 2.813673 59.747730 5.411897
v 2.460203 56.222153 -3.757749
v -4.322010 58.283184 -6.320354
v 2.974402 59.561184 5.572625
v -4.173270 57.939365 -6.228561
v -3.970818 57.599583 -6.078494
v 2.468012 56.641308 4.470075
v 2.510380 56.328102 -4.277363
v -3.722435 57.276897 -5.875920
v 2.549566 56.500015 -4.813688
v -3.437665 56.983704 -5.628625
v 3.106308 59.333881 5.704532
v -2.220028 56.943378 4.686474
v -2.298314 57.114704 5.141537
v 3.204324 59.074551 5.802548
v 3.264681 58.793159 5.862906
v 2.779972 57.003174 4.604732
v -3.846375 59.727406 -6.245812
v -2.532281 57.029346 4.985205
v -3.986628 59.553780 -6.474139
v 3.285061 58.500526 5.883286
v -4.080341 59.322151 -6.634752
v -4.123915 59.041420 -6.721484
v 3.264681 58.207890 5.862906
v 0.724523 61.699776 6.975630
v -4.115674 58.722374 -6.731000
v -4.055933 58.377274 -6.662932
v -2.068491 56.841640 4.614950
v 1.980423 56.188824 -2.975761
v -3.946991 58.019382 -6.519901
v 3.204324 57.926498 5.802548
v -3.793031 57.662449 -6.307398
v 2.099472 56.158257 -3.384217
v -3.599973 57.320198 -6.033592
v -3.375235 57.005779 -5.709006
v 3.106308 57.667168 5.704532
v 2.223321 56.200176 -3.843708
v -0.275598 60.350525 7.192330
v 2.347213 56.312969 -4.336573
v 2.974402 57.439865 5.572625
v 2.552246 56.594997 4.437647
v -3.504403 59.786587 -6.558207
v 2.466384 56.492298 -4.843873
v -3.623592 59.616604 -6.805774
v 2.813673 57.253319 5.411897
v -3.710193 59.386208 -6.972885
v 2.931509 56.901302 4.533400
v 2.630299 57.114704 5.228523
v -3.760879 59.104244 -7.053120
v -3.773701 58.781551 -7.043394
v -1.314165 57.782665 6.818532
v -3.748166 58.430531 -6.944079
v 2.431326 57.029346 5.029551
v -3.685256 58.064674 -6.758996
v -1.294209 57.986191 6.818532
v -1.794813 56.422775 4.320479
v -3.587388 57.698036 -6.495254
v -3.458323 57.344711 -6.162990
v 2.623881 56.536053 4.396374
v -3.303022 57.018276 -5.774972
v 2.687389 59.747730 5.515535
v 2.813673 59.561184 5.704532
v 3.055871 56.777168 4.446482
v 1.812341 56.167091 -3.561881
v 2.917311 59.333881 5.859638
v 1.997724 56.207115 -3.983298
v -1.775598 56.263176 4.208279
v 2.994322 59.074551 5.974893
v -3.225330 59.628857 -7.052201
v 2.191819 56.317749 -4.432724
v -3.304129 59.398697 -7.224140
v -3.362617 59.116493 -7.299547
v -1.794813 56.103580 4.096079
v -3.398546 58.793091 -7.275523
v 2.387165 56.494736 -4.892890
v -3.410536 58.440918 -7.152991
v 3.041744 58.793159 6.045865
v 2.680164 56.466743 4.347842
v -3.398126 58.073505 -6.936661
v -2.369701 57.114704 5.228523
v -3.361790 57.704979 -6.634844
v -3.302929 57.349491 -6.259141
v 3.057757 58.500526 6.069830
v 2.663330 60.350525 5.689349
v -3.223803 57.020714 -5.823989
v 3.041744 58.207890 6.045865
v -2.568674 57.029346 5.029551
v 2.994322 57.926498 5.974893
v 2.917311 57.667168 5.859638
v 3.148282 56.635551 4.347318
v 2.813673 57.439865 5.704532
v 2.533790 61.606285 6.166647
v -2.807148 59.590061 -7.203950
v -2.877754 59.359142 -7.378862
v 1.550607 56.212383 -3.800977
v -2.944434 59.077702 -7.451297
v 1.792081 56.242702 -4.171155
v -3.004627 58.756550 -7.418468
v 2.687389 57.253319 5.515535
v -3.056017 58.408031 -7.281637
v 2.050169 56.342262 -4.562122
v 2.718933 56.389729 4.293917
v -3.096632 58.045540 -7.046066
v -3.124909 57.683002 -6.720802
v -1.851719 55.950115 3.988190
v 2.314953 56.507229 -4.958857
v -3.139763 57.334354 -6.318350
v -3.140621 57.012997 -5.854175
v 2.543313 57.114704 5.299910
v 2.386981 57.029346 5.065943
v 3.205187 56.481880 4.239719
v -1.235109 58.181892 6.818532
v -1.944129 55.808681 3.888760
v 2.738697 56.307972 4.236670
v -2.698235 58.333134 -7.325076
v -2.792363 57.981842 -7.083008
v 2.543313 59.747730 5.592546
v 2.630299 59.561184 5.802548
v -2.975094 57.299885 -6.338343
v -5.821455 61.606277 2.430669
v -3.056674 56.995422 -5.864367
v 3.224402 56.322075 4.127820
v 2.701686 59.333881 5.974892
v -2.068491 55.684715 3.801608
v 1.324327 56.292400 -4.092317
v 1.614294 56.305573 -4.400059
v 2.754732 59.074551 6.102955
v -2.220028 55.582977 3.730084
v 1.927707 56.385563 -4.719794
v 2.252522 56.529305 -5.039237
v 2.787397 58.793159 6.181817
v 2.798427 58.500526 6.208444
v 2.738697 56.224613 4.178301
v 2.787397 58.207890 6.181817
v -2.312611 57.253319 5.515535
v 2.754732 57.926498 6.102955
v -1.139135 58.362255 6.818532
v -2.456687 57.114704 5.299910
v 2.701686 57.667168 5.974892
v 3.205187 56.162266 4.015921
v 2.630299 57.439865 5.802548
v 2.543313 57.253319 5.592546
v -2.613019 57.029346 5.065943
v 1.471197 56.393303 -4.661213
v -2.392915 55.507381 3.676938
v 2.444072 57.114704 5.352955
v 1.829140 56.445995 -4.899680
v 2.202273 56.560112 -5.130942
v 2.336389 57.029346 5.092986
v -5.030888 60.350525 1.754463
v 2.718933 56.142853 4.121054
v -5.058727 59.094776 0.429763
v -2.580508 55.460827 3.644210
v 2.431326 59.561184 5.862906
v 3.148282 56.008598 3.908322
v -2.245268 59.074551 6.102955
v 2.467719 59.333881 6.045865
v 2.494762 59.074551 6.181817
v -1.009976 58.520344 6.818532
v -2.212603 58.793159 6.181817
v 2.511414 58.793159 6.265535
v 2.517037 58.500526 6.293803
v 1.368287 56.502525 -4.944582
v 2.680164 56.065842 4.067128
v 1.758254 56.521229 -5.094869
v 2.166136 56.598469 -5.230449
v -2.201573 58.500526 6.208444
v 2.511414 58.207890 6.265535
v -2.775598 55.445107 3.633159
v 2.494762 57.926498 6.181817
v 3.055871 55.866978 3.809158
v 2.467719 57.667168 6.045865
v 2.431326 57.439865 5.862906
v -2.298314 57.667168 5.974892
v 2.386981 57.253319 5.639968
v -2.369701 57.439865 5.802548
v -2.970688 55.460827 3.644210
v 2.336389 57.114704 5.385621
v 2.281492 57.029346 5.109638
v 2.623881 55.996529 4.018597
v 1.309520 56.629044 -5.239276
v -2.456687 57.253319 5.592546
v 1.717775 56.608376 -5.297857
v -3.214526 60.350525 5.689347
v 2.145500 56.642895 -5.333931
v -2.555928 57.114704 5.352955
v 2.224402 59.561184 5.883286
v -2.663611 57.029346 5.092986
v 2.931509 55.742844 3.722240
v 2.224402 59.333881 6.069830
v -3.158282 55.507381 3.676938
v 2.224402 59.074551 6.208445
v -4.703265 61.606285 4.548645
v 2.224402 58.793159 6.293803
v 2.224402 58.500526 6.322625
v 2.552246 55.937588 3.977324
v 2.224402 58.207890 6.293803
v -3.331168 55.582977 3.730084
v 1.297154 56.767998 -5.533970
v 1.709257 56.704090 -5.500846
v -2.532281 59.333881 6.045865
v 2.141157 56.691689 -5.437414
v 2.224402 57.926498 6.208445
v 2.224402 57.667168 6.069830
v -0.852595 58.650085 6.818532
v 2.224402 57.439865 5.883286
v -2.505238 59.074551 6.181817
v 2.779972 55.640972 3.650909
v 2.224402 57.253319 5.655981
v -3.482705 55.684715 3.801608
v 2.224402 57.114704 5.396650
v -2.488586 58.793159 6.265535
v 2.224402 57.029346 5.115261
v 2.224402 57.000526 4.822626
v 0.964607 57.066837 -5.896174
v -2.482963 58.500526 6.293803
v 2.468012 55.891273 3.944896
v 1.331665 56.914043 -5.817339
v -4.703265 61.606285 -7.541028
v 1.733029 56.804688 -5.696034
v -2.488586 58.207890 6.265535
v 2.153276 56.742973 -5.536920
v -3.607068 55.808681 3.888760
v -2.505238 57.926498 6.181817
v 1.981084 59.333881 6.045865
v 2.607085 55.565277 3.597905
v 1.954042 59.074551 6.181817
v 1.937389 58.793159 6.265535
v -2.532281 57.667168 6.045865
v -3.699478 55.950115 3.988190
v 1.931767 58.500526 6.293803
v 1.937389 58.207890 6.265535
v -2.568674 57.439865 5.862906
v 1.066505 57.254604 -6.228561
v 2.374416 55.859375 3.922559
v 1.411726 57.061569 -6.078494
v 1.954042 57.926498 6.181817
v 1.981084 57.667168 6.045865
v 1.788176 56.906303 -5.875920
v -2.613019 57.253319 5.639968
v 2.181390 56.794777 -5.628625
v -3.525168 60.350525 -7.044097
v 2.017478 57.439865 5.862906
v -2.663611 57.114704 5.385621
v 2.061822 57.253319 5.639968
v -2.718508 57.029346 5.109638
v 2.112415 57.114704 5.385621
v 2.167312 57.029346 5.109638
v -0.673041 58.746490 6.818532
v 2.419492 55.518661 3.565265
v -3.756383 56.103580 4.096079
v 2.275056 55.843113 3.911172
v 1.222462 57.437038 -6.519901
v -2.775598 59.561184 5.883286
v 1.534260 57.204906 -6.307398
v -3.775598 56.263176 4.208279
v 1.694072 59.074551 6.102955
v 1.872579 57.005039 -6.033592
v -2.775598 59.333881 6.069830
v 2.224418 56.845112 -5.709006
v 1.661407 58.793159 6.181817
v -2.775598 59.074551 6.208445
v 1.650377 58.500526 6.208444
v 2.224402 55.502922 3.554244
v -5.058727 59.094776 -1.687840
v 1.747118 57.667168 5.974892
v -2.775598 58.793159 6.293803
v 1.818505 57.439865 5.802548
v 2.173748 55.843113 3.911172
v 0.991450 58.183743 -7.043394
v 1.189074 57.892517 -6.944079
v -2.775598 58.500526 6.322625
v 1.426483 57.607132 -6.758996
v 1.905491 57.253319 5.592546
v 1.694559 57.338547 -6.495254
v -2.775598 58.207890 6.293803
v 2.004732 57.114704 5.352955
v 1.982994 57.097092 -6.162990
v 2.280707 56.892040 -5.774972
v 2.112415 57.029346 5.092986
v -3.756383 56.422775 4.320479
v -2.775598 57.926498 6.208445
v 2.029312 55.518661 3.565265
v -0.478212 58.805855 6.818532
v -2.775598 57.667168 6.069830
v -2.775598 57.439865 5.883286
v -3.699478 56.576241 4.428368
v -2.775598 57.253319 5.655981
v 1.179988 58.679352 -7.299547
v 2.074388 55.859375 3.922559
v 1.310573 58.381313 -7.275523
v -3.607068 56.717670 4.527799
v 1.476277 58.070328 -7.152991
v -2.775598 57.114704 5.396650
v 1.841718 55.565277 3.597905
v 1.670730 57.758347 -6.936661
v -2.775598 57.029346 5.115261
v 1.886462 57.457355 -6.634844
v 2.115180 57.178928 -6.259141
v -0.275598 59.782665 6.823409
v 1.761415 57.253319 5.515535
v 2.348095 56.933762 -5.823989
v -2.775598 57.000526 4.822626
v 1.905491 57.114704 5.299910
v 2.061822 57.029346 5.065943
v -3.482705 56.841640 4.614950
v 1.980792 55.891273 3.944896
v -5.533517 60.350525 -3.109212
v -2.982522 59.561184 5.862906
v 1.478567 59.131924 -7.378862
v 1.668832 55.640972 3.650909
v 1.561541 58.854847 -7.451297
v -3.018916 59.333881 6.045865
v -3.331168 56.943378 4.686474
v 1.669989 58.546627 -7.418468
v 1.799743 58.219105 -7.281637
v -3.045958 59.074551 6.181817
v -5.821455 61.606277 -5.423053
v 1.945815 57.884872 -7.046066
v 2.102595 57.556767 -6.720802
v 0.114583 59.744236 6.823409
v -3.062611 58.793159 6.265535
v 2.264055 57.247402 -6.318350
v 2.423990 56.968666 -5.854175
v 1.896558 55.937588 3.977324
v -3.068233 58.500526 6.293803
v 1.517295 55.742844 3.722240
v 1.818505 57.114704 5.228523
v -3.062611 58.207890 6.265535
v -3.045958 57.926498 6.181817
v 2.147040 58.333134 -7.325076
v 2.017478 57.029346 5.029551
v 2.241167 57.981842 -7.083008
v -3.158282 57.018974 4.739620
v 2.423898 57.299885 -6.338343
v -3.018916 57.667168 6.045865
v 2.505478 56.995422 -5.864367
v -2.982522 57.439865 5.862906
v 1.824923 55.996529 4.018597
v -2.938178 57.253319 5.639968
v 2.533790 61.606285 -9.159030
v -2.887585 57.114704 5.385621
v 0.489769 59.630424 6.823409
v -2.832688 57.029346 5.109638
v 1.392932 55.866978 3.809158
v 0.835542 59.445602 6.823409
v -2.724944 56.687199 4.503395
v -3.094509 59.747730 5.592546
v 1.747118 57.114704 5.141537
v 1.768640 56.065842 4.067128
v 1.981085 57.029346 4.985205
v 1.300522 56.008598 3.908322
v -3.181495 59.561184 5.802548
v -3.252882 59.333881 5.974892
v -2.775598 56.875046 4.678146
v 2.973972 60.350525 -7.044097
v -3.305928 59.074551 6.102955
v -3.338593 58.793159 6.181817
v 1.729871 56.142853 4.121054
v -3.349623 58.500526 6.208444
v -3.338593 58.207890 6.181817
v 1.138615 59.196880 6.823409
v 1.243617 56.162266 4.015921
v -3.305928 57.926498 6.102955
v -3.252882 57.667168 5.974892
v 1.694072 57.114704 5.042295
v 1.710107 56.224613 4.178301
v 1.954042 57.029346 4.934612
v -3.181495 57.439865 5.802548
v -3.094509 57.253319 5.592546
v -2.625584 56.670959 4.491977
v -2.995268 57.114704 5.352955
v 1.224402 56.322075 4.127820
v -2.887585 57.029346 5.092986
v 1.387341 58.893806 6.823409
v -1.051673 59.094769 -7.600317
v 1.710107 56.307972 4.236670
v -3.238585 59.747730 5.515535
v -3.364869 59.561184 5.704532
v -0.275598 60.350525 -8.547079
v -3.468507 59.333881 5.859637
v 1.243617 56.481880 4.239719
v 1.661407 57.114704 4.934612
v 1.937390 57.029346 4.879716
v -3.545518 59.074551 5.974892
v -2.531988 56.639099 4.469580
v 1.572161 58.548031 6.823409
v -3.592941 58.793159 6.045865
v -3.608953 58.500526 6.069829
v 1.729871 56.389729 4.293917
v -3.592941 58.207890 6.045865
v -2.220028 57.000710 4.604918
v -3.545518 57.926498 5.974892
v 0.724523 61.606281 -9.968013
v -3.468507 57.667168 5.859637
v 1.685972 58.172844 6.823409
v -3.364869 57.439865 5.704532
v 1.768640 56.466743 4.347842
v -3.238585 57.253319 5.515535
v 1.650377 57.114704 4.822626
v 1.724402 57.782665 6.823409
v 1.931767 57.029346 4.822626
v -3.094509 57.114704 5.299910
v -2.447754 56.592850 4.437065
v -2.938178 57.029346 5.065943
v 3.879655 62.862019 1.114026
v 1.824923 56.536053 4.396374
v 1.517295 56.901302 4.533400
v -3.364869 59.747730 5.411897
v -2.068491 56.898975 4.533395
v 3.165349 62.979206 3.072603
v -3.525598 59.561184 5.572625
v -2.376119 56.533985 4.395681
v -3.657504 59.333881 5.704532
v 1.896558 56.594997 4.437647
v 1.661407 57.114704 4.710639
v -3.755520 59.074551 5.802548
v 1.937390 57.029346 4.765535
v 1.668832 57.003174 4.604732
v -3.815878 58.793159 5.862905
v 1.685972 57.392487 6.823409
v -3.836257 58.500526 5.883285
v 1.572161 57.017300 6.823409
v -3.815878 58.207890 5.862905
v -3.755520 57.926498 5.802548
v 2.144259 62.862034 4.696859
v -3.657504 57.667168 5.704532
v 1.980792 56.641308 4.470075
v -3.525598 57.439865 5.572625
v -3.364869 57.253319 5.411897
v -2.319836 56.464764 4.347019
v 1.694072 57.114704 4.602956
v -3.181495 57.114704 5.228523
v 1.387341 56.671524 6.823409
v -0.127402 62.862034 5.804007
v -2.982522 57.029346 5.029551
v 2.074388 56.673206 4.492411
v 1.138615 56.368454 6.823409
v -3.468507 59.747730 5.285613
v -2.281067 56.387852 4.292948
v -3.657505 59.561184 5.411897
v 2.173748 56.689472 4.503798
v -3.812610 59.333881 5.515535
v -3.927864 59.074551 5.592546
v -1.589942 62.979214 5.390213
v -3.998837 58.793159 5.639968
v -1.794813 56.480110 4.238925
v -4.022801 58.500526 5.655981
v -3.998837 58.207890 5.639968
v 0.835542 56.119728 6.823409
v -3.927864 57.926498 5.592546
v 2.371062 56.865513 4.669701
v -2.935302 62.862034 4.435469
v -3.812610 57.667168 5.515535
v 2.512085 56.829582 4.644543
v -3.657505 57.439865 5.411897
v -3.468507 57.253319 5.285613
v 0.489769 55.934906 6.823409
v 2.642053 56.771236 4.603688
v -3.252882 57.114704 5.141537
v 2.755971 56.692719 4.548707
v -3.018915 57.029346 4.985205
v -2.261303 56.306206 4.235547
v 2.849461 56.597038 4.481713
v -4.339244 62.862026 1.536908
v -3.545517 59.747730 5.141537
v -3.755520 59.561184 5.228523
v -1.775598 56.320511 4.126724
v 2.918931 56.487881 4.405279
v -3.927864 59.333881 5.299910
v -4.055928 59.074551 5.352955
v 0.114583 55.821095 6.823409
v -4.134789 58.793159 5.385620
v 2.961709 56.369438 4.322344
v -4.161416 58.500526 5.396650
v -4.528837 62.979206 -0.677374
v -4.134789 58.207890 5.385620
v 2.976154 56.246258 4.236094
v -4.055928 57.926498 5.352955
v 2.961709 56.123081 4.149845
v -3.927864 57.667168 5.299910
v -2.261303 56.222954 4.177021
v -3.755520 57.439865 5.228523
v 2.918931 56.004639 4.066909
v -3.545517 57.253319 5.141537
v -0.275598 55.782665 6.823409
v -3.305928 57.114704 5.042295
v 2.849461 55.895481 3.990476
v -1.794813 56.160915 4.014524
v -3.045958 57.029346 4.934612
v -4.339244 62.862026 -2.891657
v 2.755971 55.799801 3.923482
v -3.592940 59.747730 4.985205
v -0.665779 55.821095 6.823409
v 2.642053 55.721279 3.868501
v -3.815878 59.561184 5.029551
v 2.512085 55.662933 3.827646
v -3.998837 59.333881 5.065943
v -2.281067 56.141304 4.119620
v -4.134789 59.074551 5.092986
v 2.371062 55.627007 3.802488
v -4.218507 58.793159 5.109638
v -4.246775 58.500526 5.115261
v -2.935302 62.862034 -5.790217
v -1.851719 56.007450 3.906636
v -4.218507 58.207890 5.109638
v -4.134789 57.926498 5.092986
v 2.224402 55.614872 3.793993
v -1.040965 55.934906 6.823409
v -3.998837 57.667168 5.065943
v -3.815878 57.439865 5.029551
v 2.077742 55.627007 3.802488
v -3.592940 57.253319 4.985205
v 1.936719 55.662933 3.827646
v -1.589942 62.979214 -6.744962
v -3.338593 57.114704 4.934612
v -3.062610 57.029346 4.879716
v 1.806751 55.721279 3.868501
v -2.319836 56.064392 4.065549
v -0.127402 63.230682 -7.158756
v 1.692833 55.799801 3.923482
v 1.599343 55.895481 3.990476
v -3.836258 59.561184 4.822626
v -1.944129 55.866016 3.807205
v -4.022801 59.333881 4.822625
v 1.529873 56.004639 4.066909
v -4.161417 59.074551 4.822626
v -1.386739 56.119728 6.823409
v -4.246776 58.793159 4.822625
v -4.275597 58.500526 4.822625
v 1.487094 56.123081 4.149845
v -1.689812 56.368454 6.823409
v -4.246776 58.207890 4.822625
v -4.161417 57.926498 4.822626
v 1.472650 56.246258 4.236094
v -2.376119 55.995174 4.016887
v -4.022801 57.667168 4.822625
v -3.836258 57.439865 4.822626
v 1.487094 56.369438 4.322344
v -3.608953 57.253319 4.822625
v -2.068491 55.742050 3.720053
v 1.529873 56.487881 4.405279
v -3.349623 57.114704 4.822626
v 2.144259 62.862034 -6.051608
v -3.068233 57.029346 4.822626
v 1.599343 56.597038 4.481713
v 3.165349 62.979206 -4.427351
v 1.692833 56.692719 4.548707
v -3.815878 59.561184 4.615701
v -2.447754 55.936310 3.975503
v -1.938537 56.671524 6.823409
v -3.998837 59.333881 4.579309
v 1.806751 56.771236 4.603688
v -4.134789 59.074551 4.552266
v -4.218507 58.793159 4.535613
v 1.936719 56.829582 4.644543
v -4.246775 58.500526 4.529990
v 3.879655 62.862019 -2.468775
v -4.218507 58.207890 4.535613
v -2.220028 55.640312 3.648530
v 2.077742 56.865513 4.669701
v -4.134789 57.926498 4.552266
v -3.998837 57.667168 4.579309
v -2.123357 57.017300 6.823409
v -3.815878 57.439865 4.615701
v -3.592940 57.253319 4.660046
v -2.531988 55.890060 3.942988
v -3.338593 57.114704 4.710639
v 1.755275 56.983841 4.712896
v -3.062610 57.029346 4.765535
v 0.112435 65.190277 1.114021
v -2.392915 55.564713 3.595383
v 1.593063 56.895058 4.650728
v -2.237169 57.392487 6.823409
v 1.455114 56.782055 4.571604
v -3.927864 59.333881 4.345341
v -2.275598 57.782665 6.823409
v -4.055927 59.074551 4.292296
v -2.625584 55.858200 3.920591
v -4.134789 58.793159 4.259630
v -4.161416 58.500526 4.248601
v 1.272070 56.501534 4.375181
v -4.134789 58.207890 4.259630
v 1.234009 56.344795 4.265432
v 0.536680 64.603798 3.072590
v -4.055927 57.926498 4.292296
v -3.927864 57.667168 4.345341
v -2.580508 55.518162 3.562655
v -3.755520 57.439865 4.416729
v 1.234009 56.184990 4.153533
v -3.545517 57.253319 4.503715
v 0.888509 63.638123 4.696848
v -3.305928 57.114704 4.602956
v 1.272070 56.028252 4.043784
v 1.346727 55.880608 3.940403
v -2.237169 58.172844 6.823409
v 1.455114 55.747730 3.847362
v 3.491610 63.638100 -0.677374
v -2.724944 55.841961 3.909174
v 1.593063 55.634727 3.768237
v -3.927864 59.074551 4.052706
v 1.755275 55.545944 3.706069
v -2.775598 55.502441 3.551605
v -3.998837 58.793159 4.005283
v -2.123357 58.548031 6.823409
v -4.022801 58.500526 3.989271
v -3.998837 58.207890 4.005283
v 1.935515 55.484787 3.663247
v -3.927864 57.926498 4.052706
v 2.126857 55.453609 3.641417
v -1.938537 58.893806 6.823409
v -3.812610 57.667168 4.129716
v -3.657505 57.439865 4.233355
v 2.321947 55.453609 3.641417
v -3.468507 57.253319 4.359639
v -2.826252 55.841961 3.909174
v 2.513289 55.484787 3.663247
v 2.353051 64.603783 -0.677374
v 2.693529 55.545944 3.706069
v 0.980137 65.190269 -0.677374
v 2.855741 55.634727 3.768237
v -2.970688 55.518162 3.562655
v 2.993690 55.747730 3.847362
v -1.689812 59.196880 6.823409
v 3.102077 55.880608 3.940403
v -3.836257 58.500526 3.761966
v -2.925612 55.858200 3.920591
v -3.815877 58.207890 3.782346
v 3.176734 56.028252 4.043784
v -3.755520 57.926498 3.842704
v -1.291503 65.190277 0.429760
v 3.214795 56.184990 4.153533
v -3.657504 57.667168 3.940719
v -1.386739 59.445602 6.823409
v -3.525598 57.439865 4.072626
v -3.364868 57.253319 4.233355
v -3.158282 55.564713 3.595383
v 3.214795 56.344795 4.265432
v -2.402212 64.603798 1.640211
v 3.176734 56.501534 4.375181
v 3.102077 56.649178 4.478563
v -3.019208 55.890060 3.942988
v -1.040965 59.630424 6.823409
v 2.993690 56.782055 4.571604
v 2.855741 56.895058 4.650728
v -0.665779 59.744236 6.823409
v -3.331168 55.640312 3.648530
v 2.693529 56.983841 4.712896
v -3.545517 57.926498 3.670360
v -3.468507 57.667168 3.785614
v -3.323332 63.638119 2.644048
v -3.364869 57.439865 3.940719
v -3.103442 55.936310 3.975503
v -1.291503 65.190277 -1.784508
v -3.482705 55.742050 3.720053
v 2.693529 57.041023 4.631234
v -2.402212 64.603798 -2.994960
v -0.174291 58.815876 6.818532
v 2.855741 56.952236 4.569066
v -0.275598 59.324226 6.888383
v 2.993690 56.839237 4.489941
v -3.175077 55.995174 4.016887
v 3.102077 56.706360 4.396900
v -3.607068 55.866016 3.807205
v 3.176734 56.558716 4.293519
v -3.323332 63.638119 -3.998797
v 3.214795 56.401978 4.183770
v 3.214795 56.242168 4.071870
v 0.112435 65.190277 -2.468770
v 3.176734 56.085430 3.962121
v 0.536680 64.603798 -4.427339
v 3.102077 55.937786 3.858740
v -3.231360 56.064392 4.065549
v 2.993690 55.804913 3.765699
v 0.024430 58.776173 6.818532
v -3.699478 56.007450 3.906636
v 2.855741 55.691910 3.686575
v 0.888509 63.638123 -6.051597
v 2.693529 55.603127 3.624407
v 0.489769 59.630424 6.624025
v 2.513289 55.541969 3.581585
v -3.270129 56.141304 4.119620
v 2.321947 55.510792 3.559754
v 1.533404 64.822670 -2.648847
v 2.126857 55.510792 3.559754
v -3.756383 56.160915 4.014524
v 1.935515 55.541969 3.581585
v 1.755275 55.603127 3.624407
v 2.915370 63.968575 -2.648855
v 1.960448 63.968582 -4.620336
v 1.593063 55.691910 3.686575
v 1.455114 55.804913 3.765699
v -3.289893 56.222954 4.177021
v -3.775598 56.320511 4.126724
v 1.346727 55.937786 3.858740
v 0.211622 58.698288 6.818532
v 1.272070 56.085430 3.962121
v 0.835542 59.445602 6.624025
v 1.234009 56.242168 4.071870
v -0.966585 64.822678 -3.867271
v 1.234009 56.401978 4.183770
v -3.289893 56.306206 4.235547
v -0.539546 63.968586 -5.838761
v -3.756383 56.480110 4.238925
v 1.593063 56.952236 4.569066
v -2.084616 63.968586 -5.085712
v -3.270129 56.387852 4.292948
v 1.755275 57.041023 4.631234
v 0.380089 58.585213 6.818532
v -3.699478 56.633572 4.346813
v 2.151072 56.871578 4.673948
v 1.138615 59.196880 6.624025
v 2.007231 56.847549 4.657122
v -2.511647 64.822670 -0.677374
v -3.231360 56.464764 4.347019
v 1.871735 56.800411 4.624115
v -3.629681 63.968578 -1.895802
v 1.749792 56.731976 4.576198
v -3.607068 56.775005 4.446244
v 1.646088 56.644878 4.515210
v -3.629681 63.968578 0.541053
v 1.564608 56.542458 4.443496
v 0.523359 58.441299 6.818532
v 1.508484 56.428658 4.363811
v -3.175077 56.533985 4.395681
v 1.479872 56.307846 4.279219
v 1.479872 56.184669 4.192970
v 1.387341 58.893806 6.624025
v -3.482705 56.898975 4.533395
v 1.508484 56.063858 4.108377
v -0.966585 64.822678 2.512522
v 1.564608 55.950058 4.028693
v -2.084617 63.968586 3.730963
v 1.646088 55.847641 3.956979
v 1.749792 55.760540 3.895991
v -3.103442 56.592850 4.437065
v 0.635926 58.272076 6.818532
v 1.871735 55.692108 3.848073
v 2.007231 55.644970 3.815067
v -3.331168 57.000710 4.604918
v -0.539546 63.968586 4.484012
v 2.151072 55.620937 3.798240
v 2.297732 55.620937 3.798240
v 1.533404 64.822670 1.294098
v 2.441573 55.644970 3.815067
v 1.572161 58.548031 6.624025
v -3.019208 56.639099 4.469580
v 2.577069 55.692108 3.848073
v 2.699012 55.760540 3.895991
v 1.960448 63.968582 3.265587
v 2.802716 55.847641 3.956979
v 2.915370 63.968575 1.294106
v 2.884196 55.950058 4.028693
v -2.925612 56.670959 4.491977
v 2.940320 56.063858 4.108377
v 2.968932 56.184669 4.192970
v 0.713463 58.084042 6.818532
v 2.968932 56.307846 4.279219
v 5.277392 61.732506 -5.267562
v 2.940320 56.428658 4.363811
v 2.884196 56.542458 4.443496
v 1.685972 58.172848 6.624025
v 2.802716 56.644878 4.515210
v -2.826252 56.687199 4.503395
v 2.699012 56.731976 4.576198
v 4.197062 60.350525 -5.303045
v 2.577069 56.800411 4.624115
v 2.441573 56.847549 4.657122
v 4.046799 61.732513 -7.598432
v -2.628938 56.862930 4.669629
v 2.297732 56.871578 4.673948
v 0.752991 57.884426 6.818532
v -2.487915 56.827045 4.644403
v -1.166071 61.732510 -9.929289
v -2.357947 56.768776 4.603438
v 1.724402 57.782665 6.624025
v -1.983994 60.350521 -8.161909
v -2.244029 56.690361 4.548310
v -2.150539 56.594810 4.481135
v -3.157202 61.732510 -9.038977
v 0.752991 57.680904 6.818532
v -2.081069 56.485794 4.404495
v 1.685972 57.392487 6.624025
v -2.038291 56.367508 4.321337
v -2.023846 56.244492 4.234856
v -6.378912 61.732506 -2.936719
v -5.804093 60.350529 -0.677372
v -2.038291 56.121479 4.148374
v -2.081069 56.003193 4.065215
v 0.713463 57.481289 6.818532
v -6.378911 61.732510 -0.055662
v -2.150539 55.894176 3.988576
v -3.157207 61.732510 6.046591
v -2.244029 55.798626 3.921402
v -2.357947 55.720207 3.866273
v 1.572161 57.017300 6.624025
v -2.487915 55.661942 3.825308
v -1.820684 60.350521 6.807158
v -2.628938 55.626057 3.800083
v -1.166076 61.732510 7.048890
v 0.635926 57.293255 6.818532
v -2.775598 55.613941 3.791565
v 4.046798 61.732506 4.606054
v -2.922258 55.626057 3.800083
v 1.387341 56.671524 6.624025
v -3.063281 55.661942 3.825308
v 3.769495 60.350517 3.948304
v -3.193249 55.720207 3.866273
v 5.277390 61.732498 2.275192
v -3.307167 55.798626 3.921402
v -3.400657 55.894176 3.988576
v 0.523359 57.124031 6.818532
v -3.470127 56.003193 4.065215
v 1.432802 60.350525 -8.161907
v 1.138615 56.368454 6.624025
v -3.512906 56.121479 4.148374
v -3.527350 56.244492 4.234856
v 0.415398 58.968536 -7.568354
v -3.512906 56.367508 4.321337
v -3.470127 56.485794 4.404495
v 0.380089 56.980118 6.818532
v 0.835542 56.119728 6.624025
v -3.400657 56.594810 4.481135
v -4.748253 60.350525 -5.303054
v -3.307167 56.690361 4.548310
v -3.193249 56.768776 4.603438
v -3.063281 56.827045 4.644403
v -4.584613 58.968544 -3.720422
v -2.922258 56.862930 4.669629
v 0.211622 56.867043 6.818532
v 0.489769 55.934906 6.624025
v -4.320691 60.350525 3.948305
v -4.584613 58.968544 2.512555
v -3.244725 56.981174 4.713047
v -3.406937 56.892509 4.650712
v 0.024430 56.789158 6.818532
v -3.544886 56.779655 4.571374
v -3.653273 56.646957 4.478083
v 1.269488 60.350525 6.807159
v -3.727931 56.499508 4.374424
v 0.114583 55.821095 6.624025
v -3.765991 56.342976 4.264379
v -3.765991 56.183380 4.152179
v -0.174291 56.749451 6.818532
v -3.727931 56.026848 4.042134
v -0.275598 55.782665 6.624025
v 5.252897 60.350525 -0.677374
v -3.653273 55.879398 3.938475
v 4.460468 58.968544 0.541057
v -3.544886 55.746696 3.845184
v -0.376905 56.749451 6.818532
v -3.406937 55.633846 3.765846
v 4.460468 58.968544 -1.796451
v -3.244725 55.545177 3.703511
v -0.665779 55.821095 6.624025
v -3.064485 55.484104 3.660574
v -2.873143 55.452969 3.638685
v 0.415386 55.878380 -3.867284
v -2.678053 55.452969 3.638685
v -0.011652 56.732471 -5.838771
v -2.486711 55.484104 3.660574
v -2.306471 55.545177 3.703511
v -0.575626 56.789158 6.818532
v -2.144259 55.633846 3.765846
v -2.006310 55.746696 3.845184
v -1.040965 55.934906 6.624025
v -1.897923 55.879398 3.938475
v -2.084604 55.878380 -2.648844
v -1.823266 56.026848 4.042134
v -0.762818 56.867043 6.818532
v -1.785205 56.183380 4.152179
v -1.785205 56.342976 4.264379
v -3.466571 56.732479 1.294103
v -1.386739 56.119728 6.624025
v -1.823266 56.499508 4.374424
v -2.084604 55.878384 1.294108
v -2.006310 56.779655 4.571374
v -0.931286 56.980118 6.818532
v -2.144259 56.892509 4.650712
v -2.306471 56.981174 4.713047
v 3.078487 56.732471 -1.895800
v -1.689812 56.368454 6.624025
v 3.078489 56.732475 0.541058
v -1.074556 57.124031 6.818532
v -2.306471 57.038509 4.631492
v -1.938537 56.671524 6.624025
v 0.415395 55.878380 2.512530
v -2.144259 56.949844 4.569158
v -1.187122 57.293255 6.818532
v -2.123357 57.017300 6.624025
v -1.785205 56.400311 4.182825
v -1.264659 57.481289 6.818532
v -1.785205 56.240715 4.070624
v -2.237169 57.392487 6.624025
v -1.823266 56.084183 3.960580
v -1.304187 57.680904 6.818532
v -2.275598 57.782665 6.624025
v -1.897923 55.936733 3.856920
v -1.304187 57.884426 6.818532
v -2.006310 55.804031 3.763629
v -2.237169 58.172848 6.624025
v -2.144259 55.691181 3.684292
v -2.306471 55.602512 3.621957
v -1.264659 58.084042 6.818532
v -2.123357 58.548031 6.624025
v -2.486711 55.541439 3.579020
v -1.187122 58.272076 6.818532
v -2.678053 55.510303 3.557130
v -1.938537 58.893806 6.624025
v -2.873143 55.510303 3.557130
v -1.074556 58.441299 6.818532
v -3.064485 55.541439 3.579020
v -1.689812 59.196880 6.624025
v -3.244725 55.602512 3.621957
v -0.931286 58.585213 6.818532
v -3.406937 55.691181 3.684292
v -1.386739 59.445602 6.624025
v -3.544886 55.804031 3.763629
v -3.653273 55.936733 3.856920
v -0.762818 58.698288 6.818532
v -1.040965 59.630424 6.624025
v -3.727931 56.084183 3.960580
v -3.765991 56.240715 4.070624
v -0.575626 58.776173 6.818532
v -3.765991 56.400311 4.182825
v -0.376905 58.815876 6.818532
v 0.017721 59.294605 6.888383
v -3.727931 56.556843 4.292869
v 0.299768 59.206882 6.888383
v -3.653273 56.704288 4.396529
v -3.544886 56.836990 4.489820
v 0.559704 59.064426 6.888383
v -3.406937 56.949844 4.569158
v 0.787540 58.872711 6.888383
v 0.974520 58.639111 6.888383
v -3.244725 57.038509 4.631492
v 1.113459 58.372597 6.888383
v 1.199017 58.083408 6.888383
v 1.227906 57.782665 6.888383
v -2.848928 56.868988 4.673888
v 1.199017 57.481922 6.888383
v -2.992769 56.844986 4.657016
v 1.113459 57.192734 6.888383
v -3.128265 56.797913 4.623921
v -3.250208 56.729568 4.575874
v 0.974520 56.926220 6.888383
v 0.787540 56.692619 6.888383
v -3.353912 56.642586 4.514722
v 0.559704 56.500904 6.888383
v -3.435392 56.540302 4.442815
v 0.299768 56.358448 6.888383
v -3.491516 56.426651 4.362916
v -3.520128 56.306000 4.278097
v 0.017721 56.270725 6.888383
v -3.520128 56.182987 4.191615
v -0.275598 56.241104 6.888383
v -3.491516 56.062336 4.106794
v -0.568917 56.270725 6.888383
v -0.850964 56.358448 6.888383
v -3.435392 55.948685 4.026896
v -1.110900 56.500904 6.888383
v -3.353912 55.846401 3.954989
v -1.338736 56.692619 6.888383
v -3.250208 55.759418 3.893837
v -3.128265 55.691074 3.845791
v -1.525716 56.926220 6.888383
v -2.992769 55.643997 3.812696
v -1.664655 57.192734 6.888383
v -1.750213 57.481922 6.888383
v -2.848928 55.619999 3.795824
v -1.779103 57.782665 6.888383
v -2.702268 55.619999 3.795824
v -1.750213 58.083408 6.888383
v -2.558427 55.643997 3.812696
v -2.422931 55.691074 3.845791
v -1.664655 58.372597 6.888383
v -2.300988 55.759418 3.893837
v -1.525716 58.639111 6.888383
v -2.197284 55.846401 3.954989
v -1.338736 58.872711 6.888383
v -2.115804 55.948685 4.026896
v -1.110900 59.064426 6.888383
v -2.059680 56.062336 4.106794
v -0.850964 59.206882 6.888383
v -0.568917 59.294605 6.888383
v -2.031068 56.182987 4.191615
v -0.470688 59.763451 6.823409
v -2.031068 56.306000 4.278097
v -0.853372 59.687328 6.823409
v -2.059680 56.426651 4.362916
v -1.213852 59.538013 6.823409
v -2.115804 56.540302 4.442815
v -1.538275 59.321243 6.823409
v -2.197284 56.642586 4.514722
v -1.814174 59.045341 6.823409
v -2.300988 56.729568 4.575874
v -2.422931 56.797913 4.623921
v -2.030947 58.720921 6.823409
v -2.180263 58.360439 6.823409
v -2.558427 56.844986 4.657016
v -2.256383 57.977757 6.823409
v -2.702268 56.868988 4.673888
v -2.256383 57.587574 6.823409
v -2.180263 57.204891 6.823409
v -2.030947 56.844414 6.823409
v -1.814174 56.519989 6.823409
v -1.538275 56.244087 6.823409
v -1.213852 56.027317 6.823409
v -0.853372 55.878002 6.823409
v -0.470688 55.801880 6.823409
v -0.080508 55.801880 6.823409
v 0.302176 55.878002 6.823409
v 0.662656 56.027317 6.823409
v 0.987079 56.244087 6.823409
v 1.262978 56.519989 6.823409
v 1.479751 56.844414 6.823409
v 1.629067 57.204891 6.823409
v 1.705187 57.587574 6.823409
v 1.705187 57.977757 6.823409
v 1.629067 58.360439 6.823409
v 1.479751 58.720921 6.823409
v 1.262978 59.045341 6.823409
v 0.987079 59.321243 6.823409
v 0.662656 59.538013 6.823409
v 0.302176 59.687328 6.823409
v -0.080508 59.763451 6.823409
v 0.302176 59.687328 6.624025
v 0.662656 59.538013 6.624025
v 0.987079 59.321243 6.624025
v 1.262978 59.045341 6.624025
v 1.479751 58.720921 6.624025
v 1.629067 58.360439 6.624025
v 1.705187 57.977757 6.624025
v 1.705187 57.587574 6.624025
v 1.629067 57.204891 6.624025
v 1.479751 56.844414 6.624025
v 1.262978 56.519989 6.624025
v 0.987079 56.244087 6.624025
v 0.662656 56.027317 6.624025
v 0.302176 55.878002 6.624025
v -0.080508 55.801880 6.624025
v -0.470688 55.801880 6.624025
v -0.853372 55.878002 6.624025
v -1.213852 56.027317 6.624025
v -1.538275 56.244087 6.624025
v -1.814174 56.519989 6.624025
v -2.030947 56.844414 6.624025
v -2.180263 57.204891 6.624025
v -2.256383 57.587574 6.624025
v -2.256383 57.977757 6.624025
v -2.180263 58.360439 6.624025
v -2.030947 58.720921 6.624025
v -1.814174 59.045341 6.624025
v -1.538275 59.321243 6.624025
v -1.213852 59.538013 6.624025
v -0.853372 59.687328 6.624025
v -0.422258 59.309414 6.888383
v -0.709941 59.250744 6.888383
v -0.980932 59.135654 6.888383
v -1.224818 58.968571 6.888383
v -1.432226 58.755913 6.888383
v -1.595186 58.505852 6.888383
v -1.707434 58.228001 6.888383
v -1.764658 57.933037 6.888383
v -1.764658 57.632294 6.888383
v -1.707434 57.337330 6.888383
v -1.595186 57.059479 6.888383
v -1.432226 56.809418 6.888383
v -1.224818 56.596760 6.888383
v -0.980932 56.429676 6.888383
v -0.709941 56.314587 6.888383
v -0.422258 56.255917 6.888383
v -0.128938 56.255917 6.888383
v 0.158745 56.314587 6.888383
v 0.429736 56.429676 6.888383
v 0.673622 56.596760 6.888383
v 0.881030 56.809418 6.888383
v 1.043990 57.059479 6.888383
v 1.156238 57.337330 6.888383
v 1.213462 57.632294 6.888383
v 1.213462 57.933037 6.888383
v 1.156238 58.228001 6.888383
v 1.043990 58.505852 6.888383
v 0.881030 58.755913 6.888383
v 0.673622 58.968571 6.888383
v 0.429736 59.135654 6.888383
v 0.158745 59.250744 6.888383
v -0.128938 59.309414 6.888383
v -1.814174 59.045341 6.091938
v -1.773614 59.094765 6.136435
v -1.689812 59.196880 6.205092
v -1.296169 59.494015 6.477881
v -1.386739 59.445602 6.420553
v -1.538275 59.321243 6.312823
v -1.213852 59.538013 6.502692
v -0.665779 59.744236 6.657527
v -0.788138 59.707119 6.624025
v -0.649289 59.745861 6.661639
v -0.853372 59.687328 6.606164
v -1.040965 59.630424 6.554801
v -0.470688 59.763451 6.666415
v -0.080508 59.763451 6.666631
v 0.023039 59.753250 6.663976
v -0.275598 59.782665 6.671632
v 0.114583 59.744236 6.640903
v 0.174409 59.726086 6.624025
v 0.489769 59.630424 6.535057
v 0.741349 59.495953 6.455542
v 0.662656 59.538013 6.480413
v 0.302176 59.687328 6.587980
v 0.987079 59.321243 6.283151
v 0.835542 59.445602 6.394468
v 1.326011 58.968536 6.011719
v 1.262978 59.045341 6.065576
v 1.138615 59.196880 6.171834
v -1.269911 56.057281 2.747782
v -1.213852 56.027317 2.678899
v -1.040965 55.934906 2.466463
v -0.950611 55.907497 2.438894
v -1.682751 56.362659 3.153229
v -1.538275 56.244087 2.977600
v -1.386739 56.119728 2.793388
v -1.814174 56.519989 3.363451
v -1.689812 56.368450 3.159340
v -0.853372 55.878002 2.350030
v -0.470688 55.801880 2.137448
v -0.665779 55.821095 2.178595
v -0.267487 55.783463 2.100071
v -0.293482 55.784428 2.100071
v 0.302176 55.878002 2.496847
v 0.339737 55.889397 2.540718
v 0.114583 55.821095 2.277743
v -0.080508 55.801880 2.187022
v 0.400649 55.907871 2.580609
v 0.489143 55.934715 2.592901
v 0.489769 55.934906 2.592783
v 0.662656 56.027317 2.671092
v 0.835542 56.119728 2.749402
v 0.987079 56.244087 2.938423
v 1.138615 56.368450 3.127443
v -3.695961 57.640373 2.926149
v -3.699478 57.640297 2.914814
v -3.727931 57.622154 2.777532
v -3.775598 57.534782 2.399508
v -3.765991 57.569397 2.519878
v -3.756383 57.604012 2.640249
v -3.756383 57.435268 2.201840
v -3.701424 57.313606 2.059871
v -3.727931 57.372284 2.128342
v -3.685361 57.286755 2.040993
v -3.607068 57.161709 1.964168
v -3.559076 57.098602 1.952255
v -3.653273 57.235504 2.009506
v -3.765991 57.485023 2.300674
v -3.156840 56.732475 1.933559
v -3.064485 56.682217 1.956338
v -2.970688 56.631172 1.979471
v -2.486711 56.431774 2.312575
v -2.392915 56.401505 2.405105
v -2.339841 56.388855 2.472424
v -2.678053 56.500820 2.148185
v -2.580508 56.462044 2.220045
v -2.873143 56.585384 2.027898
v -2.775598 56.539593 2.076326
v -3.653273 57.653931 3.045727
v -3.639259 57.658382 3.084981
v -3.544886 57.082737 1.944757
v -3.406937 56.942516 1.904352
v -3.331168 56.871811 1.896803
v -3.158282 56.733475 1.932899
v -3.244725 56.802643 1.914851
v -3.482705 57.013218 1.911901
v -3.607068 57.678429 3.161185
v -3.482705 57.708073 3.382507
v -3.544886 57.693253 3.271846
v -3.406937 57.708374 3.490200
v -3.331168 57.708672 3.597893
v -2.306471 56.387138 2.505881
v -2.144259 56.387543 2.693764
v -2.220028 56.382687 2.592550
v -1.897923 56.442894 3.136940
v -1.881052 56.451130 3.180109
v -1.944129 56.420341 3.018715
v -2.006310 56.406368 2.906847
v -2.068491 56.392395 2.794978
v -1.851719 56.473042 3.244363
v -1.823266 56.515213 3.347467
v -1.817396 56.523914 3.368738
v -2.182506 57.212288 4.250424
v -1.823266 56.531067 4.329533
v -1.844614 56.557079 4.414898
v -1.814174 56.519989 3.392786
v -1.814174 56.519989 4.293179
v -1.858230 56.573669 4.427690
v -1.912513 56.639812 4.475722
v -1.938537 56.671524 4.498748
v -1.805830 56.509819 4.259812
v -1.794813 56.496395 4.215757
v -1.785205 56.484688 4.062801
v -1.794813 56.496395 3.537324
v -1.775598 56.472984 3.909845
v -1.785205 56.484688 3.723584
v -2.030947 56.844410 4.531463
v -2.123357 57.017300 4.443379
v -2.050555 56.881096 4.520826
v -2.068491 56.914650 4.511095
v -1.958599 56.709057 4.524527
v -1.984958 56.758373 4.556411
v -2.006310 56.798317 4.544828
v -2.180263 57.204891 4.257743
v -2.144259 57.086205 4.375192
v 3.148282 57.667244 2.873908
v 3.104262 57.675289 3.006000
v 3.176734 57.641521 2.747111
v 3.205187 57.615803 2.620313
v 3.224402 57.531792 2.400166
v 3.190384 57.382446 2.188242
v 3.205187 57.418434 2.221925
v 3.214795 57.475113 2.311045
v 3.214795 57.573795 2.510239
v 3.176734 57.354828 2.149238
v 3.102077 57.228931 2.014793
v 3.148282 57.297253 2.067931
v 2.877374 56.949413 1.921628
v 2.931509 57.007732 1.915797
v 2.993690 57.084171 1.938726
v 3.055871 57.160614 1.961654
v 2.265505 56.531792 2.091922
v 2.321947 56.564587 2.054781
v 2.419492 56.621258 1.990593
v 2.513289 56.682236 1.953114
v 2.693529 56.806152 1.906305
v 2.855741 56.931572 1.916153
v 2.779972 56.869091 1.896976
v 2.607085 56.743214 1.915635
v 1.630366 57.209175 4.255495
v 1.593063 56.383057 2.699515
v 1.668832 56.375847 2.601399
v 1.711228 56.376846 2.560465
v 1.455114 56.406437 2.906630
v 1.517295 56.390263 2.797631
v 1.272070 56.503571 3.364959
v 1.260321 56.516750 3.413660
v 1.300522 56.471649 3.247016
v 1.392932 56.422611 3.015629
v 1.346727 56.447132 3.131323
v 1.755275 56.383736 2.509579
v 1.841718 56.397255 2.409714
v 2.029312 56.445763 2.241230
v 2.126857 56.479813 2.175848
v 2.224402 56.513866 2.110466
v 1.935515 56.421509 2.325472
v 2.855741 57.716839 3.477103
v 2.779972 57.711205 3.593560
v 2.993690 57.712288 3.243091
v 2.931509 57.722473 3.360646
v 3.055871 57.702106 3.125535
v 3.102077 57.676498 3.011398
v 1.572161 57.017300 4.446241
v 1.593063 57.086205 4.377741
v 1.629067 57.204891 4.259752
v 1.479751 56.844410 4.534889
v 1.387341 56.671524 4.497811
v 1.408340 56.710812 4.524678
v 1.436478 56.763454 4.558579
v 1.455114 56.798317 4.548377
v 1.501998 56.886032 4.522709
v 1.517295 56.914650 4.514334
v 1.243617 56.496395 4.218991
v 1.253411 56.508331 4.258239
v 1.262978 56.519989 4.296576
v 1.234009 56.484688 4.065646
v 1.234009 56.484688 3.725516
v 1.243617 56.496395 3.538732
v 1.224402 56.472984 3.912299
v 1.362616 56.641396 4.476006
v 1.272070 56.531067 4.333007
v 1.291998 56.555347 4.412862
v 1.308354 56.575279 4.428172
v -2.065012 59.094765 5.994414
v -2.043182 59.074551 5.994939
v -1.996044 59.017387 5.989310
v -1.923968 58.911560 5.971488
v -2.342968 59.333881 5.988437
v -2.337782 59.327843 5.990221
v -2.563596 59.529472 5.888432
v -2.775598 59.655735 5.768076
v -2.801467 59.667027 5.751770
v -2.606352 59.561184 5.866616
v -2.105062 59.141510 5.987627
v -2.290668 59.296501 5.993351
v -3.866531 59.333881 4.230596
v -3.847245 59.403641 4.315380
v -3.887110 58.968540 3.952600
v -3.892559 59.074551 4.009687
v -3.887149 59.166161 4.079911
v -3.377393 59.808380 5.216520
v -3.449151 59.803482 5.101620
v -3.608345 59.747730 4.828795
v -3.526542 59.783916 4.971998
v -3.818336 59.478336 4.390710
v -3.705858 59.653244 4.637585
v -3.777270 59.561184 4.488428
v -3.611694 59.745480 4.822625
v -3.278043 59.813362 5.325070
v -3.372910 59.809185 5.221737
v -2.952339 59.747730 5.635673
v -3.069036 59.783310 5.531048
v -2.939459 59.742340 5.646411
v -3.178869 59.805183 5.426164
v -3.825315 58.657639 3.772908
v -3.859735 58.793159 3.835786
v -3.680029 58.245998 3.666027
v -3.778401 58.500526 3.714485
v -3.660813 58.207890 3.655088
v -3.346238 57.764336 3.661652
v -3.478155 57.926498 3.634354
v -3.567562 58.057304 3.637368
v -3.275327 57.699478 3.662871
v -2.189827 57.236420 4.278689
v -2.210420 57.234879 4.258121
v -2.231361 57.373341 5.637134
v -2.237169 57.392487 5.666561
v -2.180263 57.204891 5.262375
v -2.180263 57.204891 4.382876
v -2.193345 57.248016 5.404880
v -2.194953 57.253319 5.418976
v -2.166695 57.160164 5.074842
v -2.176634 57.192928 5.222841
v -2.176634 57.192928 4.422410
v -2.161374 57.142624 4.944802
v -2.159695 57.137089 4.822626
v -2.161374 57.142624 4.700449
v -2.166695 57.160164 4.570410
v -2.256383 57.587574 5.878769
v -2.264223 57.667168 5.956670
v -2.275598 57.782665 6.032202
v -2.275303 57.779667 6.030446
v -2.241835 57.439865 5.734201
v -2.256383 57.977757 6.122497
v -2.237169 58.172848 6.178213
v -2.261432 57.926498 6.107859
v -2.180263 58.360439 6.181485
v -2.137768 58.500526 6.174340
v -2.123357 58.548031 6.161357
v -2.210626 58.260345 6.186589
v -2.226538 58.207890 6.186044
v -2.030947 58.720921 6.092749
v -1.992333 58.793159 6.064080
v -1.966425 58.841633 6.033639
v -1.938537 58.893806 5.990377
v -3.170561 57.070938 4.654291
v -3.166725 57.069000 4.660615
v -3.158282 57.065388 4.673601
v -2.465979 57.037106 4.752367
v -2.392915 57.065388 4.673601
v -2.306471 57.108448 4.532013
v -2.294095 57.114704 4.511607
v -2.288265 57.121166 4.497001
v -2.220028 57.218075 4.295736
v -2.380635 57.070938 4.654291
v -2.384471 57.069000 4.660616
v -3.360657 57.433643 3.947023
v -3.348921 57.253319 4.220267
v -3.360507 57.439865 3.938388
v -3.341007 57.235283 4.257216
v -3.331168 57.218075 4.295736
v -3.331168 57.555801 3.815339
v -3.244725 57.108448 4.532013
v -3.257101 57.114704 4.511608
v -3.262931 57.121166 4.497000
v -3.293407 57.667168 3.692021
v -3.085217 57.037106 4.752367
v -2.865894 57.012196 4.746744
v -2.851796 57.011139 4.746428
v -2.826776 57.009598 4.746033
v -2.790861 57.008232 4.745892
v -2.775598 57.008068 4.746046
v -2.807388 57.008705 4.745879
v -2.959824 57.020081 4.749305
v -2.953127 57.019451 4.749091
v -2.888395 57.013885 4.747257
v -3.060025 57.029984 4.749829
v -3.057778 57.029346 4.749605
v -2.491171 57.029984 4.749829
v -2.591372 57.020081 4.749305
v -2.493419 57.029346 4.749602
v -2.685302 57.012196 4.746744
v -2.662790 57.013889 4.747250
v -2.598063 57.019451 4.749088
v -2.760334 57.008232 4.745886
v -2.743804 57.008709 4.745870
v -2.724414 57.009598 4.746024
v -2.699394 57.011139 4.746422
v 3.352146 59.074551 4.022825
v 3.351968 59.094765 4.039559
v 3.267032 58.520061 3.749646
v 3.279911 58.574486 3.767117
v 3.323543 58.793159 3.854069
v 2.880484 59.801697 5.141354
v 2.903806 59.800098 5.104044
v 3.279569 59.461945 4.385561
v 3.305908 59.395073 4.318981
v 3.164398 59.645100 4.635649
v 3.229897 59.561184 4.501030
v 2.982105 59.780231 4.973342
v 3.055492 59.747730 4.845622
v 3.068080 59.739258 4.822626
v 3.323304 59.333881 4.245504
v 3.349107 59.136566 4.071122
v 1.403116 58.968536 5.974138
v 1.452285 59.061512 5.978180
v 1.460496 59.074551 5.978106
v 1.483866 59.100956 5.974670
v 1.740608 59.302055 5.990607
v 1.781232 59.327034 5.989047
v 1.787144 59.333881 5.987034
v 2.013015 59.533314 5.885339
v 2.335702 59.706322 5.695474
v 2.224402 59.657898 5.765442
v 2.050746 59.561184 5.866182
v 2.389506 59.737110 5.652659
v 2.518839 59.781914 5.533461
v 2.413386 59.747730 5.631959
v 2.627339 59.805504 5.425663
v 2.724500 59.815136 5.322723
v 2.816718 59.812397 5.218399
v 1.365904 58.919926 5.962584
v 3.022571 58.022503 3.656050
v 3.127764 58.207890 3.669981
v 3.260330 58.500526 3.741669
v 1.638312 57.235367 4.282168
v 1.659343 57.233372 4.262395
v 2.724801 57.697651 3.664330
v 2.943773 57.926498 3.643340
v 3.007061 58.002087 3.651294
v 1.387341 58.893806 5.990377
v 1.572161 58.548031 6.161357
v 1.479751 58.720921 6.092749
v 1.441137 58.793159 6.064080
v 1.415228 58.841633 6.033639
v 1.675342 58.207890 6.186044
v 1.659429 58.260345 6.186589
v 1.685972 58.172848 6.178213
v 1.629067 58.360439 6.181485
v 1.586572 58.500526 6.174339
v 1.724402 57.782665 6.032202
v 1.705187 57.977757 6.122497
v 1.710235 57.926498 6.107859
v 1.685972 57.392487 5.666561
v 1.690639 57.439865 5.734201
v 1.705187 57.587574 5.878769
v 1.713027 57.667168 5.956670
v 1.724107 57.779667 6.030446
v 1.625437 57.192928 5.222841
v 1.629067 57.204891 5.262375
v 1.610178 57.142624 4.944802
v 1.615499 57.160164 5.074841
v 1.610178 57.142624 4.700449
v 1.629067 57.204891 4.382877
v 1.625438 57.192928 4.422410
v 1.615499 57.160164 4.570409
v 1.608499 57.137089 4.822626
v 1.680165 57.373341 5.637134
v 1.643757 57.253319 5.418976
v 1.642148 57.248016 5.404880
v 1.826097 57.072033 4.652946
v 1.829880 57.070114 4.659209
v 1.841718 57.065044 4.677482
v 2.538912 57.038631 4.751260
v 2.607085 57.065044 4.677482
v 2.693529 57.107918 4.535698
v 2.706926 57.114704 4.513518
v 2.714113 57.122696 4.495411
v 2.741949 57.667168 3.691880
v 2.779972 57.556114 3.815048
v 2.779972 57.216690 4.299801
v 2.622707 57.072033 4.652946
v 2.618924 57.070114 4.659209
v 2.798532 57.253319 4.220929
v 2.791102 57.236259 4.255925
v 2.809824 57.434177 3.946479
v 2.809670 57.439865 3.938579
v 1.668832 57.216690 4.299799
v 1.755275 57.107918 4.535698
v 1.741878 57.114704 4.513518
v 1.734690 57.122696 4.495411
v 1.909892 57.038631 4.751260
v 2.134420 57.012272 4.745190
v 2.146693 57.011349 4.744916
v 2.172212 57.009777 4.744518
v 2.208837 57.008385 4.744377
v 2.224402 57.008217 4.744534
v 2.191984 57.008869 4.744362
v 2.040833 57.020061 4.747693
v 2.043309 57.019829 4.747614
v 2.109361 57.014153 4.745758
v 1.941026 57.029827 4.748142
v 1.942717 57.029346 4.747974
v 2.507778 57.029823 4.748142
v 2.407971 57.020061 4.747693
v 2.506087 57.029346 4.747972
v 2.314384 57.012272 4.745190
v 2.339455 57.014153 4.745749
v 2.405497 57.019833 4.747614
v 2.239968 57.008385 4.744371
v 2.256824 57.008869 4.744353
v 2.276598 57.009777 4.744508
v 2.302116 57.011349 4.744912
v 3.947663 58.980030 -3.939060
v 3.947370 58.981052 -3.940288
v 3.899271 59.094769 -4.107900
v 3.868227 59.236809 -4.373499
v 3.657605 59.574677 -5.280854
v 3.591071 59.616604 -5.474847
v 3.781049 59.427559 -4.821826
v 3.226466 59.768677 -6.136999
v 3.058417 59.781082 -6.387893
v 3.468408 59.692150 -5.720565
v 2.941777 59.794586 -6.533472
v 2.506474 59.713047 -6.946934
v 2.606505 59.748001 -6.867881
v 2.869692 59.789154 -6.609883
v 1.782380 59.434978 -7.281831
v 1.839643 59.480350 -7.271346
v 1.909743 59.517590 -7.245985
v 2.229930 59.652210 -7.105878
v 1.451876 59.247555 -7.292903
v 1.118137 58.968536 -7.234105
v 1.051795 57.739487 -6.746215
v 1.056355 57.723370 -6.732466
v 0.925020 58.310139 -7.047694
v 0.929130 58.131786 -6.970360
v 0.949388 58.536587 -7.131810
v 1.096106 58.933121 -7.229616
v 1.114573 58.964504 -7.234097
v 1.035829 57.764759 -6.764490
v 3.849715 57.921883 -2.700551
v 3.869910 57.976532 -2.758324
v 3.810810 57.824955 -2.625812
v 3.935373 58.354641 -3.075436
v 3.961455 58.695984 -3.503127
v 3.961249 58.745857 -3.582821
v 3.938863 58.386272 -3.110472
v 1.808034 56.183220 -3.277908
v 1.935265 56.185577 -3.086774
v 1.050090 57.699146 -6.706912
v 1.200400 56.478065 -4.722794
v 1.225134 56.401348 -4.484324
v 1.319681 56.293385 -4.087152
v 1.310348 56.300968 -4.117828
v 1.493627 56.222980 -3.712393
v 1.724233 56.183781 -3.365858
v 1.077970 56.675629 -5.190349
v 1.072269 56.732468 -5.310478
v 1.151532 56.527142 -4.847930
v 0.921074 57.092846 -5.900728
v 0.988222 56.860691 -5.535237
v 0.944117 56.980125 -5.727924
v 0.932693 57.354004 -6.269406
v 1.013323 57.632542 -6.629357
v 3.338250 57.126167 -2.191870
v 3.292758 57.066624 -2.196526
v 3.354903 57.149033 -2.196591
v 3.761933 57.747883 -2.552118
v 3.632615 57.549759 -2.391924
v 3.035116 56.779255 -2.193529
v 1.978413 56.188889 -2.977005
v 2.177933 56.266434 -2.702216
v 1.979927 56.189285 -2.974213
v 2.901553 56.681232 -2.205034
v 3.014998 56.762993 -2.189658
v 2.636834 56.505196 -2.296072
v 2.615389 56.492817 -2.310489
v 2.276444 56.309563 -2.550739
v 2.345036 56.344067 -2.481330
v -1.667862 58.127106 -7.055630
v -1.668434 58.111534 -7.046686
v -1.668949 58.867630 -7.247664
v -1.797614 59.094765 -7.245528
v -1.719193 58.989079 -7.255346
v -1.625673 58.235146 -7.103788
v -1.606006 58.601856 -7.208495
v -1.999886 59.261353 -7.282647
v -2.324834 59.443020 -7.273490
v -2.971283 59.700199 -6.986333
v -2.420311 59.509083 -7.250917
v -2.387710 59.492031 -7.262514
v -2.778613 59.658211 -7.096408
v -3.498615 59.790638 -6.545683
v -3.568235 59.781105 -6.467380
v -3.153517 59.755371 -6.856478
v -3.450061 59.788258 -6.591831
v -4.150477 59.611969 -5.485473
v -4.027232 59.687832 -5.729575
v -3.783579 59.765121 -6.146371
v -4.490879 58.968544 -3.909278
v -4.489653 58.987690 -3.938241
v -4.434638 59.226738 -4.379872
v -4.344380 59.420227 -4.829467
v -4.218445 59.569168 -5.289306
v -4.513644 58.866619 -3.778217
v -4.370444 57.829121 -2.634406
v -4.397886 57.926823 -2.700379
v -4.488061 58.352497 -3.075711
v -4.517148 58.692139 -3.503362
v -4.493075 58.391830 -3.120311
v -1.536876 57.531979 -6.500196
v -1.648485 58.070728 -7.015450
v -1.634308 58.048668 -6.997331
v -1.517140 57.676826 -6.654154
v -1.520056 57.708927 -6.686010
v -1.572157 57.170681 -6.079997
v -1.544104 57.309273 -6.251026
v -1.580472 57.149925 -6.051599
v -1.788155 56.409679 -4.522260
v -1.678496 56.529892 -4.837125
v -1.604575 56.680576 -5.185153
v -1.576596 56.849537 -5.535084
v -1.594385 57.015244 -5.845068
v -1.588891 57.036415 -5.880477
v -2.037423 56.224358 -3.700888
v -2.240414 56.189995 -3.368147
v -1.872446 56.293053 -4.088896
v -1.867440 56.297356 -4.107068
v -1.790339 56.400890 -4.494395
v -2.737665 56.281990 -2.648844
v -2.256989 56.187275 -3.324834
v -2.394237 56.193050 -3.060767
v -2.505936 56.212681 -2.895734
v -4.271972 57.656712 -2.498444
v -4.337419 57.768131 -2.580583
v -3.187326 56.507824 -2.292000
v -3.353799 56.605087 -2.253471
v -2.822841 56.316769 -2.526423
v -2.866868 56.337917 -2.484895
v -3.601915 56.810097 -2.185795
v -3.563048 56.776627 -2.179522
v -3.445401 56.678818 -2.204115
v -3.858495 57.111931 -2.179560
v -3.901018 57.164406 -2.192354
v -4.187720 57.538906 -2.395156
v 1.257029 55.783615 -2.347633
v 0.982708 55.752026 -2.560562
v 0.590296 55.680492 -2.746095
v -0.275598 55.630379 -2.905771
v -0.332336 55.623642 -2.898162
v 0.161155 55.664795 -2.873080
v 0.582934 55.680565 -2.750053
v -0.746292 55.625046 -2.850382
v -0.710144 55.627090 -2.861985
v -1.135070 55.688751 -2.752322
v -1.492158 55.725113 -2.573765
v -1.958559 55.794636 -2.199709
v -1.884494 55.786800 -2.286271
v -1.530625 55.732353 -2.555655
v -2.564806 55.982578 -1.132726
v -2.605815 55.969780 -0.677374
v -2.423235 55.951012 -1.566955
v -2.190042 55.877335 -1.956565
v -2.423236 55.951012 0.212206
v -2.564806 55.982578 -0.222023
v -2.190043 55.877335 0.601817
v -1.958557 55.794636 0.844963
v -1.884495 55.786804 0.931522
v -1.530625 55.732353 1.200906
v -1.492146 55.725113 1.219023
v -0.746292 55.625046 1.495633
v -1.135070 55.688751 1.397574
v 2.047043 55.944527 -0.677374
v 2.036459 55.936443 -0.594542
v 2.036460 55.936443 -0.760198
v 2.008416 55.964924 -1.131693
v 1.927378 55.944538 -1.377870
v 1.338228 55.810040 -2.291200
v 1.643452 55.895798 -1.959642
v 1.869701 55.942577 -1.565987
v 2.008415 55.964924 -0.223056
v 1.927378 55.944534 0.023119
v 1.338228 55.810036 0.936451
v 1.257029 55.783615 0.992884
v 1.643452 55.895798 0.604894
v 1.869701 55.942574 0.211238
v -0.710144 55.627090 1.507236
v -0.332331 55.623642 1.543414
v -0.275598 55.630379 1.551022
v 0.161155 55.664795 1.518331
v 0.582934 55.680565 1.395305
v 0.590300 55.680492 1.391344
v 0.982708 55.752026 1.205813
v -1.372622 52.160423 -0.222972
v -1.369475 52.137535 -0.236140
v -1.333223 51.996841 -0.261334
v -1.308365 51.928589 -0.249588
v -1.308732 52.344189 0.012943
v -1.309625 52.344189 0.011272
v -1.159627 51.746433 -0.086685
v -1.353770 52.300159 -0.099203
v -1.270713 51.850525 -0.228586
v -1.247501 51.818459 -0.205471
v -1.160520 51.746433 -0.088356
v -1.367051 52.267204 -0.144922
v -1.225029 52.300919 0.094572
v -1.187015 52.267204 0.125024
v -1.072853 51.850525 0.068036
v -1.067438 51.935162 0.114466
v -1.085692 51.817516 0.036857
v -1.114355 52.156330 0.161383
v -1.103378 52.137535 0.163133
v -1.066228 51.996841 0.139282
v -2.185040 52.468460 0.425042
v -2.196975 52.463497 0.406443
v -2.266097 52.413544 0.322626
v -2.302325 52.380856 0.286038
v -2.304442 52.378128 0.284820
v -2.340714 52.324978 0.435034
v -2.322787 52.360313 0.322626
v -2.328291 52.313690 0.507748
v -2.032526 52.474129 0.648206
v -2.056212 52.484726 0.603240
v -2.025408 52.466953 0.665302
v -2.096920 52.490284 0.537326
v -2.174717 52.474129 0.435403
v -2.142238 52.484726 0.474493
v -2.154420 52.314781 0.764297
v -2.196056 52.302521 0.743083
v -2.324952 52.302521 0.550176
v -2.277491 52.291550 0.657979
v -2.014780 52.462769 0.680587
v -1.944257 52.380856 0.822988
v -1.963690 52.412716 0.776721
v -1.943942 52.378128 0.825411
v -1.984861 52.360748 0.827831
v -2.095501 52.325439 0.801394
v -1.670655 51.324497 -0.050603
v -1.602348 51.304337 -0.032097
v -1.583719 51.300930 -0.027561
v -1.508579 51.264431 0.037899
v -1.515181 51.267017 0.032406
v -1.479497 51.258675 0.059736
v -1.438987 51.253765 0.088856
v -1.364830 51.238277 0.211067
v -1.386624 51.239643 0.177461
v -1.389802 51.240253 0.172262
v -1.342122 51.239643 0.244063
v -1.335412 51.240784 0.253278
v -1.296672 51.254566 0.420015
v -1.315256 51.243824 0.348431
v -1.310895 51.245686 0.366564
v -1.290486 51.259312 0.441465
v -1.304116 51.283123 0.550299
v -1.302513 51.278206 0.533919
v -1.309026 51.311981 0.623840
v -1.366059 51.347195 0.722733
v -1.354375 51.335846 0.700883
v -1.391578 51.381687 0.774184
v -1.499453 51.427010 0.849771
v -1.462689 51.408657 0.823785
v -1.528688 51.449417 0.871039
v -1.888567 51.379570 0.890558
v -1.614316 51.476517 0.885456
v -1.940050 51.406792 0.898171
v -2.079633 51.433846 0.863806
v -2.030876 51.419861 0.876916
v -2.116022 51.448265 0.853050
v -2.194125 51.456364 0.797478
v -2.226762 51.460865 0.773790
v -2.267027 51.478500 0.739516
v -2.323142 51.473316 0.659293
v -2.373561 51.483498 0.576454
v -2.396818 51.472095 0.482724
v -2.405282 51.468307 0.447877
v -2.414823 51.474861 0.386582
v -2.405056 51.449863 0.295167
v -2.390034 51.439049 0.201338
v -2.345743 51.412331 0.124780
v -2.327730 51.402191 0.093925
v -2.297301 51.396812 0.046317
v -1.987319 51.463337 -0.001017
v -1.916757 51.434887 -0.050366
v -1.835380 51.396320 -0.062830
v -1.793742 51.378735 -0.069415
v -1.750439 51.367367 -0.076931
v -1.907559 51.427010 -0.051436
v -1.906067 51.426174 -0.051652
v -2.245217 51.362206 0.008836
v -2.389624 51.438438 0.200488
v -2.383970 51.433846 0.190262
v -2.409453 51.453030 0.322626
v -2.375362 51.481701 0.571056
v -2.310512 51.470764 0.680044
v -2.125948 51.446964 0.846961
v -2.007766 51.413235 0.883130
v -1.531789 51.449757 0.871623
v -1.435873 51.395267 0.804831
v -1.319333 51.315422 0.640589
v -1.352206 51.333736 0.696827
v -1.296804 51.263096 0.479638
v -1.298022 51.264431 0.488021
v -1.321462 51.241169 0.322626
v -1.330009 51.239773 0.282489
v -1.436688 51.252750 0.093031
v -1.409638 51.244061 0.139814
v -1.531789 51.273533 0.018588
v -1.698582 51.333736 -0.058412
v -1.688374 51.329731 -0.055403
v 0.516242 51.935162 0.114466
v 0.515032 51.996841 0.139281
v 0.552182 52.137535 0.163133
v 0.563159 52.156330 0.161383
v 0.521658 51.850525 0.068035
v 0.534496 51.817516 0.036857
v 0.757535 52.344189 0.012943
v 0.673832 52.300919 0.094572
v 0.608431 51.746433 -0.086685
v 0.635820 52.267204 0.125024
v 0.802573 52.300159 -0.099203
v 0.815854 52.267204 -0.144921
v 0.719516 51.850525 -0.228585
v 0.757170 51.928589 -0.249588
v 0.696306 51.818459 -0.205471
v 0.821425 52.160423 -0.222972
v 0.758429 52.344189 0.011272
v 0.609325 51.746433 -0.088356
v 0.818279 52.137535 -0.236139
v 0.782027 51.996841 -0.261333
v 1.474213 52.466953 0.665302
v 1.463584 52.462769 0.680587
v 1.392746 52.378128 0.825411
v 1.393061 52.380856 0.822988
v 1.412494 52.412716 0.776721
v 1.433665 52.360748 0.827831
v 1.603225 52.314781 0.764296
v 1.544305 52.325439 0.801394
v 1.623522 52.474129 0.435403
v 1.591042 52.484726 0.474493
v 1.633844 52.468460 0.425043
v 1.481331 52.474129 0.648206
v 1.505016 52.484726 0.603240
v 1.545724 52.490284 0.537326
v 1.773757 52.302521 0.550176
v 1.777095 52.313690 0.507749
v 1.644860 52.302521 0.743083
v 1.726295 52.291550 0.657980
v 1.645778 52.463497 0.406443
v 1.751128 52.380856 0.286038
v 1.753246 52.378128 0.284820
v 1.714901 52.413544 0.322626
v 1.771591 52.360313 0.322626
v 1.789519 52.324978 0.435034
v 1.605871 51.408478 -0.092684
v 1.676477 51.460773 -0.095117
v 1.738034 51.501560 -0.057664
v 1.793488 51.555080 -0.025437
v 1.839078 51.588093 0.052924
v 1.834201 51.583210 0.044125
v 1.866331 51.629238 0.106339
v 1.881557 51.520706 0.453342
v 1.875758 51.649277 0.530191
v 1.881516 51.522720 0.457165
v 1.850179 51.534378 0.581831
v 1.858356 51.531334 0.549300
v 1.830221 51.550331 0.637174
v 1.778151 51.545906 0.720097
v 1.720016 51.554127 0.797828
v 1.602043 51.538868 0.887805
v 1.644060 51.543381 0.856431
v 1.563256 51.542755 0.910882
v 1.479660 51.517563 0.940252
v 1.388297 51.508575 0.962971
v 1.309780 51.472782 0.958630
v 1.227854 51.444107 0.951370
v 1.113216 51.368435 0.881595
v 1.166917 51.402023 0.914448
v 1.103677 51.364746 0.539149
v 1.044131 51.425808 0.578766
v 1.075478 51.464764 0.637634
v 1.041213 51.423183 0.573593
v 1.046816 51.371788 0.499016
v 1.045875 51.334049 0.418835
v 1.082131 51.298107 0.337915
v 1.113652 51.272045 0.252940
v 1.112904 51.272633 0.255051
v 1.173248 51.260773 0.176461
v 1.224402 51.258858 0.102062
v 1.218208 51.257900 0.112414
v 1.208637 51.256969 0.127788
v 1.206244 51.256924 0.131420
v 1.211198 51.257114 0.123792
v 1.214215 51.257393 0.118960
v 1.186070 51.258858 0.159430
v 1.193263 51.257900 0.149747
v 1.197783 51.257393 0.143553
v 1.201092 51.257114 0.138916
v 1.203804 51.256969 0.135021
v 1.228050 51.259502 0.095876
v 1.305132 51.267899 0.038238
v 1.315787 51.269184 0.030179
v 1.373832 51.293781 -0.026579
v 1.455527 51.322941 -0.057577
v 1.530289 51.366566 -0.094512
v 1.436541 51.311863 -0.048197
v 1.405049 51.302296 -0.037095
v 1.234873 51.260059 0.090911
v 1.284186 51.265369 0.054080
v 1.251220 51.261677 0.078807
v 1.120294 51.269184 0.246228
v 1.171322 51.261059 0.179019
v 1.065543 51.311863 0.382514
v 1.066614 51.310951 0.379699
v 1.047050 51.381168 0.518946
v 1.083269 51.320194 0.494934
v 1.224402 51.439869 0.949446
v 1.217800 51.433846 0.945577
v 1.351649 51.487438 0.962340
v 1.480178 51.517612 0.940123
v 1.709410 51.550407 0.807633
v 1.791848 51.543968 0.701781
v 1.872139 51.633251 0.479957
v 1.823282 51.572269 0.024428
v 1.726444 51.490376 -0.064400
v 1.704685 51.474442 -0.077501
v 1.576437 51.386677 -0.091669
v 1.567813 51.381168 -0.091649
v 0.115415 51.563515 -1.606209
v 0.109358 51.555519 -1.606740
v 0.191105 51.704208 -1.613381
v 0.194681 52.298717 -1.812728
v 0.259744 51.996841 -1.675758
v 0.241346 51.850525 -1.636059
v 0.250605 51.909786 -1.651171
v 0.248721 52.137535 -1.729279
v 0.211740 52.267204 -1.792941
v -0.023300 52.513180 -1.945761
v 0.142036 52.380856 -1.854324
v 0.088549 51.535725 -1.606877
v 0.044004 52.474129 -1.913161
v 0.105800 51.551521 -1.606571
v -0.050823 52.526936 -1.952599
v -0.088672 52.543434 -1.961277
v -0.237150 52.570717 -1.984085
v -0.275598 52.573242 -1.988630
v -0.136599 52.554604 -1.969348
v -0.193031 52.565048 -1.978040
v -0.314046 52.570717 -1.984085
v -0.275598 52.573242 -1.988630
v -0.414597 52.554604 -1.969348
v -0.358165 52.565048 -1.978040
v -0.500373 52.526936 -1.952599
v -0.527896 52.513180 -1.945761
v -0.462524 52.543434 -1.961277
v -0.745877 52.298717 -1.812728
v -0.693232 52.380856 -1.854324
v -0.656996 51.551521 -1.606571
v -0.639745 51.535725 -1.606877
v -0.660554 51.555519 -1.606740
v -0.595200 52.474129 -1.913161
v -0.762936 52.267204 -1.792941
v -0.810939 51.996841 -1.675758
v -0.792542 51.850525 -1.636059
v -0.801801 51.909786 -1.651172
v -0.799917 52.137535 -1.729279
v -0.742301 51.704208 -1.613381
v -0.666611 51.563515 -1.606209
v -0.535079 51.535725 -1.550932
v -0.407880 51.535725 -1.512347
v -0.143316 51.535725 -1.512347
v -0.016117 51.535725 -1.550932
v -0.275598 51.535725 -1.499318
v -0.145791 51.511993 -2.829960
v -0.179927 51.515221 -2.835049
v -0.084256 51.517925 -2.814593
v -0.003150 51.495140 -2.772408
v 0.077955 51.485550 -2.723270
v 0.132149 51.453461 -2.659075
v 0.165711 51.434792 -2.618684
v 0.170336 51.433846 -2.612259
v 0.186342 51.431396 -2.352819
v 0.208909 51.384022 -2.264333
v 0.205372 51.391445 -2.278201
v 0.224402 51.362377 -2.197848
v 0.205372 51.309826 -2.129872
v 0.186342 51.276154 -2.051946
v 0.132149 51.225159 -1.997717
v 0.083828 51.196320 -1.940596
v 0.077955 51.193569 -1.933257
v -0.079036 51.135090 -1.859177
v -0.084256 51.134113 -1.856203
v -0.003150 51.154419 -1.899696
v -0.021733 51.149071 -1.890099
v -0.275598 51.111404 -1.830110
v -0.254480 51.111187 -1.834427
v -0.233317 51.111404 -1.838520
v -0.182528 51.113487 -1.847526
v -0.210214 51.112114 -1.842742
v -0.179927 51.113663 -1.847953
v -0.466940 51.134113 -1.856203
v -0.390532 51.114937 -1.851112
v -0.371269 51.113663 -1.847953
v -0.407417 51.118645 -1.852517
v -0.559147 51.157616 -1.905429
v -0.548046 51.154419 -1.899696
v -0.629151 51.193569 -1.933257
v -0.686305 51.226921 -2.001216
v -0.683345 51.225159 -1.997717
v -0.711952 51.250088 -2.027392
v -0.737538 51.276154 -2.051946
v -0.761781 51.320194 -2.150614
v -0.759271 51.314610 -2.140940
v -0.756568 51.309826 -2.129872
v -0.775598 51.362381 -2.197848
v -0.756568 51.391445 -2.278201
v -0.737538 51.431396 -2.352818
v -0.635740 51.479939 -2.716365
v -0.683345 51.453461 -2.659075
v -0.629151 51.485550 -2.723270
v -0.527280 51.497597 -2.784988
v -0.548046 51.495140 -2.772408
v -0.466940 51.517925 -2.814593
v -0.371269 51.515221 -2.835049
v -0.275598 51.524273 -2.849309
v -0.405405 51.511993 -2.829960
v -0.721535 51.433846 -2.612254
v -0.716907 51.434792 -2.618684
v -0.760105 51.384022 -2.264333
v -0.635024 51.196320 -1.940596
v -0.472160 51.135090 -1.859177
v -0.529463 51.149071 -1.890099
v -0.368668 51.113487 -1.847526
v -0.275598 51.111404 -1.830110
v -0.296716 51.111187 -1.834427
v -0.340982 51.112114 -1.842742
v -0.317879 51.111404 -1.838520
v -0.160664 51.114937 -1.851112
v -0.143779 51.118645 -1.852517
v 0.007951 51.157616 -1.905429
v 0.135109 51.226921 -2.001216
v 0.160756 51.250088 -2.027392
v 0.210584 51.320194 -2.150614
v 0.208075 51.314610 -2.140940
v 0.084544 51.479939 -2.716365
v -0.023916 51.497597 -2.784989
v -0.275598 51.524273 -2.849309
v -0.148473 1.850525 -6.813805
v -0.402723 1.850525 -6.813805
v -0.112033 1.850525 -6.838153
v -0.439163 1.850525 -6.838153
v -0.044282 1.850525 -7.001718
v -0.061890 1.850525 -6.913197
v -0.489306 1.850525 -6.913197
v -0.187077 1.850525 -7.215425
v -0.061890 1.850525 -7.090239
v -0.112033 1.850525 -7.165282
v -0.275598 1.850525 -7.233033
v -0.074749 2.000000 -6.860968
v -0.084256 1.980709 -6.850996
v -0.084256 2.000000 -6.854615
v -0.179927 2.000000 -6.835585
v -0.275598 2.000000 -6.816555
v -0.106884 1.908779 -6.833004
v -0.371269 2.000000 -6.835585
v -0.466940 2.000000 -6.854615
v -0.466940 1.980709 -6.850996
v -0.444312 1.908779 -6.833004
v -0.476447 2.000000 -6.860968
v 0.015246 1.850525 -7.683972
v 0.167882 1.850525 -7.507486
v 0.175996 1.850525 -7.466693
v -0.055319 1.850525 -7.698009
v 0.158388 1.850525 -7.378173
v -0.286635 1.850525 -7.466693
v -0.269027 1.850525 -7.378173
v -0.269027 1.850525 -7.555214
v -0.218884 1.850525 -7.303129
v -0.218884 1.850525 -7.630258
v -0.143840 1.850525 -7.680401
v 0.108246 1.850525 -7.303129
v 0.033201 1.850525 -7.252986
v -0.055319 1.850525 -7.235378
v -0.143840 1.850525 -7.252986
v 0.035176 2.000000 -7.698692
v 0.077955 2.000000 -7.670108
v 0.132149 2.000000 -7.589002
v 0.186342 1.998367 -7.507590
v 0.186342 2.000000 -7.507896
v 0.194609 2.000000 -7.466333
v 0.194477 1.998367 -7.466693
v -0.296484 1.850525 -7.317056
v -0.279612 1.850525 -7.232235
v -0.673757 1.850525 -7.064971
v -0.723900 1.850525 -7.140015
v -0.506178 1.850525 -6.998018
v -0.510192 1.850525 -6.997220
v -0.741508 1.850525 -7.228536
v -0.723900 1.850525 -7.317056
v -0.598713 1.850525 -7.014828
v -0.673757 1.850525 -7.392100
v -0.510192 1.850525 -7.459850
v -0.421671 1.850525 -7.442243
v -0.346627 1.850525 -7.392100
v -0.598713 1.850525 -7.442243
v -0.756568 1.987049 -7.218455
v -0.756568 2.000000 -7.220884
v -0.759141 2.000000 -7.233820
v -0.758573 1.987049 -7.228536
v -0.738169 2.000000 -7.128385
v -0.739666 1.987049 -7.133484
v -0.343931 1.428505 -7.166689
v -0.282084 1.824863 -7.228536
v -0.347605 1.407860 -7.161190
v -0.391338 1.309444 -7.117457
v -0.438185 1.407860 -7.069063
v -0.394452 1.309444 -7.112796
v -0.441859 1.428505 -7.063565
v -0.503706 1.824863 -7.001718
v -10.615257 1.850525 5.727003
v -10.597649 1.850525 5.638482
v -10.547506 1.850525 5.890567
v -10.472462 1.850525 5.940710
v -10.547506 1.850525 5.563438
v -10.472462 1.850525 5.513295
v -10.597649 1.850525 5.815523
v -10.383942 1.850525 5.958318
v -10.383942 1.850525 5.495687
v -10.295422 1.850525 5.513295
v -10.170235 1.850525 5.638482
v -10.220377 1.850525 5.563438
v -9.944201 1.850525 5.260539
v -9.700113 1.850525 5.500699
v -10.092634 1.850525 5.325280
v -10.017590 1.850525 5.275136
v -9.715363 1.850525 5.577365
v -9.765505 1.850525 5.652410
v -10.142776 1.850525 5.400324
v -10.160385 1.850525 5.488845
v -10.142776 1.850525 5.577365
v -10.017590 1.850525 5.702552
v -9.929070 1.850525 5.720160
v -9.840549 1.850525 5.702552
v -10.092634 1.850525 5.652410
v -9.876677 2.000000 5.285583
v -9.795570 2.000000 5.339775
v -9.942598 2.000000 5.241535
v -9.741379 2.000000 5.420880
v -9.687185 2.000000 5.501986
v -9.686659 1.967670 5.506680
v -9.684435 2.000000 5.515813
v -10.149349 1.850525 6.185135
v -10.060829 1.850525 6.167528
v -9.935642 1.850525 6.042341
v -9.985785 1.850525 6.117385
v -10.312914 1.850525 6.117385
v -10.363056 1.850525 6.042341
v -10.379929 1.850525 5.957520
v -9.918034 1.850525 5.953820
v -9.935642 1.850525 5.865299
v -10.237869 1.850525 6.167528
v -9.985785 1.850525 5.790256
v -10.060829 1.850525 5.740112
v -10.149349 1.850525 5.722505
v -10.153362 1.850525 5.723303
v -10.052900 1.965919 6.179245
v -10.053453 2.000000 6.174298
v -10.055506 1.961788 6.180377
v -10.148502 1.961788 6.198875
v -10.149124 2.000000 6.193328
v -10.031416 2.000000 6.169915
v -10.244181 1.962227 6.179781
v -10.244795 2.000000 6.174298
v -10.267473 2.000000 6.169787
v -10.243132 1.960526 6.180232
v -10.149349 1.960526 6.198885
v -10.377457 1.824863 5.953820
v -10.315609 1.428505 5.891973
v -10.311935 1.407860 5.886475
v -10.268204 1.309441 5.842742
v -10.265089 1.309441 5.838080
v -10.221355 1.407860 5.794348
v -10.217682 1.428505 5.788849
v -10.155834 1.824863 5.727003
v 9.381607 4.433960 3.642004
v 9.401859 4.433960 3.551554
v 9.445610 4.433960 3.815174
v 9.521862 4.433960 3.869900
v 9.453117 4.433960 3.476593
v 9.527174 4.433960 3.427356
v 9.396551 4.433960 3.734726
v 9.613239 4.433960 3.410226
v 9.699306 4.433960 3.427356
v 9.773361 4.433960 3.476593
v 9.824619 4.433960 3.551554
v 9.374647 4.590408 3.624028
v 9.374619 4.589828 3.623729
v 9.382984 4.594147 3.584998
v 9.384392 4.600994 3.583188
v 9.373655 4.589329 3.628183
v 10.039680 4.433960 3.177577
v 10.288729 4.433960 3.416458
v 9.984915 4.433960 3.188478
v 9.913326 4.433960 3.236073
v 10.277582 4.433960 3.485609
v 10.230160 4.433960 3.563378
v 9.863775 4.433960 3.308539
v 9.844196 4.433960 3.395976
v 9.858643 4.433960 3.485609
v 9.979780 4.433960 3.616280
v 10.068113 4.433960 3.635039
v 10.156446 4.433960 3.616280
v 9.906067 4.433960 3.563378
v 9.950020 4.565357 3.225821
v 9.955750 4.678513 3.284127
v 9.981937 4.496010 3.197137
v 10.051201 4.674160 3.300915
v 10.039108 4.435375 3.177876
v 9.896700 4.681206 3.273742
v 10.131680 4.661766 3.348722
v 10.212156 4.649376 3.396530
v 10.265411 4.630829 3.468080
v 10.303530 4.617554 3.519296
v 9.847834 4.433960 4.131465
v 9.942110 4.433960 4.111444
v 10.071398 4.433960 3.971982
v 10.020782 4.433960 4.054983
v 9.674885 4.433960 4.054983
v 9.610865 4.433960 3.888802
v 9.624271 4.433960 3.971982
v 10.086817 4.433960 3.876318
v 10.065920 4.433960 3.782998
v 9.753557 4.433960 4.111444
v 10.013035 4.433960 3.705657
v 9.936630 4.433960 3.654859
v 9.847834 4.433960 3.637185
v 9.843966 4.433960 3.637955
v 9.619726 4.349743 3.854488
v 9.681572 3.981586 3.695171
v 9.613239 4.412495 3.880784
v 9.685247 3.962982 3.684667
v 9.728979 3.878685 3.617640
v 9.775826 3.986095 3.595488
v 9.732094 3.879856 3.613127
v 9.841347 4.406654 3.634927
v 9.779501 4.007462 3.595345
v -0.624334 56.804001 6.818532
v -0.717929 56.842941 6.818532
v -1.309176 57.731785 6.818532
v -1.309176 57.833546 6.818532
v -0.762002 56.588646 6.853457
v -1.546634 57.782665 6.853457
v -1.078052 58.776894 6.853457
v -1.534423 57.908730 6.853457
v -1.385481 56.751019 6.888383
v -1.281777 56.644691 6.888383
v -0.399581 56.502686 6.853457
v 0.730581 56.644691 6.888383
v 0.834285 56.751019 6.888383
v 0.702195 58.598606 6.853457
v 0.091588 59.013458 6.853457
v -1.391154 58.388962 6.853457
v -1.771880 57.857849 6.888383
v -1.771880 57.707481 6.888383
v 1.220684 57.707481 6.888383
v 1.220684 57.857849 6.888383
v -0.151615 56.502686 6.853457
v -1.106845 57.163551 6.818532
v -1.163129 57.248165 6.818532
v -1.332426 57.064648 6.853457
v -0.348928 59.316818 6.888383
v -1.281777 58.920639 6.888383
v -1.385481 58.814312 6.888383
v -1.253391 56.966724 6.853457
v 0.091588 56.551872 6.853457
v 0.983227 57.908730 6.853457
v 0.616663 59.016499 6.888383
v 0.494720 59.100040 6.888383
v -0.202268 59.316818 6.888383
v 0.757980 57.833546 6.818532
v 0.757980 57.731785 6.818532
v -0.526919 58.791016 6.818532
v -0.427559 58.810867 6.818532
v 0.995438 57.782665 6.853457
v -0.523565 59.050232 6.853457
v -0.642784 59.013458 6.853457
v -1.486047 57.409309 6.853457
v -0.348928 56.248512 6.888383
v -0.202268 56.248512 6.888383
v 0.702195 56.966724 6.853457
v 0.430552 58.857254 6.853457
v 0.623160 58.696526 6.853457
v 0.971015 58.034798 6.853457
v -1.174356 56.868805 6.853457
v -1.449882 57.288086 6.853457
v 0.526856 56.788437 6.853457
v 0.616663 56.548832 6.888383
v 0.934851 58.156021 6.853457
v 0.526856 58.776894 6.853457
v 0.256510 58.674187 6.818532
v 0.419435 58.552780 6.818532
v 0.491070 58.480820 6.818532
v 0.728238 58.035118 6.818532
v 0.748002 57.935310 6.818532
v 0.340744 58.617649 6.818532
v -0.970631 57.012550 6.818532
v -1.042266 57.084511 6.818532
v -1.211116 57.338348 6.818532
v -1.249884 57.432365 6.818532
v 0.494720 56.465290 6.888383
v 0.983227 57.656601 6.853457
v -0.891940 58.617649 6.818532
v -0.807706 58.674187 6.818532
v 0.623160 56.868805 6.853457
v -0.981748 58.857254 6.853457
v -1.728824 58.155704 6.888383
v -1.757436 58.008224 6.888383
v 1.177628 57.409626 6.888383
v 1.206239 57.557106 6.888383
v 0.491070 57.084511 6.818532
v 0.419435 57.012550 6.818532
v -0.275598 56.490265 6.853457
v -0.981748 56.708076 6.853457
v -1.045916 59.100040 6.888383
v -1.167859 59.016499 6.888383
v -1.560451 56.992851 6.888383
v -1.478971 56.867821 6.888383
v -0.871875 56.648361 6.853457
v 0.934851 57.409309 6.853457
v 0.834285 58.814312 6.888383
v 0.730581 58.920639 6.888383
v -0.224944 56.744438 6.818532
v -0.326252 56.744438 6.818532
v -0.807706 56.891144 6.818532
v -0.891940 56.947681 6.818532
v -0.027631 59.050232 6.853457
v 0.898686 57.288086 6.853457
v -0.399581 59.062645 6.853457
v -1.078052 56.788437 6.853457
v -0.639429 56.292656 6.888383
v -0.495587 56.263321 6.888383
v 0.320679 56.648361 6.853457
v -0.123637 58.810867 6.818532
v -0.024277 58.791016 6.818532
v 0.698688 57.432365 6.818532
v 0.659920 57.338348 6.818532
v 0.611933 57.248165 6.818532
v 0.555649 57.163551 6.818532
v -1.299198 57.935310 6.818532
v -1.279434 58.035118 6.818532
v 0.781230 57.064648 6.853457
v -1.522211 58.034798 6.853457
v 0.229256 56.336517 6.888383
v 0.364752 56.394062 6.888383
v 1.009255 58.572479 6.888383
v 0.927775 58.697510 6.888383
v -0.642784 56.551872 6.853457
v -1.042266 58.480820 6.818532
v -0.970631 58.552780 6.818532
v -1.174356 58.696526 6.853457
v -1.253391 58.598606 6.853457
v -0.915948 56.394062 6.888383
v -0.780453 56.336517 6.888383
v 1.078724 57.126106 6.888383
v 1.134848 57.265030 6.888383
v 0.088233 59.272675 6.888383
v -0.055609 59.302010 6.888383
v -0.224944 58.820889 6.818532
v -0.275598 59.075066 6.853457
v 0.340744 56.947681 6.818532
v 0.256510 56.891144 6.818532
v -0.024277 56.774315 6.818532
v -0.123637 56.754463 6.818532
v -0.427559 56.754463 6.818532
v -0.526919 56.774315 6.818532
v -0.871875 58.916969 6.853457
v -0.326252 58.820889 6.818532
v 0.430552 56.708076 6.853457
v -0.027631 56.515099 6.853457
v -0.523565 56.515099 6.853457
v -0.780453 59.228813 6.888383
v -0.915948 59.171268 6.888383
v -1.486047 58.156021 6.853457
v -1.686045 57.265030 6.888383
v -1.629920 57.126106 6.888383
v 0.320679 58.916969 6.853457
v 0.659920 58.226982 6.818532
v 0.698688 58.132965 6.818532
v 0.166733 56.842941 6.818532
v 0.073137 56.804001 6.818532
v -1.249884 58.132965 6.818532
v -1.211116 58.226982 6.818532
v 0.898686 58.277245 6.853457
v 0.210806 56.588646 6.853457
v -1.449882 58.277245 6.853457
v -1.629920 58.439224 6.888383
v -1.686045 58.300301 6.888383
v -1.534423 57.656601 6.853457
v -1.163129 58.317165 6.818532
v -1.106845 58.401779 6.818532
v -0.717929 58.722389 6.818532
v -0.624334 58.761330 6.818532
v -1.522211 57.530533 6.853457
v -1.332426 58.500683 6.853457
v -0.762002 58.976685 6.853457
v -0.495587 59.302010 6.888383
v -0.639429 59.272675 6.888383
v -1.757436 57.557106 6.888383
v -1.728824 57.409626 6.888383
v -1.391154 57.176369 6.853457
v 1.134848 58.300301 6.888383
v 1.078724 58.439224 6.888383
v -1.279434 57.530212 6.818532
v -1.299198 57.630020 6.818532
v -1.167859 56.548832 6.888383
v -1.045916 56.465290 6.888383
v 0.839958 57.176369 6.853457
v 0.839958 58.388962 6.853457
v 0.364752 59.171268 6.888383
v 0.229256 59.228813 6.888383
v 0.781230 58.500683 6.853457
v -0.055609 56.263321 6.888383
v 0.088233 56.292656 6.888383
v 1.206239 58.008224 6.888383
v 1.177628 58.155704 6.888383
v 0.555649 58.401779 6.818532
v 0.611933 58.317165 6.818532
v 0.210806 58.976685 6.853457
v 0.971015 57.530533 6.853457
v -1.478971 58.697510 6.888383
v -1.560451 58.572479 6.888383
v 0.927775 56.867821 6.888383
v 1.009255 56.992851 6.888383
v -0.151615 59.062645 6.853457
v 0.073137 58.761330 6.818532
v 0.166733 58.722389 6.818532
v 0.748002 57.630020 6.818532
v 0.728238 57.530212 6.818532
v -0.213606 59.068855 6.853457
v 0.031978 59.031845 6.853457
v 0.265743 58.946827 6.853457
v 0.478704 58.817074 6.853457
v 0.662677 58.647568 6.853457
v 0.810594 58.444824 6.853457
v 0.916768 58.216633 6.853457
v 0.977121 57.971764 6.853457
v 0.989332 57.719635 6.853457
v 0.952933 57.469921 6.853457
v 0.869322 57.232227 6.853457
v 0.741712 57.015686 6.853457
v 0.575008 56.828621 6.853457
v 0.375615 56.678219 6.853457
v 0.151197 56.570259 6.853457
v -0.089623 56.508892 6.853457
v -0.337590 56.496475 6.853457
v -0.583174 56.533485 6.853457
v -0.816939 56.618504 6.853457
v -1.029900 56.748257 6.853457
v -1.213874 56.917763 6.853457
v -1.361790 57.120506 6.853457
v -1.467964 57.348698 6.853457
v -1.528317 57.593567 6.853457
v -1.540528 57.845695 6.853457
v -1.504129 58.095409 6.853457
v -1.420518 58.333103 6.853457
v -1.292908 58.549644 6.853457
v -1.126204 58.736710 6.853457
v -0.926811 58.887112 6.853457
v -0.702393 58.995071 6.853457
v -0.461573 59.056438 6.853457
v -0.337590 59.068855 6.853457
v -0.583174 59.031845 6.853457
v -0.816939 58.946827 6.853457
v -1.029900 58.817074 6.853457
v -1.213874 58.647568 6.853457
v -1.361790 58.444824 6.853457
v -1.467964 58.216633 6.853457
v -1.528317 57.971764 6.853457
v -1.540528 57.719635 6.853457
v -1.504129 57.469921 6.853457
v -1.420518 57.232227 6.853457
v -1.292908 57.015686 6.853457
v -1.126204 56.828621 6.853457
v -0.926811 56.678219 6.853457
v -0.702393 56.570259 6.853457
v -0.461573 56.508892 6.853457
v -0.213606 56.496475 6.853457
v 0.031978 56.533485 6.853457
v 0.265743 56.618504 6.853457
v 0.478704 56.748257 6.853457
v 0.662677 56.917763 6.853457
v 0.810594 57.120506 6.853457
v 0.916768 57.348698 6.853457
v 0.977121 57.593567 6.853457
v 0.989332 57.845695 6.853457
v 0.952933 58.095409 6.853457
v 0.869322 58.333103 6.853457
v 0.741712 58.549644 6.853457
v 0.575008 58.736710 6.853457
v 0.375615 58.887112 6.853457
v 0.151197 58.995071 6.853457
v -0.089623 59.056438 6.853457
vn 0.7597 -0.5827 0.2887
vn 0.8609 -0.4189 0.2887
vn -0.9106 -0.4011 0.0994
vn -0.5867 -0.3871 -0.7113
vn 0.8487 -0.3328 0.4111
vn -0.3995 -0.4102 0.8198
vn -0.9532 -0.3024 -0.0000
vn -0.4182 -0.2286 -0.8791
vn 0.8634 -0.2664 -0.4285
vn 0.4154 0.6722 0.6129
vn -0.6772 0.6103 0.4111
vn -0.7597 0.5827 -0.2887
vn 0.4031 0.6748 -0.6182
vn 0.8291 0.5558 -0.0612
vn 0.1264 0.9901 -0.0612
vn 0.3921 0.9179 -0.0611
vn 0.6456 0.7612 -0.0611
vn 0.2353 0.9652 -0.1140
vn 0.2150 0.9474 -0.2371
vn 0.5217 0.8442 -0.1232
vn 0.5095 0.8243 -0.2468
vn 0.3529 0.8840 -0.3065
vn 0.3177 0.8437 -0.4328
vn 0.7581 0.6421 -0.1140
vn 0.7512 0.6160 -0.2371
vn 0.6329 0.7110 -0.3066
vn 0.6125 0.6615 -0.4328
vn 0.4528 0.7326 -0.5082
vn 0.4154 0.6722 -0.6129
vn -0.0484 0.9939 -0.0994
vn 0.0355 0.9595 -0.2796
vn 0.1276 0.8644 -0.4863
vn -0.0911 0.9782 -0.1868
vn -0.2697 0.9402 -0.2080
vn -0.0158 0.9162 -0.4003
vn -0.2078 0.8803 -0.4264
vn -0.3298 0.8882 -0.3199
vn -0.4965 0.8067 -0.3205
vn 0.1370 0.8822 -0.4504
vn -0.2878 0.7949 -0.5342
vn -0.2686 0.7900 -0.5511
vn -0.4529 0.6998 -0.5523
vn -0.5640 0.7061 -0.4281
vn -0.6772 0.6103 -0.4111
vn -0.1558 0.9878 -0.0000
vn -0.3728 0.9220 -0.1047
vn -0.5903 0.7798 -0.2085
vn -0.2885 0.9575 -0.0000
vn -0.3728 0.9220 0.1047
vn -0.5293 0.8420 -0.1045
vn -0.6071 0.7947 -0.0000
vn -0.5293 0.8420 0.1045
vn -0.5903 0.7798 0.2085
vn -0.7271 0.6541 -0.2087
vn -0.7944 0.5991 -0.0997
vn -0.7400 0.6726 -0.0000
vn -0.7944 0.5991 0.0997
vn -0.7271 0.6541 0.2087
vn -0.7597 0.5827 0.2887
vn -0.0484 0.9939 0.0994
vn -0.2697 0.9402 0.2080
vn -0.4965 0.8067 0.3205
vn -0.0911 0.9782 0.1868
vn 0.0355 0.9595 0.2796
vn -0.3298 0.8882 0.3199
vn -0.2078 0.8803 0.4264
vn -0.0158 0.9162 0.4003
vn 0.1276 0.8644 0.4863
vn -0.5640 0.7061 0.4281
vn -0.4529 0.6998 0.5523
vn -0.2686 0.7900 0.5511
vn -0.1275 0.7401 0.6603
vn 0.0867 0.7766 0.6240
vn 0.2121 0.6980 0.6839
vn 0.1264 0.9901 0.0612
vn 0.2150 0.9474 0.2371
vn 0.3177 0.8437 0.4328
vn 0.2353 0.9652 0.1140
vn 0.3921 0.9179 0.0611
vn 0.3529 0.8840 0.3065
vn 0.5095 0.8243 0.2468
vn 0.5217 0.8442 0.1232
vn 0.6456 0.7612 0.0611
vn 0.4528 0.7326 0.5082
vn 0.6125 0.6615 0.4328
vn 0.6329 0.7110 0.3066
vn 0.7512 0.6160 0.2371
vn 0.7581 0.6421 0.1140
vn 0.8291 0.5558 0.0612
vn 0.5340 0.8447 0.0354
vn 0.8148 -0.5324 -0.2295
vn 0.8363 -0.4593 -0.2993
vn 0.5179 0.8512 -0.0849
vn 0.4693 0.8750 -0.1188
vn 0.7614 -0.5882 -0.2725
vn 0.7315 -0.5619 -0.3862
vn 0.4271 0.8756 -0.2255
vn 0.3216 0.9083 -0.2677
vn 0.7560 -0.5364 -0.3752
vn 0.7197 -0.4759 -0.5056
vn 0.6186 -0.6546 -0.4346
vn 0.5731 -0.6467 -0.5033
vn 0.2671 0.9046 -0.3321
vn 0.1043 0.9266 -0.3614
vn 0.4573 0.8229 -0.3371
vn -0.0625 -0.7256 -0.6853
vn -0.1886 -0.5142 -0.8367
vn 0.0481 0.8709 -0.4890
vn -0.2605 0.8868 -0.3819
vn -0.1467 -0.7452 -0.6506
vn -0.2995 -0.6794 -0.6699
vn -0.1694 0.9099 -0.3788
vn -0.2897 0.9100 -0.2966
vn -0.3481 -0.5858 -0.7319
vn -0.5097 -0.4965 -0.7027
vn -0.4126 -0.7114 -0.5689
vn -0.4844 -0.6748 -0.5568
vn -0.3501 0.8919 -0.2862
vn -0.4555 0.8744 -0.1672
vn -0.3603 0.9023 -0.2366
vn -0.8504 -0.4996 -0.1653
vn -0.8886 -0.4479 -0.0989
vn -0.4764 0.8662 -0.1508
vn -0.4811 0.8723 -0.0874
vn -0.8544 -0.5108 -0.0951
vn -0.9233 -0.3840 -0.0000
vn -0.5588 0.8293 -0.0000
vn -0.5355 0.8397 0.0903
vn -0.8599 -0.5104 -0.0000
vn -0.9132 -0.2860 0.2903
vn -0.8411 -0.4701 0.2674
vn -0.7985 -0.5832 0.1494
vn -0.5755 0.8000 0.1696
vn -0.5257 0.8086 0.2643
vn -0.5477 0.7947 0.2616
vn -0.6806 -0.1568 0.7157
vn -0.5981 -0.2934 0.7458
vn -0.4975 0.7410 0.4510
vn -0.4112 0.7721 0.4846
vn -0.6162 -0.1731 0.7684
vn -0.4489 0.0566 0.8918
vn -0.3123 0.7193 0.6205
vn -0.1115 0.7805 0.6151
vn -0.3452 -0.3736 0.8610
vn -0.0058 -0.6594 0.7518
vn -0.2415 -0.0551 0.9688
vn 0.0406 0.1290 0.9908
vn 0.0392 0.7235 0.6892
vn 0.2209 0.7680 0.6012
vn 0.3391 0.7577 0.5575
vn 0.7131 -0.1836 0.6766
vn 0.8276 -0.1975 0.5255
vn 0.4586 0.7320 0.5038
vn 0.4882 0.7931 0.3641
vn 0.7769 -0.3908 0.4936
vn 0.8212 -0.3711 0.4335
vn 0.5663 0.7681 0.2990
vn 0.5438 0.8259 0.1489
vn 0.8694 -0.2584 0.4210
vn 0.9441 -0.1232 0.3056
vn 0.7921 -0.5539 0.2564
vn 0.8038 -0.5497 0.2276
vn 0.5734 0.8130 0.1006
vn 0.5100 0.8592 -0.0419
vn 0.1489 0.9310 -0.3331
vn 0.3838 -0.7567 -0.5292
vn 0.6287 -0.5455 -0.5543
vn 0.2770 -0.7346 -0.6194
vn 0.1355 -0.7878 -0.6009
vn 0.5136 -0.4846 -0.7081
vn 0.3512 -0.5757 -0.7384
vn 0.1902 -0.5023 -0.8435
vn -0.0330 -0.5886 -0.8078
vn 0.5422 -0.4513 -0.7088
vn 0.4013 -0.3566 -0.8437
vn 0.2062 -0.4654 -0.8608
vn -0.0083 -0.3354 -0.9420
vn -0.1633 -0.3989 -0.9023
vn -0.3771 0.9045 -0.1991
vn -0.5800 -0.7054 -0.4075
vn -0.5880 -0.5532 -0.5901
vn -0.6904 -0.6249 -0.3645
vn -0.7220 -0.6418 -0.2584
vn -0.7259 -0.4616 -0.5099
vn -0.7629 -0.5240 -0.3787
vn -0.8430 -0.4454 -0.3017
vn -0.8457 -0.5073 -0.1657
vn -0.8397 -0.3483 -0.4167
vn -0.8548 -0.4332 -0.2859
vn -0.9204 -0.3398 -0.1936
vn -0.9136 -0.3940 -0.1010
vn -0.5285 0.8017 0.2790
vn -0.7557 -0.6075 0.2446
vn -0.9586 -0.1964 0.2063
vn -0.7933 -0.4419 0.4188
vn -0.7508 -0.4568 0.4770
vn -0.9424 -0.1370 0.3051
vn -0.8664 -0.2705 0.4197
vn -0.8252 -0.2094 0.5245
vn -0.6819 -0.3536 0.6403
vn -0.9156 -0.3560 0.1868
vn -0.8423 -0.4609 0.2796
vn -0.8266 -0.3957 0.4003
vn -0.7161 -0.5007 0.4863
vn 0.3082 0.7348 0.6043
vn 0.2418 -0.0235 0.9700
vn -0.0476 -0.6751 0.7362
vn 0.4099 0.0518 0.9107
vn 0.6094 -0.2260 0.7599
vn 0.0058 -0.6708 0.7416
vn 0.5061 -0.4146 0.7563
vn 0.5974 -0.2968 0.7450
vn 0.6976 -0.3488 0.6258
vn 0.3840 -0.4813 0.7880
vn 0.7381 -0.4561 0.4972
vn 0.5014 0.8652 -0.0000
vn 0.8170 -0.5148 0.2598
vn 0.9580 -0.1967 0.2089
vn 0.8923 -0.4515 -0.0000
vn 0.8179 -0.5681 -0.0910
vn 0.9179 -0.2690 0.2918
vn 0.8675 -0.4974 -0.0000
vn 0.8959 -0.4330 -0.0997
vn 0.8338 -0.5117 -0.2072
vn 0.9102 -0.3578 0.2087
vn 0.8912 -0.4426 0.0997
vn 0.9325 -0.3611 -0.0000
vn 0.8945 -0.4359 -0.0997
vn 0.9165 -0.3381 -0.2140
vn 0.8763 -0.3865 -0.2875
vn 0.4965 -0.8067 -0.3205
vn 0.2698 -0.9402 -0.2080
vn 0.4530 -0.6998 -0.5524
vn 0.3298 -0.8882 -0.3199
vn 0.2078 -0.8803 -0.4264
vn 0.2686 -0.7900 -0.5511
vn 0.1275 -0.7401 -0.6603
vn 0.0911 -0.9782 -0.1868
vn -0.0355 -0.9595 -0.2796
vn 0.0158 -0.9162 -0.4003
vn -0.1276 -0.8644 -0.4863
vn -0.0867 -0.7766 -0.6240
vn -0.2121 -0.6980 -0.6839
vn -0.4155 -0.6722 -0.6128
vn -0.4154 -0.6722 -0.6128
vn -0.3177 -0.8437 -0.4328
vn -0.2150 -0.9474 -0.2371
vn -0.4528 -0.7326 -0.5082
vn -0.3527 -0.8841 -0.3066
vn -0.5095 -0.8243 -0.2468
vn -0.7512 -0.6160 -0.2371
vn -0.2353 -0.9652 -0.1140
vn -0.3921 -0.9179 -0.0611
vn -0.5217 -0.8442 -0.1232
vn -0.6456 -0.7612 -0.0611
vn -0.7581 -0.6421 -0.1140
vn -0.8291 -0.5558 -0.0612
vn -0.8291 -0.5558 0.0612
vn -0.6456 -0.7612 0.0611
vn -0.3921 -0.9179 0.0611
vn -0.7581 -0.6421 0.1140
vn -0.7512 -0.6160 0.2371
vn -0.5217 -0.8442 0.1232
vn -0.5095 -0.8243 0.2468
vn -0.0000 -0.3511 0.9363
vn -0.6328 -0.7110 0.3066
vn -0.6121 -0.6617 0.4329
vn -0.2353 -0.9652 0.1139
vn -0.2150 -0.9474 0.2371
vn -0.3529 -0.8840 0.3065
vn -0.3177 -0.8437 0.4328
vn -0.4528 -0.7326 0.5082
vn 0.7944 -0.5992 -0.0997
vn 0.7944 -0.5991 0.0997
vn 0.7271 -0.6541 -0.2087
vn 0.5903 -0.7796 -0.2092
vn 0.5903 -0.7798 -0.2085
vn 0.7400 -0.6726 -0.0000
vn 0.6070 -0.7947 -0.0000
vn 0.5292 -0.8420 -0.1045
vn 0.3727 -0.9220 -0.1047
vn 0.7271 -0.6541 0.2087
vn 0.5903 -0.7798 0.2085
vn 0.5293 -0.8420 0.1045
vn 0.3728 -0.9220 0.1047
vn -0.0356 -0.9595 0.2796
vn 0.0156 -0.9162 0.4003
vn 0.2078 -0.8804 0.4264
vn 0.4529 -0.6999 0.5523
vn 0.0911 -0.9782 0.1869
vn 0.2697 -0.9402 0.2080
vn 0.3298 -0.8882 0.3199
vn 0.4965 -0.8067 0.3205
vn 0.6772 -0.6103 0.4111
vn -0.0139 -0.1389 0.9902
vn -0.0414 -0.1342 0.9901
vn -0.0677 -0.1246 0.9899
vn -0.0920 -0.1103 0.9896
vn -0.1133 -0.0914 0.9893
vn -0.1304 -0.0685 0.9891
vn -0.1424 -0.0425 0.9889
vn -0.1485 -0.0144 0.9888
vn -0.1484 0.0144 0.9888
vn -0.1420 0.0424 0.9890
vn -0.1298 0.0683 0.9892
vn -0.1127 0.0910 0.9895
vn -0.0916 0.1098 0.9897
vn -0.0675 0.1241 0.9900
vn -0.0413 0.1339 0.9901
vn -0.0139 0.1388 0.9902
vn 0.0139 0.1389 0.9902
vn 0.0414 0.1342 0.9901
vn 0.0678 0.1246 0.9899
vn 0.0920 0.1103 0.9896
vn 0.1133 0.0914 0.9893
vn 0.1304 0.0686 0.9891
vn 0.1424 0.0425 0.9889
vn 0.1485 0.0144 0.9888
vn 0.1484 -0.0144 0.9888
vn 0.1420 -0.0424 0.9890
vn 0.1298 -0.0683 0.9892
vn 0.1127 -0.0910 0.9895
vn 0.0916 -0.1098 0.9897
vn 0.0675 -0.1241 0.9900
vn -0.0000 -0.0000 1.0000
vn 0.0413 -0.1338 0.9901
vn 0.0139 -0.1388 0.9902
vn -0.0000 -0.0000 -1.0000
vn -0.0980 0.9952 -0.0000
vn -0.2903 0.9569 -0.0000
vn -0.4714 0.8819 -0.0000
vn -0.6344 0.7730 -0.0000
vn -0.7730 0.6344 -0.0000
vn -0.8819 0.4714 -0.0000
vn -0.9569 0.2903 -0.0000
vn -0.9952 0.0980 -0.0000
vn -0.9952 -0.0980 -0.0000
vn -0.9569 -0.2903 -0.0000
vn -0.8819 -0.4714 -0.0000
vn -0.7730 -0.6344 -0.0000
vn -0.6344 -0.7730 -0.0000
vn -0.4714 -0.8819 -0.0000
vn -0.2903 -0.9569 -0.0000
vn -0.0980 -0.9952 -0.0000
vn 0.0980 -0.9952 -0.0000
vn 0.2903 -0.9569 -0.0000
vn 0.4714 -0.8819 -0.0000
vn 0.6344 -0.7730 -0.0000
vn 0.7730 -0.6344 -0.0000
vn 0.8819 -0.4714 -0.0000
vn 0.9569 -0.2903 -0.0000
vn 0.9952 -0.0980 -0.0000
vn 0.9952 0.0980 -0.0000
vn 0.9569 0.2903 -0.0000
vn 0.8819 0.4714 -0.0000
vn 0.7730 0.6344 -0.0000
vn 0.6344 0.7730 -0.0000
vn 0.4714 0.8819 -0.0000
vn 0.2903 0.9569 -0.0000
vn 0.0980 0.9952 -0.0000
vn 0.9569 -0.2904 -0.0000
vn 0.9570 -0.2902 -0.0000
vn 0.8820 -0.4713 -0.0000
vn 0.7731 -0.6343 -0.0000
vn 0.2902 -0.9570 -0.0000
vn 0.0981 -0.9952 -0.0000
vn -0.6334 -0.7738 -0.0000
vn -0.7729 -0.6345 -0.0000
vn -0.8819 -0.4715 -0.0000
vn -0.9569 -0.2904 -0.0000
vn -0.9952 -0.0981 -0.0000
vn -0.8820 0.4713 -0.0000
vn -0.4713 0.8819 -0.0000
vn -0.0981 0.9952 -0.0000
vn -0.0142 0.1403 0.9900
vn -0.0141 0.1402 0.9900
vn 0.0139 -0.1389 0.9902
vn -0.0417 0.1341 0.9901
vn -0.0416 0.1337 0.9901
vn 0.0414 -0.1341 0.9901
vn -0.0668 0.1219 0.9903
vn -0.0665 0.1214 0.9904
vn 0.0676 -0.1244 0.9899
vn -0.0883 0.1049 0.9905
vn -0.0879 0.1044 0.9906
vn 0.0918 -0.1100 0.9897
vn -0.1055 0.0844 0.9908
vn -0.1049 0.0840 0.9909
vn 0.1130 -0.0912 0.9894
vn -0.1180 0.0615 0.9911
vn -0.1175 0.0613 0.9912
vn 0.1301 -0.0684 0.9891
vn -0.1261 0.0373 0.9913
vn -0.1258 0.0372 0.9914
vn 0.1423 -0.0425 0.9889
vn -0.1300 0.0125 0.9914
vn -0.1299 0.0125 0.9915
vn 0.1485 -0.0144 0.9888
vn -0.1298 -0.0125 0.9915
vn -0.1299 -0.0125 0.9915
vn 0.1484 0.0144 0.9888
vn -0.1255 -0.0371 0.9914
vn -0.1258 -0.0372 0.9914
vn 0.1421 0.0424 0.9889
vn -0.1171 -0.0610 0.9912
vn -0.1176 -0.0613 0.9912
vn 0.1300 0.0683 0.9892
vn -0.1044 -0.0836 0.9910
vn -0.1049 -0.0840 0.9909
vn 0.1129 0.0911 0.9894
vn -0.0874 -0.1039 0.9907
vn -0.0879 -0.1044 0.9906
vn 0.0917 0.1099 0.9897
vn -0.0663 -0.1209 0.9905
vn -0.0665 -0.1214 0.9904
vn 0.0676 0.1243 0.9899
vn -0.0415 -0.1333 0.9902
vn -0.0416 -0.1337 0.9901
vn 0.0413 0.1339 0.9901
vn -0.0141 -0.1400 0.9900
vn -0.0142 -0.1402 0.9900
vn 0.0139 0.1388 0.9902
vn 0.0142 -0.1403 0.9900
vn 0.0141 -0.1402 0.9900
vn -0.0139 0.1389 0.9902
vn 0.0417 -0.1341 0.9901
vn 0.0416 -0.1337 0.9901
vn -0.0414 0.1341 0.9901
vn 0.0668 -0.1219 0.9903
vn 0.0666 -0.1214 0.9904
vn -0.0676 0.1244 0.9899
vn 0.0883 -0.1049 0.9905
vn 0.0879 -0.1044 0.9906
vn -0.0918 0.1100 0.9897
vn 0.1054 -0.0844 0.9908
vn 0.1049 -0.0840 0.9909
vn -0.1130 0.0912 0.9894
vn 0.1180 -0.0615 0.9911
vn 0.1175 -0.0613 0.9912
vn -0.1301 0.0684 0.9891
vn 0.1261 -0.0373 0.9913
vn 0.1258 -0.0372 0.9914
vn -0.1423 0.0425 0.9889
vn 0.1300 -0.0125 0.9914
vn 0.1299 -0.0125 0.9915
vn -0.1485 0.0144 0.9888
vn 0.1297 0.0125 0.9915
vn 0.1299 0.0125 0.9915
vn -0.1484 -0.0144 0.9888
vn 0.1255 0.0371 0.9914
vn 0.1258 0.0372 0.9914
vn -0.1421 -0.0424 0.9889
vn 0.1170 0.0610 0.9913
vn 0.1175 0.0613 0.9912
vn -0.1300 -0.0683 0.9892
vn 0.1044 0.0836 0.9910
vn 0.1049 0.0840 0.9909
vn -0.1129 -0.0911 0.9894
vn 0.0874 0.1039 0.9907
vn 0.0879 0.1044 0.9906
vn -0.0917 -0.1099 0.9897
vn 0.0662 0.1209 0.9905
vn 0.0665 0.1214 0.9904
vn -0.0675 -0.1243 0.9899
vn 0.0415 0.1333 0.9902
vn 0.0416 0.1337 0.9901
vn -0.0413 -0.1339 0.9901
vn 0.0141 0.1400 0.9900
vn 0.0142 0.1402 0.9900
vn -0.0139 -0.1388 0.9902
vn -0.0140 -0.6831 0.7302
vn -0.0417 -0.6791 0.7328
vn -0.0682 -0.6711 0.7383
vn -0.0925 -0.6591 0.7464
vn -0.1136 -0.6434 0.7571
vn -0.1306 -0.6245 0.7700
vn -0.1425 -0.6032 0.7847
vn -0.1486 -0.5804 0.8007
vn -0.1484 -0.5570 0.8171
vn -0.1421 -0.5344 0.8332
vn -0.1301 -0.5134 0.8482
vn -0.1132 -0.4950 0.8615
vn -0.0921 -0.4797 0.8726
vn -0.0680 -0.4680 0.8811
vn -0.0416 -0.4600 0.8869
vn -0.0140 -0.4559 0.8899
vn 0.0141 -0.4558 0.8900
vn 0.0417 -0.4597 0.8871
vn 0.0681 -0.4676 0.8813
vn 0.0925 -0.4793 0.8728
vn 0.1136 -0.4946 0.8617
vn 0.1306 -0.5131 0.8483
vn 0.1425 -0.5343 0.8332
vn 0.1486 -0.5570 0.8171
vn 0.1485 -0.5804 0.8007
vn 0.1423 -0.6032 0.7848
vn 0.1304 -0.6245 0.7701
vn 0.1133 -0.6433 0.7572
vn 0.0923 -0.6589 0.7465
vn 0.0680 -0.6709 0.7384
vn -0.0000 -0.5751 0.8181
vn 0.0417 -0.6789 0.7331
vn 0.0140 -0.6830 0.7302
vn -0.0000 0.5748 -0.8183
vn -0.4714 0.7215 0.5072
vn -0.6344 0.6324 0.4445
vn -0.7730 0.5190 0.3649
vn -0.8819 0.3856 0.2711
vn -0.9569 0.2375 0.1670
vn -0.9952 0.0802 0.0564
vn -0.9952 -0.0802 -0.0564
vn -0.9569 -0.2375 -0.1670
vn -0.8819 -0.3856 -0.2711
vn -0.7730 -0.5190 -0.3648
vn -0.6343 -0.6324 -0.4446
vn -0.4714 -0.7215 -0.5072
vn -0.2902 -0.7829 -0.5503
vn -0.0980 -0.8141 -0.5724
vn 0.0980 -0.8141 -0.5723
vn 0.2903 -0.7828 -0.5504
vn 0.4713 -0.7215 -0.5072
vn 0.6344 -0.6323 -0.4446
vn 0.7730 -0.5190 -0.3649
vn 0.8819 -0.3856 -0.2711
vn 0.9569 -0.2375 -0.1670
vn 0.9952 -0.0802 -0.0564
vn 0.9952 0.0802 0.0564
vn 0.9569 0.2375 0.1669
vn 0.7730 0.5190 0.3649
vn 0.6344 0.6324 0.4446
vn 0.4713 0.7215 0.5072
vn 0.2903 0.7828 0.5504
vn 0.4714 0.7215 0.5072
vn 0.6344 0.6324 0.4445
vn 0.7730 0.5190 0.3648
vn 0.9569 0.2375 0.1670
vn 0.9570 0.2374 0.1669
vn 0.9569 -0.2375 -0.1669
vn 0.9570 -0.2374 -0.1669
vn 0.8819 -0.3857 -0.2711
vn 0.7730 -0.5190 -0.3648
vn 0.6343 -0.6324 -0.4446
vn 0.6344 -0.6323 -0.4445
vn 0.4714 -0.7215 -0.5072
vn 0.2903 -0.7829 -0.5504
vn 0.2903 -0.7829 -0.5503
vn 0.0980 -0.8141 -0.5724
vn -0.0981 -0.8141 -0.5723
vn -0.2943 -0.7818 -0.5497
vn -0.2902 -0.7829 -0.5504
vn -0.2903 -0.7828 -0.5504
vn -0.4715 -0.7214 -0.5072
vn -0.4713 -0.7215 -0.5072
vn -0.6345 -0.6323 -0.4445
vn -0.6344 -0.6324 -0.4446
vn -0.6344 -0.6323 -0.4446
vn -0.7730 -0.5190 -0.3649
vn -0.8819 -0.3857 -0.2711
vn -0.9569 -0.2375 -0.1669
vn -0.9569 0.2375 0.1669
vn -0.7730 0.5189 0.3648
vn -0.6342 0.6325 0.4447
vn -0.6344 0.6324 0.4446
vn -0.4715 0.7214 0.5071
vn -0.4713 0.7215 0.5072
vn -0.2903 0.7828 0.5504
vn -0.0137 -0.4547 0.8905
vn -0.0139 -0.4548 0.8905
vn 0.0140 -0.6831 0.7302
vn -0.0407 -0.4599 0.8870
vn -0.0415 -0.4602 0.8869
vn 0.0417 -0.6791 0.7328
vn -0.0653 -0.4697 0.8804
vn -0.0651 -0.4700 0.8803
vn 0.0682 -0.6711 0.7383
vn -0.0867 -0.4834 0.8711
vn -0.0863 -0.4838 0.8709
vn 0.0924 -0.6591 0.7464
vn -0.1039 -0.5001 0.8597
vn -0.1035 -0.5004 0.8596
vn 0.1136 -0.6434 0.7571
vn -0.1169 -0.5189 0.8468
vn -0.1166 -0.5191 0.8467
vn 0.1306 -0.6245 0.7700
vn -0.1258 -0.5389 0.8329
vn -0.1253 -0.5391 0.8329
vn 0.1425 -0.6032 0.7847
vn -0.1299 -0.5597 0.8184
vn -0.1298 -0.5598 0.8184
vn 0.1486 -0.5804 0.8007
vn -0.1297 -0.5807 0.8037
vn -0.1298 -0.5807 0.8037
vn 0.1484 -0.5570 0.8171
vn -0.1253 -0.6013 0.7892
vn -0.1256 -0.6013 0.7891
vn 0.1421 -0.5344 0.8332
vn -0.1166 -0.6210 0.7751
vn -0.1169 -0.6212 0.7749
vn 0.1301 -0.5134 0.8482
vn -0.1036 -0.6395 0.7618
vn -0.1040 -0.6397 0.7616
vn 0.1132 -0.4950 0.8615
vn -0.0863 -0.6558 0.7500
vn -0.0866 -0.6561 0.7497
vn 0.0921 -0.4797 0.8726
vn -0.0651 -0.6692 0.7402
vn -0.0653 -0.6695 0.7399
vn 0.0680 -0.4680 0.8811
vn -0.0407 -0.6789 0.7331
vn -0.0406 -0.6791 0.7329
vn 0.0416 -0.4600 0.8869
vn -0.0138 -0.6840 0.7294
vn -0.0139 -0.6842 0.7292
vn 0.0140 -0.4559 0.8899
vn 0.0139 -0.6842 0.7292
vn 0.0138 -0.6840 0.7294
vn -0.0141 -0.4558 0.8899
vn 0.0406 -0.6791 0.7329
vn 0.0407 -0.6789 0.7331
vn -0.0417 -0.4597 0.8871
vn 0.0653 -0.6695 0.7399
vn 0.0651 -0.6692 0.7402
vn -0.0681 -0.4676 0.8813
vn 0.0866 -0.6561 0.7497
vn 0.0863 -0.6558 0.7500
vn -0.0925 -0.4793 0.8728
vn 0.1039 -0.6397 0.7616
vn 0.1036 -0.6395 0.7618
vn -0.1136 -0.4946 0.8617
vn 0.1169 -0.6212 0.7749
vn 0.1166 -0.6210 0.7751
vn -0.1306 -0.5131 0.8483
vn 0.1256 -0.6013 0.7891
vn 0.1253 -0.6013 0.7892
vn -0.1425 -0.5343 0.8332
vn 0.1298 -0.5807 0.8037
vn 0.1297 -0.5807 0.8037
vn -0.1486 -0.5570 0.8171
vn 0.1298 -0.5598 0.8184
vn 0.1299 -0.5597 0.8184
vn -0.1485 -0.5804 0.8007
vn 0.1253 -0.5391 0.8329
vn 0.1258 -0.5389 0.8329
vn -0.1423 -0.6032 0.7848
vn 0.1176 -0.5199 0.8461
vn 0.1173 -0.5187 0.8469
vn -0.1304 -0.6245 0.7701
vn 0.1047 -0.5013 0.8589
vn 0.1039 -0.5001 0.8597
vn -0.1133 -0.6433 0.7572
vn 0.0863 -0.4838 0.8709
vn 0.0867 -0.4834 0.8711
vn -0.0923 -0.6589 0.7465
vn 0.0651 -0.4700 0.8803
vn 0.0653 -0.4697 0.8804
vn -0.0680 -0.6709 0.7384
vn 0.0406 -0.4601 0.8869
vn 0.0419 -0.4598 0.8870
vn -0.0417 -0.6789 0.7331
vn 0.0135 -0.4548 0.8905
vn 0.0137 -0.4545 0.8906
vn -0.0140 -0.6830 0.7302
vn -0.0141 -0.6817 0.7315
vn -0.0418 -0.6777 0.7341
vn -0.0682 -0.6697 0.7395
vn -0.0924 -0.6577 0.7476
vn -0.1137 -0.6420 0.7583
vn -0.1306 -0.6231 0.7712
vn -0.1424 -0.6018 0.7859
vn -0.1486 -0.5788 0.8018
vn -0.1484 -0.5555 0.8182
vn -0.1422 -0.5328 0.8342
vn -0.1301 -0.5118 0.8492
vn -0.1132 -0.4933 0.8625
vn -0.0921 -0.4780 0.8735
vn -0.0679 -0.4663 0.8820
vn -0.0417 -0.4583 0.8878
vn -0.0140 -0.4543 0.8908
vn 0.0140 -0.4542 0.8908
vn 0.0417 -0.4580 0.8880
vn 0.0682 -0.4659 0.8822
vn 0.0925 -0.4776 0.8737
vn 0.1136 -0.4930 0.8626
vn 0.1306 -0.5115 0.8493
vn 0.1425 -0.5327 0.8342
vn 0.1485 -0.5555 0.8182
vn 0.1485 -0.5788 0.8018
vn 0.1423 -0.6017 0.7859
vn 0.1304 -0.6230 0.7713
vn 0.1134 -0.6418 0.7584
vn 0.0923 -0.6575 0.7478
vn 0.0680 -0.6695 0.7397
vn -0.0000 -0.5736 0.8192
vn 0.0415 -0.6775 0.7343
vn 0.0140 -0.6817 0.7315
vn -0.4713 0.7225 0.5059
vn -0.6345 0.6331 0.4433
vn -0.7731 0.5196 0.3638
vn -0.9569 0.2379 0.1666
vn -0.9952 0.0803 0.0562
vn -0.9952 -0.0803 -0.0562
vn -0.9569 -0.2378 -0.1665
vn -0.8819 -0.3862 -0.2704
vn -0.7730 -0.5197 -0.3639
vn -0.6344 -0.6332 -0.4434
vn -0.4713 -0.7225 -0.5059
vn -0.2903 -0.7839 -0.5489
vn -0.0979 -0.8152 -0.5708
vn 0.0981 -0.8152 -0.5708
vn 0.2903 -0.7839 -0.5489
vn 0.4714 -0.7224 -0.5059
vn 0.6344 -0.6332 -0.4434
vn 0.7731 -0.5196 -0.3639
vn 0.8819 -0.3862 -0.2704
vn 0.9569 -0.2378 -0.1665
vn 0.9952 -0.0803 -0.0562
vn 0.9952 0.0803 0.0562
vn 0.9569 0.2378 0.1665
vn 0.8819 0.3861 0.2704
vn 0.7731 0.5196 0.3639
vn 0.6345 0.6332 0.4433
vn 0.4714 0.7224 0.5059
vn 0.2904 0.7839 0.5489
vn 0.4715 0.7224 0.5058
vn 0.4713 0.7225 0.5059
vn 0.6343 0.6332 0.4434
vn 0.6346 0.6331 0.4433
vn 0.6345 0.6331 0.4433
vn 0.7731 0.5196 0.3638
vn 0.7730 0.5197 0.3639
vn 0.8819 0.3861 0.2703
vn 0.7730 -0.5197 -0.3639
vn 0.6343 -0.6333 -0.4434
vn 0.4714 -0.7224 -0.5058
vn 0.4713 -0.7225 -0.5059
vn 0.2902 -0.7839 -0.5489
vn 0.0980 -0.8152 -0.5708
vn -0.0981 -0.8152 -0.5708
vn -0.0980 -0.8152 -0.5708
vn -0.2902 -0.7839 -0.5489
vn -0.4714 -0.7224 -0.5059
vn -0.7730 -0.5196 -0.3639
vn -0.7731 -0.5196 -0.3638
vn -0.8819 -0.3861 -0.2704
vn -0.9570 0.2377 0.1665
vn -0.7729 0.5198 0.3639
vn -0.7730 0.5197 0.3639
vn -0.6344 0.6332 0.4434
vn -0.6345 0.6332 0.4433
vn -0.4715 0.7224 0.5058
vn -0.4714 0.7224 0.5059
vn -0.2903 0.7839 0.5489
vn -0.0137 -0.4531 0.8914
vn -0.0140 -0.4531 0.8913
vn 0.0141 -0.6817 0.7315
vn -0.0408 -0.4582 0.8879
vn -0.0406 -0.4582 0.8879
vn 0.0417 -0.6777 0.7341
vn -0.0653 -0.4680 0.8813
vn -0.0650 -0.4684 0.8811
vn 0.0682 -0.6697 0.7395
vn -0.0866 -0.4818 0.8720
vn -0.0863 -0.4821 0.8718
vn 0.0924 -0.6577 0.7476
vn -0.1039 -0.4985 0.8606
vn -0.1040 -0.4986 0.8606
vn 0.1137 -0.6420 0.7583
vn -0.1169 -0.5173 0.8478
vn -0.1166 -0.5176 0.8477
vn 0.1306 -0.6231 0.7712
vn -0.1258 -0.5373 0.8339
vn -0.1253 -0.5375 0.8339
vn 0.1425 -0.6018 0.7859
vn -0.1300 -0.5582 0.8195
vn -0.1298 -0.5582 0.8195
vn 0.1486 -0.5788 0.8018
vn -0.1298 -0.5792 0.8048
vn -0.1298 -0.5791 0.8048
vn 0.1484 -0.5555 0.8182
vn -0.1253 -0.5998 0.7903
vn -0.1256 -0.5998 0.7902
vn 0.1421 -0.5328 0.8342
vn -0.1166 -0.6196 0.7762
vn -0.1169 -0.6197 0.7761
vn 0.1301 -0.5118 0.8492
vn -0.1036 -0.6380 0.7630
vn -0.1039 -0.6382 0.7628
vn 0.1132 -0.4933 0.8625
vn -0.0863 -0.6544 0.7512
vn -0.0866 -0.6547 0.7509
vn 0.0921 -0.4780 0.8735
vn -0.0651 -0.6678 0.7415
vn -0.0653 -0.6681 0.7412
vn 0.0679 -0.4663 0.8820
vn -0.0405 -0.6775 0.7344
vn -0.0408 -0.6777 0.7342
vn 0.0417 -0.4583 0.8878
vn -0.0138 -0.6826 0.7306
vn -0.0139 -0.6828 0.7305
vn 0.0140 -0.4543 0.8908
vn 0.0139 -0.6828 0.7305
vn 0.0138 -0.6826 0.7306
vn -0.0140 -0.4542 0.8908
vn 0.0407 -0.6777 0.7342
vn 0.0406 -0.6775 0.7344
vn -0.0417 -0.4580 0.8880
vn 0.0653 -0.6681 0.7412
vn 0.0651 -0.6678 0.7415
vn -0.0682 -0.4659 0.8822
vn 0.0866 -0.6547 0.7509
vn 0.0863 -0.6544 0.7512
vn -0.0925 -0.4776 0.8737
vn 0.1039 -0.6382 0.7628
vn 0.1036 -0.6380 0.7630
vn -0.1136 -0.4930 0.8626
vn 0.1169 -0.6197 0.7761
vn 0.1166 -0.6196 0.7762
vn -0.1306 -0.5115 0.8493
vn 0.1256 -0.5998 0.7902
vn 0.1253 -0.5998 0.7903
vn -0.1425 -0.5327 0.8342
vn 0.1298 -0.5791 0.8048
vn 0.1298 -0.5792 0.8048
vn -0.1486 -0.5555 0.8182
vn 0.1298 -0.5582 0.8195
vn 0.1299 -0.5582 0.8195
vn -0.1485 -0.5788 0.8018
vn 0.1253 -0.5375 0.8339
vn 0.1258 -0.5373 0.8339
vn -0.1423 -0.6017 0.7859
vn 0.1166 -0.5175 0.8477
vn 0.1169 -0.5173 0.8478
vn -0.1304 -0.6230 0.7713
vn 0.1036 -0.4988 0.8605
vn 0.1039 -0.4985 0.8606
vn -0.1134 -0.6418 0.7584
vn 0.0863 -0.4821 0.8718
vn 0.0866 -0.4818 0.8720
vn -0.0923 -0.6575 0.7478
vn 0.0650 -0.4684 0.8811
vn 0.0653 -0.4680 0.8813
vn -0.0680 -0.6695 0.7397
vn 0.0407 -0.4582 0.8879
vn 0.0418 -0.4578 0.8880
vn -0.0415 -0.6775 0.7343
vn 0.0141 -0.4525 0.8916
vn 0.0139 -0.4528 0.8915
vn -0.0140 -0.6817 0.7315
vn 0.0097 -0.9951 -0.0980
vn 0.0286 -0.9951 -0.0942
vn 0.0462 -0.9951 -0.0869
vn 0.0628 -0.9951 -0.0761
vn 0.0765 -0.9951 -0.0623
vn 0.3657 -0.8810 -0.3002
vn 0.4173 -0.8810 -0.2231
vn 0.2571 -0.9565 -0.1374
vn 0.0868 -0.9951 -0.0465
vn 0.0949 -0.9950 -0.0311
vn 0.4528 -0.8810 -0.1374
vn 0.2790 -0.9565 -0.0846
vn 0.4708 -0.8810 -0.0464
vn 0.2901 -0.9566 -0.0286
vn 0.0980 -0.9951 -0.0097
vn 0.4709 -0.8810 0.0464
vn 0.2902 -0.9566 0.0286
vn 0.0980 -0.9951 0.0097
vn 0.4528 -0.8810 0.1374
vn 0.2790 -0.9565 0.0846
vn 0.0942 -0.9951 0.0286
vn 0.4173 -0.8810 0.2231
vn 0.2572 -0.9565 0.1374
vn 0.0868 -0.9951 0.0464
vn 0.3658 -0.8810 0.3002
vn 0.2254 -0.9566 0.1850
vn 0.0761 -0.9951 0.0625
vn 0.4036 -0.7715 0.4918
vn 0.3001 -0.8810 0.3658
vn 0.6073 0.2890 0.7400
vn 0.1850 -0.9565 0.2254
vn 0.0625 -0.9951 0.0761
vn 0.4513 0.2890 0.8443
vn 0.1375 -0.9565 0.2571
vn 0.4692 0.0976 0.8777
vn 0.0463 -0.9951 0.0869
vn 0.4691 -0.0976 0.8777
vn 0.4162 -0.4696 0.7786
vn 0.3652 -0.6325 0.6830
vn 0.3000 -0.7715 0.5611
vn 0.4169 0.4705 0.7777
vn 0.2231 -0.8810 0.4173
vn 0.2563 -0.4696 0.8448
vn 0.2248 -0.6326 0.7412
vn 0.2248 0.6326 0.7412
vn 0.1847 -0.7715 0.6088
vn 0.2563 0.4696 0.8448
vn 0.1374 -0.8810 0.4528
vn 0.2779 0.2890 0.9161
vn 0.0845 -0.9566 0.2790
vn 0.2889 0.0975 0.9524
vn 0.0287 -0.9951 0.0942
vn 0.2889 -0.0975 0.9524
vn 0.2780 -0.2890 0.9161
vn 0.0286 -0.9565 0.2902
vn 0.0975 0.0975 0.9904
vn 0.0096 -0.9951 0.0980
vn 0.0975 -0.0975 0.9904
vn 0.0938 -0.2890 0.9527
vn 0.0865 -0.4696 0.8786
vn 0.0624 0.7715 0.6332
vn 0.0759 -0.6326 0.7708
vn 0.0759 0.6326 0.7708
vn 0.0624 -0.7715 0.6332
vn 0.0865 0.4696 0.8786
vn 0.0464 -0.8810 0.4709
vn 0.0938 0.2890 0.9527
vn -0.0759 -0.6326 0.7708
vn -0.0759 0.6326 0.7708
vn -0.0624 -0.7715 0.6332
vn -0.0865 0.4696 0.8786
vn -0.0464 -0.8810 0.4709
vn -0.0938 0.2890 0.9527
vn -0.0286 -0.9565 0.2902
vn -0.0975 0.0975 0.9904
vn -0.0096 -0.9951 0.0980
vn -0.0975 -0.0975 0.9904
vn -0.0938 -0.2890 0.9527
vn -0.0865 -0.4696 0.8786
vn -0.0624 0.7715 0.6332
vn -0.0287 -0.9951 0.0942
vn -0.2889 -0.0975 0.9524
vn -0.2779 -0.2890 0.9161
vn -0.1373 0.8810 0.4528
vn -0.2563 -0.4696 0.8448
vn -0.1847 0.7715 0.6088
vn -0.2248 -0.6326 0.7412
vn -0.2248 0.6326 0.7412
vn -0.1847 -0.7715 0.6088
vn -0.2563 0.4696 0.8448
vn -0.1374 -0.8810 0.4528
vn -0.2779 0.2890 0.9161
vn -0.0846 -0.9566 0.2790
vn -0.2889 0.0976 0.9524
vn -0.3651 0.6326 0.6831
vn -0.2999 -0.7715 0.5611
vn -0.4162 0.4696 0.7786
vn -0.2230 -0.8810 0.4173
vn -0.4513 0.2890 0.8443
vn -0.1375 -0.9565 0.2571
vn -0.4692 0.0975 0.8777
vn -0.0463 -0.9951 0.0869
vn -0.4692 -0.0975 0.8777
vn -0.4513 -0.2890 0.8443
vn -0.2231 0.8810 0.4173
vn -0.4162 -0.4696 0.7786
vn -0.2999 0.7715 0.5611
vn -0.3651 -0.6326 0.6831
vn -0.6314 -0.0975 0.7693
vn -0.6073 -0.2890 0.7400
vn -0.3002 0.8810 0.3658
vn -0.5601 -0.4696 0.6825
vn -0.4036 0.7715 0.4918
vn -0.4913 -0.6326 0.5987
vn -0.4913 0.6326 0.5987
vn -0.4036 -0.7715 0.4918
vn -0.5601 0.4696 0.6825
vn -0.3002 -0.8810 0.3658
vn -0.6073 0.2890 0.7400
vn -0.1848 -0.9566 0.2254
vn -0.6314 0.0975 0.7693
vn -0.0625 -0.9951 0.0761
vn -0.4918 -0.7715 0.4036
vn -0.6825 0.4696 0.5601
vn -0.3658 -0.8810 0.3002
vn -0.7400 0.2890 0.6073
vn -0.2253 -0.9566 0.1850
vn -0.7693 0.0975 0.6314
vn -0.0761 -0.9951 0.0625
vn -0.7693 -0.0975 0.6313
vn -0.7400 -0.2890 0.6073
vn -0.3658 0.8810 0.3002
vn -0.6825 -0.4696 0.5601
vn -0.4918 0.7715 0.4036
vn -0.5987 -0.6326 0.4913
vn -0.5987 0.6326 0.4913
vn -0.8443 -0.2890 0.4513
vn -0.4170 0.8812 0.2224
vn -0.7786 -0.4696 0.4162
vn -0.5611 0.7715 0.2999
vn -0.6830 -0.6326 0.3651
vn -0.6830 0.6326 0.3651
vn -0.5611 -0.7715 0.2999
vn -0.7786 0.4696 0.4162
vn -0.4173 -0.8810 0.2230
vn -0.8443 0.2890 0.4513
vn -0.2572 -0.9565 0.1374
vn -0.8777 0.0976 0.4692
vn -0.0868 -0.9951 0.0464
vn -0.8777 -0.0975 0.4691
vn -0.8449 0.4696 0.2563
vn -0.4528 -0.8810 0.1374
vn -0.9161 0.2890 0.2779
vn -0.2790 -0.9566 0.0846
vn -0.9524 0.0975 0.2889
vn -0.0943 -0.9951 0.0286
vn -0.9524 -0.0975 0.2889
vn -0.9161 -0.2890 0.2779
vn -0.4529 0.8809 0.1374
vn -0.8449 -0.4696 0.2563
vn -0.6088 0.7715 0.1847
vn -0.7412 -0.6326 0.2248
vn -0.7412 0.6326 0.2248
vn -0.6088 -0.7715 0.1847
vn -0.9527 -0.2890 0.0938
vn -0.4709 0.8809 0.0464
vn -0.8786 -0.4696 0.0865
vn -0.6332 0.7715 0.0624
vn -0.7708 -0.6326 0.0759
vn -0.7708 0.6326 0.0759
vn -0.6332 -0.7715 0.0624
vn -0.8786 0.4696 0.0865
vn -0.4709 -0.8810 0.0464
vn -0.9527 0.2890 0.0938
vn -0.2901 -0.9566 0.0286
vn -0.9904 0.0975 0.0975
vn -0.0980 -0.9951 0.0097
vn -0.9904 -0.0975 0.0975
vn -0.4709 -0.8810 -0.0464
vn -0.9527 0.2890 -0.0938
vn -0.2902 -0.9566 -0.0286
vn -0.9904 0.0975 -0.0976
vn -0.0980 -0.9951 -0.0097
vn -0.9904 -0.0975 -0.0976
vn -0.9527 -0.2890 -0.0938
vn -0.8786 -0.4696 -0.0865
vn -0.6332 0.7715 -0.0624
vn -0.7708 -0.6326 -0.0759
vn -0.7708 0.6326 -0.0759
vn -0.6332 -0.7715 -0.0624
vn -0.8786 0.4696 -0.0865
vn -0.8449 -0.4696 -0.2563
vn -0.6089 0.7715 -0.1847
vn -0.7411 -0.6326 -0.2248
vn -0.7412 0.6326 -0.2248
vn -0.6088 -0.7715 -0.1847
vn -0.8449 0.4696 -0.2563
vn -0.4528 -0.8810 -0.1374
vn -0.9161 0.2890 -0.2779
vn -0.2790 -0.9565 -0.0846
vn -0.9524 0.0975 -0.2889
vn -0.0943 -0.9951 -0.0287
vn -0.9524 -0.0975 -0.2889
vn -0.9161 -0.2890 -0.2779
vn 0.9691 0.0121 -0.2463
vn -0.8777 0.0975 -0.4692
vn -0.0866 -0.9952 -0.0464
vn -0.8777 -0.0975 -0.4691
vn -0.8443 -0.2890 -0.4513
vn -0.7786 -0.4696 -0.4162
vn -0.6831 -0.6326 -0.3651
vn -0.6830 0.6326 -0.3651
vn -0.5611 -0.7715 -0.2999
vn -0.7786 0.4696 -0.4162
vn -0.4173 -0.8810 -0.2231
vn -0.8443 0.2890 -0.4513
vn -0.5987 -0.6326 -0.4913
vn -0.4918 -0.7715 -0.4036
vn -0.6825 0.4696 -0.5601
vn -0.3658 -0.8810 -0.3001
vn -0.7400 0.2890 -0.6073
vn -0.7693 0.0975 -0.6314
vn -0.0760 -0.9951 -0.0626
vn -0.7693 -0.0975 -0.6314
vn -0.7400 -0.2890 -0.6073
vn -0.6825 -0.4696 -0.5601
vn -0.6313 0.0975 -0.7693
vn -0.0625 -0.9951 -0.0761
vn -0.6314 -0.0975 -0.7693
vn -0.6073 -0.2890 -0.7400
vn -0.5601 -0.4696 -0.6825
vn -0.4913 -0.6326 -0.5987
vn -0.4036 -0.7715 -0.4918
vn -0.3001 -0.8810 -0.3657
vn -0.3651 -0.6326 -0.6831
vn -0.2995 -0.7716 -0.5612
vn -0.0462 -0.9952 -0.0868
vn -0.4513 -0.2890 -0.8443
vn -0.4162 -0.4696 -0.7786
vn -0.0286 -0.9951 -0.0943
vn -0.0100 -0.9951 -0.0980
vn 0.0094 -0.9951 -0.0980
vn 0.0291 -0.9951 -0.0943
vn 0.0458 -0.9952 -0.0869
vn 0.4513 -0.2890 -0.8443
vn 0.4162 -0.4696 -0.7786
vn 0.3651 -0.6326 -0.6831
vn 0.3008 -0.7712 -0.5611
vn 0.4914 -0.6326 -0.5987
vn 0.4036 -0.7715 -0.4918
vn 0.3005 -0.8809 -0.3657
vn 0.6313 0.0976 -0.7693
vn 0.0625 -0.9951 -0.0761
vn 0.6314 -0.0975 -0.7693
vn 0.6073 -0.2890 -0.7400
vn 0.5601 -0.4696 -0.6825
vn 0.7693 0.0975 -0.6314
vn 0.0760 -0.9951 -0.0626
vn 0.7693 -0.0975 -0.6313
vn 0.7400 -0.2890 -0.6073
vn 0.6825 -0.4696 -0.5601
vn 0.5987 -0.6326 -0.4913
vn 0.4918 -0.7715 -0.4036
vn 0.6822 0.4698 -0.5602
vn 0.3651 -0.8812 -0.3003
vn 0.7400 0.2890 -0.6073
vn 0.6830 -0.6326 -0.3651
vn 0.6831 0.6326 -0.3651
vn 0.5611 -0.7715 -0.2999
vn 0.7786 0.4697 -0.4162
vn 0.8443 0.2890 -0.4513
vn -0.9577 -0.0368 -0.2855
vn 0.8777 0.0976 -0.4691
vn 0.0869 -0.9951 -0.0463
vn 0.8777 -0.0975 -0.4691
vn 0.8443 -0.2890 -0.4513
vn 0.7786 -0.4696 -0.4162
vn 0.0943 -0.9953 -0.0195
vn 0.9524 -0.0975 -0.2889
vn 0.9161 -0.2890 -0.2779
vn 0.8449 -0.4696 -0.2563
vn 0.6088 0.7715 -0.1847
vn 0.7412 -0.6326 -0.2248
vn 0.7412 0.6325 -0.2248
vn 0.6088 -0.7715 -0.1847
vn 0.8448 0.4696 -0.2563
vn 0.9161 0.2890 -0.2779
vn 0.2791 -0.9565 -0.0848
vn 0.9524 0.0975 -0.2889
vn 0.6332 -0.7715 -0.0624
vn 0.8786 0.4696 -0.0865
vn 0.4709 -0.8810 -0.0464
vn 0.9527 0.2890 -0.0938
vn 0.9904 0.0975 -0.0975
vn 0.9904 -0.0975 -0.0975
vn 0.9527 -0.2890 -0.0938
vn 0.8786 -0.4696 -0.0865
vn 0.6332 0.7715 -0.0624
vn 0.7708 -0.6325 -0.0759
vn 0.7708 0.6326 -0.0759
vn 0.9527 -0.2890 0.0938
vn 0.4708 0.8810 0.0464
vn 0.8786 -0.4696 0.0865
vn 0.6332 0.7715 0.0624
vn 0.7708 -0.6326 0.0759
vn 0.7708 0.6326 0.0759
vn 0.6332 -0.7715 0.0624
vn 0.8786 0.4696 0.0865
vn 0.9527 0.2890 0.0938
vn 0.9904 0.0975 0.0975
vn 0.9904 -0.0975 0.0975
vn 0.8448 0.4696 0.2563
vn 0.9161 0.2890 0.2779
vn 0.9524 0.0976 0.2889
vn 0.9524 -0.0975 0.2889
vn 0.9161 -0.2890 0.2779
vn 0.4528 0.8810 0.1373
vn 0.8448 -0.4696 0.2563
vn 0.6088 0.7715 0.1847
vn 0.7411 -0.6326 0.2248
vn 0.7412 0.6326 0.2248
vn 0.6089 -0.7715 0.1847
vn 0.8443 -0.2890 0.4513
vn 0.4171 0.8811 0.2231
vn 0.7786 -0.4696 0.4162
vn 0.5611 0.7715 0.2999
vn 0.6831 -0.6326 0.3651
vn 0.6831 0.6326 0.3651
vn 0.5611 -0.7715 0.2999
vn 0.7786 0.4696 0.4162
vn 0.4173 -0.8810 0.2230
vn 0.8443 0.2890 0.4513
vn 0.8777 0.0975 0.4691
vn 0.8777 -0.0975 0.4691
vn 0.7400 0.2890 0.6073
vn 0.7693 0.0975 0.6314
vn 0.7693 -0.0975 0.6314
vn 0.7400 -0.2890 0.6073
vn 0.3658 0.8810 0.3002
vn 0.6825 -0.4696 0.5601
vn 0.4918 0.7715 0.4036
vn 0.5987 -0.6326 0.4913
vn 0.5987 0.6326 0.4913
vn 0.4918 -0.7715 0.4036
vn 0.6825 0.4696 0.5601
vn 0.3002 0.8810 0.3658
vn 0.5601 -0.4696 0.6825
vn 0.4036 0.7715 0.4918
vn 0.4914 -0.6326 0.5987
vn 0.4913 0.6326 0.5987
vn 0.5601 0.4696 0.6825
vn 0.6314 0.0975 0.7693
vn 0.6314 -0.0975 0.7693
vn 0.6073 -0.2890 0.7400
vn 0.4691 0.0976 0.8777
vn 0.4692 -0.0975 0.8777
vn 0.4513 -0.2890 0.8443
vn 0.2230 0.8810 0.4173
vn 0.2999 0.7715 0.5611
vn 0.3651 -0.6326 0.6831
vn 0.3651 0.6326 0.6831
vn 0.2999 -0.7715 0.5611
vn 0.4162 0.4696 0.7786
vn 0.1847 0.7715 0.6088
vn 0.2779 -0.2890 0.9161
vn 0.1374 0.8810 0.4528
vn 0.0624 0.7715 0.6331
vn -0.0623 0.7715 0.6332
vn -0.2563 -0.4696 0.8449
vn -0.3000 -0.7715 0.5611
vn -0.4690 0.0976 0.8778
vn -0.4691 -0.0976 0.8777
vn -0.3651 -0.6326 0.6830
vn -0.4173 -0.8810 0.2231
vn -0.4708 -0.8810 0.0464
vn -0.2790 -0.9565 -0.0848
vn -0.0943 -0.9951 -0.0285
vn -0.2571 -0.9565 -0.1375
vn -0.0868 -0.9951 -0.0465
vn -0.3655 -0.8811 -0.3002
vn -0.0767 -0.9951 -0.0623
vn -0.0626 -0.9951 -0.0761
vn -0.0463 -0.9951 -0.0869
vn -0.0096 -0.9951 -0.0980
vn 0.2089 -0.5163 -0.8305
vn 0.2234 -0.6412 -0.7341
vn 0.2310 -0.7312 -0.6419
vn -0.1061 0.8270 -0.5522
vn 0.2346 -0.7990 -0.5536
vn -0.0280 0.5981 -0.8009
vn 0.2351 -0.8526 -0.4667
vn 0.0620 0.2625 -0.9629
vn 0.1358 -0.0755 -0.9879
vn 0.1825 -0.3359 -0.9241
vn 0.3499 -0.2972 -0.8884
vn 0.3376 -0.4860 -0.8061
vn 0.3180 -0.6193 -0.7179
vn 0.2957 -0.7166 -0.6317
vn 0.1067 0.8524 -0.5119
vn 0.2722 -0.7909 -0.5481
vn 0.2124 0.6305 -0.7466
vn 0.2474 -0.8501 -0.4649
vn 0.2999 0.3038 -0.9043
vn 0.3435 -0.0316 -0.9386
vn 0.3083 -0.7851 -0.5372
vn 0.4222 0.6309 -0.6510
vn 0.2596 -0.8483 -0.4615
vn 0.5058 0.3190 -0.8015
vn 0.5261 -0.0047 -0.8504
vn 0.5008 -0.2692 -0.8227
vn 0.4561 -0.4629 -0.7601
vn 0.4064 -0.6026 -0.6868
vn 0.1720 0.9578 -0.2303
vn 0.3569 -0.7058 -0.6119
vn 0.2976 0.8478 -0.4388
vn 0.5591 -0.4488 -0.6971
vn 0.4852 -0.5923 -0.6433
vn 0.3089 0.9375 -0.1605
vn 0.4122 -0.6995 -0.5837
vn 0.4562 0.8207 -0.3439
vn 0.3410 -0.7821 -0.5215
vn 0.5905 0.6074 -0.5314
vn 0.2704 -0.8476 -0.4566
vn 0.6696 0.3121 -0.6739
vn 0.6749 0.0046 -0.7379
vn 0.6281 -0.2538 -0.7356
vn 0.7179 0.5688 -0.4014
vn 0.2799 -0.8479 -0.4503
vn 0.7929 0.2888 -0.5365
vn 0.7895 -0.0021 -0.6138
vn 0.7296 -0.2517 -0.6358
vn 0.6441 -0.4448 -0.6224
vn 0.5516 -0.5893 -0.5903
vn 0.4199 0.9042 -0.0778
vn 0.4596 -0.6983 -0.5488
vn 0.5801 0.7795 -0.2364
vn 0.3695 -0.7821 -0.5018
vn 0.7099 -0.4514 -0.5406
vn 0.6042 -0.5944 -0.5307
vn 0.5046 0.8633 0.0135
vn 0.4977 -0.7025 -0.5087
vn 0.6717 0.7306 -0.1226
vn 0.3926 -0.7852 -0.4789
vn 0.8099 0.5214 -0.2686
vn 0.2876 -0.8492 -0.4429
vn 0.8817 0.2536 -0.3979
vn 0.8735 -0.0226 -0.4863
vn 0.8063 -0.2627 -0.5300
vn 0.2934 -0.8514 -0.4347
vn 0.9422 0.2094 -0.2614
vn 0.9315 -0.0554 -0.3596
vn 0.8600 -0.2862 -0.4226
vn 0.7568 -0.4688 -0.4555
vn 0.6422 -0.6076 -0.4674
vn 0.5640 0.8183 0.1106
vn 0.5255 -0.7122 -0.4654
vn 0.7349 0.6782 -0.0055
vn 0.4095 -0.7915 -0.4538
vn 0.8727 0.4688 -0.1362
vn 0.6651 -0.6289 -0.4026
vn 0.5996 0.7718 0.2118
vn 0.5423 -0.7274 -0.4204
vn 0.7729 0.6242 0.1138
vn 0.4197 -0.8007 -0.4275
vn 0.9108 0.4127 -0.0045
vn 0.2968 -0.8546 -0.4261
vn 0.9792 0.1575 -0.1277
vn 0.9668 -0.0993 -0.2354
vn 0.8926 -0.3216 -0.3161
vn 0.7852 -0.4967 -0.3698
vn 0.9815 -0.1541 -0.1138
vn 0.9051 -0.3686 -0.2118
vn 0.7953 -0.5347 -0.2855
vn 0.6729 -0.6578 -0.3384
vn 0.6122 0.7248 0.3161
vn 0.5477 -0.7477 -0.3755
vn 0.7876 0.5694 0.2354
vn 0.4229 -0.8126 -0.4009
vn 0.9268 0.3532 0.1276
vn 0.2979 -0.8586 -0.4173
vn 0.9952 0.0980 0.0045
vn 0.6061 0.6722 0.4252
vn 0.5416 -0.7723 -0.3321
vn 0.7790 0.5137 0.3596
vn 0.4190 -0.8269 -0.3751
vn 0.9207 0.2897 0.2614
vn 0.2965 -0.8632 -0.4087
vn 0.9902 0.0303 0.1362
vn 0.9755 -0.2198 0.0055
vn 0.8976 -0.4267 -0.1106
vn 0.7871 -0.5821 -0.2041
vn 0.6652 -0.6936 -0.2765
vn 0.9470 -0.2969 0.1226
vn 0.8686 -0.4953 -0.0135
vn 0.7598 -0.6376 -0.1273
vn 0.6419 -0.7350 -0.2184
vn 0.5669 0.6306 0.5300
vn 0.5239 -0.8004 -0.2915
vn 0.7452 0.4564 0.4863
vn 0.4080 -0.8428 -0.3510
vn 0.8904 0.2212 0.3979
vn 0.2928 -0.8682 -0.4007
vn 0.9621 -0.0466 0.2686
vn 0.4951 -0.8305 -0.2551
vn 0.6827 0.3965 0.6137
vn 0.3904 -0.8597 -0.3294
vn 0.8311 0.1463 0.5365
vn 0.2868 -0.8735 -0.3934
vn 0.9061 -0.1336 0.4014
vn 0.8921 -0.3850 0.2364
vn 0.8157 -0.5732 0.0778
vn 0.7123 -0.6996 -0.0567
vn 0.6028 -0.7805 -0.1660
vn 0.7362 -0.6574 0.1605
vn 0.6439 -0.7651 0.0051
vn 0.5482 -0.8275 -0.1209
vn 0.4556 -0.8615 -0.2241
vn 0.5867 0.3335 0.7380
vn 0.3664 -0.8769 -0.3111
vn 0.7360 0.0645 0.6739
vn 0.2787 -0.8788 -0.3873
vn 0.8151 -0.2307 0.5314
vn 0.8054 -0.4827 0.3439
vn 0.3373 -0.8934 -0.2968
vn 0.5975 -0.0234 0.8015
vn 0.2690 -0.8839 -0.3825
vn 0.6811 -0.3352 0.6510
vn 0.6817 -0.5854 0.4388
vn 0.6278 -0.7435 0.2303
vn 0.5545 -0.8303 0.0556
vn 0.4790 -0.8737 -0.0850
vn 0.4067 -0.8915 -0.1997
vn 0.4912 -0.8242 0.2818
vn 0.4459 -0.8904 0.0916
vn 0.3974 -0.9157 -0.0598
vn 0.3499 -0.9188 -0.1828
vn 0.3038 -0.9085 -0.2869
vn 0.4117 -0.1131 0.9043
vn 0.2578 -0.8887 -0.3792
vn 0.4992 -0.4398 0.7466
vn 0.5186 -0.6849 0.5119
vn 0.2675 -0.9214 -0.2819
vn 0.2460 -0.8927 -0.3775
vn 0.2748 -0.5320 0.8009
vn 0.3216 -0.7692 0.5522
vn 0.3314 -0.8914 0.3093
vn 0.3225 -0.9401 0.1104
vn 0.3063 -0.9508 -0.0469
vn 0.2875 -0.9418 -0.1742
vn 0.1908 -0.9754 0.1104
vn 0.2101 -0.9766 -0.0469
vn 0.2220 -0.9594 -0.1742
vn 0.2292 -0.9317 -0.2819
vn 0.2334 -0.8961 -0.3775
vn 0.1061 -0.8270 0.5522
vn 0.1587 -0.9376 0.3093
vn 0.2210 -0.8985 -0.3792
vn -0.0133 -0.9594 0.2818
vn 0.0590 -0.9940 0.0916
vn 0.1138 -0.9917 -0.0598
vn 0.1563 -0.9706 -0.1828
vn 0.1911 -0.9387 -0.2869
vn 0.0219 -0.9961 -0.0850
vn 0.0935 -0.9754 -0.1997
vn 0.1547 -0.9423 -0.2968
vn 0.2090 -0.9000 -0.3825
vn -0.1695 -0.9583 0.2303
vn -0.0648 -0.9963 0.0556
vn -0.1751 -0.9845 0.0052
vn -0.0610 -0.9908 -0.1209
vn 0.0362 -0.9739 -0.2241
vn 0.1211 -0.9426 -0.3111
vn 0.1981 -0.9004 -0.3873
vn -0.1318 -0.9773 -0.1660
vn -0.0134 -0.9668 -0.2551
vn 0.0918 -0.9397 -0.3294
vn 0.1884 -0.8998 -0.3935
vn -0.2670 -0.9620 -0.0568
vn -0.3383 -0.9324 -0.1273
vn -0.1883 -0.9575 -0.2185
vn -0.0537 -0.9551 -0.2915
vn 0.0681 -0.9339 -0.3510
vn 0.1806 -0.8982 -0.4007
vn -0.0830 -0.9396 -0.3321
vn 0.0506 -0.9256 -0.3752
vn 0.1747 -0.8958 -0.4088
vn -0.2292 -0.9333 -0.2765
vn -0.2538 -0.9061 -0.3384
vn -0.1005 -0.9214 -0.3755
vn 0.0401 -0.9152 -0.4009
vn 0.1713 -0.8925 -0.4173
vn -0.1059 -0.9011 -0.4205
vn 0.0368 -0.9033 -0.4275
vn 0.1703 -0.8885 -0.4261
vn -0.2615 -0.8772 -0.4026
vn -0.4210 -0.7844 -0.4555
vn -0.2523 -0.8473 -0.4674
vn -0.0990 -0.8796 -0.4654
vn 0.0411 -0.8902 -0.4538
vn 0.1717 -0.8840 -0.4347
vn 0.0526 -0.8763 -0.4789
vn 0.1754 -0.8792 -0.4429
vn -0.3891 -0.7459 -0.5406
vn -0.2260 -0.8168 -0.5307
vn -0.0798 -0.8572 -0.5087
vn -0.3354 -0.7072 -0.6224
vn -0.1830 -0.7862 -0.5903
vn -0.0489 -0.8345 -0.5488
vn 0.0711 -0.8621 -0.5018
vn 0.1816 -0.8742 -0.4503
vn 0.1896 -0.8693 -0.4566
vn -0.5868 -0.3335 -0.7379
vn -0.4170 -0.5338 -0.7356
vn -0.2599 -0.6682 -0.6971
vn -0.1240 -0.7555 -0.6433
vn -0.0072 -0.8119 -0.5837
vn 0.0957 -0.8479 -0.5215
vn -0.1635 -0.6289 -0.7601
vn -0.0507 -0.7251 -0.6868
vn 0.0438 -0.7897 -0.6119
vn 0.1256 -0.8341 -0.5372
vn 0.1995 -0.8644 -0.4615
vn -0.5975 0.0234 -0.8015
vn -0.4532 -0.2671 -0.8504
vn -0.2991 -0.4835 -0.8227
vn 0.2105 -0.8600 -0.4649
vn -0.4117 0.1131 -0.9043
vn -0.2817 -0.1991 -0.9386
vn -0.1545 -0.4323 -0.8884
vn -0.0494 -0.5897 -0.8061
vn 0.0343 -0.6953 -0.7179
vn 0.1022 -0.7684 -0.6317
vn 0.1597 -0.8211 -0.5480
vn -0.4992 0.4398 -0.7466
vn 0.1272 -0.6670 -0.7341
vn 0.1655 -0.7487 -0.6419
vn 0.1965 -0.8092 -0.5536
vn -0.2748 0.5320 -0.8009
vn 0.2228 -0.8559 -0.4667
vn -0.1849 0.1964 -0.9629
vn -0.0798 -0.1333 -0.9879
vn 0.0099 -0.3821 -0.9241
vn 0.0772 -0.5516 -0.8305
vn -0.0772 -0.5516 -0.8305
vn -0.1272 -0.6670 -0.7341
vn -0.1655 -0.7487 -0.6419
vn -0.1965 -0.8092 -0.5536
vn 0.2750 0.5320 -0.8008
vn -0.2228 -0.8559 -0.4667
vn 0.1849 0.1964 -0.9629
vn 0.0798 -0.1333 -0.9879
vn -0.0099 -0.3821 -0.9241
vn 0.1545 -0.4323 -0.8884
vn 0.0494 -0.5897 -0.8061
vn -0.0343 -0.6953 -0.7179
vn -0.1022 -0.7684 -0.6317
vn -0.1597 -0.8211 -0.5480
vn 0.4992 0.4398 -0.7466
vn -0.2105 -0.8600 -0.4649
vn 0.4117 0.1131 -0.9043
vn 0.2817 -0.1991 -0.9386
vn -0.1256 -0.8341 -0.5372
vn -0.1995 -0.8644 -0.4615
vn 0.5975 0.0234 -0.8015
vn 0.4532 -0.2671 -0.8504
vn 0.2990 -0.4835 -0.8227
vn 0.1635 -0.6289 -0.7601
vn 0.0507 -0.7251 -0.6868
vn -0.0438 -0.7897 -0.6119
vn 0.2598 -0.6682 -0.6971
vn 0.1240 -0.7555 -0.6433
vn 0.0072 -0.8119 -0.5837
vn -0.0957 -0.8479 -0.5215
vn -0.1896 -0.8693 -0.4566
vn 0.4170 -0.5338 -0.7356
vn -0.1816 -0.8742 -0.4503
vn 0.3354 -0.7072 -0.6224
vn 0.1830 -0.7862 -0.5903
vn 0.0489 -0.8345 -0.5488
vn -0.0710 -0.8621 -0.5018
vn 0.3890 -0.7459 -0.5406
vn 0.2260 -0.8168 -0.5307
vn 0.0798 -0.8572 -0.5087
vn -0.0526 -0.8763 -0.4789
vn -0.1754 -0.8792 -0.4429
vn -0.1717 -0.8841 -0.4347
vn 0.2523 -0.8473 -0.4674
vn 0.0990 -0.8796 -0.4654
vn -0.0411 -0.8902 -0.4538
vn 0.2615 -0.8772 -0.4026
vn 0.1059 -0.9011 -0.4205
vn -0.0368 -0.9033 -0.4275
vn -0.1703 -0.8885 -0.4261
vn 0.2538 -0.9061 -0.3384
vn 0.1005 -0.9214 -0.3755
vn -0.0400 -0.9152 -0.4009
vn -0.1713 -0.8925 -0.4173
vn 0.0829 -0.9396 -0.3321
vn -0.0505 -0.9256 -0.3751
vn -0.1747 -0.8958 -0.4088
vn 0.2293 -0.9333 -0.2765
vn 0.3420 -0.9311 -0.1271
vn 0.1884 -0.9575 -0.2185
vn 0.0537 -0.9551 -0.2915
vn -0.0680 -0.9339 -0.3510
vn -0.1806 -0.8982 -0.4007
vn 0.0134 -0.9668 -0.2551
vn -0.0918 -0.9397 -0.3294
vn -0.1884 -0.8998 -0.3935
vn 0.2671 -0.9620 -0.0567
vn 0.1318 -0.9773 -0.1660
vn 0.1751 -0.9845 0.0051
vn 0.0610 -0.9908 -0.1209
vn -0.0362 -0.9739 -0.2241
vn -0.1211 -0.9426 -0.3111
vn -0.1981 -0.9004 -0.3873
vn -0.1546 -0.9423 -0.2968
vn -0.2089 -0.9000 -0.3825
vn 0.1720 -0.9578 0.2303
vn 0.0651 -0.9963 0.0556
vn -0.0220 -0.9961 -0.0850
vn -0.0935 -0.9754 -0.1997
vn 0.0133 -0.9594 0.2818
vn -0.0590 -0.9940 0.0916
vn -0.1138 -0.9917 -0.0598
vn -0.1563 -0.9706 -0.1828
vn -0.1912 -0.9387 -0.2869
vn -0.2210 -0.8985 -0.3792
vn -0.2292 -0.9317 -0.2819
vn -0.2334 -0.8961 -0.3775
vn -0.1061 -0.8270 0.5522
vn -0.1587 -0.9376 0.3093
vn -0.1908 -0.9754 0.1104
vn -0.2101 -0.9766 -0.0469
vn -0.2220 -0.9594 -0.1742
vn -0.3225 -0.9401 0.1104
vn -0.3063 -0.9508 -0.0469
vn -0.2875 -0.9418 -0.1742
vn -0.2674 -0.9214 -0.2819
vn -0.2460 -0.8927 -0.3775
vn -0.2749 -0.5320 0.8009
vn -0.3216 -0.7692 0.5522
vn -0.3314 -0.8914 0.3093
vn -0.2578 -0.8887 -0.3792
vn -0.4992 -0.4398 0.7466
vn -0.5186 -0.6849 0.5119
vn -0.4912 -0.8242 0.2818
vn -0.4459 -0.8904 0.0916
vn -0.3974 -0.9157 -0.0598
vn -0.3499 -0.9188 -0.1828
vn -0.3038 -0.9085 -0.2869
vn -0.4117 -0.1131 0.9043
vn -0.4790 -0.8737 -0.0850
vn -0.4067 -0.8915 -0.1997
vn -0.3373 -0.8934 -0.2968
vn -0.5975 -0.0234 0.8015
vn -0.2690 -0.8839 -0.3825
vn -0.6811 -0.3352 0.6510
vn -0.6817 -0.5854 0.4388
vn -0.6278 -0.7435 0.2303
vn -0.5545 -0.8303 0.0556
vn -0.8151 -0.2307 0.5314
vn -0.8054 -0.4827 0.3439
vn -0.7362 -0.6574 0.1605
vn -0.6439 -0.7651 0.0051
vn -0.5482 -0.8276 -0.1209
vn -0.4556 -0.8615 -0.2241
vn -0.5868 0.3335 0.7379
vn -0.3665 -0.8769 -0.3111
vn -0.7360 0.0645 0.6739
vn -0.2787 -0.8788 -0.3873
vn -0.6028 -0.7804 -0.1660
vn -0.4951 -0.8305 -0.2551
vn -0.6827 0.3966 0.6138
vn -0.3904 -0.8597 -0.3294
vn -0.8311 0.1463 0.5365
vn -0.2868 -0.8735 -0.3934
vn -0.9061 -0.1336 0.4014
vn -0.8921 -0.3850 0.2364
vn -0.8157 -0.5732 0.0778
vn -0.7123 -0.6996 -0.0567
vn -0.9470 -0.2969 0.1226
vn -0.8686 -0.4953 -0.0135
vn -0.7598 -0.6376 -0.1273
vn -0.6419 -0.7350 -0.2185
vn -0.5669 0.6306 0.5300
vn -0.5239 -0.8003 -0.2915
vn -0.7452 0.4564 0.4862
vn -0.4080 -0.8428 -0.3510
vn -0.8904 0.2212 0.3979
vn -0.2927 -0.8682 -0.4007
vn -0.9621 -0.0466 0.2686
vn -0.6018 0.6777 0.4226
vn -0.5416 -0.7723 -0.3321
vn -0.7790 0.5137 0.3596
vn -0.4190 -0.8269 -0.3751
vn -0.9207 0.2897 0.2614
vn -0.2965 -0.8631 -0.4087
vn -0.9902 0.0303 0.1362
vn -0.9755 -0.2199 0.0055
vn -0.8976 -0.4267 -0.1106
vn -0.7871 -0.5821 -0.2041
vn -0.6652 -0.6936 -0.2765
vn -0.9815 -0.1541 -0.1138
vn -0.9051 -0.3686 -0.2118
vn -0.7953 -0.5347 -0.2855
vn -0.6729 -0.6578 -0.3384
vn -0.6122 0.7248 0.3161
vn -0.5477 -0.7476 -0.3755
vn -0.7876 0.5694 0.2354
vn -0.4229 -0.8126 -0.4009
vn -0.9268 0.3532 0.1277
vn -0.2979 -0.8586 -0.4173
vn -0.9952 0.0980 0.0045
vn -0.5423 -0.7274 -0.4204
vn -0.7729 0.6242 0.1138
vn -0.4197 -0.8007 -0.4275
vn -0.9109 0.4127 -0.0045
vn -0.2968 -0.8546 -0.4261
vn -0.9792 0.1575 -0.1277
vn -0.9668 -0.0993 -0.2354
vn -0.8926 -0.3216 -0.3161
vn -0.7852 -0.4967 -0.3698
vn -0.6651 -0.6289 -0.4026
vn -0.5996 0.7718 0.2118
vn -0.8600 -0.2862 -0.4226
vn -0.7568 -0.4688 -0.4555
vn -0.6421 -0.6076 -0.4674
vn -0.5640 0.8183 0.1106
vn -0.5255 -0.7122 -0.4654
vn -0.7349 0.6782 -0.0055
vn -0.4095 -0.7915 -0.4538
vn -0.8727 0.4688 -0.1362
vn -0.2934 -0.8514 -0.4347
vn -0.9422 0.2094 -0.2614
vn -0.9315 -0.0554 -0.3596
vn -0.3926 -0.7852 -0.4789
vn -0.8099 0.5214 -0.2686
vn -0.2876 -0.8492 -0.4429
vn -0.8817 0.2536 -0.3979
vn -0.8735 -0.0226 -0.4863
vn -0.8063 -0.2627 -0.5300
vn -0.7099 -0.4514 -0.5406
vn -0.6042 -0.5944 -0.5307
vn -0.5046 0.8632 0.0135
vn -0.4977 -0.7025 -0.5087
vn -0.6717 0.7306 -0.1226
vn -0.6441 -0.4448 -0.6224
vn -0.5516 -0.5893 -0.5903
vn -0.4200 0.9042 -0.0778
vn -0.4596 -0.6983 -0.5488
vn -0.5800 0.7795 -0.2364
vn -0.3695 -0.7821 -0.5018
vn -0.7179 0.5688 -0.4014
vn -0.2799 -0.8479 -0.4503
vn -0.7929 0.2888 -0.5365
vn -0.7895 -0.0021 -0.6138
vn -0.7296 -0.2517 -0.6358
vn -0.5905 0.6074 -0.5314
vn -0.2703 -0.8476 -0.4566
vn -0.6696 0.3121 -0.6739
vn -0.6749 0.0046 -0.7379
vn -0.6281 -0.2538 -0.7356
vn -0.5591 -0.4488 -0.6971
vn -0.4852 -0.5923 -0.6433
vn -0.3090 0.9374 -0.1604
vn -0.4122 -0.6995 -0.5837
vn -0.4562 0.8207 -0.3439
vn -0.3410 -0.7821 -0.5215
vn -0.4561 -0.4629 -0.7601
vn -0.4064 -0.6026 -0.6868
vn -0.1718 0.9578 -0.2303
vn -0.3569 -0.7058 -0.6119
vn -0.2978 0.8478 -0.4388
vn -0.3083 -0.7851 -0.5372
vn -0.4222 0.6309 -0.6510
vn -0.2596 -0.8483 -0.4615
vn -0.5058 0.3190 -0.8015
vn -0.5261 -0.0047 -0.8504
vn -0.5008 -0.2692 -0.8227
vn -0.2475 -0.8500 -0.4649
vn -0.2999 0.3038 -0.9043
vn -0.3435 -0.0316 -0.9386
vn -0.3499 -0.2972 -0.8884
vn -0.3376 -0.4860 -0.8061
vn -0.3180 -0.6193 -0.7179
vn -0.2957 -0.7166 -0.6317
vn -0.1066 0.8524 -0.5119
vn -0.2723 -0.7909 -0.5481
vn -0.2124 0.6305 -0.7466
vn -0.2234 -0.6412 -0.7341
vn -0.2310 -0.7311 -0.6419
vn 0.1061 0.8269 -0.5522
vn -0.2346 -0.7990 -0.5536
vn 0.0280 0.5981 -0.8009
vn -0.2350 -0.8526 -0.4667
vn -0.0620 0.2625 -0.9629
vn -0.1358 -0.0755 -0.9879
vn -0.1825 -0.3359 -0.9241
vn -0.2089 -0.5163 -0.8305
vn 0.0939 -0.2861 0.9536
vn 0.2782 -0.2861 0.9169
vn 0.4517 -0.2861 0.8451
vn 0.6079 -0.2861 0.7407
vn 0.7407 -0.2861 0.6079
vn 0.8451 -0.2861 0.4517
vn 0.9169 -0.2861 0.2782
vn 0.9536 -0.2861 0.0939
vn 0.9536 -0.2861 -0.0939
vn 0.9169 -0.2861 -0.2782
vn 0.8451 -0.2861 -0.4517
vn 0.7407 -0.2861 -0.6079
vn 0.6079 -0.2861 -0.7407
vn 0.4518 -0.2861 -0.8450
vn 0.2782 -0.2861 -0.9169
vn 0.2781 -0.2861 -0.9170
vn 0.0939 -0.2861 -0.9536
vn -0.0939 -0.2861 -0.9536
vn -0.2781 -0.2861 -0.9169
vn -0.2780 -0.2861 -0.9170
vn -0.4517 -0.2861 -0.8451
vn -0.6079 -0.2861 -0.7407
vn -0.7407 -0.2861 -0.6079
vn -0.8451 -0.2861 -0.4517
vn -0.9169 -0.2861 -0.2782
vn -0.9536 -0.2861 -0.0939
vn -0.9536 -0.2861 0.0939
vn -0.9169 -0.2861 0.2781
vn -0.8451 -0.2861 0.4517
vn -0.7407 -0.2861 0.6079
vn -0.6079 -0.2861 0.7407
vn -0.4517 -0.2861 0.8451
vn -0.0000 -1.0000 -0.0000
vn -0.2782 -0.2861 0.9169
vn -0.0939 -0.2861 0.9536
vn 0.9891 0.1325 -0.0648
vn 0.8929 0.4464 -0.0585
vn 0.4722 0.8810 -0.0309
vn -0.4721 0.8810 0.0309
vn -0.8929 0.4465 0.0585
vn -0.9891 0.1325 0.0648
vn -0.9891 -0.1325 0.0648
vn -0.8929 -0.4464 0.0585
vn -0.4721 -0.8810 0.0309
vn 0.4721 -0.8810 -0.0309
vn 0.8929 -0.4464 -0.0585
vn 0.9891 -0.1325 -0.0648
vn 0.9721 0.1325 -0.1934
vn 0.8776 0.4464 -0.1746
vn 0.4641 0.8810 -0.0923
vn -0.4640 0.8810 0.0923
vn -0.8776 0.4464 0.1746
vn -0.9721 0.1325 0.1934
vn -0.9721 -0.1325 0.1934
vn -0.8776 -0.4464 0.1746
vn -0.4640 -0.8810 0.0923
vn 0.4640 -0.8810 -0.0923
vn 0.8776 -0.4464 -0.1746
vn 0.9721 -0.1325 -0.1934
vn 0.9386 0.1325 -0.3186
vn 0.8473 0.4464 -0.2876
vn 0.4481 0.8810 -0.1521
vn -0.4480 0.8810 0.1521
vn -0.8473 0.4465 0.2876
vn -0.9386 0.1325 0.3186
vn -0.9386 -0.1325 0.3186
vn -0.8473 -0.4464 0.2876
vn -0.4480 -0.8810 0.1521
vn 0.4480 -0.8810 -0.1521
vn 0.8473 -0.4464 -0.2876
vn 0.9386 -0.1325 -0.3186
vn 0.8890 0.1325 -0.4384
vn 0.8025 0.4464 -0.3958
vn 0.4243 0.8810 -0.2093
vn -0.4243 0.8810 0.2093
vn -0.8025 0.4464 0.3958
vn -0.8890 0.1325 0.4384
vn -0.8890 -0.1325 0.4384
vn -0.8025 -0.4464 0.3958
vn -0.4243 -0.8810 0.2093
vn 0.4244 -0.8810 -0.2093
vn 0.8025 -0.4464 -0.3958
vn 0.8890 -0.1325 -0.4384
vn 0.8241 0.1325 -0.5507
vn 0.7440 0.4464 -0.4971
vn 0.3934 0.8810 -0.2629
vn -0.3934 0.8810 0.2629
vn -0.7440 0.4465 0.4971
vn -0.8241 0.1325 0.5507
vn -0.8241 -0.1325 0.5507
vn -0.7440 -0.4464 0.4971
vn -0.3934 -0.8810 0.2629
vn 0.3934 -0.8810 -0.2629
vn 0.7440 -0.4464 -0.4971
vn 0.8241 -0.1325 -0.5507
vn 0.7452 0.1325 -0.6535
vn 0.6728 0.4464 -0.5900
vn 0.3557 0.8810 -0.3120
vn -0.3557 0.8810 0.3120
vn -0.6728 0.4464 0.5900
vn -0.7452 0.1325 0.6535
vn -0.7452 -0.1325 0.6535
vn -0.6728 -0.4464 0.5900
vn -0.3557 -0.8810 0.3120
vn 0.3557 -0.8810 -0.3120
vn 0.6728 -0.4464 -0.5900
vn 0.7452 -0.1325 -0.6535
vn 0.6535 0.1325 -0.7452
vn 0.5900 0.4464 -0.6728
vn 0.3120 0.8810 -0.3557
vn -0.3120 0.8810 0.3557
vn -0.5900 0.4465 0.6728
vn -0.6535 0.1325 0.7452
vn -0.6535 -0.1325 0.7452
vn -0.5900 -0.4464 0.6728
vn -0.3119 -0.8810 0.3557
vn 0.3119 -0.8810 -0.3557
vn 0.5900 -0.4464 -0.6728
vn 0.6535 -0.1325 -0.7452
vn 0.5507 0.1325 -0.8241
vn 0.4971 0.4464 -0.7440
vn 0.2629 0.8810 -0.3934
vn -0.2629 0.8810 0.3934
vn -0.4971 0.4465 0.7440
vn -0.5507 0.1325 0.8241
vn -0.5507 -0.1325 0.8241
vn -0.4971 -0.4464 0.7440
vn -0.2629 -0.8810 0.3934
vn 0.2629 -0.8810 -0.3934
vn 0.4971 -0.4464 -0.7440
vn 0.5507 -0.1325 -0.8241
vn 0.4384 0.1325 -0.8890
vn 0.3958 0.4464 -0.8025
vn 0.2093 0.8810 -0.4243
vn -0.2093 0.8810 0.4243
vn -0.3958 0.4464 0.8025
vn -0.4384 0.1325 0.8890
vn -0.4384 -0.1325 0.8890
vn -0.3958 -0.4464 0.8025
vn -0.2093 -0.8810 0.4243
vn 0.2092 -0.8810 -0.4243
vn 0.3958 -0.4464 -0.8025
vn 0.4384 -0.1325 -0.8890
vn 0.3186 0.1325 -0.9386
vn 0.2876 0.4464 -0.8473
vn 0.1521 0.8810 -0.4480
vn -0.1521 0.8810 0.4480
vn -0.2876 0.4464 0.8473
vn -0.3186 0.1325 0.9386
vn -0.3186 -0.1325 0.9386
vn -0.2876 -0.4464 0.8473
vn -0.1521 -0.8810 0.4480
vn 0.1521 -0.8810 -0.4480
vn 0.2876 -0.4464 -0.8473
vn 0.3186 -0.1325 -0.9386
vn 0.1934 0.1325 -0.9721
vn 0.1746 0.4464 -0.8776
vn 0.0923 0.8810 -0.4640
vn -0.0923 0.8810 0.4640
vn -0.1746 0.4464 0.8776
vn -0.1934 0.1325 0.9721
vn -0.1934 -0.1325 0.9721
vn -0.1746 -0.4464 0.8776
vn -0.0923 -0.8810 0.4640
vn 0.0923 -0.8810 -0.4640
vn 0.1746 -0.4464 -0.8776
vn 0.1934 -0.1325 -0.9721
vn 0.0648 0.1325 -0.9891
vn 0.0585 0.4464 -0.8929
vn 0.0310 0.8810 -0.4721
vn -0.0310 0.8810 0.4721
vn -0.0585 0.4464 0.8929
vn -0.0648 0.1325 0.9891
vn -0.0648 -0.1325 0.9891
vn -0.0585 -0.4464 0.8929
vn -0.0309 -0.8810 0.4721
vn 0.0309 -0.8810 -0.4721
vn 0.0585 -0.4464 -0.8929
vn 0.0648 -0.1325 -0.9891
vn -0.0648 0.1325 -0.9891
vn -0.0585 0.4464 -0.8929
vn -0.0309 0.8810 -0.4721
vn 0.0310 0.8810 0.4721
vn 0.0585 0.4464 0.8929
vn 0.0648 0.1325 0.9891
vn 0.0648 -0.1325 0.9891
vn 0.0585 -0.4464 0.8929
vn 0.0310 -0.8810 0.4721
vn -0.0310 -0.8810 -0.4721
vn -0.0585 -0.4464 -0.8929
vn -0.0648 -0.1325 -0.9891
vn -0.1934 0.1325 -0.9721
vn -0.1746 0.4464 -0.8776
vn -0.0923 0.8810 -0.4640
vn 0.0923 0.8810 0.4640
vn 0.1746 0.4464 0.8776
vn 0.1934 0.1325 0.9721
vn 0.1934 -0.1325 0.9721
vn 0.1746 -0.4464 0.8776
vn 0.0923 -0.8810 0.4640
vn -0.0923 -0.8810 -0.4640
vn -0.1746 -0.4464 -0.8776
vn -0.1934 -0.1325 -0.9721
vn -0.3186 0.1325 -0.9386
vn -0.2876 0.4464 -0.8473
vn -0.1521 0.8810 -0.4480
vn 0.1521 0.8810 0.4480
vn 0.2876 0.4464 0.8473
vn 0.3186 0.1325 0.9386
vn 0.3186 -0.1325 0.9386
vn 0.2876 -0.4464 0.8473
vn 0.1520 -0.8810 0.4480
vn -0.1521 -0.8810 -0.4480
vn -0.2876 -0.4464 -0.8473
vn -0.3186 -0.1325 -0.9386
vn -0.4384 0.1325 -0.8890
vn -0.3958 0.4464 -0.8025
vn -0.2092 0.8810 -0.4243
vn 0.2092 0.8810 0.4243
vn 0.3958 0.4464 0.8025
vn 0.4384 0.1325 0.8890
vn 0.4384 -0.1325 0.8890
vn 0.3958 -0.4464 0.8025
vn 0.2092 -0.8810 0.4243
vn -0.2092 -0.8810 -0.4243
vn -0.3958 -0.4464 -0.8025
vn -0.4384 -0.1325 -0.8890
vn -0.5507 0.1325 -0.8241
vn -0.4971 0.4464 -0.7440
vn -0.2629 0.8810 -0.3934
vn 0.2629 0.8810 0.3934
vn 0.4971 0.4464 0.7440
vn 0.5507 0.1325 0.8241
vn 0.5507 -0.1325 0.8241
vn 0.4971 -0.4464 0.7440
vn 0.2628 -0.8810 0.3934
vn -0.2629 -0.8810 -0.3934
vn -0.4971 -0.4464 -0.7440
vn -0.5507 -0.1325 -0.8241
vn -0.6535 0.1325 -0.7452
vn -0.5900 0.4465 -0.6728
vn -0.3120 0.8810 -0.3557
vn 0.3120 0.8810 0.3557
vn 0.5900 0.4464 0.6727
vn 0.6535 0.1325 0.7452
vn 0.6535 -0.1325 0.7452
vn 0.5900 -0.4464 0.6728
vn 0.3120 -0.8810 0.3557
vn -0.3119 -0.8810 -0.3557
vn -0.5900 -0.4464 -0.6728
vn -0.6535 -0.1325 -0.7452
vn -0.7452 0.1325 -0.6535
vn -0.6728 0.4464 -0.5900
vn -0.3557 0.8810 -0.3120
vn 0.3557 0.8810 0.3120
vn 0.6728 0.4464 0.5900
vn 0.7452 0.1325 0.6535
vn 0.7452 -0.1325 0.6535
vn 0.6728 -0.4464 0.5900
vn 0.3557 -0.8810 0.3120
vn -0.3557 -0.8810 -0.3120
vn -0.6728 -0.4464 -0.5900
vn -0.7452 -0.1325 -0.6535
vn -0.8241 0.1325 -0.5507
vn -0.7440 0.4465 -0.4971
vn -0.3934 0.8810 -0.2629
vn 0.3934 0.8810 0.2629
vn 0.7440 0.4464 0.4971
vn 0.8241 0.1325 0.5507
vn 0.8241 -0.1325 0.5507
vn 0.7440 -0.4464 0.4971
vn 0.3934 -0.8810 0.2629
vn -0.3934 -0.8810 -0.2629
vn -0.7440 -0.4464 -0.4971
vn -0.8241 -0.1325 -0.5507
vn -0.8890 0.1325 -0.4384
vn -0.8025 0.4465 -0.3958
vn -0.4243 0.8810 -0.2093
vn 0.4244 0.8810 0.2093
vn 0.8025 0.4464 0.3958
vn 0.8890 0.1325 0.4384
vn 0.8890 -0.1325 0.4384
vn 0.8025 -0.4464 0.3958
vn 0.4243 -0.8810 0.2093
vn -0.4243 -0.8810 -0.2093
vn -0.8025 -0.4464 -0.3958
vn -0.8890 -0.1325 -0.4384
vn -0.9386 0.1325 -0.3186
vn -0.8473 0.4464 -0.2876
vn -0.4480 0.8810 -0.1521
vn 0.4481 0.8810 0.1521
vn 0.8473 0.4464 0.2876
vn 0.9386 0.1325 0.3186
vn 0.9386 -0.1325 0.3186
vn 0.8473 -0.4464 0.2876
vn 0.4480 -0.8810 0.1521
vn -0.4480 -0.8810 -0.1521
vn -0.8473 -0.4464 -0.2876
vn -0.9386 -0.1325 -0.3186
vn -0.9721 0.1325 -0.1934
vn -0.8776 0.4464 -0.1746
vn -0.4640 0.8810 -0.0923
vn 0.4641 0.8810 0.0923
vn 0.8776 0.4464 0.1746
vn 0.9721 0.1325 0.1934
vn 0.9721 -0.1325 0.1934
vn 0.8776 -0.4464 0.1746
vn 0.4640 -0.8810 0.0923
vn -0.4640 -0.8810 -0.0923
vn -0.8776 -0.4464 -0.1746
vn -0.9721 -0.1325 -0.1934
vn -0.9891 0.1325 -0.0648
vn -0.8929 0.4465 -0.0585
vn -0.4721 0.8810 -0.0309
vn 0.4721 0.8810 0.0309
vn 0.8929 0.4464 0.0585
vn 0.9891 0.1325 0.0648
vn 0.9891 -0.1325 0.0648
vn 0.8929 -0.4464 0.0585
vn 0.4721 -0.8810 0.0309
vn -0.4721 -0.8810 -0.0309
vn -0.8929 -0.4464 -0.0585
vn -0.9891 -0.1325 -0.0648
vn 0.4721 0.8810 -0.0309
vn 0.8929 0.4465 -0.0585
vn -0.4641 0.8810 0.0923
vn 0.4640 0.8810 -0.0923
vn 0.8776 -0.4465 -0.1746
vn -0.8473 0.4464 0.2876
vn 0.4480 0.8810 -0.1521
vn 0.8473 0.4465 -0.2876
vn -0.8025 0.4465 0.3958
vn 0.4243 -0.8810 -0.2093
vn -0.4244 -0.8810 0.2093
vn -0.7440 0.4464 0.4971
vn 0.7440 0.4465 -0.4971
vn -0.6727 0.4465 0.5900
vn 0.6727 0.4465 -0.5900
vn -0.5900 0.4464 0.6727
vn 0.5900 0.4465 -0.6728
vn 0.3120 -0.8810 -0.3557
vn -0.4971 0.4464 0.7440
vn 0.4971 0.4465 -0.7440
vn 0.2628 -0.8810 -0.3934
vn 0.2093 -0.8810 -0.4243
vn 0.0309 0.8810 0.4721
vn -0.0309 -0.8810 -0.4721
vn 0.1521 -0.8810 0.4480
vn 0.2093 0.8810 0.4243
vn -0.3958 0.4465 -0.8025
vn 0.2093 -0.8810 0.4243
vn -0.4971 0.4465 -0.7440
vn 0.2629 -0.8810 0.3934
vn 0.5900 0.4464 0.6728
vn 0.3119 0.8810 0.3557
vn -0.5900 0.4464 -0.6727
vn -0.3120 -0.8810 -0.3557
vn 0.6727 0.4465 0.5900
vn -0.6727 -0.4465 -0.5900
vn -0.3557 -0.8810 -0.3119
vn 0.7440 0.4465 0.4971
vn -0.7440 0.4464 -0.4971
vn -0.3933 -0.8810 -0.2629
vn 0.8025 0.4465 0.3958
vn 0.4243 0.8810 0.2093
vn -0.4244 0.8810 -0.2093
vn -0.8025 0.4464 -0.3958
vn -0.4244 -0.8810 -0.2093
vn 0.8473 0.4465 0.2876
vn 0.4480 0.8810 0.1521
vn 0.8776 0.4465 0.1746
vn 0.4640 0.8810 0.0923
vn -0.4641 0.8810 -0.0923
vn -0.4641 -0.8810 -0.0923
vn 0.8929 0.4465 0.0585
vn -0.8929 0.4464 -0.0585
vn 0.1897 -0.2327 -0.9539
vn 0.5249 -0.3282 -0.7853
vn 0.7712 -0.3736 -0.5154
vn 0.9117 -0.3687 -0.1814
vn 0.9313 -0.3136 0.1853
vn 0.8132 -0.2089 0.5433
vn 0.5544 -0.0642 0.8297
vn -0.0475 0.1859 0.9814
vn -0.1897 0.2327 0.9539
vn -0.5248 0.3282 0.7854
vn -0.7713 0.3736 0.5154
vn -0.9117 0.3688 0.1813
vn -0.9313 0.3136 -0.1853
vn -0.8131 0.2089 -0.5433
vn -0.5544 0.0642 -0.8298
vn -0.1942 -0.0943 -0.9764
vn -0.1947 0.0632 -0.9788
vn -0.5543 0.0688 -0.8295
vn -0.8298 0.0639 -0.5544
vn -0.9796 0.0493 -0.1948
vn -0.9804 0.0272 0.1950
vn -0.8315 0.0009 0.5556
vn -0.5554 -0.0256 0.8312
vn -0.1949 -0.0481 0.9797
vn 0.1947 -0.0632 0.9788
vn 0.5543 -0.0688 0.8295
vn 0.8298 -0.0639 0.5544
vn 0.9796 -0.0493 0.1948
vn 0.9804 -0.0272 -0.1950
vn 0.8315 -0.0009 -0.5556
vn 0.5554 0.0256 -0.8312
vn 0.1949 0.0481 -0.9797
vn 0.1932 -0.1379 -0.9714
vn 0.5521 -0.1110 -0.8263
vn 0.8296 -0.0670 -0.5543
vn 0.9807 -0.0124 -0.1951
vn 0.9807 -0.0124 -0.1950
vn 0.9798 0.0442 0.1949
vn 0.9796 -0.0493 0.1949
vn 0.8278 0.0937 0.5531
vn 0.5510 0.1286 0.8246
vn 0.1931 0.1440 0.9706
vn -0.1932 0.1379 0.9714
vn -0.5521 0.1110 0.8263
vn -0.8296 0.0670 0.5543
vn -0.9807 0.0124 0.1951
vn -0.9798 -0.0442 -0.1949
vn -0.8278 -0.0937 -0.5531
vn -0.5510 -0.1286 -0.8246
vn -0.5509 -0.1286 -0.8246
vn -0.1931 -0.1440 -0.9706
vn -0.1939 -0.1102 -0.9748
vn -0.1942 -0.0942 -0.9764
vn -0.5555 0.0205 -0.8313
vn -0.5555 0.0098 -0.8314
vn -0.5587 0.0553 -0.8275
vn -0.8241 0.1326 -0.5507
vn -0.8135 0.2088 -0.5428
vn -0.9543 0.2309 -0.1898
vn -0.9313 0.3136 -0.1852
vn -0.9382 0.2915 0.1866
vn -0.9116 0.3688 0.1816
vn -0.7906 0.3098 0.5282
vn -0.7713 0.3736 0.5153
vn -0.5325 0.2849 0.7970
vn -0.5249 0.3282 0.7853
vn -0.1904 0.2180 0.9572
vn 0.1938 0.1148 0.9743
vn 0.1939 0.1102 0.9748
vn 0.1942 0.0943 0.9764
vn 0.5555 -0.0205 0.8313
vn 0.5554 -0.0205 0.8313
vn 0.5544 -0.0642 0.8298
vn 0.8224 -0.1471 0.5495
vn 0.8131 -0.2089 0.5433
vn 0.9505 -0.2464 0.1891
vn 0.9313 -0.3136 0.1852
vn 0.9338 -0.3057 -0.1858
vn 0.9338 -0.3057 -0.1857
vn 0.9117 -0.3688 -0.1814
vn 0.7874 -0.3211 -0.5261
vn 0.5313 -0.2921 -0.7952
vn 0.5248 -0.3282 -0.7854
vn 0.1903 -0.2198 -0.9568
vn 0.1864 -0.2953 -0.9371
vn 0.5540 -0.0748 -0.8292
vn 0.8198 0.1681 -0.5475
vn -0.8831 -0.2640 0.3879
vn 0.8594 0.4820 0.1709
vn 0.7046 0.5309 0.4708
vn 0.4749 0.5192 0.7106
vn 0.1748 0.4444 0.8786
vn -0.1864 0.2953 0.9371
vn -0.5468 0.0573 0.8353
vn -0.8196 -0.1681 0.5477
vn -0.9138 -0.3634 0.1817
vn -0.8593 -0.4820 -0.1709
vn -0.7046 -0.5310 -0.4707
vn -0.4749 -0.5192 -0.7106
vn -0.1748 -0.4444 -0.8786
vn -0.1945 0.0802 -0.9776
vn -0.5549 0.0492 -0.8305
vn -0.8314 0.0105 -0.5556
vn -0.9804 -0.0298 -0.1950
vn -0.9787 -0.0655 0.1947
vn -0.8280 -0.0910 0.5533
vn -0.5526 -0.1027 0.8271
vn -0.1941 -0.0990 0.9760
vn 0.1945 -0.0802 0.9776
vn 0.5549 -0.0492 0.8305
vn 0.8314 -0.0105 0.5555
vn 0.9803 0.0298 0.1950
vn 0.9787 0.0655 -0.1947
vn 0.8280 0.0910 -0.5533
vn 0.5526 0.1027 -0.8271
vn 0.1941 0.0990 -0.9760
vn 0.1748 0.4440 -0.8788
vn 0.5158 0.3716 -0.7719
vn 0.5158 0.3713 -0.7720
vn 0.5526 0.1028 -0.8271
vn 0.8077 0.2372 -0.5397
vn 0.9795 0.0508 -0.1948
vn 0.9699 -0.1485 0.1929
vn 0.9804 0.0298 0.1950
vn 0.7900 -0.3120 0.5278
vn 0.5054 -0.4153 0.7564
vn 0.1734 -0.4580 0.8719
vn -0.1748 -0.4440 0.8788
vn -0.5158 -0.3716 0.7719
vn -0.5526 -0.1028 0.8271
vn -0.8077 -0.2372 0.5397
vn -0.9795 -0.0508 0.1948
vn -0.9699 0.1484 -0.1929
vn -0.9699 0.1485 -0.1929
vn -0.9803 -0.0298 -0.1950
vn -0.7900 0.3120 -0.5278
vn -0.8314 0.0105 -0.5555
vn -0.5054 0.4153 -0.7564
vn -0.1734 0.4580 -0.8719
vn -0.1813 -0.3691 -0.9115
vn -0.5132 -0.3830 -0.7681
vn -0.4748 -0.5192 -0.7106
vn -0.7801 -0.3461 -0.5212
vn -0.7045 -0.5309 -0.4709
vn -0.9476 -0.2580 -0.1885
vn -0.9733 -0.1236 0.1936
vn -0.9138 -0.3633 0.1818
vn -0.8309 0.0369 0.5552
vn 0.9138 0.3849 -0.1293
vn -0.5465 0.1802 0.8179
vn -0.5540 0.0748 0.8292
vn -0.1864 0.2954 0.9370
vn -0.1864 0.2952 0.9371
vn 0.1819 0.3617 0.9144
vn 0.5144 0.3776 0.7699
vn 0.7809 0.3433 0.5218
vn 0.9475 0.2585 0.1885
vn 0.8593 0.4820 0.1709
vn 0.9727 0.1278 -0.1935
vn 0.9726 0.1287 -0.1935
vn 0.9043 0.4265 -0.0186
vn 0.8309 -0.0369 -0.5552
vn 0.8197 0.1681 -0.5476
vn 0.5455 -0.1893 -0.8164
vn 0.5541 -0.0748 -0.8291
vn 0.1858 -0.3041 -0.9343
vn 0.1733 0.4592 -0.8713
vn 0.5088 0.4014 -0.7616
vn 0.7982 0.2726 -0.5372
vn 0.9757 0.1022 -0.1940
vn 0.9756 -0.1023 0.1941
vn 0.7980 -0.2810 0.5332
vn 0.5089 -0.4013 0.7615
vn 0.1735 -0.4592 0.8713
vn -0.1734 -0.4592 0.8713
vn -0.5088 -0.4014 0.7616
vn -0.7976 -0.2812 0.5336
vn -0.9756 -0.1023 0.1941
vn -0.9756 0.1023 -0.1941
vn -0.7979 0.2810 -0.5332
vn -0.5090 0.4013 -0.7615
vn -0.1733 0.4592 -0.8713
vn -0.1950 -0.0206 -0.9806
vn -0.5555 -0.0175 -0.8313
vn -0.8314 -0.0117 -0.5555
vn -0.9808 -0.0041 -0.1951
vn -0.9808 0.0041 0.1951
vn -0.8314 0.0117 0.5555
vn -0.5555 0.0175 0.8313
vn -0.1950 0.0206 0.9806
vn 0.1950 0.0206 0.9806
vn 0.5555 0.0175 0.8313
vn 0.8314 0.0117 0.5555
vn 0.9808 0.0041 0.1951
vn 0.9808 -0.0041 -0.1951
vn 0.8314 -0.0117 -0.5555
vn 0.5555 -0.0175 -0.8313
vn 0.1950 -0.0206 -0.9806
vn 0.1919 -0.1809 -0.9646
vn 0.5489 -0.1541 -0.8215
vn 0.8270 -0.1036 -0.5526
vn 0.8270 -0.1037 -0.5526
vn 0.9801 -0.0366 -0.1950
vn 0.9801 -0.0367 -0.1950
vn 0.9801 0.0366 0.1950
vn 0.8270 0.1036 0.5526
vn 0.5489 0.1541 0.8215
vn 0.1919 0.1809 0.9646
vn -0.1919 0.1809 0.9646
vn -0.5489 0.1541 0.8215
vn -0.5490 0.1541 0.8215
vn -0.8270 0.1036 0.5526
vn -0.9801 0.0366 0.1950
vn -0.9801 -0.0366 -0.1950
vn -0.8270 -0.1036 -0.5526
vn -0.5489 -0.1541 -0.8215
vn -0.1919 -0.1809 -0.9646
vn -0.1943 0.0884 -0.9769
vn -0.5540 0.0750 -0.8291
vn -0.5089 0.4013 -0.7616
vn -0.8304 0.0502 -0.5549
vn -0.9977 0.0294 -0.0613
vn -0.9806 0.0213 -0.1950
vn -0.9806 -0.0213 0.1950
vn -0.8299 -0.0607 0.5545
vn -0.7980 -0.2810 0.5332
vn -0.5533 -0.0906 0.8281
vn -0.5092 -0.4012 0.7614
vn -0.1940 -0.1067 0.9752
vn -0.1735 -0.4592 0.8713
vn 0.1940 -0.1067 0.9752
vn 0.1733 -0.4592 0.8713
vn 0.5533 -0.0906 0.8280
vn 0.5089 -0.4013 0.7616
vn 0.8299 -0.0607 0.5545
vn 0.7979 -0.2810 0.5333
vn 0.9806 -0.0213 0.1950
vn 0.9806 0.0213 -0.1950
vn 0.9756 0.1023 -0.1941
vn 0.8304 0.0502 -0.5549
vn 0.7982 0.2809 -0.5329
vn 0.5540 0.0750 -0.8291
vn 0.5089 0.4013 -0.7616
vn 0.1943 0.0884 -0.9769
vn -0.0000 1.0000 -0.0000
vn 0.0623 0.7715 -0.6332
vn 0.0759 -0.6326 -0.7708
vn 0.0759 0.6326 -0.7708
vn 0.0624 -0.7715 -0.6332
vn 0.0865 0.4696 -0.8786
vn -0.5727 0.2191 0.7899
vn 0.0938 0.2890 -0.9527
vn -0.3407 0.6923 0.6362
vn 0.0975 0.0976 -0.9904
vn 0.0095 0.9951 -0.0980
vn 0.0975 -0.0976 -0.9904
vn 0.0285 0.9566 -0.2902
vn 0.0938 -0.2890 -0.9527
vn 0.0464 0.8810 -0.4709
vn 0.0865 -0.4696 -0.8786
vn 0.1374 0.8810 -0.4528
vn 0.2563 -0.4696 -0.8449
vn 0.1847 0.7715 -0.6088
vn 0.2249 -0.6326 -0.7412
vn 0.2248 0.6326 -0.7412
vn 0.1847 -0.7715 -0.6088
vn 0.2563 0.4696 -0.8449
vn 0.1374 -0.8810 -0.4528
vn 0.2779 0.2890 -0.9161
vn -0.3821 0.6905 0.6142
vn 0.2889 0.0976 -0.9524
vn 0.0290 0.9951 -0.0943
vn 0.2889 -0.0976 -0.9524
vn 0.0848 0.9565 -0.2790
vn 0.2779 -0.2890 -0.9161
vn 0.4513 0.2890 -0.8443
vn -0.4441 0.7991 0.4052
vn 0.4691 0.0976 -0.8777
vn 0.0464 0.9951 -0.0869
vn 0.4692 -0.0975 -0.8777
vn 0.1376 0.9565 -0.2571
vn 0.2230 0.8810 -0.4173
vn 0.2999 0.7715 -0.5611
vn 0.3651 0.6326 -0.6831
vn 0.2999 -0.7715 -0.5611
vn 0.4161 0.4696 -0.7786
vn 0.2231 -0.8810 -0.4173
vn 0.4036 0.7715 -0.4918
vn 0.4914 -0.6325 -0.5987
vn 0.4913 0.6326 -0.5987
vn 0.5601 0.4696 -0.6825
vn 0.3002 -0.8810 -0.3658
vn 0.6073 0.2890 -0.7400
vn -0.4413 0.8192 0.3664
vn 0.6314 0.0975 -0.7693
vn 0.0624 0.9951 -0.0761
vn 0.1850 0.9565 -0.2254
vn 0.3002 0.8810 -0.3658
vn -0.4751 0.8112 0.3410
vn 0.0762 0.9951 -0.0625
vn 0.7693 -0.0976 -0.6314
vn 0.2254 0.9566 -0.1850
vn 0.3657 0.8810 -0.3002
vn 0.4918 0.7715 -0.4036
vn 0.5987 0.6325 -0.4913
vn 0.3658 -0.8809 -0.3002
vn 0.5611 0.7715 -0.2999
vn 0.6831 -0.6326 -0.3651
vn 0.6830 0.6326 -0.3651
vn 0.4173 -0.8810 -0.2230
vn -0.4621 0.8403 0.2833
vn 0.0869 0.9951 -0.0464
vn 0.8763 -0.0983 -0.4716
vn 0.2572 0.9565 -0.1374
vn 0.4173 0.8810 -0.2230
vn 0.0942 0.9951 -0.0286
vn 0.9524 -0.0976 -0.2889
vn 0.2791 0.9565 -0.0846
vn 0.4528 0.8810 -0.1373
vn 0.7411 0.6326 -0.2248
vn 0.8449 0.4696 -0.2562
vn 0.4528 -0.8810 -0.1373
vn -0.4541 0.8799 0.1402
vn -0.4463 0.8926 0.0640
vn 0.0980 0.9951 -0.0097
vn 0.2902 0.9566 -0.0286
vn 0.4708 0.8810 -0.0464
vn 0.2902 0.9566 0.0286
vn 0.7708 -0.6325 0.0759
vn 0.4708 -0.8810 0.0464
vn -0.4326 0.9015 0.0114
vn 0.0980 0.9951 0.0097
vn -0.4348 0.8999 -0.0338
vn 0.0942 0.9951 0.0286
vn 0.2790 0.9565 0.0846
vn 0.7412 -0.6326 0.2248
vn 0.2572 0.9565 0.1374
vn 0.4173 0.8810 0.2230
vn 0.6831 -0.6325 0.3651
vn -0.3998 0.9072 -0.1307
vn 0.8777 0.0976 0.4692
vn 0.0869 0.9951 0.0464
vn 0.8777 -0.0976 0.4692
vn -0.3988 0.8668 -0.2992
vn -0.3957 0.8963 -0.2002
vn 0.7693 0.0976 0.6314
vn 0.0761 0.9951 0.0625
vn 0.2254 0.9565 0.1850
vn 0.3657 0.8810 0.3002
vn 0.4919 -0.7715 0.4036
vn -0.3807 0.8485 -0.3677
vn 0.6314 0.0976 0.7693
vn 0.0624 0.9951 0.0761
vn 0.6314 -0.0976 0.7693
vn 0.1850 0.9565 0.2254
vn -0.3736 0.7953 -0.4774
vn 0.4692 0.0975 0.8777
vn 0.0464 0.9951 0.0869
vn 0.1375 0.9565 0.2571
vn -0.3755 0.7249 -0.5775
vn 0.1373 0.8810 0.4528
vn 0.2563 -0.4696 0.8449
vn -0.3208 0.6727 -0.6667
vn 0.0287 0.9951 0.0943
vn 0.2889 -0.0976 0.9524
vn 0.0846 0.9566 0.2790
vn 0.0096 0.9951 0.0980
vn 0.0976 -0.0975 0.9904
vn 0.0285 0.9566 0.2902
vn 0.0464 0.8810 0.4709
vn 0.0623 0.7715 0.6332
vn -0.4669 0.1698 -0.8678
vn -0.2962 0.5309 -0.7940
vn 0.3283 -0.9167 0.2276
vn -0.0095 0.9951 0.0980
vn -0.0976 -0.0975 0.9904
vn -0.0285 0.9566 0.2902
vn -0.0464 0.8810 0.4709
vn -0.2889 0.0975 0.9524
vn -0.0286 0.9951 0.0943
vn -0.0846 0.9566 0.2790
vn -0.1374 0.8810 0.4528
vn -0.2247 -0.6326 0.7411
vn -0.2249 0.6326 0.7411
vn -0.2563 0.4696 0.8449
vn -0.3652 -0.6326 0.6830
vn -0.3650 0.6326 0.6831
vn -0.0464 0.9951 0.0869
vn -0.4691 -0.0975 0.8777
vn -0.1376 0.9565 0.2571
vn -0.2998 0.7715 0.5611
vn -0.0624 0.9951 0.0761
vn -0.1850 0.9565 0.2254
vn -0.5601 -0.4696 0.6824
vn -0.4034 0.7715 0.4919
vn -0.6314 0.0976 0.7693
vn -0.7693 0.0976 0.6314
vn -0.0762 0.9951 0.0625
vn -0.7693 -0.0975 0.6314
vn -0.2254 0.9566 0.1850
vn -0.3657 0.8810 0.3002
vn -0.6824 -0.4696 0.5601
vn -0.2572 0.9565 0.1374
vn -0.4173 0.8810 0.2231
vn -0.7761 -0.4719 0.4183
vn -0.8777 0.0975 0.4691
vn -0.0869 0.9951 0.0464
vn -0.8448 0.4696 0.2563
vn -0.0942 0.9951 0.0286
vn -0.2790 0.9566 0.0846
vn -0.4528 0.8810 0.1373
vn -0.8448 -0.4697 0.2563
vn -0.6091 0.7713 0.1847
vn -0.7411 0.6326 0.2248
vn -0.2902 0.9565 0.0286
vn -0.4709 0.8810 0.0464
vn -0.8786 -0.4697 0.0865
vn -0.6331 0.7715 0.0624
vn -0.0980 0.9951 0.0097
vn -0.9904 0.0976 -0.0976
vn -0.0980 0.9951 -0.0097
vn -0.9904 -0.0975 -0.0975
vn -0.2902 0.9566 -0.0286
vn -0.4708 0.8810 -0.0464
vn -0.6331 0.7715 -0.0624
vn -0.7708 0.6325 -0.0759
vn -0.4528 0.8810 -0.1373
vn -0.6088 0.7715 -0.1847
vn -0.7412 -0.6326 -0.2248
vn -0.8448 0.4696 -0.2563
vn -0.0942 0.9951 -0.0286
vn -0.2790 0.9566 -0.0846
vn -0.8777 0.0975 -0.4691
vn -0.0869 0.9951 -0.0464
vn -0.8777 -0.0975 -0.4692
vn -0.2572 0.9565 -0.1374
vn -0.4173 0.8810 -0.2230
vn -0.5611 0.7715 -0.2999
vn -0.6860 -0.6299 -0.3642
vn -0.4917 0.7715 -0.4036
vn 0.1094 -0.8764 -0.4691
vn -0.5987 0.6326 -0.4914
vn 0.0607 -0.1468 0.9873
vn -0.0762 0.9951 -0.0625
vn -0.2253 0.9566 -0.1850
vn -0.3658 0.8810 -0.3002
vn -0.6314 0.0975 -0.7693
vn -0.0625 0.9951 -0.0761
vn -0.1850 0.9565 -0.2254
vn -0.3001 0.8810 -0.3658
vn -0.4036 0.7715 -0.4918
vn -0.4914 -0.6325 -0.5987
vn -0.4913 0.6326 -0.5987
vn -0.0574 -0.4664 0.8827
vn -0.5601 0.4696 -0.6825
vn -0.6073 0.2890 -0.7400
vn -0.2999 0.7715 -0.5611
vn -0.3651 0.6326 -0.6830
vn -0.3066 -0.4422 0.8429
vn -0.4162 0.4696 -0.7786
vn -0.1552 0.3092 0.9383
vn -0.4513 0.2890 -0.8443
vn -0.4692 0.0975 -0.8777
vn -0.0464 0.9951 -0.0869
vn -0.4692 -0.0975 -0.8777
vn -0.1375 0.9565 -0.2571
vn -0.2231 0.8810 -0.4173
vn -0.2889 0.0975 -0.9524
vn -0.0286 0.9951 -0.0943
vn -0.2889 -0.0975 -0.9524
vn -0.0846 0.9566 -0.2790
vn -0.2779 -0.2890 -0.9161
vn -0.1374 0.8810 -0.4528
vn -0.2563 -0.4696 -0.8449
vn -0.1846 0.7715 -0.6088
vn -0.2249 -0.6326 -0.7411
vn -0.2248 0.6326 -0.7412
vn -0.1846 -0.7715 -0.6088
vn -0.2563 0.4696 -0.8449
vn -0.1591 0.3187 0.9344
vn -0.2779 0.2890 -0.9161
vn -0.0759 -0.6326 -0.7708
vn -0.0759 0.6326 -0.7708
vn -0.0623 -0.7715 -0.6332
vn -0.0865 0.4696 -0.8786
vn -0.4472 0.3381 0.8281
vn -0.0938 0.2890 -0.9527
vn -0.0976 0.0975 -0.9904
vn -0.0095 0.9951 -0.0980
vn -0.0976 -0.0976 -0.9904
vn -0.0285 0.9566 -0.2902
vn -0.0938 -0.2890 -0.9527
vn -0.0464 0.8810 -0.4709
vn -0.0865 -0.4696 -0.8786
vn -0.0624 0.7715 -0.6332
vn 0.0465 -0.8810 -0.4709
vn 0.0285 -0.9566 -0.2902
vn 0.6210 0.4621 0.6331
vn 0.0847 -0.9565 -0.2790
vn -0.2433 0.5454 0.8021
vn 0.1374 -0.9566 -0.2571
vn -0.3693 0.6217 0.6907
vn 0.3484 0.5710 0.7433
vn 0.3948 0.6701 0.6285
vn 0.6314 -0.0976 -0.7693
vn 0.0152 0.7359 0.6770
vn 0.5987 0.6326 -0.4913
vn -0.7730 0.0082 0.6344
vn 0.6825 0.4696 -0.5601
vn -0.1815 0.7334 0.6552
vn -0.2209 0.5254 0.8217
vn -0.4315 0.6134 0.6615
vn 0.7786 0.4696 -0.4162
vn 0.8777 0.0976 -0.4692
vn 0.9524 0.0976 -0.2889
vn -0.7840 0.3496 0.5130
vn 0.8449 0.4696 -0.2563
vn -0.8926 0.3213 0.3163
vn 0.7708 0.6325 -0.0759
vn -0.5751 -0.8077 0.1299
vn 0.6331 0.7715 -0.0624
vn -0.9666 -0.2379 -0.0952
vn 0.6331 0.7715 0.0624
vn 0.4528 0.8810 0.1374
vn 0.8449 -0.4696 0.2563
vn 0.6090 0.7714 0.1848
vn 0.7411 0.6326 0.2248
vn 0.4174 0.8809 0.2230
vn 0.7785 -0.4696 0.4165
vn 0.6830 0.6326 0.3651
vn 0.3659 0.8809 0.3002
vn 0.6823 -0.4696 0.5602
vn 0.5987 0.6326 0.4914
vn 0.3001 0.8810 0.3658
vn 0.5600 -0.4696 0.6825
vn 0.4034 0.7715 0.4919
vn 0.4914 0.6326 0.5987
vn 0.4162 -0.4696 0.7787
vn 0.2998 0.7715 0.5611
vn 0.1848 0.7715 0.6088
vn 0.2249 0.6326 0.7411
vn -0.4363 -0.8881 0.1446
vn 0.3930 0.6566 -0.6438
vn -0.3651 0.6326 0.6830
vn 0.9673 -0.2520 -0.0286
vn 0.9964 0.0712 -0.0452
vn 0.9215 0.2926 0.2556
vn -0.3001 0.8810 0.3658
vn -0.4914 -0.6325 0.5987
vn -0.3001 -0.8810 0.3658
vn 0.9408 0.0428 0.3362
vn -0.4919 -0.7715 0.4036
vn -0.3657 -0.8810 0.3002
vn 0.3114 -0.9153 -0.2554
vn 0.7411 0.4369 0.5098
vn -0.4173 0.8810 0.2230
vn -0.6831 -0.6325 0.3651
vn -0.6831 0.6326 0.3651
vn -0.4174 -0.8809 0.2230
vn 0.7752 0.3135 0.5484
vn -0.6089 -0.7715 0.1847
vn -0.4527 -0.8810 0.1374
vn -0.2789 -0.9566 0.0846
vn 0.6483 -0.7356 -0.1966
vn -0.4528 0.8810 0.1374
vn -0.7412 -0.6325 0.2248
vn -0.7708 -0.6325 0.0759
vn -0.7707 0.6326 0.0759
vn -0.4709 -0.8809 0.0464
vn -0.2902 -0.9565 0.0286
vn 0.7323 -0.6771 -0.0721
vn -0.4708 -0.8810 -0.0464
vn 0.8103 -0.5805 0.0798
vn -0.7708 -0.6325 -0.0759
vn -0.7707 0.6326 -0.0759
vn -0.4528 0.8810 -0.1374
vn -0.7412 -0.6325 -0.2248
vn -0.7412 0.6325 -0.2248
vn -0.8449 0.4696 -0.2562
vn -0.2790 -0.9566 -0.0846
vn 0.8585 -0.4417 0.2605
vn -0.4173 -0.8810 -0.2230
vn -0.2571 -0.9566 -0.1374
vn 0.8505 -0.2648 0.4545
vn -0.8776 -0.0976 -0.4693
vn -0.6831 -0.6325 -0.3651
vn -0.6802 0.6349 -0.3664
vn -0.5987 -0.6326 -0.4914
vn -0.5987 0.6326 -0.4913
vn -0.4919 -0.7715 -0.4036
vn -0.3658 -0.8810 -0.3002
vn -0.2254 -0.9566 -0.1850
vn 0.7710 -0.0722 0.6327
vn -0.1848 -0.9566 -0.2254
vn 0.6308 0.1050 0.7688
vn -0.4037 -0.7715 -0.4918
vn -0.3000 -0.8810 -0.3658
vn -0.3000 -0.7715 -0.5611
vn -0.2230 -0.8810 -0.4173
vn -0.1373 -0.9566 -0.2571
vn 0.4570 0.2452 0.8550
vn 0.8444 0.1124 0.5238
vn -0.1373 -0.8810 -0.4528
vn -0.0848 -0.9565 -0.2790
vn -0.0463 -0.8810 -0.4709
vn -0.0286 -0.9565 -0.2902
vn 0.0894 0.4096 0.9079
vn 0.1373 0.8810 -0.4528
vn 0.2565 -0.4696 -0.8448
vn 0.2563 0.4696 -0.8448
vn 0.2889 0.0975 -0.9524
vn 0.0286 0.9951 -0.0943
vn 0.0846 0.9566 -0.2790
vn 0.4692 0.0976 -0.8777
vn 0.4691 -0.0975 -0.8777
vn 0.2231 0.8810 -0.4173
vn 0.4161 -0.4696 -0.7786
vn 0.4162 0.4696 -0.7786
vn 0.6314 0.0976 -0.7693
vn 0.1851 0.9565 -0.2254
vn 0.7693 0.0976 -0.6314
vn 0.7693 -0.0975 -0.6314
vn -0.9370 -0.3451 0.0546
vn 0.5987 0.6326 -0.4914
vn -0.3125 -0.8303 -0.4614
vn -0.9218 0.3875 -0.0151
vn 0.8777 0.0975 -0.4692
vn 0.0868 0.9951 -0.0464
vn 0.8777 -0.0976 -0.4692
vn 0.0943 0.9951 -0.0286
vn 0.2790 0.9566 -0.0846
vn 0.4528 0.8810 -0.1374
vn 0.7412 -0.6325 -0.2248
vn -0.9665 -0.0406 -0.2535
vn 0.5619 -0.8254 -0.0554
vn -0.5269 0.8497 -0.0179
vn 0.4709 0.8810 0.0464
vn 0.5452 -0.8366 0.0537
vn -0.2755 0.9613 0.0026
vn 0.4527 -0.8810 0.1374
vn -0.2200 0.9749 0.0329
vn 0.9524 0.0975 0.2889
vn 0.0943 0.9951 0.0286
vn -0.2385 0.9683 0.0742
vn 0.0868 0.9951 0.0464
vn 0.3657 -0.8810 0.3002
vn -0.4271 0.9033 0.0396
vn -0.0652 0.9979 0.0034
vn 0.7693 -0.0976 0.6314
vn 0.3657 0.8810 0.3001
vn 0.5987 0.6325 0.4914
vn 0.3002 -0.8810 0.3658
vn 0.1848 -0.9566 0.2254
vn -0.0476 0.9988 0.0097
vn 0.2230 -0.8810 0.4173
vn 0.1373 -0.9566 0.2571
vn -0.0280 0.9995 0.0155
vn 0.1846 -0.7715 0.6088
vn 0.1375 -0.8810 0.4528
vn 0.0848 -0.9565 0.2790
vn -0.0068 0.9998 0.0185
vn 0.0847 0.9565 0.2790
vn 0.0138 0.9998 0.0176
vn 0.0866 -0.4696 0.8786
vn 0.0463 -0.8810 0.4709
vn -0.0623 -0.7715 0.6332
vn -0.0463 -0.8810 0.4709
vn -0.0139 0.9997 0.0176
vn -0.0286 0.9566 0.2902
vn -0.0848 -0.9565 0.2790
vn 0.0068 0.9998 0.0185
vn -0.0848 0.9565 0.2790
vn -0.1374 -0.9566 0.2571
vn 0.0280 0.9995 0.0155
vn -0.1374 0.9566 0.2571
vn 0.0477 0.9988 0.0097
vn -0.1851 0.9565 0.2254
vn -0.4914 -0.6326 0.5987
vn -0.1849 -0.9566 0.2254
vn -0.5989 0.6324 0.4913
vn 0.4271 0.9033 0.0396
vn 0.0666 0.9978 0.0033
vn -0.5987 -0.6325 0.4913
vn -0.8777 -0.0976 0.4692
vn -0.6831 -0.6326 0.3651
vn -0.4172 -0.8810 0.2230
vn 0.2385 0.9683 0.0742
vn 0.2201 0.9749 0.0329
vn -0.0943 0.9951 0.0286
vn -0.2902 0.9566 0.0286
vn -0.5451 -0.8366 0.0537
vn 0.2751 0.9614 0.0026
vn 0.5279 0.8491 -0.0179
vn -0.9904 0.0975 -0.0975
vn -0.4709 0.8810 -0.0464
vn -0.5410 -0.8393 -0.0533
vn -0.8448 -0.4696 -0.2563
vn 0.9665 -0.0406 -0.2535
vn -0.0943 0.9951 -0.0286
vn -0.2790 0.9565 -0.0846
vn -0.0868 0.9951 -0.0464
vn -0.8777 -0.0976 -0.4692
vn 0.3125 -0.8303 -0.4614
vn -0.6831 0.6326 -0.3651
vn 0.9218 0.3875 -0.0151
vn -0.4918 0.7715 -0.4036
vn 0.9372 -0.3445 0.0546
vn -0.7693 0.0976 -0.6314
vn -0.2254 0.9565 -0.1850
vn -0.3657 0.8810 -0.3002
vn -0.6314 0.0976 -0.7693
vn -0.0624 0.9951 -0.0761
vn -0.3002 0.8810 -0.3658
vn -0.5601 -0.4696 -0.6824
vn -0.4691 -0.0975 -0.8777
vn -0.4161 -0.4696 -0.7787
vn -0.2889 0.0976 -0.9524
vn -0.2562 -0.4696 -0.8449
vn -0.1847 0.7715 -0.6088
vn -0.0866 0.4696 -0.8786
vn -0.0286 0.9565 -0.2902
vn -0.0463 0.8810 -0.4709
vn 0.1936 -0.1217 0.9735
vn 0.5514 -0.1217 0.8253
vn 0.8253 -0.1217 0.5514
vn 0.9735 -0.1217 0.1936
vn 0.9735 -0.1217 -0.1936
vn 0.8253 -0.1217 -0.5514
vn 0.5514 -0.1217 -0.8253
vn 0.1936 -0.1217 -0.9735
vn -0.1936 -0.1217 -0.9735
vn -0.5514 -0.1217 -0.8253
vn -0.8253 -0.1217 -0.5515
vn -0.9735 -0.1217 -0.1936
vn -0.9735 -0.1217 0.1936
vn -0.8253 -0.1217 0.5514
vn -0.5514 -0.1217 0.8253
vn -0.1936 -0.1217 0.9735
vn 0.9735 -0.1220 0.1937
vn -0.8253 -0.1217 -0.5514
vn 0.1935 -0.1218 0.9735
vn 0.5513 -0.1217 0.8254
vn 0.8253 -0.1217 0.5515
vn -0.9735 -0.1219 0.1937
vn -0.8253 -0.1216 0.5514
vn 0.5515 -0.1217 0.8252
vn 0.9735 -0.1217 0.1937
vn 0.9735 -0.1217 -0.1937
vn -0.9735 -0.1217 -0.1937
vn -0.5518 -0.1216 0.8251
vn 0.1938 -0.3621 0.9118
vn 0.5514 -0.3248 0.7684
vn 0.8253 -0.2561 0.5033
vn 0.9735 -0.1664 0.1569
vn 0.9735 -0.0692 -0.2180
vn 0.8253 0.0206 -0.5643
vn 0.5514 0.0893 -0.8294
vn 0.1936 0.1265 -0.9729
vn -0.1936 0.1265 -0.9729
vn -0.5514 0.0893 -0.8294
vn -0.8254 0.0205 -0.5642
vn -0.8253 0.0206 -0.5643
vn -0.9735 -0.0692 -0.2180
vn -0.9732 -0.0714 -0.2187
vn -0.9735 -0.1664 0.1569
vn -0.8253 -0.2562 0.5033
vn -0.0008 0.9681 0.2507
vn -0.5514 -0.3249 0.7684
vn -0.1936 -0.3620 0.9118
vn 0.1936 -0.3621 0.9118
vn 0.5514 -0.3249 0.7684
vn 0.8253 -0.2562 0.5032
vn 0.9735 -0.1664 0.1570
vn -0.0000 0.9680 0.2509
vn -0.1936 -0.3621 0.9118
vn 0.8253 -0.2562 0.5033
vn -0.1937 0.1265 -0.9729
vn -0.5513 0.0893 -0.8295
vn -0.8253 0.0205 -0.5644
vn -0.9735 -0.0692 -0.2181
vn -0.0140 -0.1388 0.9902
vn -0.0416 -0.1339 0.9901
vn -0.0416 -0.1338 0.9901
vn -0.0413 -0.1338 0.9901
vn -0.0680 -0.1241 0.9899
vn -0.0679 -0.1239 0.9900
vn -0.0675 -0.1241 0.9900
vn -0.0922 -0.1095 0.9897
vn -0.0921 -0.1094 0.9897
vn -0.0916 -0.1098 0.9897
vn -0.1133 -0.0907 0.9894
vn -0.1132 -0.0906 0.9894
vn -0.1127 -0.0910 0.9895
vn -0.1303 -0.0679 0.9892
vn -0.1301 -0.0678 0.9892
vn -0.1298 -0.0683 0.9892
vn -0.1422 -0.0421 0.9889
vn -0.1421 -0.0421 0.9890
vn -0.1420 -0.0424 0.9890
vn -0.1485 -0.0142 0.9888
vn -0.1484 -0.0143 0.9888
vn -0.1485 0.0143 0.9888
vn -0.1486 0.0143 0.9888
vn -0.1424 0.0421 0.9889
vn -0.1425 0.0422 0.9889
vn -0.1424 0.0425 0.9889
vn -0.1304 0.0680 0.9891
vn -0.1306 0.0681 0.9891
vn -0.1304 0.0686 0.9891
vn -0.1134 0.0908 0.9894
vn -0.1136 0.0909 0.9894
vn -0.1133 0.0914 0.9893
vn -0.0923 0.1097 0.9897
vn -0.0925 0.1099 0.9896
vn -0.0920 0.1103 0.9896
vn -0.0680 0.1242 0.9899
vn -0.0682 0.1244 0.9899
vn -0.0678 0.1246 0.9899
vn -0.0417 0.1339 0.9901
vn -0.0414 0.1342 0.9901
vn -0.0140 0.1389 0.9902
vn 0.0140 0.1388 0.9902
vn 0.0416 0.1339 0.9901
vn 0.0416 0.1338 0.9901
vn 0.0413 0.1338 0.9901
vn 0.0680 0.1241 0.9899
vn 0.0679 0.1239 0.9900
vn 0.0675 0.1241 0.9900
vn 0.0922 0.1096 0.9897
vn 0.0921 0.1094 0.9897
vn 0.0916 0.1098 0.9897
vn 0.1133 0.0907 0.9894
vn 0.1131 0.0906 0.9894
vn 0.1127 0.0910 0.9895
vn 0.1303 0.0679 0.9892
vn 0.1301 0.0678 0.9892
vn 0.1298 0.0683 0.9892
vn 0.1422 0.0421 0.9889
vn 0.1421 0.0421 0.9890
vn 0.1420 0.0424 0.9890
vn 0.1485 0.0142 0.9888
vn 0.1484 0.0143 0.9888
vn 0.1485 -0.0143 0.9888
vn 0.1486 -0.0143 0.9888
vn 0.1424 -0.0421 0.9889
vn 0.1425 -0.0422 0.9889
vn 0.1424 -0.0425 0.9889
vn 0.1304 -0.0680 0.9891
vn 0.1306 -0.0681 0.9891
vn 0.1304 -0.0686 0.9891
vn 0.1134 -0.0907 0.9894
vn 0.1136 -0.0910 0.9894
vn 0.1133 -0.0914 0.9893
vn 0.0923 -0.1097 0.9897
vn 0.0925 -0.1099 0.9896
vn 0.0920 -0.1103 0.9896
vn 0.0680 -0.1242 0.9899
vn 0.0682 -0.1244 0.9899
vn 0.0677 -0.1246 0.9899
vn 0.0417 -0.1339 0.9901
vn 0.0414 -0.1342 0.9901
vn 0.0140 -0.1389 0.9902
vn 0.0140 -0.1388 0.9902
vn 0.0416 -0.1338 0.9901
vn 0.0416 -0.1339 0.9901
vn 0.0413 -0.1339 0.9901
vn 0.0679 -0.1239 0.9900
vn 0.0680 -0.1241 0.9899
vn 0.0675 -0.1243 0.9899
vn 0.0921 -0.1094 0.9897
vn 0.0922 -0.1096 0.9897
vn 0.0917 -0.1099 0.9897
vn 0.1132 -0.0906 0.9894
vn 0.1133 -0.0907 0.9894
vn 0.1129 -0.0911 0.9894
vn 0.1301 -0.0678 0.9892
vn 0.1303 -0.0679 0.9892
vn 0.1300 -0.0683 0.9892
vn 0.1421 -0.0421 0.9890
vn 0.1422 -0.0421 0.9889
vn 0.1421 -0.0424 0.9889
vn 0.1484 -0.0143 0.9888
vn 0.1486 0.0143 0.9888
vn 0.1485 0.0143 0.9888
vn 0.1425 0.0422 0.9889
vn 0.1424 0.0421 0.9889
vn 0.1423 0.0425 0.9889
vn 0.1306 0.0681 0.9891
vn 0.1304 0.0680 0.9891
vn 0.1301 0.0684 0.9891
vn 0.1136 0.0910 0.9894
vn 0.1134 0.0907 0.9894
vn 0.1130 0.0912 0.9894
vn 0.0925 0.1099 0.9896
vn 0.0923 0.1097 0.9897
vn 0.0918 0.1100 0.9897
vn 0.0682 0.1244 0.9899
vn 0.0680 0.1242 0.9899
vn 0.0676 0.1244 0.9899
vn 0.0417 0.1341 0.9901
vn 0.0417 0.1339 0.9901
vn 0.0414 0.1341 0.9901
vn 0.0140 0.1389 0.9902
vn -0.0140 0.1388 0.9902
vn -0.0416 0.1338 0.9901
vn -0.0416 0.1339 0.9901
vn -0.0679 0.1239 0.9900
vn -0.0680 0.1241 0.9899
vn -0.0676 0.1243 0.9899
vn -0.0921 0.1094 0.9897
vn -0.0922 0.1096 0.9897
vn -0.0917 0.1099 0.9897
vn -0.1131 0.0906 0.9894
vn -0.1133 0.0907 0.9894
vn -0.1129 0.0911 0.9894
vn -0.1301 0.0678 0.9892
vn -0.1303 0.0679 0.9892
vn -0.1300 0.0683 0.9892
vn -0.1421 0.0420 0.9890
vn -0.1422 0.0421 0.9889
vn -0.1421 0.0424 0.9889
vn -0.1484 0.0143 0.9888
vn -0.1486 -0.0143 0.9888
vn -0.1485 -0.0143 0.9888
vn -0.1425 -0.0422 0.9889
vn -0.1424 -0.0421 0.9889
vn -0.1423 -0.0425 0.9889
vn -0.1306 -0.0681 0.9891
vn -0.1304 -0.0680 0.9891
vn -0.1301 -0.0684 0.9891
vn -0.1136 -0.0910 0.9894
vn -0.1134 -0.0908 0.9894
vn -0.1130 -0.0912 0.9894
vn -0.0925 -0.1099 0.9896
vn -0.0923 -0.1097 0.9897
vn -0.0918 -0.1100 0.9897
vn -0.0682 -0.1244 0.9899
vn -0.0680 -0.1242 0.9899
vn -0.0676 -0.1244 0.9899
vn -0.0417 -0.1341 0.9901
vn -0.0417 -0.1339 0.9901
vn -0.0414 -0.1341 0.9901
vn -0.0140 -0.1389 0.9902
vn 0.7598 -0.5826 0.2886
vn 0.9991 -0.0000 0.0416
vn 0.9998 0.0039 0.0208
vn 0.8487 -0.3328 0.4110
vn 0.8486 -0.3329 0.4111
vn -0.3996 -0.4102 0.8198
vn -0.4181 -0.2286 -0.8791
vn -0.4183 -0.2286 -0.8791
vn -0.4181 -0.2286 -0.8792
vn 0.8633 -0.2669 -0.4283
vn -0.5096 -0.4965 -0.7027
vn -0.5097 -0.4965 -0.7026
vn -0.5095 -0.4965 -0.7028
vn -0.5984 -0.2933 0.7456
vn -0.5981 -0.2933 0.7458
vn -0.5980 -0.2934 0.7459
vn -0.4256 -0.2378 0.8731
vn -0.3619 -0.4632 0.8090
vn -0.3619 -0.4633 0.8090
vn -0.3616 -0.3185 0.8763
vn -0.2986 -0.4963 0.8152
vn -0.1353 -0.6047 0.7849
vn -0.2145 -0.4622 0.8605
vn 0.2347 -0.7723 0.5904
vn 0.3264 -0.0000 0.9452
vn 0.2349 -0.7722 0.5903
vn 0.8274 -0.1975 0.5257
vn 0.8273 -0.1976 0.5258
vn 0.8694 -0.2585 0.4211
vn 0.6286 -0.5455 -0.5543
vn 0.5135 -0.4846 -0.7082
vn 0.4008 -0.3564 -0.8440
vn 0.4014 -0.3566 -0.8437
vn 0.4010 -0.3567 -0.8438
vn -0.5879 -0.5532 -0.5901
vn -0.7630 -0.5239 -0.3786
vn -0.8548 -0.4331 -0.2858
vn -0.8548 -0.4331 -0.2859
vn -0.8549 -0.4330 -0.2858
vn -0.8254 -0.2094 0.5244
vn -0.8253 -0.2094 0.5244
vn -0.8254 -0.2094 0.5243
vn -0.6813 -0.3540 0.6408
vn -0.8265 -0.3957 0.4003
vn -0.7162 -0.5006 0.4862
vn 0.0468 -0.6751 0.7362
vn -0.0000 0.6419 0.7668
vn 0.2121 -0.4811 0.8507
vn 0.1344 -0.6180 0.7746
vn -0.0000 0.7623 0.6472
vn -0.2319 -0.7787 0.5830
vn 0.0057 -0.6708 0.7416
vn 0.3287 -0.4839 0.8110
vn 0.2650 -0.5024 0.8230
vn 0.2183 -0.4897 0.8442
vn 0.5530 -0.3941 0.7341
vn 0.2183 -0.4896 0.8442
vn 0.9532 0.1191 0.2780
vn 0.4229 -0.2614 0.8677
vn 0.5978 -0.3720 0.7101
vn 0.1387 -0.4898 0.8608
vn 0.6297 -0.2938 0.7191
vn 0.6976 -0.3489 0.6258
vn 0.7380 -0.4562 0.4972
vn 0.7379 -0.4562 0.4973
vn 0.8945 -0.4359 -0.0996
vn 0.9164 -0.3381 -0.2140
vn 0.2697 -0.9402 -0.2080
vn 0.3298 -0.8882 -0.3200
vn 0.2687 -0.7900 -0.5511
vn 0.0904 -0.9782 -0.1868
vn 0.0911 -0.9782 -0.1869
vn -0.2126 -0.6979 -0.6839
vn -0.2121 -0.6980 -0.6840
vn -0.4154 -0.6722 -0.6129
vn -0.4153 -0.6722 -0.6129
vn -0.3178 -0.8437 -0.4328
vn -0.3176 -0.8437 -0.4328
vn -0.4529 -0.7325 -0.5082
vn -0.3529 -0.8840 -0.3065
vn -0.3529 -0.8840 -0.3066
vn -0.5095 -0.8243 -0.2467
vn -0.5095 -0.8244 -0.2468
vn -0.2354 -0.9652 -0.1139
vn -0.2353 -0.9652 -0.1139
vn -0.7581 -0.6421 -0.1139
vn 0.9956 -0.0933 -0.0000
vn -0.7503 -0.6168 0.2379
vn -0.9999 0.0078 -0.0104
vn -0.7511 -0.6161 0.2371
vn -0.9923 -0.1240 -0.0000
vn -0.8944 -0.0000 0.4472
vn -0.7044 0.0880 0.7044
vn 0.7682 -0.0000 0.6402
vn -0.5094 -0.8244 0.2468
vn -0.6329 -0.7110 0.3065
vn -0.6362 -0.7083 0.3057
vn -0.6329 -0.7110 0.3066
vn -0.6124 -0.6615 0.4328
vn -0.6125 -0.6614 0.4328
vn -0.6125 -0.6615 0.4327
vn -0.6124 -0.6616 0.4328
vn -0.6126 -0.6615 0.4327
vn -0.2352 -0.9652 0.1140
vn -0.2151 -0.9474 0.2371
vn -0.3532 -0.8839 0.3065
vn -0.3528 -0.8840 0.3066
vn -0.8000 -0.0000 -0.6000
vn 0.9995 -0.0312 0.0026
vn -0.9265 -0.0000 0.3764
vn 0.9803 0.1915 0.0485
vn -0.3189 -0.8438 0.4316
vn 0.9994 -0.0156 -0.0312
vn 0.7944 -0.5991 -0.0997
vn 0.7945 -0.5990 -0.0997
vn 0.5902 -0.7798 -0.2087
vn 0.6071 -0.7946 -0.0000
vn 0.6071 -0.7947 -0.0000
vn 0.5293 -0.8419 -0.1045
vn 0.5293 -0.8420 -0.1045
vn 0.5294 -0.8419 -0.1045
vn 0.3728 -0.9220 -0.1047
vn 0.3730 -0.9219 -0.1047
vn 0.9946 0.0078 -0.1036
vn 0.7270 -0.6541 0.2087
vn 0.8625 0.0539 -0.5031
vn 0.8889 -0.1111 -0.4444
vn -0.0000 0.2425 -0.9701
vn 0.5901 -0.7800 0.2083
vn 0.3727 -0.9220 0.1047
vn -0.8914 -0.2229 0.3946
vn -0.8257 -0.5160 -0.2279
vn -0.0000 0.0797 0.9968
vn -0.0355 -0.9595 0.2796
vn -0.0354 -0.9595 0.2796
vn -0.0353 -0.9595 0.2796
vn -0.0353 -0.9594 0.2797
vn 0.0903 -0.9782 0.1868
vn 0.0910 -0.9782 0.1868
vn 0.0911 -0.9782 0.1868
vn 0.3298 -0.8882 0.3200
vn 0.3270 -0.8883 0.3226
vn 0.3299 -0.8882 0.3199
vn 0.3296 -0.8882 0.3200
vn -0.0000 -0.3085 -0.9512
vn 0.4966 -0.8066 0.3205
vn 0.4964 -0.8067 0.3205
vn -0.0000 -0.9864 0.1644
vn -0.9868 -0.0000 0.1619
vn 0.9969 0.0150 0.0769
vn 0.6772 -0.6102 0.4111
vn 0.6771 -0.6103 0.4111
vn -0.0138 -0.1389 0.9902
vn -0.0409 -0.1343 0.9901
vn -0.0670 -0.1249 0.9899
vn -0.0913 -0.1107 0.9896
vn -0.1126 -0.0920 0.9894
vn -0.1299 -0.0691 0.9891
vn -0.1422 -0.0429 0.9889
vn -0.1485 -0.0145 0.9888
vn -0.1484 0.0145 0.9888
vn -0.1420 0.0429 0.9889
vn -0.1296 0.0689 0.9892
vn -0.1123 0.0917 0.9894
vn -0.0910 0.1104 0.9897
vn -0.0669 0.1246 0.9900
vn -0.0408 0.1340 0.9901
vn -0.0138 0.1388 0.9902
vn 0.0138 0.1389 0.9902
vn 0.0409 0.1343 0.9901
vn 0.0670 0.1249 0.9899
vn 0.0913 0.1107 0.9897
vn 0.1126 0.0920 0.9894
vn 0.1299 0.0691 0.9891
vn 0.1422 0.0429 0.9889
vn 0.1485 0.0146 0.9888
vn 0.1484 -0.0145 0.9888
vn 0.1420 -0.0429 0.9889
vn 0.1296 -0.0690 0.9892
vn 0.1123 -0.0917 0.9894
vn 0.0910 -0.1104 0.9897
vn 0.0669 -0.1246 0.9900
vn -0.0000 -1.0000 0.0078
vn -0.0000 0.0001 1.0000
vn -0.0000 -0.0002 1.0000
vn -0.0000 -0.0001 1.0000
vn -0.0000 0.0004 1.0000
vn -0.0000 -0.0004 1.0000
vn -0.0000 0.0003 1.0000
vn -0.0000 0.4472 0.8944
vn -0.0000 0.1240 0.9923
vn -0.0000 -0.1240 0.9923
vn -0.0000 -0.4472 0.8944
vn -0.0000 0.0002 1.0000
vn 0.0408 -0.1341 0.9901
vn 0.0138 -0.1388 0.9902
vn -0.2904 0.9569 -0.0000
vn 0.2904 0.9569 -0.0000
vn 0.4713 0.8820 -0.0000
vn 0.7729 0.6345 -0.0000
vn 0.8820 0.4713 -0.0000
vn 0.9952 -0.0981 -0.0000
vn 0.9570 -0.2901 -0.0000
vn 0.9428 -0.2357 0.2357
vn 0.8819 -0.4715 -0.0000
vn 0.7730 -0.6345 -0.0000
vn 0.7729 -0.6345 -0.0000
vn -0.9998 -0.0000 -0.0208
vn 0.2948 -0.9555 -0.0000
vn 0.0979 -0.9952 0.0004
vn -0.0981 -0.9952 -0.0000
vn -0.2902 -0.9570 -0.0000
vn -0.4713 -0.8820 -0.0000
vn -0.7727 -0.6348 -0.0000
vn -0.7731 -0.6343 -0.0000
vn -0.7728 -0.6346 -0.0000
vn -0.7733 -0.6341 -0.0000
vn -0.7728 -0.6347 -0.0000
vn -0.8820 -0.4713 -0.0000
vn -0.9570 -0.2902 -0.0000
vn -0.9568 -0.2908 -0.0000
vn -1.0000 0.0078 -0.0000
vn -0.9570 -0.2901 -0.0000
vn -0.9570 0.2902 -0.0000
vn -0.7731 0.6343 -0.0000
vn -0.4715 0.8819 -0.0000
vn -0.0984 0.9952 -0.0000
vn -0.0138 0.1402 0.9900
vn -0.0138 0.1401 0.9900
vn -0.0142 0.1402 0.9900
vn 0.0138 -0.1389 0.9902
vn -0.0407 0.1340 0.9901
vn -0.0406 0.1337 0.9902
vn -0.0000 -0.9991 0.0416
vn 0.0409 -0.1342 0.9901
vn -0.0653 0.1221 0.9904
vn -0.0651 0.1217 0.9904
vn 0.0671 -0.1249 0.9899
vn -0.0866 0.1055 0.9906
vn -0.0863 0.1051 0.9907
vn 0.0913 -0.1107 0.9897
vn -0.1039 0.0853 0.9909
vn -0.0000 -0.9487 0.3162
vn -0.1035 0.0850 0.9910
vn -0.0000 -0.2631 0.9648
vn 0.1126 -0.0920 0.9894
vn -0.1169 0.0625 0.9912
vn -0.1166 0.0623 0.9912
vn 0.1299 -0.0691 0.9891
vn -0.1256 0.0381 0.9914
vn -0.1253 0.0380 0.9914
vn 0.1421 -0.0429 0.9889
vn -0.1298 0.0128 0.9915
vn -0.1297 0.0128 0.9915
vn 0.1484 -0.0146 0.9888
vn -0.1298 -0.0128 0.9915
vn -0.1299 -0.0128 0.9914
vn -0.0000 -0.3511 -0.9363
vn 0.1485 0.0145 0.9888
vn -0.1256 -0.0381 0.9914
vn -0.1258 -0.0382 0.9913
vn 0.1420 0.0429 0.9889
vn -0.1169 -0.0625 0.9912
vn -0.1173 -0.0627 0.9911
vn 0.1297 0.0691 0.9891
vn -0.1039 -0.0853 0.9909
vn -0.0000 0.2631 0.9648
vn -0.1043 -0.0856 0.9909
vn 0.1124 0.0918 0.9894
vn -0.0866 -0.1055 0.9906
vn -0.0869 -0.1059 0.9906
vn 0.0911 0.1105 0.9897
vn -0.0653 -0.1221 0.9904
vn -0.0655 -0.1225 0.9903
vn 0.0669 0.1247 0.9899
vn -0.0406 -0.1340 0.9901
vn -0.0407 -0.1343 0.9901
vn 0.0409 0.1342 0.9901
vn -0.0138 -0.1402 0.9900
vn -0.0138 -0.1403 0.9900
vn 0.0138 -0.1402 0.9900
vn 0.0138 -0.1401 0.9900
vn -0.0137 0.1389 0.9902
vn 0.0407 -0.1340 0.9901
vn 0.0406 -0.1337 0.9902
vn -0.0409 0.1342 0.9901
vn 0.0653 -0.1221 0.9904
vn 0.0651 -0.1217 0.9904
vn 0.0665 -0.1214 0.9904
vn -0.0671 0.1249 0.9899
vn 0.0866 -0.1055 0.9906
vn 0.0883 -0.1049 0.9906
vn 0.0863 -0.1051 0.9907
vn -0.0913 0.1107 0.9896
vn 0.1039 -0.0853 0.9909
vn 0.1035 -0.0850 0.9910
vn -0.1126 0.0920 0.9894
vn 0.1169 -0.0625 0.9912
vn 0.1166 -0.0623 0.9912
vn -0.1299 0.0691 0.9891
vn 0.1256 -0.0381 0.9914
vn 0.1253 -0.0380 0.9914
vn -0.1421 0.0429 0.9889
vn 0.1298 -0.0128 0.9915
vn 0.1297 -0.0128 0.9915
vn -0.0000 -0.6000 0.8000
vn -0.1484 0.0146 0.9888
vn 0.1298 0.0128 0.9915
vn 0.1298 0.0125 0.9915
vn 0.1299 0.0128 0.9914
vn -0.1485 -0.0146 0.9888
vn 0.1256 0.0381 0.9914
vn 0.1258 0.0382 0.9913
vn -0.1420 -0.0429 0.9889
vn 0.1169 0.0625 0.9912
vn 0.1171 0.0610 0.9912
vn 0.1173 0.0627 0.9911
vn -0.1298 -0.0690 0.9891
vn 0.1039 0.0853 0.9909
vn 0.1043 0.0856 0.9909
vn -0.1124 -0.0919 0.9894
vn 0.0866 0.1055 0.9906
vn 0.0869 0.1059 0.9906
vn -0.0911 -0.1105 0.9897
vn 0.0653 0.1221 0.9904
vn 0.0655 0.1225 0.9903
vn -0.0670 -0.1247 0.9899
vn 0.0406 0.1340 0.9901
vn 0.0407 0.1343 0.9901
vn -0.0409 -0.1342 0.9901
vn 0.0138 0.1402 0.9900
vn 0.0138 0.1403 0.9900
vn -0.0137 -0.1389 0.9902
vn -0.0137 -0.6831 0.7302
vn -0.0409 -0.6792 0.7328
vn -0.0670 -0.6714 0.7381
vn -0.0911 -0.6596 0.7461
vn -0.1125 -0.6442 0.7566
vn -0.1297 -0.6254 0.7695
vn -0.1421 -0.6039 0.7843
vn -0.1485 -0.5806 0.8006
vn -0.1485 -0.5568 0.8173
vn -0.1421 -0.5337 0.8337
vn -0.1298 -0.5124 0.8489
vn -0.1124 -0.4939 0.8622
vn -0.0911 -0.4787 0.8732
vn -0.0670 -0.4673 0.8816
vn -0.0409 -0.4597 0.8871
vn -0.0137 -0.4559 0.8899
vn 0.0136 -0.4559 0.8899
vn 0.0408 -0.4597 0.8871
vn 0.0670 -0.4673 0.8815
vn 0.0911 -0.4787 0.8732
vn 0.1124 -0.4939 0.8622
vn 0.1297 -0.5124 0.8489
vn 0.1420 -0.5336 0.8337
vn 0.1484 -0.5568 0.8173
vn 0.1483 -0.5806 0.8006
vn 0.1419 -0.6038 0.7844
vn 0.1294 -0.6252 0.7696
vn 0.1121 -0.6440 0.7568
vn 0.0909 -0.6594 0.7463
vn 0.0669 -0.6711 0.7383
vn 0.0004 -0.5751 0.8181
vn 0.8276 -0.1034 0.5517
vn -0.9170 -0.1146 0.3821
vn -0.0000 -0.8321 0.5547
vn -0.0000 0.1293 -0.9916
vn -0.0002 -0.5753 0.8180
vn -0.0007 -0.5751 0.8181
vn -0.0000 -0.5750 0.8182
vn -0.0004 -0.5751 0.8181
vn -0.0004 -0.5752 0.8180
vn -0.0000 -0.5753 0.8179
vn -0.0000 -0.5750 0.8181
vn 0.0004 -0.5752 0.8180
vn 0.0007 -0.5751 0.8181
vn 0.0004 -0.5753 0.8180
vn -0.0000 -0.5752 0.8180
vn 0.0002 -0.5753 0.8180
vn -0.0001 -0.5751 0.8181
vn -0.0000 -0.5751 0.8180
vn -0.0002 -0.5751 0.8181
vn 0.0001 -0.5751 0.8181
vn 0.0409 -0.6792 0.7328
vn 0.0138 -0.6831 0.7302
vn -0.4714 0.7216 0.5070
vn -0.4718 0.7213 0.5071
vn -0.7730 0.5190 0.3648
vn -0.9570 0.2374 0.1669
vn 0.2902 -0.7829 -0.5504
vn 0.4715 -0.7215 -0.5072
vn 0.6344 -0.6324 -0.4446
vn 0.9979 0.0156 0.0624
vn 0.6344 0.6323 0.4445
vn 0.4712 0.7216 0.5073
vn 0.4715 0.7214 0.5072
vn 0.4719 0.7213 0.5070
vn 0.4720 0.7212 0.5070
vn 0.4715 0.7215 0.5070
vn 0.6345 0.6323 0.4445
vn 0.6344 0.6323 0.4446
vn 0.7730 0.5189 0.3649
vn 0.7731 0.5189 0.3647
vn 0.6345 -0.6323 -0.4445
vn 0.4717 -0.7213 -0.5071
vn 0.4715 -0.7214 -0.5072
vn 0.0981 -0.8141 -0.5723
vn -0.2903 -0.7829 -0.5504
vn -0.2903 -0.7828 -0.5503
vn -0.7731 -0.5189 -0.3648
vn -0.8822 -0.3847 -0.2716
vn -0.9569 -0.2374 -0.1671
vn -0.8820 0.3855 0.2710
vn -0.8819 0.3857 0.2711
vn -0.6345 0.6323 0.4445
vn -0.6339 0.6328 0.4448
vn -0.6346 0.6322 0.4445
vn -0.6344 0.6323 0.4445
vn -0.4716 0.7214 0.5072
vn -0.4715 0.7214 0.5072
vn -0.0140 -0.4547 0.8905
vn -0.0142 -0.4546 0.8906
vn -0.0139 -0.4547 0.8905
vn -0.0142 -0.4547 0.8905
vn -0.0138 -0.4548 0.8905
vn -0.0142 -0.4549 0.8904
vn -0.0141 -0.4547 0.8905
vn 0.0137 -0.6831 0.7302
vn -0.0425 -0.4602 0.8868
vn -0.0407 -0.4598 0.8871
vn -0.0406 -0.4601 0.8869
vn 0.0410 -0.6792 0.7328
vn -0.0668 -0.4698 0.8803
vn -0.0666 -0.4703 0.8800
vn 0.0669 -0.6714 0.7381
vn -0.0883 -0.4838 0.8707
vn -0.0879 -0.4843 0.8705
vn 0.0911 -0.6596 0.7461
vn -0.1055 -0.5008 0.8591
vn -0.1049 -0.5012 0.8589
vn 0.1126 -0.6441 0.7566
vn -0.1180 -0.5197 0.8462
vn -0.1176 -0.5199 0.8461
vn 0.1297 -0.6254 0.7695
vn -0.1258 -0.5397 0.8324
vn 0.1421 -0.6039 0.7843
vn -0.1299 -0.5600 0.8183
vn 0.1485 -0.5806 0.8006
vn -0.1299 -0.5804 0.8039
vn -0.1300 -0.5804 0.8039
vn 0.1485 -0.5568 0.8173
vn -0.1258 -0.6006 0.7896
vn -0.1261 -0.6007 0.7895
vn 0.1421 -0.5337 0.8337
vn -0.1176 -0.6202 0.7756
vn -0.1181 -0.6203 0.7754
vn 0.1298 -0.5124 0.8489
vn -0.1049 -0.6386 0.7624
vn -0.1054 -0.6389 0.7620
vn -0.0878 -0.6552 0.7504
vn -0.0883 -0.6555 0.7500
vn -0.0665 -0.6689 0.7404
vn -0.0667 -0.6693 0.7400
vn 0.0670 -0.4673 0.8816
vn -0.0416 -0.6788 0.7331
vn -0.0418 -0.6791 0.7328
vn 0.0410 -0.4597 0.8871
vn -0.0142 -0.6841 0.7293
vn -0.0141 -0.6841 0.7293
vn 0.0137 -0.4559 0.8899
vn 0.0141 -0.6841 0.7293
vn 0.0142 -0.6841 0.7293
vn -0.0136 -0.4559 0.8899
vn 0.0418 -0.6791 0.7328
vn 0.0417 -0.6788 0.7331
vn -0.0407 -0.4597 0.8872
vn 0.0668 -0.6693 0.7400
vn 0.0665 -0.6689 0.7404
vn -0.0670 -0.4673 0.8815
vn 0.0883 -0.6555 0.7500
vn 0.0878 -0.6552 0.7504
vn -0.0911 -0.4788 0.8732
vn 0.1054 -0.6389 0.7620
vn 0.1049 -0.6386 0.7623
vn 0.1181 -0.6203 0.7754
vn 0.1176 -0.6202 0.7756
vn -0.1297 -0.5124 0.8489
vn 0.1261 -0.6007 0.7895
vn 0.1258 -0.6006 0.7896
vn -0.1420 -0.5336 0.8337
vn 0.1300 -0.5804 0.8039
vn 0.1299 -0.5804 0.8039
vn -0.1484 -0.5568 0.8173
vn 0.1299 -0.5600 0.8183
vn -0.1483 -0.5806 0.8006
vn 0.1258 -0.5397 0.8324
vn 0.1259 -0.5389 0.8329
vn -0.1419 -0.6038 0.7844
vn 0.1166 -0.5192 0.8467
vn 0.1174 -0.5188 0.8468
vn 0.1175 -0.5199 0.8461
vn -0.1294 -0.6252 0.7696
vn 0.1036 -0.5004 0.8596
vn 0.1040 -0.5001 0.8597
vn 0.1055 -0.5008 0.8591
vn -0.1121 -0.6440 0.7568
vn 0.0878 -0.4843 0.8705
vn 0.0883 -0.4838 0.8707
vn -0.0908 -0.6594 0.7463
vn 0.0666 -0.4703 0.8800
vn 0.0668 -0.4698 0.8803
vn -0.0669 -0.6711 0.7383
vn 0.0406 -0.4599 0.8871
vn 0.0416 -0.4601 0.8869
vn 0.0407 -0.4596 0.8872
vn -0.0408 -0.6792 0.7328
vn 0.0144 -0.4547 0.8905
vn 0.0141 -0.4549 0.8905
vn 0.0138 -0.4546 0.8906
vn 0.0144 -0.4546 0.8906
vn 0.0142 -0.4547 0.8905
vn 0.0133 -0.4545 0.8906
vn 0.0139 -0.4546 0.8906
vn 0.0138 -0.4545 0.8906
vn -0.0138 -0.6831 0.7302
vn -0.0137 -0.6817 0.7315
vn -0.0408 -0.6778 0.7341
vn -0.0669 -0.6700 0.7394
vn -0.0912 -0.6582 0.7473
vn -0.1124 -0.6427 0.7578
vn -0.1298 -0.6239 0.7707
vn -0.1421 -0.6024 0.7855
vn -0.1484 -0.5791 0.8016
vn -0.1485 -0.5552 0.8183
vn -0.1421 -0.5321 0.8347
vn -0.1297 -0.5108 0.8499
vn -0.1124 -0.4923 0.8631
vn -0.0911 -0.4771 0.8741
vn -0.0670 -0.4656 0.8824
vn -0.0408 -0.4580 0.8880
vn -0.0138 -0.4542 0.8908
vn 0.0137 -0.4542 0.8908
vn 0.0410 -0.4580 0.8880
vn 0.0669 -0.4656 0.8824
vn 0.0911 -0.4771 0.8741
vn 0.1125 -0.4923 0.8631
vn 0.1298 -0.5108 0.8498
vn 0.1420 -0.5321 0.8347
vn 0.1485 -0.5552 0.8183
vn 0.1483 -0.5791 0.8017
vn 0.1419 -0.6023 0.7855
vn 0.1294 -0.6238 0.7708
vn 0.1120 -0.6425 0.7580
vn 0.0909 -0.6580 0.7475
vn 0.0669 -0.6697 0.7396
vn -0.0007 -0.5736 0.8191
vn -0.0000 -0.5735 0.8192
vn -0.0011 -0.5736 0.8191
vn 0.0004 -0.5736 0.8191
vn -0.0000 -0.5736 0.8191
vn 0.0004 -0.5735 0.8192
vn -0.0002 -0.5737 0.8191
vn -0.0002 -0.5738 0.8190
vn 0.0002 -0.5738 0.8190
vn 0.0004 -0.5737 0.8191
vn -0.0004 -0.5735 0.8192
vn -0.0004 -0.5736 0.8191
vn 0.0014 -0.5736 0.8191
vn 0.0007 -0.5736 0.8192
vn -0.0007 -0.5737 0.8191
vn -0.0000 -0.5737 0.8191
vn -0.0001 -0.5736 0.8191
vn -0.0000 -0.5737 0.8190
vn 0.0002 -0.5736 0.8191
vn 0.0007 -0.5737 0.8190
vn 0.0002 -0.5735 0.8192
vn -0.0002 -0.5736 0.8192
vn -0.0002 -0.5736 0.8191
vn 0.0001 -0.5736 0.8191
vn 0.0001 -0.5736 0.8192
vn 0.0409 -0.6778 0.7341
vn 0.0137 -0.6817 0.7315
vn -0.4711 0.7224 0.5061
vn -0.6343 0.6333 0.4434
vn -0.6345 -0.6332 -0.4434
vn 0.4713 -0.7224 -0.5059
vn 0.8819 -0.3861 -0.2704
vn 0.8819 0.3862 0.2704
vn 0.6343 0.6333 0.4434
vn 0.4712 0.7225 0.5059
vn 0.4714 0.7224 0.5058
vn 0.4724 0.7220 0.5055
vn 0.4716 0.7223 0.5058
vn 0.4716 0.7224 0.5058
vn 0.4711 0.7224 0.5061
vn 0.6344 0.6332 0.4434
vn 0.6342 0.6333 0.4434
vn 0.6385 0.6305 0.4415
vn 0.6341 0.6334 0.4435
vn 0.7730 0.5196 0.3639
vn 0.8815 0.3867 0.2708
vn 0.6345 -0.6332 -0.4434
vn 0.4715 -0.7224 -0.5058
vn -0.4714 -0.7224 -0.5058
vn -0.9569 0.2378 0.1666
vn -0.9569 0.2378 0.1665
vn -0.6344 0.6333 0.4434
vn -0.9981 -0.0000 -0.0624
vn -0.6347 0.6331 0.4432
vn -0.6343 0.6332 0.4434
vn -0.4714 0.7224 0.5058
vn -0.4712 0.7224 0.5060
vn -0.0142 -0.4530 0.8914
vn -0.0141 -0.4529 0.8914
vn -0.0139 -0.4531 0.8914
vn -0.0140 -0.4530 0.8914
vn -0.0136 -0.4533 0.8913
vn -0.0141 -0.4530 0.8914
vn -0.0139 -0.4531 0.8913
vn -0.0436 -0.4586 0.8876
vn -0.0417 -0.4581 0.8879
vn -0.0414 -0.4588 0.8876
vn 0.0408 -0.6778 0.7341
vn -0.0668 -0.4681 0.8811
vn -0.0665 -0.4686 0.8809
vn 0.0669 -0.6700 0.7394
vn -0.0883 -0.4822 0.8716
vn -0.0879 -0.4827 0.8714
vn 0.0913 -0.6582 0.7473
vn -0.1054 -0.4992 0.8601
vn -0.1036 -0.4988 0.8605
vn -0.1044 -0.5000 0.8597
vn 0.1123 -0.6427 0.7578
vn -0.1170 -0.5175 0.8477
vn -0.1180 -0.5181 0.8472
vn -0.1175 -0.5183 0.8471
vn 0.1298 -0.6239 0.7707
vn -0.1266 -0.5373 0.8338
vn -0.1258 -0.5381 0.8334
vn 0.1421 -0.6024 0.7855
vn -0.1298 -0.5584 0.8193
vn -0.1299 -0.5585 0.8193
vn 0.1484 -0.5791 0.8016
vn -0.1299 -0.5789 0.8050
vn -0.1300 -0.5789 0.8050
vn -0.1259 -0.5991 0.7907
vn -0.1261 -0.5992 0.7906
vn 0.1421 -0.5321 0.8347
vn -0.1176 -0.6187 0.7768
vn -0.1180 -0.6189 0.7766
vn 0.1297 -0.5108 0.8499
vn -0.1049 -0.6372 0.7636
vn -0.1055 -0.6374 0.7632
vn 0.1124 -0.4923 0.8631
vn -0.0878 -0.6537 0.7516
vn -0.0883 -0.6541 0.7512
vn -0.0665 -0.6675 0.7416
vn -0.0669 -0.6679 0.7413
vn 0.0670 -0.4656 0.8824
vn -0.0415 -0.6774 0.7344
vn -0.0416 -0.6777 0.7341
vn 0.0408 -0.4580 0.8880
vn -0.0141 -0.6827 0.7306
vn 0.0138 -0.4542 0.8908
vn 0.0141 -0.6827 0.7306
vn -0.0137 -0.4542 0.8908
vn 0.0416 -0.6777 0.7341
vn 0.0415 -0.6774 0.7344
vn -0.0410 -0.4580 0.8880
vn 0.0669 -0.6679 0.7413
vn 0.0666 -0.6675 0.7416
vn -0.0669 -0.4656 0.8824
vn 0.0883 -0.6541 0.7512
vn 0.0878 -0.6537 0.7516
vn 0.1055 -0.6375 0.7632
vn 0.1049 -0.6372 0.7636
vn -0.1125 -0.4923 0.8632
vn 0.1180 -0.6189 0.7766
vn 0.1175 -0.6187 0.7768
vn -0.1298 -0.5108 0.8498
vn 0.1261 -0.5992 0.7906
vn 0.1258 -0.5991 0.7907
vn -0.1420 -0.5321 0.8347
vn 0.1300 -0.5789 0.8050
vn 0.1299 -0.5789 0.8050
vn 0.1299 -0.5585 0.8193
vn 0.1298 -0.5584 0.8193
vn -0.1483 -0.5791 0.8017
vn 0.1258 -0.5381 0.8334
vn -0.1419 -0.6023 0.7855
vn 0.1176 -0.5183 0.8471
vn 0.1180 -0.5181 0.8472
vn -0.1294 -0.6238 0.7708
vn 0.1049 -0.4996 0.8599
vn 0.1054 -0.4992 0.8601
vn -0.1120 -0.6425 0.7580
vn 0.0879 -0.4827 0.8714
vn 0.0883 -0.4822 0.8716
vn -0.0909 -0.6580 0.7475
vn 0.0665 -0.4686 0.8809
vn 0.0668 -0.4681 0.8811
vn -0.0668 -0.6697 0.7396
vn 0.0408 -0.4582 0.8879
vn 0.0414 -0.4588 0.8876
vn 0.0408 -0.4579 0.8881
vn 0.0416 -0.4584 0.8878
vn -0.0410 -0.6778 0.7341
vn 0.0140 -0.4530 0.8914
vn 0.0141 -0.4532 0.8913
vn 0.0138 -0.4530 0.8914
vn 0.0144 -0.4529 0.8914
vn 0.0141 -0.4530 0.8914
vn 0.0138 -0.4529 0.8915
vn 0.0136 -0.4529 0.8915
vn 0.0761 -0.9951 -0.0625
vn 0.3656 -0.8811 -0.3002
vn 0.3659 -0.8809 -0.3002
vn 0.4174 -0.8809 -0.2231
vn -0.5573 0.1393 -0.8185
vn 0.2575 -0.9565 -0.1370
vn 0.0943 -0.9951 -0.0286
vn 0.4527 -0.8810 -0.1374
vn 0.2787 -0.9566 -0.0847
vn 0.2772 -0.9571 -0.0849
vn 0.2790 -0.9565 -0.0847
vn 0.2793 -0.9565 -0.0847
vn 0.2790 -0.9566 -0.0846
vn 0.2902 -0.9565 -0.0286
vn 0.2790 -0.9566 0.0846
vn 0.4174 -0.8809 0.2230
vn 0.2571 -0.9566 0.1374
vn 0.3001 -0.8810 0.3657
vn 0.1850 -0.9566 0.2254
vn 0.1374 -0.9566 0.2571
vn -0.9036 -0.0377 -0.4267
vn 0.4691 0.0975 0.8777
vn 0.2604 -0.4692 0.8438
vn 0.2564 0.4696 0.8448
vn 0.0846 -0.9566 0.2790
vn 0.0976 0.0975 0.9904
vn -0.0286 -0.9566 0.2902
vn -0.0976 0.0976 0.9904
vn -0.1849 0.7715 0.6087
vn -0.4691 0.0975 0.8777
vn -0.4914 0.6326 0.5987
vn -0.1850 -0.9565 0.2254
vn -0.2254 -0.9566 0.1850
vn -0.8777 0.0975 0.4692
vn -0.8777 -0.0975 0.4692
vn -0.2790 -0.9565 0.0846
vn -0.9524 0.0976 0.2889
vn -0.4527 0.8810 0.1374
vn -0.8448 -0.4696 0.2563
vn -0.6332 0.7715 0.0623
vn -0.9904 0.0975 0.0976
vn -0.9904 -0.0975 0.0976
vn -0.5373 -0.6479 -0.5399
vn -0.2790 -0.9566 -0.0847
vn -0.2793 -0.9565 -0.0846
vn -0.0953 -0.9951 -0.0281
vn -0.0943 -0.9951 -0.0286
vn -0.9434 0.0429 0.3288
vn -0.2572 -0.9565 -0.1374
vn -0.4177 -0.8808 -0.2232
vn -0.3657 -0.8810 -0.3002
vn -0.7401 0.2890 -0.6073
vn -0.0762 -0.9951 -0.0624
vn -0.6314 -0.0976 -0.7693
vn -0.4021 -0.7721 -0.4921
vn -0.3652 -0.6325 -0.6830
vn 0.3648 -0.6327 -0.6831
vn 0.4913 -0.6326 -0.5987
vn 0.4034 -0.7716 -0.4919
vn 0.4034 -0.7715 -0.4920
vn 0.6312 0.0976 -0.7694
vn 0.6313 -0.0975 -0.7693
vn 0.7693 0.0975 -0.6313
vn 0.0768 -0.9951 -0.0623
vn 0.6824 0.4696 -0.5601
vn 0.3656 -0.8810 -0.3002
vn 0.3658 -0.8810 -0.3002
vn 0.9196 0.0862 -0.3832
vn 0.8448 -0.4696 -0.2563
vn 0.7412 0.6326 -0.2248
vn 0.2792 -0.9565 -0.0846
vn 0.2796 -0.9564 -0.0844
vn 0.2791 -0.9565 -0.0846
vn 0.2789 -0.9566 -0.0846
vn 0.9904 0.0976 -0.0975
vn 0.9904 -0.0976 -0.0976
vn 0.7708 -0.6326 -0.0759
vn 0.6333 0.7714 0.0624
vn 0.9904 0.0976 0.0976
vn 0.9904 -0.0976 0.0976
vn 0.4527 0.8810 0.1374
vn 0.6088 -0.7715 0.1847
vn 0.4173 0.8810 0.2231
vn 0.8777 -0.0975 0.4692
vn 0.4913 -0.6326 0.5987
vn 0.6313 -0.0975 0.7693
vn 0.2231 0.8810 0.4173
vn 0.3651 0.6326 0.6830
vn 0.1849 0.7714 0.6088
vn 0.2563 0.4696 0.8449
vn -0.2889 -0.0976 0.9524
vn -0.2779 -0.2889 0.9161
vn -0.2599 -0.4691 0.8440
vn -0.2564 0.4696 0.8448
vn -0.4161 0.4697 0.7786
vn -0.4691 0.0976 0.8777
vn -0.2999 -0.8811 0.3657
vn -0.6073 0.2890 0.7401
vn -0.3659 -0.8809 0.3001
vn -0.2450 -0.5909 -0.7686
vn -0.2791 -0.9565 -0.0846
vn -0.0890 -0.9956 -0.0281
vn -0.7746 -0.0363 -0.6314
vn -0.2570 -0.9566 -0.1374
vn -0.4168 -0.8812 -0.2233
vn -0.3659 -0.8809 -0.3001
vn -0.3660 -0.8809 -0.3001
vn -0.0761 -0.9951 -0.0625
vn 0.2310 -0.7311 -0.6419
vn 0.2344 -0.7991 -0.5536
vn -0.0279 0.5981 -0.8009
vn 0.1066 0.8524 -0.5119
vn 0.2723 -0.7909 -0.5481
vn 0.3000 0.3038 -0.9043
vn 0.3082 -0.7852 -0.5372
vn 0.5260 -0.0047 -0.8504
vn 0.2976 0.8479 -0.4388
vn 0.2977 0.8478 -0.4389
vn 0.3089 0.9374 -0.1605
vn 0.3088 0.9375 -0.1605
vn 0.4562 0.8208 -0.3439
vn 0.6697 0.3121 -0.6739
vn 0.5516 -0.5894 -0.5903
vn 0.3925 -0.7852 -0.4789
vn 0.8817 0.2537 -0.3979
vn 0.9422 0.2094 -0.2615
vn 0.8599 -0.2862 -0.4226
vn 0.7567 -0.4688 -0.4556
vn 0.6421 -0.6076 -0.4674
vn 0.7349 0.6781 -0.0055
vn 0.9108 0.4127 -0.0044
vn 0.9792 0.1575 -0.1276
vn 0.7851 -0.4967 -0.3698
vn 0.6728 -0.6578 -0.3384
vn 0.6120 0.7249 0.3161
vn 0.5477 -0.7476 -0.3755
vn 0.9268 0.3532 0.1277
vn 0.6016 0.6778 0.4226
vn 0.6017 0.6778 0.4226
vn 0.9755 -0.2199 0.0055
vn 0.6419 -0.7351 -0.2185
vn 0.5240 -0.8003 -0.2915
vn 0.4951 -0.8306 -0.2551
vn 0.6827 0.3966 0.6138
vn 0.3903 -0.8597 -0.3294
vn 0.8158 -0.5731 0.0778
vn 0.7123 -0.6996 -0.0568
vn 0.6028 -0.7804 -0.1660
vn 0.5868 0.3334 0.7379
vn 0.3372 -0.8934 -0.2968
vn 0.4791 -0.8736 -0.0850
vn 0.4460 -0.8904 0.0916
vn 0.3498 -0.9188 -0.1828
vn 0.4993 -0.4398 0.7466
vn 0.2673 -0.9215 -0.2819
vn 0.3313 -0.8914 0.3093
vn 0.2101 -0.9765 -0.0469
vn 0.2219 -0.9594 -0.1742
vn 0.2293 -0.9317 -0.2819
vn 0.1062 -0.8269 0.5522
vn 0.1588 -0.9376 0.3092
vn -0.0094 -0.9594 0.2819
vn -0.0132 -0.9594 0.2818
vn 0.0590 -0.9941 0.0916
vn 0.1137 -0.9917 -0.0598
vn 0.1564 -0.9706 -0.1828
vn 0.1912 -0.9387 -0.2869
vn 0.0936 -0.9754 -0.1997
vn -0.0651 -0.9963 0.0556
vn -0.0650 -0.9963 0.0556
vn -0.0598 -0.9966 0.0564
vn -0.1750 -0.9845 0.0051
vn 0.1212 -0.9426 -0.3111
vn -0.0135 -0.9668 -0.2551
vn -0.2671 -0.9620 -0.0567
vn -0.1885 -0.9574 -0.2185
vn -0.1884 -0.9575 -0.2185
vn -0.0535 -0.9551 -0.2915
vn -0.0829 -0.9396 -0.3321
vn 0.0506 -0.9256 -0.3751
vn -0.2293 -0.9333 -0.2765
vn 0.0400 -0.9152 -0.4009
vn -0.1059 -0.9011 -0.4204
vn 0.0369 -0.9033 -0.4275
vn -0.2616 -0.8772 -0.4026
vn -0.2597 -0.6682 -0.6971
vn -0.2598 -0.6682 -0.6971
vn -0.2594 -0.6683 -0.6972
vn -0.4115 0.1131 -0.9044
vn 0.1597 -0.8211 -0.5481
vn -0.4996 0.4397 -0.7464
vn 0.1964 -0.8093 -0.5536
vn -0.2749 0.5320 -0.8009
vn -0.1656 -0.7487 -0.6419
vn 0.2748 0.5320 -0.8009
vn -0.1596 -0.8211 -0.5481
vn 0.4116 0.1131 -0.9043
vn 0.2991 -0.4835 -0.8226
vn 0.2991 -0.4835 -0.8227
vn 0.2997 -0.4835 -0.8225
vn 0.3353 -0.7073 -0.6224
vn -0.0711 -0.8621 -0.5018
vn 0.2261 -0.8168 -0.5307
vn 0.2266 -0.8167 -0.5307
vn 0.2616 -0.8772 -0.4026
vn 0.1059 -0.9011 -0.4204
vn -0.0401 -0.9152 -0.4009
vn -0.0506 -0.9256 -0.3751
vn 0.2291 -0.9333 -0.2764
vn 0.1866 -0.9578 -0.2185
vn 0.1883 -0.9575 -0.2185
vn 0.0536 -0.9551 -0.2915
vn -0.0681 -0.9339 -0.3510
vn 0.0135 -0.9668 -0.2551
vn 0.2691 -0.9614 -0.0568
vn 0.1751 -0.9845 0.0052
vn -0.1212 -0.9426 -0.3111
vn -0.1547 -0.9423 -0.2968
vn 0.0650 -0.9963 0.0556
vn -0.0219 -0.9961 -0.0850
vn -0.0936 -0.9754 -0.1997
vn 0.0132 -0.9594 0.2818
vn -0.1137 -0.9917 -0.0598
vn -0.1564 -0.9706 -0.1828
vn -0.2293 -0.9317 -0.2819
vn -0.1588 -0.9376 0.3092
vn -0.1588 -0.9376 0.3093
vn -0.2101 -0.9765 -0.0469
vn -0.2673 -0.9215 -0.2819
vn -0.3313 -0.8914 0.3093
vn -0.4991 -0.4398 0.7466
vn -0.4911 -0.8242 0.2818
vn -0.4460 -0.8904 0.0916
vn -0.3037 -0.9085 -0.2869
vn -0.4791 -0.8736 -0.0850
vn -0.4066 -0.8915 -0.1997
vn -0.3372 -0.8934 -0.2968
vn -0.5974 -0.0234 0.8016
vn -0.8151 -0.2308 0.5314
vn -0.5482 -0.8275 -0.1209
vn -0.5867 0.3335 0.7379
vn -0.3664 -0.8769 -0.3111
vn -0.4951 -0.8306 -0.2551
vn -0.3903 -0.8597 -0.3294
vn -0.8158 -0.5731 0.0778
vn -0.6419 -0.7351 -0.2185
vn -0.5240 -0.8003 -0.2915
vn -0.7452 0.4564 0.4863
vn -0.6017 0.6777 0.4227
vn -0.6016 0.6778 0.4226
vn -0.6017 0.6778 0.4226
vn -0.5477 -0.7477 -0.3755
vn -0.5423 -0.7274 -0.4205
vn -0.7851 -0.4968 -0.3698
vn -0.8599 -0.2862 -0.4226
vn -0.7349 0.6781 -0.0055
vn -0.8727 0.4689 -0.1362
vn -0.9422 0.2094 -0.2615
vn -0.9314 -0.0554 -0.3596
vn -0.8817 0.2537 -0.3979
vn -0.5045 0.8633 0.0135
vn -0.5046 0.8633 0.0135
vn -0.4199 0.9042 -0.0778
vn -0.5801 0.7795 -0.2364
vn -0.6280 -0.2538 -0.7356
vn -0.3097 0.9372 -0.1605
vn -0.3088 0.9375 -0.1605
vn -0.4562 0.8208 -0.3439
vn -0.2976 0.8479 -0.4388
vn -0.2976 0.8478 -0.4388
vn -0.3082 -0.7851 -0.5372
vn -0.3000 0.3038 -0.9043
vn -0.3179 -0.6193 -0.7179
vn -0.1068 0.8524 -0.5119
vn -0.2722 -0.7909 -0.5481
vn -0.2310 -0.7312 -0.6419
vn -0.2345 -0.7991 -0.5536
vn 0.0281 0.5981 -0.8009
vn 0.0279 0.5981 -0.8009
vn 0.4515 -0.2861 0.8451
vn 0.6080 -0.2861 0.7406
vn 0.6078 -0.2861 0.7408
vn 0.8451 -0.2861 0.4516
vn 0.8449 -0.2862 0.4519
vn 0.8450 -0.2861 0.4517
vn 0.9169 -0.2861 0.2781
vn 0.9170 -0.2861 0.2781
vn 0.4517 -0.2861 -0.8451
vn 0.4516 -0.2861 -0.8451
vn 0.4518 -0.2860 -0.8450
vn 0.4517 -0.2861 -0.8450
vn 0.2783 -0.2860 -0.9169
vn 0.0940 -0.2861 -0.9536
vn 0.0938 -0.2861 -0.9536
vn -0.0938 -0.2861 -0.9536
vn -0.0000 -0.0652 -0.9979
vn -0.0940 -0.2861 -0.9536
vn -0.2781 -0.2861 -0.9170
vn -0.2782 -0.2861 -0.9169
vn -0.2783 -0.2861 -0.9169
vn -0.4516 -0.2861 -0.8451
vn -0.4518 -0.2861 -0.8450
vn -0.4518 -0.2860 -0.8450
vn -0.4520 -0.2860 -0.8449
vn -0.9169 -0.2861 0.2782
vn -0.9170 -0.2861 0.2781
vn -0.8451 -0.2861 0.4516
vn -0.8450 -0.2862 0.4518
vn -0.8450 -0.2861 0.4517
vn -0.7407 -0.2861 0.6078
vn -0.6080 -0.2861 0.7406
vn -0.0001 -1.0000 -0.0000
vn 0.0002 -1.0000 -0.0000
vn -0.0002 -1.0000 -0.0000
vn 0.0001 -1.0000 -0.0000
vn -0.2781 -0.2861 0.9169
vn -0.8929 0.4464 0.0585
vn -0.8473 -0.4465 0.2876
vn 0.8025 0.4465 -0.3958
vn 0.4244 0.8810 -0.2093
vn 0.5900 0.4464 -0.6727
vn -0.5900 -0.4465 0.6728
vn -0.3120 -0.8810 0.3557
vn -0.2628 -0.8810 0.3934
vn 0.3958 0.4465 -0.8025
vn -0.2092 0.8810 0.4243
vn -0.3958 0.4465 0.8025
vn -0.2092 -0.8810 0.4243
vn 0.0309 0.8810 -0.4721
vn -0.0309 0.8810 0.4721
vn 0.0310 -0.8810 -0.4721
vn -0.0310 0.8810 -0.4721
vn 0.0309 -0.8810 0.4721
vn 0.2876 0.4465 0.8473
vn -0.2093 0.8810 -0.4243
vn -0.2093 -0.8810 -0.4243
vn 0.2628 0.8810 0.3934
vn 0.4971 0.4465 0.7440
vn -0.5900 0.4464 -0.6728
vn 0.5900 0.4465 0.6728
vn -0.6727 0.4465 -0.5900
vn -0.4722 0.8810 -0.0309
vn 0.8929 -0.4465 0.0585
vn 0.8028 -0.4461 -0.3956
vn 0.8025 -0.4465 -0.3959
vn 0.8025 -0.4465 -0.3958
vn 0.7441 -0.4464 -0.4970
vn 0.7438 -0.4466 -0.4973
vn 0.7441 -0.4464 -0.4971
vn 0.3933 -0.8810 -0.2629
vn 0.3934 -0.8810 -0.2628
vn 0.6728 -0.4463 -0.5901
vn 0.3557 -0.8810 -0.3119
vn -0.3119 0.8810 0.3557
vn 0.2092 0.8810 -0.4243
vn -0.0310 -0.8810 0.4721
vn -0.2628 0.8810 -0.3934
vn -0.2628 -0.8810 -0.3934
vn -0.3119 0.8810 -0.3557
vn 0.3119 -0.8810 0.3557
vn -0.6735 -0.4459 -0.5895
vn -0.3558 -0.8810 -0.3119
vn -0.7440 -0.4464 -0.4972
vn -0.7440 -0.4466 -0.4970
vn -0.3934 -0.8810 -0.2628
vn -0.8025 -0.4465 -0.3958
vn -0.8029 -0.4460 -0.3955
vn -0.4244 -0.8810 -0.2092
vn -0.4241 -0.8811 -0.2093
vn 0.8473 -0.4465 0.2876
vn -0.8776 -0.4465 -0.1746
vn 0.4722 0.8810 0.0309
vn 0.7713 -0.3736 -0.5154
vn 0.7713 -0.3736 -0.5153
vn 0.7714 -0.3735 -0.5153
vn 0.9117 -0.3688 -0.1813
vn 0.9117 -0.3687 -0.1813
vn 0.0028 0.1668 0.9860
vn -0.9117 0.3687 0.1813
vn -0.9796 0.0493 -0.1949
vn 0.5522 -0.1110 -0.8263
vn 0.5509 0.1286 0.8246
vn 0.1932 0.1440 0.9705
vn 0.1930 0.1440 0.9706
vn -0.1935 0.1377 0.9714
vn -0.1942 0.1379 0.9712
vn -0.1939 -0.0943 -0.9765
vn -0.1203 -0.1333 -0.9838
vn 0.0328 -0.1796 -0.9832
vn -0.1243 -0.1216 -0.9848
vn -0.8131 0.2089 -0.5434
vn -0.7906 0.3097 0.5283
vn -0.1898 0.2327 0.9538
vn 0.0023 0.1682 0.9857
vn 0.8129 -0.2088 0.5436
vn 0.7874 -0.3211 -0.5262
vn 0.1898 -0.2327 -0.9538
vn 0.5540 -0.0748 -0.8291
vn 0.8197 0.1681 -0.5477
vn 0.8196 0.1681 -0.5477
vn -0.9982 -0.0565 0.0193
vn 0.8593 0.4820 0.1710
vn 0.4748 0.5192 0.7106
vn 0.1747 0.4444 0.8786
vn -0.9061 -0.4220 0.0298
vn -0.9135 -0.3600 0.1897
vn -0.9137 -0.3634 0.1818
vn -0.8597 -0.4816 -0.1700
vn -0.7042 -0.5312 -0.4711
vn -0.7046 -0.5309 -0.4708
vn -0.7047 -0.5309 -0.4707
vn -0.7045 -0.5310 -0.4709
vn -0.7044 -0.5310 -0.4709
vn -0.7046 -0.5309 -0.4707
vn -0.7047 -0.5310 -0.4706
vn -0.7046 -0.5308 -0.4709
vn -0.7048 -0.5308 -0.4707
vn -0.7043 -0.5311 -0.4711
vn -0.7047 -0.5309 -0.4708
vn 0.1745 0.4441 -0.8788
vn 0.8078 0.2372 -0.5397
vn -0.9699 0.1486 -0.1930
vn -0.9699 0.1486 -0.1929
vn -0.1747 -0.4444 -0.8786
vn -0.4748 -0.5192 -0.7107
vn -0.7039 -0.5314 -0.4713
vn -0.8593 -0.4821 -0.1710
vn -0.8595 -0.4817 -0.1706
vn -0.9138 -0.3633 0.1817
vn 0.9533 0.2547 0.1623
vn 0.0074 0.7027 -0.7115
vn 0.9138 0.3850 -0.1293
vn -0.9721 -0.1193 0.2019
vn -0.5465 0.1802 0.8178
vn -0.5540 0.0748 0.8291
vn -0.5540 0.0747 0.8291
vn 0.1828 0.4439 0.8772
vn 0.7046 0.5310 0.4708
vn -0.9816 -0.1616 0.1014
vn 0.9826 0.1804 -0.0433
vn 0.9137 0.3634 -0.1818
vn 0.9073 0.4185 -0.0400
vn 0.1859 -0.3041 -0.9343
vn 0.1865 -0.2952 -0.9370
vn 0.9976 0.0323 -0.0612
vn 0.9819 0.0882 -0.1674
vn 0.7996 0.2717 -0.5356
vn 0.7979 -0.2811 0.5333
vn 0.1734 -0.4592 0.8713
vn 0.1732 -0.4592 0.8713
vn 0.1731 -0.4592 0.8713
vn -0.1733 -0.4592 0.8713
vn -0.1730 -0.4592 0.8713
vn -0.5089 -0.4013 0.7616
vn -0.7979 -0.2810 0.5332
vn -0.9756 -0.1023 0.1940
vn -0.7982 0.2808 -0.5329
vn -0.7980 0.2810 -0.5332
vn -0.5088 0.4013 -0.7616
vn -0.1951 -0.0206 -0.9806
vn 0.1951 -0.0206 -0.9806
vn 0.5490 0.1541 0.8215
vn -0.9801 0.0366 0.1949
vn -0.5088 0.4014 -0.7616
vn -0.9856 0.0184 -0.1680
vn -0.9819 0.0882 -0.1674
vn -0.7981 0.2809 -0.5331
vn -0.9757 0.1022 -0.1940
vn -0.5533 -0.0906 0.8280
vn -0.5089 -0.4013 0.7615
vn -0.1732 -0.4592 0.8713
vn 0.5533 -0.0906 0.8281
vn 0.9856 0.0184 -0.1680
vn 0.7979 0.2810 -0.5332
vn 0.7980 0.2810 -0.5332
vn 0.5090 0.4013 -0.7615
vn 0.5088 0.4013 -0.7616
vn 0.0624 0.7715 -0.6332
vn 0.0623 -0.7715 -0.6332
vn 0.0866 0.4696 -0.8786
vn -0.0458 -0.8841 0.4650
vn -0.4150 0.8310 0.3703
vn -0.5717 0.2191 0.7907
vn 0.0976 0.0976 -0.9904
vn 0.0976 -0.0976 -0.9904
vn 0.0465 0.8810 -0.4709
vn 0.1846 0.7715 -0.6088
vn 0.2248 -0.6326 -0.7412
vn 0.2249 0.6326 -0.7412
vn 0.1373 -0.8810 -0.4528
vn -0.0837 0.9566 0.2790
vn -0.2582 0.4568 0.8513
vn 0.0847 0.9565 -0.2790
vn -0.3672 0.6272 0.6869
vn 0.1373 0.9566 -0.2571
vn 0.3651 0.6326 -0.6830
vn 0.2230 -0.8810 -0.4173
vn 0.4914 0.6325 -0.5987
vn 0.3001 -0.8810 -0.3658
vn -0.4418 0.8190 0.3662
vn -0.4729 0.6666 0.5762
vn 0.6313 -0.0976 -0.7693
vn 0.1847 0.9566 -0.2254
vn -0.4699 0.7940 0.3856
vn 0.7694 -0.0975 -0.6313
vn 0.2254 0.9565 -0.1850
vn 0.3658 0.8810 -0.3002
vn 0.6834 0.6323 -0.3650
vn -0.4670 0.8483 0.2496
vn 0.8777 -0.0976 -0.4691
vn 0.2571 0.9566 -0.1374
vn -0.2801 0.9562 0.0847
vn -0.4545 0.8800 0.1379
vn 0.6331 -0.7715 -0.0624
vn -0.4507 0.8916 0.0444
vn 0.2902 0.9565 -0.0286
vn 0.4709 0.8810 -0.0464
vn 0.7708 0.6325 0.0759
vn 0.6331 -0.7715 0.0624
vn -0.0000 -0.1533 0.9882
vn -0.4467 0.8936 -0.0440
vn 0.8449 0.4696 0.2563
vn 0.4528 -0.8810 0.1373
vn -0.4158 0.9006 -0.1261
vn 0.9524 -0.0976 0.2889
vn 0.2790 0.9566 0.0846
vn 0.6089 0.7715 0.1847
vn 0.2571 0.9566 0.1374
vn 0.7787 -0.4696 0.4162
vn -0.2573 0.9565 -0.1374
vn -0.4135 0.8833 -0.2210
vn 1.0000 0.0078 -0.0000
vn -0.3876 0.8819 -0.2684
vn -0.3960 0.8588 -0.3250
vn 0.2254 0.9566 0.1850
vn 0.5987 0.6325 0.4913
vn 0.4917 -0.7715 0.4036
vn 0.4037 0.7715 0.4918
vn -0.3011 0.8807 -0.3656
vn -0.4320 0.7323 -0.5265
vn 0.1847 0.9566 0.2254
vn 0.1376 0.9565 0.2571
vn -0.9804 -0.0096 -0.1966
vn -0.3541 0.7730 -0.5263
vn -0.3915 0.5577 -0.7320
vn 0.1375 0.8810 0.4528
vn 0.2249 0.6326 0.7412
vn -0.2090 -0.6939 -0.6891
vn 0.0848 0.9565 0.2790
vn 0.0286 0.9565 0.2902
vn 0.0463 0.8810 0.4709
vn -0.0764 0.6325 -0.7708
vn -0.3551 0.6200 -0.6996
vn -0.0296 -0.9535 -0.2999
vn 0.0866 0.4696 0.8786
vn -0.2575 -0.3235 -0.9105
vn -0.0976 0.0975 0.9904
vn -0.1846 0.7715 0.6088
vn -0.2249 -0.6326 0.7411
vn -0.2246 0.6325 0.7413
vn -0.3650 -0.6326 0.6831
vn -0.1375 0.9565 0.2571
vn -0.2229 0.8810 0.4173
vn -0.4161 -0.4696 0.7787
vn -0.4163 -0.4696 0.7786
vn -0.3000 0.7714 0.5612
vn -0.1847 0.9566 0.2254
vn -0.3003 0.8809 0.3657
vn 0.9422 0.0294 0.3337
vn -0.4040 0.7713 0.4918
vn -0.4915 0.6328 0.5983
vn -0.5988 0.6325 0.4913
vn -0.7693 0.0975 0.6313
vn -0.2254 0.9565 0.1850
vn -0.3659 0.8809 0.3002
vn -0.2571 0.9566 0.1374
vn -0.4174 0.8809 0.2230
vn -0.7787 -0.4696 0.4161
vn -0.7787 -0.4696 0.4162
vn -0.6831 0.6325 0.3650
vn -0.2790 0.9565 0.0846
vn -0.9997 0.0020 0.0234
vn -0.6088 0.7715 0.1848
vn -0.7411 0.6326 0.2249
vn -0.7412 0.6325 0.2248
vn -0.8786 -0.4696 0.0866
vn -0.6334 0.7713 0.0623
vn -0.9904 -0.0976 0.0976
vn -0.8785 -0.4697 -0.0875
vn 0.9952 -0.0603 -0.0777
vn -0.6332 0.7714 -0.0623
vn -0.7696 0.6339 -0.0761
vn -0.8450 -0.4693 -0.2563
vn -0.9524 -0.0976 -0.2889
vn -0.2791 0.9565 -0.0846
vn -0.2571 0.9566 -0.1374
vn -0.7787 -0.4696 -0.4162
vn -0.6830 -0.6326 -0.3651
vn -0.6831 0.6325 -0.3651
vn -0.4919 0.7715 -0.4036
vn -0.1842 0.4112 0.8927
vn 0.2697 -0.6156 0.7405
vn -0.2048 -0.3626 0.9092
vn -0.5987 0.6325 -0.4913
vn -0.2255 0.9565 -0.1850
vn -0.1847 0.9566 -0.2254
vn -0.3003 0.8809 -0.3657
vn -0.4914 0.6326 -0.5987
vn -0.0000 -0.1164 0.9932
vn 0.3570 -0.8266 0.4350
vn -0.3000 0.7715 -0.5611
vn -0.3651 0.6326 -0.6831
vn 0.3000 0.7715 0.5611
vn 0.1507 -0.9475 0.2820
vn -0.3036 0.6464 0.7000
vn -0.4161 0.4696 -0.7786
vn -0.4691 0.0975 -0.8777
vn -0.1376 0.9565 -0.2571
vn -0.2229 0.8810 -0.4173
vn -0.0848 0.9565 -0.2790
vn -0.1373 0.8810 -0.4528
vn -0.2248 -0.6326 -0.7412
vn -0.2249 0.6326 -0.7411
vn -0.1847 -0.7715 -0.6088
vn -0.1590 0.3186 0.9344
vn 0.1524 -0.8511 0.5024
vn -0.0624 -0.7715 -0.6332
vn 0.0464 0.8810 0.4708
vn 0.0687 -0.7126 0.6982
vn -0.0976 0.0976 -0.9904
vn -0.0976 -0.0975 -0.9904
vn -0.0286 0.9566 -0.2902
vn -0.0465 0.8810 -0.4709
vn -0.0623 0.7715 -0.6332
vn 0.0463 -0.8810 -0.4709
vn -0.0129 0.9951 0.0978
vn -0.0872 0.4567 0.8853
vn 0.0846 -0.9566 -0.2790
vn 0.4838 0.4978 0.7198
vn 0.1375 -0.9565 -0.2571
vn 0.4416 0.5889 0.6768
vn 0.6074 0.2890 -0.7400
vn -0.1850 0.9566 0.2254
vn 0.5385 0.6093 0.5821
vn -0.5100 0.5948 0.6214
vn 0.3943 0.6703 0.6287
vn -0.4055 0.6372 0.6554
vn 0.1265 0.5827 0.8028
vn -0.0977 0.7355 0.6704
vn 0.4220 0.4686 0.7761
vn -0.3658 0.8809 0.3002
vn -0.6868 0.5214 0.5064
vn -0.8790 0.0812 0.4698
vn -0.4314 0.6134 0.6615
vn -0.6179 0.5451 0.5666
vn 0.8777 0.0975 -0.4691
vn -0.7279 0.4356 0.5295
vn -0.9210 0.2715 0.2794
vn -0.8926 0.3212 0.3163
vn 0.7698 0.6337 -0.0761
vn -0.8379 0.5457 0.0072
vn -0.7691 0.4505 0.4535
vn -0.7523 -0.6546 0.0741
vn 0.6332 0.7714 -0.0624
vn -0.3107 -0.8988 0.3091
vn -0.6034 0.3889 -0.6962
vn 0.6334 0.7713 0.0623
vn 0.4527 0.8810 0.1373
vn 0.8449 -0.4695 0.2562
vn -0.9956 -0.0117 0.0933
vn 0.6085 0.7717 0.1849
vn 0.7412 0.6325 0.2248
vn 0.7787 -0.4696 0.4161
vn 0.7787 -0.4695 0.4161
vn 0.6824 -0.4697 0.5602
vn 0.6823 -0.4697 0.5602
vn 0.6824 -0.4697 0.5601
vn 0.5988 0.6325 0.4913
vn 0.3002 0.8810 0.3657
vn 0.7370 -0.0230 0.6755
vn 0.5603 -0.4695 0.6824
vn 0.4038 0.7714 0.4919
vn 0.4163 -0.4696 0.7786
vn 0.2999 0.7714 0.5612
vn 0.3651 0.6325 0.6830
vn 0.2591 -0.4692 0.8442
vn 0.2564 -0.4696 0.8448
vn 0.1845 0.7715 0.6089
vn 0.2251 0.6324 0.7412
vn -0.6919 -0.0432 0.7207
vn 0.0870 -0.4696 0.8786
vn -0.0862 -0.4697 0.8786
vn 0.9168 -0.3988 -0.0212
vn 0.9687 0.1613 0.1885
vn -0.9602 -0.2075 -0.1869
vn 0.8106 -0.5592 -0.1739
vn 0.9684 -0.1368 0.2086
vn 1.0000 0.0035 -0.0000
vn 0.8651 0.1593 0.4756
vn 0.8999 0.3286 0.2866
vn -0.3002 0.8810 0.3657
vn -0.0000 0.1772 0.9842
vn 0.4664 -0.6779 -0.5682
vn 0.2187 0.9576 -0.1875
vn 0.7593 0.4653 0.4548
vn 0.5948 0.5406 0.5950
vn -0.5987 -0.6326 0.4914
vn -0.4172 0.8810 0.2231
vn -0.4172 -0.8810 0.2231
vn -0.2571 -0.9566 0.1374
vn 0.9581 -0.0162 0.2861
vn 0.5817 -0.7517 -0.3110
vn -0.4528 -0.8810 0.1373
vn 0.7978 0.1825 0.5746
vn -0.6089 0.7715 0.1847
vn -0.7411 -0.6326 0.2248
vn -0.7708 0.6325 0.0759
vn 0.8086 0.0564 0.5857
vn -0.2902 -0.9565 -0.0286
vn 0.8113 -0.0505 0.5825
vn -0.6331 -0.7715 -0.0624
vn -0.7411 0.6326 -0.2248
vn -0.8449 0.4695 -0.2563
vn -0.9524 0.0976 -0.2889
vn 0.8124 -0.1267 0.5692
vn 0.8154 -0.1652 0.5549
vn -0.8778 -0.0975 -0.4691
vn -0.2253 -0.9566 -0.1850
vn 0.8251 -0.1610 0.5416
vn -0.7693 -0.0976 -0.6314
vn -0.1850 -0.9565 -0.2254
vn 0.8382 -0.1121 0.5336
vn -0.4912 0.6326 -0.5987
vn -0.3002 -0.8810 -0.3658
vn -0.6073 0.2890 -0.7401
vn -0.2999 -0.7715 -0.5611
vn -0.1374 -0.9566 -0.2571
vn 0.8487 -0.0187 0.5285
vn 0.2726 0.3443 0.8984
vn -0.1374 -0.8810 -0.4528
vn -0.0847 -0.9565 -0.2790
vn -0.0465 -0.8810 -0.4709
vn -0.0285 -0.9566 -0.2902
vn 0.8165 0.2647 0.5131
vn 0.0463 0.8810 -0.4709
vn 0.5642 -0.0000 -0.8257
vn 0.0866 -0.4696 -0.8786
vn 0.2562 -0.4696 -0.8449
vn 0.2249 0.6326 -0.7411
vn 0.2889 -0.0975 -0.9524
vn 0.4692 0.0975 -0.8777
vn 0.4691 -0.0976 -0.8777
vn 0.9553 -0.0896 -0.2818
vn 0.4163 -0.4696 -0.7786
vn 0.9954 0.0311 0.0907
vn 0.4037 0.7715 -0.4918
vn 0.4914 0.6326 -0.5987
vn 0.2255 0.9565 -0.1850
vn 0.6824 -0.4685 -0.5611
vn 0.6824 -0.4696 -0.5601
vn -0.9372 -0.3444 0.0546
vn 0.1951 -0.9676 -0.1602
vn -0.6829 0.6326 0.3652
vn 0.2743 -0.9504 -0.1466
vn -0.7988 0.6015 -0.0131
vn 0.2570 0.9566 -0.1374
vn 0.6089 0.7715 -0.1847
vn 0.0706 -0.9973 -0.0214
vn -0.7397 0.6704 -0.0591
vn -0.9665 -0.0405 -0.2533
vn -0.6834 0.7296 -0.0242
vn -0.6343 0.7728 -0.0215
vn -0.5279 0.8491 -0.0179
vn 0.9904 0.0976 -0.0976
vn 0.2902 0.9565 0.0286
vn -0.4705 0.8812 -0.0468
vn -0.4522 0.8919 0.0059
vn -0.4792 0.8777 0.0046
vn -0.2751 0.9614 0.0026
vn 0.1967 0.9786 0.0597
vn 0.6830 -0.6326 0.3651
vn -0.2571 0.9566 -0.1372
vn 0.4520 0.8586 0.2417
vn -0.2138 0.9768 0.0110
vn 0.6705 0.4976 0.5503
vn 0.7694 0.0975 0.6313
vn -0.0666 0.9978 0.0033
vn 0.3660 0.8809 0.3002
vn 0.5986 0.6326 0.4914
vn 0.5602 -0.4696 0.6824
vn 0.0052 1.0000 0.0067
vn 0.6313 -0.0976 0.7693
vn 0.1848 0.9566 0.2254
vn 0.0074 0.9999 0.0138
vn 0.1374 0.9566 0.2571
vn 0.0847 -0.9565 0.2790
vn 0.0055 0.9998 0.0177
vn 0.0285 -0.9566 0.2902
vn 0.0018 0.9998 0.0189
vn 0.0286 0.9566 0.2902
vn 0.0285 0.9565 0.2902
vn -0.0285 -0.9566 0.2902
vn -0.0018 0.9998 0.0189
vn -0.0287 0.9565 0.2902
vn -0.0055 0.9998 0.0177
vn -0.0847 0.9565 0.2790
vn -0.0075 0.9999 0.0138
vn -0.4161 -0.4696 0.7786
vn -0.0053 1.0000 0.0067
vn -0.6313 -0.0975 0.7693
vn -0.1849 0.9566 0.2254
vn -0.1848 0.9566 0.2254
vn -0.5602 -0.4696 0.6824
vn -0.5600 -0.4696 0.6825
vn -0.5987 0.6326 0.4914
vn 0.2138 0.9768 0.0110
vn -0.6706 0.4975 0.5503
vn 0.0655 0.9978 0.0034
vn -0.3660 0.8809 0.3002
vn -0.2570 0.9566 0.1374
vn 0.2572 0.9566 -0.1372
vn -0.4525 0.8584 0.2417
vn -0.1969 0.9786 0.0596
vn -0.9524 -0.0976 0.2889
vn -0.2791 0.9565 0.0846
vn 0.4708 0.8810 -0.0468
vn 0.4792 0.8777 0.0046
vn 0.4522 0.8919 0.0059
vn 0.2756 0.9613 0.0026
vn 0.5259 0.8504 -0.0179
vn -0.9904 -0.0976 -0.0976
vn -0.2902 0.9565 -0.0286
vn 0.6829 0.7301 -0.0232
vn 0.6340 0.7725 -0.0361
vn 0.7396 0.6705 -0.0591
vn -0.0705 -0.9973 -0.0214
vn -0.8777 0.0976 -0.4692
vn 0.7988 0.6015 -0.0131
vn -0.2743 -0.9504 -0.1466
vn -0.6823 -0.4697 -0.5603
vn 0.9984 -0.0039 -0.0572
vn -0.1952 -0.9676 -0.1602
vn -0.2254 0.9566 -0.1850
vn -0.2889 -0.0976 -0.9524
vn -0.0845 0.9566 -0.2790
vn -0.2563 -0.4696 -0.8448
vn -0.2249 0.6326 -0.7412
vn -0.0975 -0.0975 -0.9904
vn -0.5655 0.0707 -0.8217
vn -0.5515 -0.1217 -0.8253
vn 0.9735 -0.1218 -0.1936
vn 0.9735 -0.1215 -0.1936
vn 0.1937 -0.1217 0.9735
vn 0.9736 -0.1217 0.1934
vn 0.1928 -0.1216 0.9737
vn -0.1936 -0.1216 -0.9735
vn -0.9735 -0.0693 -0.2180
vn -0.0187 0.9689 0.2468
vn -0.1946 0.1270 -0.9726
vn -0.0000 0.9680 0.2508
vn -0.4286 -0.2857 0.8571
vn -0.1936 0.1264 -0.9729
vn -0.9735 -0.1663 0.1569
vn -0.0138 -0.1388 0.9902
vn -0.0413 -0.1340 0.9901
vn -0.0408 -0.1341 0.9901
vn -0.0675 -0.1242 0.9900
vn -0.0669 -0.1246 0.9900
vn -0.0910 -0.1104 0.9897
vn -0.1128 -0.0911 0.9894
vn -0.1123 -0.0917 0.9894
vn -0.1296 -0.0690 0.9892
vn -0.1422 -0.0425 0.9889
vn -0.1484 -0.0145 0.9888
vn -0.1485 0.0146 0.9888
vn -0.1422 0.0424 0.9889
vn -0.1423 0.0424 0.9889
vn -0.1422 0.0429 0.9889
vn -0.1303 0.0685 0.9891
vn -0.1302 0.0685 0.9891
vn -0.1132 0.0913 0.9894
vn -0.1131 0.0913 0.9894
vn -0.0919 0.1102 0.9897
vn -0.0913 0.1107 0.9897
vn -0.0677 0.1245 0.9899
vn -0.0670 0.1249 0.9899
vn -0.0409 0.1343 0.9901
vn -0.0138 0.1389 0.9902
vn 0.0138 0.1388 0.9902
vn 0.0413 0.1340 0.9901
vn 0.0408 0.1341 0.9901
vn 0.0675 0.1242 0.9900
vn 0.0669 0.1245 0.9900
vn 0.0910 0.1104 0.9897
vn 0.1128 0.0911 0.9894
vn 0.1123 0.0917 0.9894
vn 0.1296 0.0690 0.9892
vn 0.1422 0.0425 0.9889
vn 0.1484 0.0145 0.9888
vn 0.1485 -0.0146 0.9888
vn 0.1422 -0.0424 0.9889
vn 0.1422 -0.0429 0.9889
vn 0.1303 -0.0685 0.9891
vn 0.1131 -0.0913 0.9894
vn 0.1132 -0.0913 0.9894
vn 0.0919 -0.1102 0.9897
vn 0.0913 -0.1107 0.9896
vn 0.0677 -0.1245 0.9899
vn 0.0670 -0.1249 0.9899
vn 0.0409 -0.1343 0.9901
vn 0.0137 -0.1389 0.9902
vn 0.0413 -0.1340 0.9901
vn 0.0675 -0.1242 0.9900
vn 0.0670 -0.1247 0.9899
vn 0.0911 -0.1105 0.9897
vn 0.1128 -0.0911 0.9894
vn 0.1124 -0.0919 0.9894
vn 0.1298 -0.0691 0.9891
vn 0.1484 0.0146 0.9888
vn 0.1422 0.0424 0.9889
vn 0.1421 0.0429 0.9889
vn 0.1302 0.0685 0.9891
vn 0.1303 0.0685 0.9891
vn 0.1131 0.0913 0.9894
vn 0.1132 0.0913 0.9894
vn 0.0919 0.1102 0.9897
vn 0.0919 0.1101 0.9897
vn 0.0913 0.1107 0.9896
vn 0.0677 0.1245 0.9899
vn 0.0671 0.1249 0.9899
vn 0.0137 0.1389 0.9902
vn -0.0413 0.1340 0.9901
vn -0.0675 0.1242 0.9900
vn -0.0669 0.1247 0.9899
vn -0.0911 0.1105 0.9897
vn -0.1128 0.0911 0.9894
vn -0.1124 0.0919 0.9894
vn -0.1297 0.0690 0.9891
vn -0.1423 -0.0424 0.9889
vn -0.1422 -0.0424 0.9889
vn -0.1421 -0.0429 0.9889
vn -0.1303 -0.0685 0.9891
vn -0.1132 -0.0913 0.9894
vn -0.1131 -0.0913 0.9894
vn -0.0919 -0.1102 0.9897
vn -0.0913 -0.1107 0.9897
vn -0.0677 -0.1245 0.9899
vn -0.0671 -0.1249 0.9899
vt 0.318182 0.157461
vt 0.292348 0.141102
vt 0.298465 0.139079
vt 0.272728 0.157461
vt 0.295455 0.196826
vt 0.818182 0.157461
vt 0.863636 0.157461
vt 0.840909 0.196826
vt 0.636658 0.157970
vt 0.636364 0.157461
vt 0.636841 0.157461
vt 0.262613 0.184715
vt 0.088794 0.194841
vt 0.080829 0.196826
vt 0.081472 0.196014
vt 0.795455 0.196826
vt 0.613637 0.196826
vt 0.633148 0.177033
vt 0.634343 0.187706
vt 0.431819 0.196826
vt 0.434508 0.192260
vt 0.438557 0.196826
vt 0.181819 0.314921
vt 0.227273 0.314921
vt 0.204546 0.354286
vt 0.000000 0.314921
vt 0.045455 0.314921
vt 0.022727 0.354286
vt 0.727273 0.314921
vt 0.772727 0.314921
vt 0.750000 0.354286
vt 0.545455 0.314921
vt 0.590909 0.314921
vt 0.568182 0.354286
vt 0.363637 0.314921
vt 0.409091 0.314921
vt 0.386364 0.354286
vt 0.431819 0.433017
vt 0.477273 0.433017
vt 0.454546 0.472382
vt 0.409091 0.393651
vt 0.454546 0.393651
vt 0.431819 0.354286
vt 0.500000 0.393651
vt 0.477273 0.354286
vt 0.522728 0.354286
vt 0.454546 0.314921
vt 0.500000 0.314921
vt 0.613637 0.433017
vt 0.659091 0.433017
vt 0.636364 0.472382
vt 0.590909 0.393651
vt 0.636364 0.393651
vt 0.613637 0.354286
vt 0.681818 0.393651
vt 0.659091 0.354286
vt 0.704546 0.354286
vt 0.636364 0.314921
vt 0.681818 0.314921
vt 0.795455 0.433017
vt 0.840909 0.433017
vt 0.818182 0.472382
vt 0.772727 0.393651
vt 0.818182 0.393651
vt 0.795455 0.354286
vt 0.863636 0.393651
vt 0.840909 0.354286
vt 0.886364 0.354286
vt 0.818182 0.314921
vt 0.863636 0.314921
vt 0.909091 0.314921
vt 0.068182 0.433017
vt 0.113637 0.433017
vt 0.090910 0.472382
vt 0.045455 0.393651
vt 0.090910 0.393651
vt 0.068182 0.354286
vt 0.136365 0.393651
vt 0.113637 0.354286
vt 0.159092 0.354286
vt 0.090909 0.314921
vt 0.136364 0.314921
vt 0.250001 0.433017
vt 0.295455 0.433017
vt 0.272728 0.472382
vt 0.227273 0.393651
vt 0.272728 0.393651
vt 0.250001 0.354286
vt 0.318182 0.393651
vt 0.295455 0.354286
vt 0.340910 0.354286
vt 0.272728 0.314921
vt 0.318182 0.314921
vt 0.386364 0.275556
vt 0.409091 0.236191
vt 0.431819 0.275556
vt 0.454546 0.236191
vt 0.477273 0.275556
vt 0.443756 0.201279
vt 0.453121 0.207258
vt 0.500000 0.236191
vt 0.467829 0.213184
vt 0.473338 0.215553
vt 0.522728 0.275556
vt 0.568182 0.275556
vt 0.590909 0.236191
vt 0.613637 0.275556
vt 0.636364 0.236191
vt 0.659091 0.275556
vt 0.643347 0.202048
vt 0.637787 0.196826
vt 0.681818 0.236191
vt 0.655140 0.209814
vt 0.704546 0.275556
vt 0.750000 0.275556
vt 0.772727 0.236191
vt 0.795455 0.275556
vt 0.818182 0.236191
vt 0.840909 0.275556
vt 0.863636 0.236191
vt 0.886364 0.275556
vt 0.022727 0.275556
vt 0.045455 0.236191
vt 0.068182 0.275556
vt 0.090910 0.236191
vt 0.064018 0.211447
vt 0.065361 0.210453
vt 0.113637 0.275556
vt 0.103395 0.207824
vt 0.106411 0.209342
vt 0.073869 0.203146
vt 0.136364 0.236191
vt 0.113908 0.213618
vt 0.121339 0.216022
vt 0.159092 0.275556
vt 0.204546 0.275556
vt 0.227273 0.236191
vt 0.250001 0.275556
vt 0.272728 0.236191
vt 0.244497 0.217295
vt 0.245030 0.217029
vt 0.295455 0.275556
vt 0.255436 0.206240
vt 0.256795 0.204322
vt 0.318182 0.236191
vt 0.340910 0.275556
vt 0.545455 0.236191
vt 0.494431 0.219136
vt 0.497188 0.219202
vt 0.518325 0.216300
vt 0.527070 0.212465
vt 0.539145 0.204774
vt 0.568182 0.196826
vt 0.530399 0.210112
vt 0.545133 0.158018
vt 0.544860 0.157461
vt 0.545455 0.157461
vt 0.550952 0.183187
vt 0.550872 0.176037
vt 0.590909 0.157461
vt 0.727273 0.236191
vt 0.676085 0.217952
vt 0.686683 0.219812
vt 0.691183 0.219971
vt 0.699404 0.219516
vt 0.745057 0.197371
vt 0.737160 0.204181
vt 0.750000 0.196826
vt 0.745538 0.196826
vt 0.748142 0.193608
vt 0.772727 0.157461
vt 0.761527 0.175430
vt 0.931818 0.275556
vt 0.909091 0.236191
vt 0.886364 0.196826
vt 0.954545 0.236191
vt 0.920085 0.199846
vt 0.921017 0.202455
vt 0.935744 0.218957
vt 0.935891 0.219021
vt 0.953194 0.220026
vt 0.957278 0.219035
vt 0.909091 0.157461
vt 0.917760 0.182048
vt 0.917870 0.187009
vt 0.922407 0.163104
vt 0.920578 0.167594
vt 0.181819 0.236191
vt 0.136930 0.219289
vt 0.142977 0.219216
vt 0.154513 0.217300
vt 0.160131 0.215679
vt 0.185881 0.196826
vt 0.189511 0.199370
vt 0.206180 0.212913
vt 0.207407 0.213707
vt 0.223450 0.219536
vt 0.227524 0.219903
vt 0.187226 0.195291
vt 0.188149 0.196826
vt 0.260430 0.163375
vt 0.263246 0.173078
vt 0.363637 0.236191
vt 0.340910 0.196826
vt 0.386364 0.196826
vt 0.363637 0.157461
vt 0.405149 0.160543
vt 0.403634 0.157461
vt 0.414620 0.175017
vt 0.434479 0.192219
vt 0.425504 0.185888
vt 0.500000 0.078731
vt 0.503076 0.084058
vt 0.497922 0.082331
vt 0.521145 0.058644
vt 0.545455 0.078731
vt 0.512155 0.057679
vt 0.544934 0.156558
vt 0.521960 0.094689
vt 0.514656 0.089108
vt 0.536294 0.118096
vt 0.535450 0.115476
vt 0.568182 0.118096
vt 0.545536 0.142826
vt 0.543720 0.132435
vt 0.533461 0.057547
vt 0.546593 0.055859
vt 0.571655 0.047583
vt 0.590909 0.078731
vt 0.561204 0.051452
vt 0.613637 0.118096
vt 0.634620 0.155083
vt 0.625804 0.142749
vt 0.637308 0.155825
vt 0.655692 0.127821
vt 0.659091 0.118096
vt 0.660735 0.123167
vt 0.681818 0.078731
vt 0.677702 0.105946
vt 0.708618 0.055670
vt 0.727273 0.078731
vt 0.700118 0.047035
vt 0.664906 0.118755
vt 0.661639 0.122509
vt 0.701209 0.094017
vt 0.700838 0.094150
vt 0.730476 0.094139
vt 0.726149 0.093234
vt 0.769046 0.155154
vt 0.768983 0.150975
vt 0.729673 0.068924
vt 0.718794 0.063093
vt 0.772727 0.078731
vt 0.750377 0.075543
vt 0.742797 0.099072
vt 0.760676 0.118096
vt 0.760009 0.116689
vt 0.795455 0.118096
vt 0.769032 0.146033
vt 0.766659 0.131094
vt 0.840909 0.118096
vt 0.863636 0.078731
vt 0.886364 0.118096
vt 0.909091 0.078731
vt 0.885987 0.075543
vt 0.894615 0.145294
vt 0.895967 0.147294
vt 0.909531 0.109206
vt 0.904861 0.113427
vt 0.910549 0.154936
vt 0.907219 0.154219
vt 0.909726 0.154759
vt 0.897686 0.123640
vt 0.896553 0.126453
vt 0.925575 0.157461
vt 0.915409 0.155775
vt 0.918387 0.156043
vt 0.917570 0.063093
vt 0.906691 0.068924
vt 0.927746 0.055670
vt 0.946183 0.076282
vt 0.945050 0.095178
vt 0.932554 0.099931
vt 0.926692 0.100910
vt 0.943579 0.101132
vt 0.945030 0.095470
vt 0.946447 0.102609
vt 0.956085 0.131793
vt 0.955338 0.131956
vt 0.955703 0.130900
vt 0.393407 0.133061
vt 0.398263 0.147644
vt 0.340910 0.118096
vt 0.386364 0.118096
vt 0.392799 0.118096
vt 0.393227 0.129983
vt 0.408765 0.083373
vt 0.409091 0.078731
vt 0.408824 0.083333
vt 0.394646 0.103958
vt 0.392921 0.113232
vt 0.363637 0.081779
vt 0.362092 0.081406
vt 0.398550 0.094461
vt 0.372478 0.081055
vt 0.399977 0.092274
vt 0.381108 0.077086
vt 0.389008 0.070086
vt 0.309945 0.126586
vt 0.311121 0.120550
vt 0.318182 0.078731
vt 0.311461 0.108095
vt 0.310736 0.104837
vt 0.354796 0.081055
vt 0.349898 0.078730
vt 0.331512 0.060326
vt 0.338266 0.070086
vt 0.174630 0.071147
vt 0.164837 0.064150
vt 0.155619 0.047583
vt 0.179531 0.078731
vt 0.181819 0.078731
vt 0.181034 0.080090
vt 0.183318 0.081327
vt 0.205214 0.136922
vt 0.205094 0.135950
vt 0.205947 0.136776
vt 0.167683 0.052173
vt 0.180681 0.055859
vt 0.206129 0.058644
vt 0.227273 0.078731
vt 0.194053 0.057540
vt 0.205444 0.101487
vt 0.197677 0.100601
vt 0.229187 0.095186
vt 0.222280 0.095270
vt 0.250899 0.146031
vt 0.254571 0.145315
vt 0.254176 0.154208
vt 0.976562 0.937500
vt 0.968750 1.000000
vt 0.968750 0.937500
vt 0.945312 0.937500
vt 0.937500 1.000000
vt 0.937500 0.937500
vt 0.914062 0.937500
vt 0.906250 1.000000
vt 0.906250 0.937500
vt 0.882812 0.937500
vt 0.875000 1.000000
vt 0.875000 0.937500
vt 0.851562 0.937500
vt 0.843750 1.000000
vt 0.843750 0.937500
vt 0.820312 0.937500
vt 0.812500 1.000000
vt 0.812500 0.937500
vt 0.789062 0.937500
vt 0.781250 1.000000
vt 0.781250 0.937500
vt 0.757812 0.937500
vt 0.750000 1.000000
vt 0.750000 0.937500
vt 0.726562 0.937500
vt 0.718750 1.000000
vt 0.718750 0.937500
vt 0.695312 0.937500
vt 0.687500 1.000000
vt 0.687500 0.937500
vt 0.664062 0.937500
vt 0.656250 1.000000
vt 0.656250 0.937500
vt 0.632812 0.937500
vt 0.625000 1.000000
vt 0.625000 0.937500
vt 0.601562 0.937500
vt 0.593750 1.000000
vt 0.593750 0.937500
vt 0.570312 0.937500
vt 0.562500 1.000000
vt 0.562500 0.937500
vt 0.539062 0.937500
vt 0.531250 1.000000
vt 0.531250 0.937500
vt 0.507812 0.937500
vt 0.500000 1.000000
vt 0.500000 0.937500
vt 0.476562 0.937500
vt 0.468750 1.000000
vt 0.468750 0.937500
vt 0.445312 0.937500
vt 0.437500 1.000000
vt 0.437500 0.937500
vt 0.414062 0.937500
vt 0.406250 1.000000
vt 0.406250 0.937500
vt 0.382812 0.937500
vt 0.375000 1.000000
vt 0.375000 0.937500
vt 0.351562 0.937500
vt 0.343750 1.000000
vt 0.343750 0.937500
vt 0.320312 0.937500
vt 0.312500 1.000000
vt 0.312500 0.937500
vt 0.289062 0.937500
vt 0.281250 1.000000
vt 0.281250 0.937500
vt 0.257812 0.937500
vt 0.250000 1.000000
vt 0.250000 0.937500
vt 0.226562 0.937500
vt 0.218750 1.000000
vt 0.218750 0.937500
vt 0.195312 0.937500
vt 0.187500 1.000000
vt 0.187500 0.937500
vt 0.164062 0.937500
vt 0.156250 1.000000
vt 0.156250 0.937500
vt 0.132812 0.937500
vt 0.125000 1.000000
vt 0.125000 0.937500
vt 0.101562 0.937500
vt 0.093750 1.000000
vt 0.093750 0.937500
vt 0.070312 0.937500
vt 0.062500 1.000000
vt 0.062500 0.937500
vt 0.137410 0.460642
vt 0.072833 0.410613
vt 0.021440 0.319333
vt 0.039062 0.937500
vt 0.031250 1.000000
vt 0.031250 0.937500
vt 0.007812 0.937500
vt 0.000000 1.000000
vt 0.000000 0.937500
vt 0.750000 0.490000
vt 0.747854 0.489789
vt 0.750973 0.489904
vt 0.015625 0.750000
vt 0.000000 0.654846
vt 0.015625 0.651575
vt 0.041442 0.625000
vt 0.046875 0.750000
vt 0.031250 0.750000
vt 0.078125 0.750000
vt 0.062500 0.625000
vt 0.078125 0.625000
vt 0.109375 0.750000
vt 0.093750 0.625000
vt 0.109375 0.625000
vt 0.140625 0.750000
vt 0.125000 0.625000
vt 0.140625 0.625000
vt 0.171875 0.750000
vt 0.156250 0.625000
vt 0.171875 0.625000
vt 0.203125 0.750000
vt 0.187500 0.625000
vt 0.203125 0.625000
vt 0.234375 0.625000
vt 0.218750 0.750000
vt 0.218750 0.625000
vt 0.265625 0.750000
vt 0.250000 0.625000
vt 0.265625 0.625000
vt 0.296875 0.750000
vt 0.281250 0.625000
vt 0.296875 0.625000
vt 0.328125 0.750000
vt 0.312500 0.625000
vt 0.328125 0.625000
vt 0.359375 0.750000
vt 0.343750 0.625000
vt 0.359375 0.625000
vt 0.390625 0.750000
vt 0.375000 0.625000
vt 0.390625 0.625000
vt 0.421875 0.750000
vt 0.406250 0.625000
vt 0.421875 0.625000
vt 0.453125 0.750000
vt 0.437500 0.625000
vt 0.453125 0.625000
vt 0.484375 0.750000
vt 0.468750 0.625000
vt 0.484375 0.625000
vt 0.515625 0.750000
vt 0.500000 0.625000
vt 0.515625 0.625000
vt 0.546875 0.750000
vt 0.531250 0.625000
vt 0.546875 0.625000
vt 0.578125 0.750000
vt 0.562500 0.625000
vt 0.578125 0.625000
vt 0.609375 0.750000
vt 0.593750 0.625000
vt 0.609375 0.625000
vt 0.640625 0.750000
vt 0.625000 0.625000
vt 0.640625 0.625000
vt 0.671875 0.750000
vt 0.656250 0.625000
vt 0.671875 0.625000
vt 0.703125 0.750000
vt 0.687500 0.625000
vt 0.703125 0.625000
vt 0.734375 0.750000
vt 0.718750 0.625000
vt 0.734375 0.625000
vt 0.765625 0.750000
vt 0.750000 0.625000
vt 0.765625 0.625000
vt 0.796875 0.750000
vt 0.781250 0.625000
vt 0.796875 0.625000
vt 0.828125 0.750000
vt 0.812500 0.625000
vt 0.828125 0.625000
vt 0.859375 0.750000
vt 0.843750 0.625000
vt 0.859375 0.625000
vt 0.890625 0.750000
vt 0.875000 0.625000
vt 0.890625 0.625000
vt 0.921875 0.750000
vt 0.906250 0.625000
vt 0.921875 0.625000
vt 0.953125 0.750000
vt 0.937500 0.625000
vt 0.953125 0.625000
vt 0.976082 0.650049
vt 0.984375 0.750000
vt 0.968750 0.635581
vt 1.000000 0.654846
vt 0.984375 0.651710
vt 0.953125 0.624004
vt 0.937500 0.622542
vt 0.963767 0.625000
vt 0.968750 0.750000
vt 0.914763 0.620345
vt 0.906250 0.618657
vt 0.921875 0.621032
vt 0.937500 0.750000
vt 0.890625 0.615581
vt 0.875000 0.612506
vt 0.906250 0.750000
vt 0.851456 0.608082
vt 0.843750 0.607492
vt 0.875000 0.750000
vt 0.812500 0.612216
vt 0.828125 0.610320
vt 0.834654 0.609528
vt 0.843750 0.750000
vt 0.781250 0.612682
vt 0.784169 0.612898
vt 0.808543 0.612575
vt 0.796875 0.612772
vt 0.812500 0.750000
vt 0.761520 0.610738
vt 0.750000 0.608647
vt 0.765625 0.611142
vt 0.781250 0.750000
vt 0.722545 0.600414
vt 0.718750 0.598545
vt 0.734375 0.604408
vt 0.740750 0.606560
vt 0.750000 0.750000
vt 0.693239 0.562934
vt 0.697938 0.571850
vt 0.697478 0.575226
vt 0.703125 0.559673
vt 0.705663 0.560293
vt 0.703125 0.563075
vt 0.706717 0.591314
vt 0.707159 0.591704
vt 0.718750 0.750000
vt 0.659801 0.566994
vt 0.664558 0.567930
vt 0.671875 0.567276
vt 0.675637 0.566939
vt 0.687500 0.750000
vt 0.625000 0.528387
vt 0.636985 0.554310
vt 0.644271 0.563904
vt 0.646326 0.564327
vt 0.656250 0.750000
vt 0.609375 0.523164
vt 0.625000 0.750000
vt 0.578125 0.515778
vt 0.593750 0.517941
vt 0.593750 0.750000
vt 0.546875 0.510963
vt 0.550004 0.512175
vt 0.555077 0.513278
vt 0.562500 0.750000
vt 0.515625 0.502403
vt 0.500000 0.500000
vt 0.531250 0.504909
vt 0.531250 0.750000
vt 0.468750 0.502170
vt 0.484375 0.501033
vt 0.498568 0.500000
vt 0.500000 0.750000
vt 0.445026 0.509362
vt 0.437500 0.510124
vt 0.453125 0.506907
vt 0.468750 0.750000
vt 0.416809 0.517897
vt 0.406250 0.519157
vt 0.421875 0.515993
vt 0.437500 0.750000
vt 0.375728 0.529099
vt 0.375000 0.529268
vt 0.390625 0.524247
vt 0.406250 0.750000
vt 0.353840 0.564314
vt 0.355551 0.563960
vt 0.358970 0.535054
vt 0.359375 0.534908
vt 0.359375 0.535719
vt 0.363015 0.554232
vt 0.364222 0.550005
vt 0.375000 0.750000
vt 0.312500 0.564747
vt 0.321777 0.566618
vt 0.328125 0.567181
vt 0.335901 0.567870
vt 0.343750 0.750000
vt 0.296875 0.559618
vt 0.294249 0.560197
vt 0.296259 0.559416
vt 0.282845 0.597731
vt 0.292841 0.591704
vt 0.302522 0.575226
vt 0.302061 0.571850
vt 0.312500 0.750000
vt 0.250000 0.608647
vt 0.250240 0.608599
vt 0.277455 0.600414
vt 0.265625 0.604408
vt 0.281250 0.750000
vt 0.218750 0.612682
vt 0.234375 0.611142
vt 0.238480 0.610738
vt 0.250000 0.750000
vt 0.191457 0.612575
vt 0.187500 0.612216
vt 0.203125 0.612772
vt 0.211462 0.612913
vt 0.156250 0.607492
vt 0.160965 0.608687
vt 0.187500 0.750000
vt 0.135529 0.611528
vt 0.125000 0.613425
vt 0.140625 0.610298
vt 0.154420 0.606970
vt 0.156250 0.750000
vt 0.093750 0.619378
vt 0.109375 0.616401
vt 0.125000 0.750000
vt 0.062500 0.623087
vt 0.078125 0.621647
vt 0.085565 0.620962
vt 0.093750 0.750000
vt 0.046875 0.624507
vt 0.046875 0.625000
vt 0.062500 0.750000
vt 0.029929 0.648579
vt 0.015625 0.875000
vt 0.000000 0.875000
vt 0.000000 0.750000
vt 0.031250 0.875000
vt 0.023438 0.875000
vt 0.023438 1.000000
vt 0.015625 0.937500
vt 0.023438 0.937500
vt 0.046875 0.875000
vt 0.039062 0.875000
vt 0.062500 0.875000
vt 0.054688 1.000000
vt 0.046875 0.937500
vt 0.054688 0.937500
vt 0.078125 0.875000
vt 0.093750 0.875000
vt 0.085938 0.875000
vt 0.085938 0.937500
vt 0.078125 1.000000
vt 0.078125 0.937500
vt 0.109375 0.875000
vt 0.125000 0.875000
vt 0.117188 0.937500
vt 0.109375 1.000000
vt 0.109375 0.937500
vt 0.140625 0.875000
vt 0.156250 0.875000
vt 0.148438 0.937500
vt 0.140625 1.000000
vt 0.140625 0.937500
vt 0.171875 0.875000
vt 0.187500 0.875000
vt 0.179688 0.937500
vt 0.171875 1.000000
vt 0.171875 0.937500
vt 0.203125 0.875000
vt 0.195312 0.875000
vt 0.218750 0.875000
vt 0.210938 0.875000
vt 0.210938 1.000000
vt 0.203125 0.937500
vt 0.210938 0.937500
vt 0.234375 0.875000
vt 0.226562 0.875000
vt 0.250000 0.875000
vt 0.234375 0.750000
vt 0.242188 1.000000
vt 0.234375 0.937500
vt 0.242188 0.937500
vt 0.265625 0.875000
vt 0.281250 0.875000
vt 0.273438 1.000000
vt 0.265625 0.937500
vt 0.273438 0.937500
vt 0.296875 0.875000
vt 0.289062 0.875000
vt 0.312500 0.875000
vt 0.304688 0.875000
vt 0.304688 1.000000
vt 0.296875 0.937500
vt 0.304688 0.937500
vt 0.328125 0.875000
vt 0.343750 0.875000
vt 0.335938 1.000000
vt 0.328125 0.937500
vt 0.335938 0.937500
vt 0.359375 0.875000
vt 0.375000 0.875000
vt 0.367188 0.875000
vt 0.367188 1.000000
vt 0.359375 0.937500
vt 0.367188 0.937500
vt 0.390625 0.875000
vt 0.406250 0.875000
vt 0.398438 0.875000
vt 0.398438 1.000000
vt 0.390625 0.937500
vt 0.398438 0.937500
vt 0.421875 0.875000
vt 0.437500 0.875000
vt 0.429688 1.000000
vt 0.421875 0.937500
vt 0.429688 0.937500
vt 0.453125 0.875000
vt 0.445312 0.875000
vt 0.468750 0.875000
vt 0.460938 0.875000
vt 0.460938 1.000000
vt 0.453125 0.937500
vt 0.460938 0.937500
vt 0.484375 0.875000
vt 0.476562 0.875000
vt 0.500000 0.875000
vt 0.492188 1.000000
vt 0.484375 0.937500
vt 0.492188 0.937500
vt 0.515625 0.875000
vt 0.531250 0.875000
vt 0.523438 1.000000
vt 0.515625 0.937500
vt 0.523438 0.937500
vt 0.546875 0.875000
vt 0.562500 0.875000
vt 0.554688 0.875000
vt 0.554688 1.000000
vt 0.546875 0.937500
vt 0.554688 0.937500
vt 0.578125 0.875000
vt 0.570312 0.875000
vt 0.593750 0.875000
vt 0.585938 0.875000
vt 0.585938 0.937500
vt 0.578125 1.000000
vt 0.578125 0.937500
vt 0.609375 0.875000
vt 0.601562 0.875000
vt 0.625000 0.875000
vt 0.617188 0.937500
vt 0.609375 1.000000
vt 0.609375 0.937500
vt 0.640625 0.875000
vt 0.632812 0.875000
vt 0.656250 0.875000
vt 0.648438 0.937500
vt 0.640625 1.000000
vt 0.640625 0.937500
vt 0.671875 0.875000
vt 0.687500 0.875000
vt 0.679688 0.875000
vt 0.679688 0.937500
vt 0.671875 1.000000
vt 0.671875 0.937500
vt 0.703125 0.875000
vt 0.695312 0.875000
vt 0.718750 0.875000
vt 0.710938 0.875000
vt 0.710938 1.000000
vt 0.703125 0.937500
vt 0.710938 0.937500
vt 0.734375 0.875000
vt 0.750000 0.875000
vt 0.742188 1.000000
vt 0.734375 0.937500
vt 0.742188 0.937500
vt 0.765625 0.875000
vt 0.757812 0.875000
vt 0.781250 0.875000
vt 0.773438 1.000000
vt 0.765625 0.937500
vt 0.773438 0.937500
vt 0.796875 0.875000
vt 0.789062 0.875000
vt 0.812500 0.875000
vt 0.804688 0.875000
vt 0.804688 1.000000
vt 0.796875 0.937500
vt 0.804688 0.937500
vt 0.828125 0.875000
vt 0.820312 0.875000
vt 0.843750 0.875000
vt 0.835938 1.000000
vt 0.828125 0.937500
vt 0.835938 0.937500
vt 0.859375 0.875000
vt 0.875000 0.875000
vt 0.867188 1.000000
vt 0.859375 0.937500
vt 0.867188 0.937500
vt 0.890625 0.875000
vt 0.906250 0.875000
vt 0.898438 1.000000
vt 0.890625 0.937500
vt 0.898438 0.937500
vt 0.921875 0.875000
vt 0.914062 0.875000
vt 0.937500 0.875000
vt 0.929688 0.875000
vt 0.929688 1.000000
vt 0.921875 0.937500
vt 0.929688 0.937500
vt 0.953125 0.875000
vt 0.945312 0.875000
vt 0.968750 0.875000
vt 0.960938 1.000000
vt 0.953125 0.937500
vt 0.960938 0.937500
vt 0.984375 0.875000
vt 0.976562 0.875000
vt 1.000000 0.875000
vt 0.992188 1.000000
vt 0.984375 0.937500
vt 0.992188 0.937500
vt 0.234375 1.000000
vt 0.203125 1.000000
vt 0.401521 0.434629
vt 0.065371 0.401521
vt 0.098479 0.065371
vt 0.528269 0.158156
vt 0.527802 0.159696
vt 0.531657 0.151818
vt 0.064026 0.632887
vt 0.796875 0.681195
vt 0.787300 0.625000
vt 0.854010 0.750001
vt 0.859375 0.709312
vt 0.949671 0.750000
vt 0.937500 0.648811
vt 0.906250 0.604114
vt 0.918584 0.616293
vt 0.921875 0.618280
vt 0.935280 0.625000
vt 0.935974 0.632886
vt 0.886315 0.617170
vt 0.875000 0.623494
vt 0.898049 0.602816
vt 0.904269 0.601880
vt 0.870493 0.625000
vt 0.865566 0.662364
vt 0.781250 0.623435
vt 0.808599 0.750000
vt 0.765625 0.616892
vt 0.734375 0.601557
vt 0.750000 0.610350
vt 0.687500 0.580263
vt 0.703125 0.583584
vt 0.718750 0.592765
vt 0.706349 0.584269
vt 0.671875 0.576365
vt 0.677580 0.578054
vt 0.640625 0.567124
vt 0.656250 0.571737
vt 0.609375 0.558089
vt 0.625000 0.562510
vt 0.572093 0.548041
vt 0.562500 0.544596
vt 0.593750 0.553668
vt 0.546875 0.539450
vt 0.515625 0.529824
vt 0.531250 0.534305
vt 0.484375 0.521699
vt 0.500000 0.525343
vt 0.437740 0.512759
vt 0.437500 0.512698
vt 0.468750 0.518054
vt 0.421875 0.509683
vt 0.390625 0.504763
vt 0.406250 0.506669
vt 0.355809 0.501968
vt 0.343750 0.500501
vt 0.375000 0.502858
vt 0.328125 0.500205
vt 0.312500 0.500000
vt 0.296875 0.501231
vt 0.265625 0.505438
vt 0.281250 0.502551
vt 0.234375 0.512666
vt 0.218750 0.517008
vt 0.250000 0.508325
vt 0.187500 0.528267
vt 0.203125 0.522637
vt 0.167136 0.535385
vt 0.156250 0.538193
vt 0.186311 0.528777
vt 0.171875 0.533752
vt 0.125000 0.547256
vt 0.140625 0.542725
vt 0.109375 0.552115
vt 0.097411 0.599582
vt 0.099831 0.581499
vt 0.078125 0.618280
vt 0.064720 0.625000
vt 0.080362 0.617159
vt 0.086925 0.562549
vt 0.093750 0.556974
vt 0.093750 0.571663
vt 0.062500 0.648810
vt 0.050329 0.750000
vt 0.005560 0.792410
vt 0.008905 0.790917
vt 0.015625 0.787420
vt 0.019470 0.785292
vt 0.046552 0.758469
vt 0.031250 0.778041
vt 0.765625 1.000000
vt 0.796875 1.000000
vt 0.828125 0.758370
vt 0.835618 0.760682
vt 0.828125 1.000000
vt 0.854010 0.750000
vt 0.859375 1.000000
vt 0.890625 1.000000
vt 0.921875 1.000000
vt 0.953125 0.757774
vt 0.953448 0.758469
vt 0.968750 0.778041
vt 0.969850 0.778749
vt 0.991093 0.790917
vt 0.994439 0.792410
vt 1.000000 1.000000
vt 0.487694 0.226589
vt 0.012306 0.273411
vt 0.226589 0.012306
vt 0.064640 0.632812
vt 0.134434 0.667444
vt 0.192181 0.750000
vt 0.203125 0.685444
vt 0.948857 0.750000
vt 0.937500 0.655227
vt 0.906250 0.604429
vt 0.918154 0.616263
vt 0.906250 0.556785
vt 0.913123 0.562631
vt 0.906250 0.571727
vt 0.921875 0.618555
vt 0.934676 0.625000
vt 0.935360 0.632812
vt 0.890625 0.551334
vt 0.875000 0.545884
vt 0.900094 0.581541
vt 0.902423 0.599697
vt 0.859375 0.540885
vt 0.827386 0.531326
vt 0.812500 0.525601
vt 0.843750 0.535887
vt 0.796875 0.520677
vt 0.750000 0.508449
vt 0.765625 0.512101
vt 0.781250 0.515752
vt 0.718750 0.503974
vt 0.734375 0.506212
vt 0.687500 0.500844
vt 0.703125 0.502700
vt 0.710621 0.503590
vt 0.656250 0.500364
vt 0.671875 0.500604
vt 0.625000 0.503134
vt 0.640625 0.501749
vt 0.593750 0.506677
vt 0.609375 0.505564
vt 0.613837 0.505247
vt 0.562500 0.511511
vt 0.578125 0.509094
vt 0.531250 0.518770
vt 0.546875 0.515141
vt 0.506584 0.526193
vt 0.500000 0.527600
vt 0.515625 0.523472
vt 0.468750 0.535678
vt 0.484375 0.531639
vt 0.437500 0.544843
vt 0.453125 0.540260
vt 0.413913 0.552314
vt 0.406250 0.554198
vt 0.421875 0.549792
vt 0.375000 0.562624
vt 0.390625 0.558411
vt 0.343750 0.571467
vt 0.359375 0.567046
vt 0.312500 0.580387
vt 0.328125 0.575927
vt 0.290423 0.586501
vt 0.296875 0.584714
vt 0.250000 0.610461
vt 0.265625 0.601634
vt 0.281250 0.592808
vt 0.218750 0.623602
vt 0.234375 0.617031
vt 0.213371 0.625000
vt 0.208118 0.655993
vt 0.125000 0.623714
vt 0.128844 0.625000
vt 0.140625 0.714447
vt 0.145308 0.750000
vt 0.101682 0.602661
vt 0.109375 0.612093
vt 0.113685 0.617378
vt 0.078125 0.618555
vt 0.065324 0.625000
vt 0.080547 0.617336
vt 0.062500 0.655226
vt 0.051143 0.750000
vt 0.005687 0.793932
vt 0.009111 0.792410
vt 0.015625 0.789043
vt 0.019915 0.786672
vt 0.046631 0.760128
vt 0.031250 0.779736
vt 0.046875 0.759605
vt 0.156250 0.759331
vt 0.164757 0.761319
vt 0.171875 0.759115
vt 0.187500 0.754268
vt 0.953369 0.760128
vt 0.953125 0.759605
vt 0.968750 0.779736
vt 0.969158 0.779998
vt 0.990888 0.792410
vt 0.994312 0.793933
vt 0.738464 0.016356
vt 0.730197 0.016711
vt 0.734375 0.000000
vt 0.698689 0.017744
vt 0.703125 0.000000
vt 0.707303 0.016711
vt 0.676311 0.017744
vt 0.666956 0.019677
vt 0.671875 0.000000
vt 0.645544 0.019676
vt 0.634871 0.023017
vt 0.640625 0.000000
vt 0.609375 0.000000
vt 0.610124 0.025311
vt 0.602131 0.028977
vt 0.620566 0.171607
vt 0.601088 0.165664
vt 0.593750 0.127913
vt 0.562500 0.145497
vt 0.562500 0.125000
vt 0.591265 0.125000
vt 0.564064 0.092954
vt 0.585369 0.028977
vt 0.567865 0.041041
vt 0.578125 0.000000
vt 0.555964 0.042402
vt 0.531250 0.062500
vt 0.557135 0.041041
vt 0.531250 0.137588
vt 0.531250 0.125000
vt 0.535358 0.068181
vt 0.500000 0.135093
vt 0.500000 0.062500
vt 0.515625 0.000000
vt 0.468750 0.125000
vt 0.468750 0.137588
vt 0.468750 0.062500
vt 0.484375 0.000000
vt 0.437500 0.125000
vt 0.437500 0.145497
vt 0.437500 0.062500
vt 0.453125 0.000000
vt 0.406250 0.125000
vt 0.406250 0.160270
vt 0.406250 0.062500
vt 0.421875 0.000000
vt 0.398912 0.165664
vt 0.375000 0.125000
vt 0.375000 0.062500
vt 0.390625 0.000000
vt 0.343750 0.187500
vt 0.372865 0.187500
vt 0.343750 0.227712
vt 0.343750 0.125000
vt 0.343750 0.612303
vt 0.349024 0.584854
vt 0.351566 0.588798
vt 0.343750 0.062500
vt 0.359375 0.000000
vt 0.312500 0.625000
vt 0.339563 0.562500
vt 0.312500 0.125000
vt 0.312500 0.062500
vt 0.322178 0.510146
vt 0.328125 0.000000
vt 0.315735 0.470081
vt 0.320189 0.500000
vt 0.312500 0.339612
vt 0.312500 0.312500
vt 0.317441 0.312500
vt 0.322853 0.290615
vt 0.334290 0.250000
vt 0.340377 0.234126
vt 0.312500 0.250000
vt 0.312500 0.678491
vt 0.338858 0.625000
vt 0.336725 0.629872
vt 0.312500 0.187500
vt 0.312385 0.340335
vt 0.281250 0.375000
vt 0.281250 0.312500
vt 0.281250 0.250000
vt 0.281250 0.687500
vt 0.306536 0.687500
vt 0.281250 0.741280
vt 0.281250 0.187500
vt 0.307095 0.686045
vt 0.281250 0.125000
vt 0.281250 0.562500
vt 0.312500 0.562500
vt 0.281250 0.062500
vt 0.281250 0.500000
vt 0.296875 0.000000
vt 0.312500 0.448703
vt 0.281250 0.437500
vt 0.310557 0.375000
vt 0.310490 0.386385
vt 0.250000 0.125000
vt 0.250000 0.062500
vt 0.250000 0.500000
vt 0.265625 0.000000
vt 0.250000 0.437500
vt 0.250000 0.375000
vt 0.250000 0.312500
vt 0.250000 0.750000
vt 0.275560 0.750000
vt 0.250000 0.781678
vt 0.250000 0.250000
vt 0.250000 0.187500
vt 0.250000 0.625000
vt 0.281250 0.625000
vt 0.250000 0.562500
vt 0.218750 0.250000
vt 0.250000 0.687500
vt 0.218750 0.750000
vt 0.218750 0.687500
vt 0.218750 0.187500
vt 0.218750 0.625000
vt 0.218750 0.125000
vt 0.218750 0.562500
vt 0.218750 0.062500
vt 0.218750 0.500000
vt 0.234375 0.000000
vt 0.218750 0.437500
vt 0.218750 0.375000
vt 0.218750 0.312500
vt 0.245559 0.785461
vt 0.203125 0.000000
vt 0.187500 0.062500
vt 0.187500 0.437500
vt 0.187500 0.375000
vt 0.187500 0.828542
vt 0.187500 0.812500
vt 0.215919 0.812500
vt 0.187500 0.312500
vt 0.218750 0.810694
vt 0.187500 0.250000
vt 0.187500 0.750000
vt 0.187500 0.687500
vt 0.187500 0.187500
vt 0.187500 0.625000
vt 0.187500 0.125000
vt 0.187500 0.562500
vt 0.187500 0.500000
vt 0.156250 0.750000
vt 0.156250 0.687500
vt 0.156250 0.187500
vt 0.156250 0.625000
vt 0.156250 0.125000
vt 0.156250 0.562500
vt 0.156250 0.062500
vt 0.156250 0.500000
vt 0.171875 0.000000
vt 0.156250 0.437500
vt 0.156250 0.375000
vt 0.156250 0.838405
vt 0.156250 0.312500
vt 0.156250 0.812500
vt 0.156250 0.250000
vt 0.125000 0.437500
vt 0.125000 0.375000
vt 0.125000 0.842093
vt 0.125000 0.312500
vt 0.125000 0.812500
vt 0.125000 0.750000
vt 0.125000 0.250000
vt 0.125000 0.687500
vt 0.125000 0.187500
vt 0.125000 0.625000
vt 0.125000 0.125000
vt 0.125000 0.562500
vt 0.125000 0.062500
vt 0.125000 0.500000
vt 0.140625 0.000000
vt 0.093750 0.187500
vt 0.093750 0.687500
vt 0.093750 0.625000
vt 0.093750 0.125000
vt 0.093750 0.562500
vt 0.093750 0.062500
vt 0.093750 0.500000
vt 0.109375 0.000000
vt 0.093750 0.437500
vt 0.093750 0.375000
vt 0.093750 0.840209
vt 0.093750 0.312500
vt 0.093750 0.812500
vt 0.093750 0.750000
vt 0.093750 0.250000
vt 0.062500 0.375000
vt 0.092178 0.839847
vt 0.062500 0.812500
vt 0.062500 0.312500
vt 0.062500 0.750000
vt 0.062500 0.250000
vt 0.062500 0.687500
vt 0.062500 0.187500
vt 0.062500 0.625000
vt 0.062500 0.125000
vt 0.062500 0.562500
vt 0.062500 0.062500
vt 0.062500 0.500000
vt 0.078125 0.000000
vt 0.062500 0.437500
vt 0.031250 0.687500
vt 0.031250 0.625000
vt 0.031250 0.125000
vt 0.031250 0.562500
vt 0.031250 0.062500
vt 0.031250 0.500000
vt 0.046875 0.000000
vt 0.031250 0.437500
vt 0.031250 0.375000
vt 0.031250 0.828816
vt 0.031250 0.812500
vt 0.031250 0.312500
vt 0.031250 0.750000
vt 0.031250 0.250000
vt 0.031250 0.187500
vt 0.000000 0.375000
vt 0.001186 0.812500
vt 0.000000 0.312500
vt 0.000000 0.750000
vt 0.000000 0.250000
vt 0.000000 0.687500
vt 0.000000 0.187500
vt 0.000000 0.625000
vt 0.000000 0.125000
vt 0.000000 0.562500
vt 0.000000 0.062500
vt 0.000000 0.500000
vt 0.015625 0.000000
vt 0.000000 0.437500
vt 1.000000 0.125000
vt 0.968750 0.187500
vt 0.968750 0.125000
vt 1.000000 0.625000
vt 0.968750 0.562500
vt 1.000000 0.562500
vt 1.000000 0.062500
vt 0.968750 0.062500
vt 0.968750 0.500000
vt 1.000000 0.500000
vt 0.984375 0.000000
vt 1.000000 0.437500
vt 0.968750 0.437500
vt 1.000000 0.375000
vt 0.968750 0.375000
vt 1.000000 0.312500
vt 0.968750 0.312500
vt 1.000000 0.750000
vt 0.968750 0.780844
vt 0.968750 0.750000
vt 1.000000 0.250000
vt 0.968750 0.250000
vt 0.968750 0.687500
vt 1.000000 0.687500
vt 1.000000 0.187500
vt 0.968750 0.625000
vt 0.937500 0.375000
vt 0.937500 0.312500
vt 0.948761 0.750000
vt 0.937500 0.250000
vt 0.937500 0.687500
vt 0.937500 0.187500
vt 0.937500 0.625000
vt 0.937500 0.125000
vt 0.937500 0.562500
vt 0.964641 0.068181
vt 0.937500 0.500000
vt 0.944036 0.042402
vt 0.953125 0.000000
vt 0.959681 0.062500
vt 0.937500 0.437500
vt 0.937500 0.091534
vt 0.908735 0.125000
vt 0.911985 0.120417
vt 0.906250 0.500000
vt 0.914632 0.028974
vt 0.921875 0.000000
vt 0.932135 0.041040
vt 0.906250 0.437500
vt 0.906250 0.375000
vt 0.906250 0.312500
vt 0.906250 0.250000
vt 0.929663 0.706682
vt 0.920870 0.687500
vt 0.906250 0.187500
vt 0.906250 0.625000
vt 0.906250 0.562500
vt 0.875000 0.312500
vt 0.875000 0.250000
vt 0.875000 0.187500
vt 0.906250 0.647079
vt 0.899848 0.625000
vt 0.879433 0.171607
vt 0.875000 0.179367
vt 0.894318 0.601454
vt 0.875000 0.500000
vt 0.882491 0.562500
vt 0.890625 0.000000
vt 0.889876 0.025311
vt 0.884871 0.023015
vt 0.875000 0.437500
vt 0.875000 0.375000
vt 0.867046 0.500000
vt 0.875000 0.533556
vt 0.854456 0.019674
vt 0.859375 0.000000
vt 0.865129 0.023015
vt 0.855633 0.445639
vt 0.843750 0.375000
vt 0.853264 0.437500
vt 0.843750 0.312500
vt 0.843750 0.250000
vt 0.871054 0.187500
vt 0.830329 0.281878
vt 0.843007 0.250000
vt 0.843750 0.247915
vt 0.823690 0.017742
vt 0.828125 0.000000
vt 0.833044 0.019674
vt 0.834964 0.375000
vt 0.843750 0.404053
vt 0.818373 0.312500
vt 0.822753 0.335918
vt 0.792698 0.016710
vt 0.796875 0.000000
vt 0.801310 0.017742
vt 0.765625 0.000000
vt 0.769802 0.016709
vt 0.761536 0.016356
vt 0.738545 0.016679
vt 0.730115 0.017041
vt 0.698601 0.018095
vt 0.707385 0.017041
vt 0.676399 0.018095
vt 0.666859 0.020066
vt 0.656250 0.375000
vt 0.662843 0.375000
vt 0.656250 0.391789
vt 0.656250 0.312500
vt 0.681665 0.312500
vt 0.669690 0.281965
vt 0.656932 0.250000
vt 0.656250 0.250000
vt 0.656250 0.248095
vt 0.625000 0.250000
vt 0.625000 0.187500
vt 0.628747 0.187500
vt 0.625000 0.179807
vt 0.625000 0.500000
vt 0.627300 0.504173
vt 0.625000 0.515796
vt 0.645642 0.020066
vt 0.634757 0.023473
vt 0.628400 0.500000
vt 0.625000 0.437500
vt 0.644192 0.437500
vt 0.654494 0.396323
vt 0.625000 0.312500
vt 0.614946 0.562500
vt 0.593750 0.500000
vt 0.610887 0.025470
vt 0.601987 0.029553
vt 0.593750 0.437500
vt 0.593750 0.375000
vt 0.625000 0.375000
vt 0.593750 0.312500
vt 0.593750 0.250000
vt 0.593750 0.187500
vt 0.596641 0.629872
vt 0.598197 0.625000
vt 0.619931 0.170983
vt 0.593750 0.128602
vt 0.593750 0.562500
vt 0.562500 0.250000
vt 0.562500 0.687500
vt 0.569358 0.704326
vt 0.562500 0.722713
vt 0.562500 0.187500
vt 0.593750 0.639946
vt 0.562500 0.562500
vt 0.590663 0.125000
vt 0.562500 0.092350
vt 0.564039 0.093754
vt 0.562500 0.500000
vt 0.585513 0.029553
vt 0.567659 0.041864
vt 0.562500 0.437500
vt 0.562500 0.375000
vt 0.562500 0.312500
vt 0.556908 0.042368
vt 0.557341 0.041864
vt 0.531250 0.437500
vt 0.531250 0.375000
vt 0.531250 0.312500
vt 0.531250 0.750000
vt 0.549260 0.750000
vt 0.531250 0.778114
vt 0.531250 0.250000
vt 0.531250 0.187500
vt 0.531250 0.687500
vt 0.531250 0.562500
vt 0.535363 0.069298
vt 0.531250 0.500000
vt 0.500000 0.187500
vt 0.500000 0.687500
vt 0.500000 0.125000
vt 0.500000 0.562500
vt 0.500000 0.437500
vt 0.500000 0.375000
vt 0.500000 0.312500
vt 0.500000 0.750000
vt 0.500000 0.809662
vt 0.500000 0.250000
vt 0.468750 0.437500
vt 0.468750 0.375000
vt 0.468750 0.812500
vt 0.495580 0.812500
vt 0.468750 0.827155
vt 0.468750 0.312500
vt 0.468750 0.250000
vt 0.468750 0.687500
vt 0.468750 0.187500
vt 0.468750 0.562500
vt 0.468750 0.500000
vt 0.437500 0.625000
vt 0.437500 0.187500
vt 0.437500 0.562500
vt 0.437500 0.500000
vt 0.437500 0.437500
vt 0.437500 0.375000
vt 0.437500 0.812500
vt 0.437500 0.836112
vt 0.437500 0.312500
vt 0.437500 0.750000
vt 0.468750 0.750000
vt 0.437500 0.250000
vt 0.437500 0.687500
vt 0.406250 0.437500
vt 0.406250 0.375000
vt 0.428206 0.836834
vt 0.406250 0.812500
vt 0.406250 0.312500
vt 0.406250 0.750000
vt 0.406250 0.250000
vt 0.406250 0.687500
vt 0.406250 0.187500
vt 0.406250 0.625000
vt 0.406250 0.562500
vt 0.406250 0.500000
vt 0.375000 0.187500
vt 0.375000 0.562500
vt 0.375000 0.500000
vt 0.375000 0.437500
vt 0.375000 0.375000
vt 0.375000 0.812500
vt 0.406250 0.841658
vt 0.375000 0.842893
vt 0.375000 0.312500
vt 0.375000 0.750000
vt 0.375000 0.250000
vt 0.375000 0.687500
vt 0.375000 0.625000
vt 0.343750 0.812500
vt 0.343750 0.838550
vt 0.343750 0.375000
vt 0.343750 0.312500
vt 0.343750 0.750000
vt 0.343750 0.250000
vt 0.343750 0.687500
vt 0.343750 0.625000
vt 0.343750 0.562500
vt 0.343750 0.500000
vt 0.343750 0.437500
vt 0.312500 0.437500
vt 0.312500 0.375000
vt 0.312500 0.812500
vt 0.312500 0.827913
vt 0.312500 0.750000
vt 0.312500 0.687500
vt 0.281250 0.808942
vt 0.286528 0.812500
vt 0.270273 0.798627
vt 0.281250 0.750000
vt 0.223774 0.750000
vt 0.250000 0.782403
vt 0.187500 0.448704
vt 0.189078 0.437500
vt 0.189853 0.429716
vt 0.187615 0.340335
vt 0.218750 0.742337
vt 0.192846 0.687500
vt 0.192209 0.685850
vt 0.159623 0.234126
vt 0.159111 0.631364
vt 0.187500 0.679830
vt 0.160437 0.562500
vt 0.156250 0.622104
vt 0.165614 0.547071
vt 0.184265 0.470081
vt 0.182559 0.312500
vt 0.187500 0.339612
vt 0.177147 0.290615
vt 0.127135 0.187500
vt 0.156250 0.227712
vt 0.150976 0.584855
vt 0.151378 0.601453
vt 0.125000 0.185108
vt 0.101088 0.165664
vt 0.062500 0.145497
vt 0.093750 0.160270
vt 0.031250 0.137588
vt 0.062500 0.145497
vt 0.000000 0.135093
vt 1.000000 0.135093
vt 0.968750 0.137588
vt 0.937500 0.145497
vt 0.964637 0.069298
vt 0.943092 0.042367
vt 0.958753 0.062500
vt 0.937500 0.092350
vt 0.912908 0.120029
vt 0.914487 0.029550
vt 0.932341 0.041864
vt 0.909337 0.125000
vt 0.906250 0.160270
vt 0.880068 0.170983
vt 0.898912 0.165664
vt 0.875733 0.178506
vt 0.889113 0.025470
vt 0.884757 0.023472
vt 0.854359 0.020063
vt 0.865243 0.023471
vt 0.823602 0.018092
vt 0.833141 0.020063
vt 0.792615 0.017039
vt 0.801398 0.018092
vt 0.769885 0.017039
vt 0.761455 0.016679
vt 0.750000 0.250000
vt 0.718750 0.312500
vt 0.718750 0.250000
vt 0.750000 0.187500
vt 0.718750 0.187500
vt 0.750000 0.125000
vt 0.718750 0.125000
vt 0.718750 0.562500
vt 0.744385 0.562500
vt 0.718750 0.585146
vt 0.750000 0.062500
vt 0.718750 0.062500
vt 0.750000 0.500000
vt 0.750000 0.556760
vt 0.750000 0.437500
vt 0.718750 0.500000
vt 0.718750 0.437500
vt 0.750000 0.375000
vt 0.718750 0.375000
vt 0.750000 0.312500
vt 0.687500 0.375000
vt 0.687500 0.312500
vt 0.687500 0.250000
vt 0.687500 0.187500
vt 0.687500 0.125000
vt 0.696278 0.597487
vt 0.687500 0.562500
vt 0.687500 0.062500
vt 0.687500 0.500000
vt 0.687500 0.437500
vt 0.656250 0.125000
vt 0.656250 0.062500
vt 0.656250 0.562500
vt 0.656250 0.500000
vt 0.656250 0.437500
vt 0.656250 0.187500
vt 0.663207 0.625000
vt 0.656250 0.629854
vt 0.644193 0.635239
vt 0.625000 0.125000
vt 0.625000 0.562500
vt 0.625000 0.062500
vt 0.593750 0.062500
vt 0.593750 0.661266
vt 0.625000 0.648675
vt 0.593750 0.125000
vt 0.575456 0.663420
vt 0.562500 0.062500
vt 0.546875 0.000000
vt 0.531250 0.679307
vt 0.562500 0.670572
vt 0.500000 0.679798
vt 0.468750 0.665488
vt 0.468655 0.665380
vt 0.408873 0.625000
vt 0.437500 0.649074
vt 0.379593 0.581977
vt 0.406250 0.622320
vt 0.367756 0.568022
vt 0.360793 0.562500
vt 0.312500 0.503015
vt 0.310812 0.500000
vt 0.306579 0.490726
vt 0.271868 0.437500
vt 0.281250 0.448491
vt 0.248214 0.405875
vt 0.225067 0.375000
vt 0.218750 0.364528
vt 0.208768 0.345570
vt 0.187314 0.312500
vt 0.187500 0.312783
vt 0.181198 0.301731
vt 0.156250 0.282479
vt 0.125000 0.266519
vt 0.093750 0.251137
vt 0.091352 0.250000
vt 0.062500 0.234245
vt 0.042950 0.224924
vt 0.031250 0.225440
vt 0.000000 0.226288
vt 0.988809 0.226398
vt 1.000000 0.226288
vt 0.937500 0.258539
vt 0.952078 0.250000
vt 0.968750 0.238788
vt 0.937500 0.062500
vt 0.906250 0.062500
vt 0.906250 0.277811
vt 0.906250 0.125000
vt 0.875000 0.297828
vt 0.875000 0.125000
vt 0.875000 0.062500
vt 0.843750 0.062500
vt 0.843750 0.402634
vt 0.851056 0.375000
vt 0.863712 0.312500
vt 0.865103 0.304935
vt 0.843750 0.187500
vt 0.843750 0.125000
vt 0.812500 0.250000
vt 0.812500 0.187500
vt 0.812500 0.125000
vt 0.812500 0.062500
vt 0.812500 0.437500
vt 0.833771 0.437500
vt 0.812500 0.495462
vt 0.812500 0.312500
vt 0.781250 0.062500
vt 0.781250 0.500000
vt 0.781250 0.375000
vt 0.812500 0.375000
vt 0.781250 0.312500
vt 0.781250 0.250000
vt 0.781250 0.187500
vt 0.781250 0.125000
vt 0.810167 0.500574
vt 0.781250 0.530715
vt 0.754843 0.550200
vt 0.781250 0.437500
vt 0.744693 0.552894
vt 0.750000 0.559898
vt 0.701175 0.516718
vt 0.718750 0.534380
vt 0.693803 0.500000
vt 0.675953 0.437500
vt 0.687500 0.480503
vt 0.664380 0.375000
vt 0.661782 0.352319
vt 0.627565 0.312500
vt 0.656250 0.346011
vt 0.614271 0.290415
vt 0.625000 0.308663
vt 0.593750 0.265296
vt 0.579782 0.250000
vt 0.577611 0.247281
vt 0.559475 0.235928
vt 0.562500 0.237555
vt 0.500000 0.230408
vt 0.531250 0.232615
vt 0.468750 0.229681
vt 0.439782 0.230388
vt 0.407637 0.250000
vt 0.406250 0.250753
vt 0.437500 0.231583
vt 0.375000 0.268665
vt 0.346564 0.285967
vt 0.325216 0.312500
vt 0.312500 0.327136
vt 0.343750 0.289276
vt 0.289648 0.353806
vt 0.250000 0.409448
vt 0.277241 0.375000
vt 0.281250 0.368797
vt 0.218750 0.452113
vt 0.228693 0.437500
vt 0.236307 0.423303
vt 0.215323 0.455858
vt 0.187500 0.506526
vt 0.191675 0.500000
vt 0.156250 0.543878
vt 0.131434 0.567586
vt 0.125000 0.578960
vt 0.145535 0.552360
vt 0.093750 0.621800
vt 0.062500 0.647984
vt 0.090419 0.625000
vt 0.043268 0.657000
vt 0.031250 0.667600
vt 0.000000 0.676164
vt 1.000000 0.676164
vt 0.968750 0.676296
vt 0.937500 0.668004
vt 0.924425 0.660897
vt 0.875000 0.625000
vt 0.906250 0.659007
vt 0.875000 0.646636
vt 0.875000 0.562500
vt 0.843750 0.500000
vt 0.843750 0.437500
vt 0.850627 0.629487
vt 0.843750 0.625000
vt 0.843750 0.562500
vt 0.843750 0.627457
vt 0.839223 0.625000
vt 0.812500 0.562500
vt 0.812500 0.500000
vt 0.796868 0.595791
vt 0.781250 0.562500
vt 0.812500 0.609214
vt 0.752606 0.562500
vt 0.781250 0.587332
vt 1.000000 0.590535
vt 0.968750 0.587093
vt 0.936907 0.585523
vt 0.906250 0.578370
vt 0.881903 0.575211
vt 0.877571 0.953888
vt 0.843750 0.563993
vt 0.875000 0.937940
vt 0.864849 0.926852
vt 0.843750 0.978929
vt 0.864974 0.971821
vt 0.812500 0.559315
vt 0.843506 0.919154
vt 0.828311 0.923557
vt 0.821920 0.971727
vt 0.799093 0.559119
vt 0.809634 0.953888
vt 0.755758 0.559928
vt 0.750000 0.559120
vt 0.744243 0.559928
vt 0.718750 0.557080
vt 0.700907 0.559119
vt 0.687500 0.559315
vt 0.656250 0.563993
vt 0.625000 0.572569
vt 0.618097 0.575211
vt 0.593750 0.578370
vt 0.578736 0.968520
vt 0.578876 0.962594
vt 0.531250 0.587093
vt 0.562500 0.923701
vt 0.554275 0.915487
vt 0.561998 0.998421
vt 0.562500 0.998021
vt 0.500000 0.590535
vt 0.523008 0.899229
vt 0.517062 0.898112
vt 0.495905 0.591208
vt 0.489898 0.897068
vt 0.482938 0.898112
vt 0.445725 0.915487
vt 0.466031 0.591068
vt 0.459694 0.906160
vt 0.438002 0.998421
vt 0.437500 0.998021
vt 0.409250 0.581061
vt 0.421124 0.962594
vt 0.406250 0.580337
vt 0.375000 0.574892
vt 0.367094 0.574109
vt 0.343750 0.565839
vt 0.312500 0.558471
vt 0.281250 0.555315
vt 0.250000 0.556594
vt 0.218750 0.555315
vt 0.187500 0.558471
vt 0.190366 0.953888
vt 0.156250 0.565839
vt 0.177778 0.926852
vt 0.171689 0.923557
vt 0.156533 0.978929
vt 0.178080 0.971727
vt 0.130369 0.968520
vt 0.135151 0.926852
vt 0.132906 0.574109
vt 0.141385 0.923481
vt 0.122429 0.953888
vt 0.093750 0.580337
vt 0.123788 0.939819
vt 0.090749 0.581061
vt 0.062500 0.584697
vt 0.419706 0.419706
vt 0.080294 0.080294
vt 0.250000 0.052734
vt 0.033969 0.591068
vt 0.031250 0.590864
vt 0.004095 0.591208
vt 0.000000 0.590535
vt 0.000000 0.000000
vt 0.943997 0.993470
vt 0.968750 0.993672
vt 0.906250 0.993097
vt 0.903337 0.993071
vt 0.841787 0.992823
vt 0.828928 0.992809
vt 0.781250 0.992865
vt 0.775223 0.992884
vt 0.713126 0.993258
vt 0.718750 0.993209
vt 0.647087 0.993899
vt 0.656250 0.993785
vt 0.576964 0.994697
vt 0.593750 0.994513
vt 0.520112 0.995291
vt 0.531250 0.995192
vt 0.451131 0.995833
vt 0.468750 0.995693
vt 0.393032 0.996103
vt 0.406250 0.996058
vt 0.312500 0.996330
vt 0.269657 0.996178
vt 0.281250 0.996216
vt 0.218750 0.995993
vt 0.187500 0.995885
vt 0.143696 0.995517
vt 0.156250 0.995618
vt 0.093750 0.995060
vt 0.062500 0.994775
vt 0.015521 0.994214
vt 0.031250 0.994390
vt 0.945718 0.119225
vt 0.795922 0.019134
vt 0.791216 0.032799
vt 0.525090 0.244251
vt 0.519134 0.204078
vt 0.519134 0.295922
vt 0.000000 0.625000
vt 0.031250 0.625000
vt 0.968750 0.625000
vt 0.968750 0.500000
vt 0.937500 0.500000
vt 1.000000 0.750000
vt 1.000000 0.625000
vt 0.906250 0.501495
vt 0.931649 0.501495
vt 0.843750 0.501495
vt 0.821356 0.500000
vt 0.812500 0.501171
vt 0.875000 0.501495
vt 0.781250 0.500000
vt 0.807984 0.501495
vt 0.500000 0.501495
vt 0.531250 0.501495
vt 0.530377 0.501113
vt 0.538448 0.501495
vt 0.461343 0.501495
vt 0.468750 0.501117
vt 0.468750 0.501495
vt 0.499717 0.501100
vt 0.250000 0.500000
vt 0.187500 0.500000
vt 0.125000 0.500000
vt 0.156250 0.500000
vt 0.031250 0.500000
vt 0.058542 0.994697
vt 0.099990 0.995117
vt 0.125000 0.995463
vt 0.187133 0.995879
vt 0.227895 0.996025
vt 0.250000 0.996243
vt 0.310637 0.996312
vt 0.351578 0.996202
vt 0.375000 0.996280
vt 0.433861 0.995964
vt 0.437500 0.995977
vt 0.477101 0.995627
vt 0.500000 0.995563
vt 0.561446 0.994924
vt 0.562500 0.994921
vt 0.605994 0.994379
vt 0.625000 0.994244
vt 0.687500 0.993546
vt 0.680821 0.993581
vt 0.750000 0.993020
vt 0.737321 0.993058
vt 0.812500 0.992834
vt 0.803014 0.992824
vt 0.875000 0.992964
vt 0.873458 0.992954
vt 0.913579 0.993162
vt 0.937500 0.993436
vt 1.000000 0.994100
vt 0.978990 0.993764
vt 0.937500 0.994560
vt 0.968750 0.994037
vt 0.875000 0.995503
vt 0.906250 0.994968
vt 0.839587 0.995833
vt 0.843750 0.995784
vt 0.750000 0.996722
vt 0.781250 0.996445
vt 0.707716 0.996839
vt 0.718750 0.996808
vt 0.656250 0.996954
vt 0.625000 0.997036
vt 0.576727 0.996883
vt 0.593750 0.996929
vt 0.531250 0.996670
vt 0.500000 0.996580
vt 0.468750 0.996223
vt 0.437500 0.995936
vt 0.379356 0.995179
vt 0.406250 0.995515
vt 0.314909 0.994210
vt 0.343750 0.994600
vt 0.281250 0.993670
vt 0.188268 0.992679
vt 0.218750 0.992933
vt 0.139682 0.992522
vt 0.138287 0.992521
vt 0.089407 0.992644
vt 0.093750 0.992631
vt 0.000000 0.993618
vt 0.031250 0.993182
vt 0.750000 0.010000
vt 0.750067 0.013658
vt 0.526278 0.248599
vt 0.937500 0.503028
vt 0.968750 0.503083
vt 0.957177 0.500782
vt 0.988083 0.503117
vt 0.875000 0.502715
vt 0.906250 0.502872
vt 0.937252 0.500000
vt 0.937500 0.500018
vt 0.821381 0.502314
vt 0.843750 0.502482
vt 0.205372 0.502019
vt 0.203628 0.502106
vt 0.220288 0.501958
vt 0.062500 0.992890
vt 0.050970 0.992975
vt 0.122268 0.992553
vt 0.115671 0.992569
vt 0.187500 0.992673
vt 0.184461 0.992644
vt 0.250000 0.993293
vt 0.235162 0.993071
vt 0.289018 0.993764
vt 0.312500 0.994184
vt 0.375000 0.995142
vt 0.435388 0.995893
vt 0.484721 0.996369
vt 0.531427 0.996671
vt 0.562500 0.996922
vt 0.620226 0.996999
vt 0.663613 0.996934
vt 0.687500 0.996998
vt 0.799807 0.996285
vt 0.812500 0.996245
vt 0.853069 0.995675
vt 0.924107 0.994697
vt 1.000000 0.993618
vt 0.985456 0.993764
vt 0.957600 0.996615
vt 0.968750 0.996647
vt 0.906250 0.996446
vt 0.875000 0.996350
vt 0.843750 0.996029
vt 0.824396 0.995843
vt 0.775442 0.995335
vt 0.781250 0.995409
vt 0.718750 0.994593
vt 0.687500 0.994256
vt 0.628386 0.993458
vt 0.656250 0.993746
vt 0.593750 0.993039
vt 0.586590 0.992985
vt 0.521357 0.992616
vt 0.513811 0.992609
vt 0.468750 0.992631
vt 0.462458 0.992644
vt 0.401973 0.993071
vt 0.406250 0.993039
vt 0.343750 0.993746
vt 0.342043 0.993764
vt 0.281250 0.994593
vt 0.276812 0.994641
vt 0.218750 0.995409
vt 0.187500 0.995809
vt 0.128799 0.996294
vt 0.156250 0.996029
vt 0.085749 0.996471
vt 0.093750 0.996446
vt 0.031250 0.996647
vt 0.000000 0.996737
vt 0.534815 0.178718
vt 0.558884 0.142697
vt 0.554282 0.119225
vt 0.891483 0.501495
vt 0.843750 0.501495
vt 0.812500 0.501495
vt 0.823145 0.500000
vt 0.812500 0.501478
vt 0.798924 0.501495
vt 0.799141 0.501478
vt 0.566163 0.501495
vt 0.531250 0.501495
vt 0.500000 0.501495
vt 0.562500 0.501495
vt 0.555109 0.500583
vt 0.541524 0.500000
vt 0.437500 0.501495
vt 0.468750 0.501495
vt 0.444891 0.500583
vt 0.437500 0.501302
vt 0.433837 0.501495
vt 0.277025 0.501495
vt 0.277957 0.501365
vt 0.309005 0.501365
vt 0.311464 0.501495
vt 0.042400 0.996615
vt 0.062500 0.996674
vt 0.178272 0.995833
vt 0.224558 0.995335
vt 0.250000 0.995119
vt 0.312500 0.994256
vt 0.371613 0.993458
vt 0.375000 0.993430
vt 0.437500 0.992836
vt 0.435489 0.992846
vt 0.500000 0.992609
vt 0.493102 0.992607
vt 0.562500 0.992836
vt 0.543057 0.992681
vt 0.598027 0.993071
vt 0.625000 0.993430
vt 0.672746 0.993996
vt 0.750000 0.995118
vt 0.727310 0.994697
vt 0.871201 0.996294
vt 0.914251 0.996471
vt 0.937500 0.996674
vt 1.000000 0.996737
vt 0.750000 0.750000
vt 0.718750 0.812500
vt 0.718750 0.750000
vt 0.750000 0.687500
vt 0.718750 0.687500
vt 0.737046 0.125000
vt 0.740938 0.127334
vt 0.750000 0.562500
vt 0.718750 0.116572
vt 0.750000 0.937500
vt 0.734375 1.000000
vt 0.718750 0.937500
vt 0.750000 0.875000
vt 0.750000 0.812500
vt 0.687500 0.812500
vt 0.687500 0.750000
vt 0.687500 0.687500
vt 0.718750 0.116572
vt 0.687500 0.107897
vt 0.703125 1.000000
vt 0.687500 0.937500
vt 0.687500 0.107897
vt 0.656250 0.095172
vt 0.656250 0.937500
vt 0.656250 0.812500
vt 0.656250 0.750000
vt 0.656250 0.687500
vt 0.625000 0.812500
vt 0.625000 0.750000
vt 0.625000 0.705624
vt 0.648664 0.636032
vt 0.635716 0.687500
vt 0.649952 0.625000
vt 0.646801 0.562500
vt 0.629315 0.089593
vt 0.625000 0.088699
vt 0.641016 0.533344
vt 0.625000 0.937500
vt 0.631996 0.500000
vt 0.593750 0.086702
vt 0.593750 0.937500
vt 0.593750 0.455537
vt 0.593750 0.812500
vt 0.593750 0.750000
vt 0.593750 0.729836
vt 0.562500 0.812500
vt 0.562500 0.750000
vt 0.593210 0.729837
vt 0.562500 0.706041
vt 0.562500 0.088699
vt 0.562500 0.937500
vt 0.593342 0.455537
vt 0.593750 0.455537
vt 0.545504 0.536153
vt 0.555298 0.500000
vt 0.546875 1.000000
vt 0.531250 0.937500
vt 0.531250 0.812500
vt 0.551537 0.687500
vt 0.538105 0.634058
vt 0.537095 0.625000
vt 0.540272 0.562500
vt 0.531250 0.088894
vt 0.531250 0.088893
vt 0.500000 0.090934
vt 0.515625 1.000000
vt 0.500000 0.937500
vt 0.500000 0.812500
vt 0.500000 0.090934
vt 0.468750 0.097551
vt 0.484375 1.000000
vt 0.468750 0.937500
vt 0.437500 0.110552
vt 0.453125 1.000000
vt 0.437500 0.937500
vt 0.406250 0.123046
vt 0.421875 1.000000
vt 0.406250 0.937500
vt 0.401982 0.125000
vt 0.375000 0.141854
vt 0.406250 0.123046
vt 0.390625 1.000000
vt 0.375000 0.937500
vt 0.343750 0.170983
vt 0.359375 1.000000
vt 0.343750 0.937500
vt 0.343750 0.170983
vt 0.321231 0.187500
vt 0.328125 1.000000
vt 0.312500 0.937500
vt 0.312500 0.196516
vt 0.281250 0.812500
vt 0.281250 0.228730
vt 0.296875 1.000000
vt 0.281250 0.937500
vt 0.265625 1.000000
vt 0.250000 0.937500
vt 0.250000 0.875000
vt 0.250000 0.812500
vt 0.259767 0.250000
vt 0.250000 0.262509
vt 0.271759 0.237701
vt 0.218750 0.812500
vt 0.226804 0.277224
vt 0.218750 0.282653
vt 0.218750 0.937500
vt 0.187500 0.937500
vt 0.203125 1.000000
vt 0.187500 0.875000
vt 0.198271 0.750000
vt 0.205623 0.297621
vt 0.187500 0.301165
vt 0.198573 0.748501
vt 0.181195 0.304810
vt 0.156250 0.719525
vt 0.187500 0.738944
vt 0.156250 0.937500
vt 0.156250 0.875000
vt 0.159151 0.319448
vt 0.156250 0.804890
vt 0.187500 0.771348
vt 0.125000 0.937500
vt 0.140625 1.000000
vt 0.125000 0.875000
vt 0.143662 0.812500
vt 0.156250 0.318822
vt 0.125000 0.325522
vt 0.149742 0.807693
vt 0.125000 0.706922
vt 0.093750 0.700889
vt 0.093750 0.937500
vt 0.093750 0.875000
vt 0.125000 0.822058
vt 0.111909 0.334024
vt 0.093750 0.330295
vt 0.062500 0.937500
vt 0.062500 0.875000
vt 0.093750 0.827070
vt 0.062500 0.335566
vt 0.063883 0.336432
vt 0.062500 0.706922
vt 0.031250 0.937500
vt 0.046875 1.000000
vt 0.031250 0.875000
vt 0.043838 0.812500
vt 0.031250 0.329109
vt 0.038925 0.808703
vt 0.051349 0.713064
vt 0.000000 0.937500
vt 0.000000 0.875000
vt 0.000000 0.812500
vt 0.015859 0.332269
vt 0.000000 0.321746
vt 0.031250 0.805376
vt 0.000000 0.771904
vt 0.031250 0.719271
vt 0.000000 0.738704
vt 0.015625 1.000000
vt 0.968750 0.937500
vt 1.000000 0.937500
vt 0.984375 1.000000
vt 0.968750 0.875000
vt 1.000000 0.875000
vt 0.968750 0.812500
vt 1.000000 0.812500
vt 0.968979 0.315007
vt 1.000000 0.321746
vt 1.000000 0.771904
vt 0.988645 0.748501
vt 0.937500 0.812500
vt 0.968750 0.314713
vt 0.937500 0.750000
vt 0.946943 0.300668
vt 0.965890 0.312500
vt 0.937500 0.937500
vt 0.953125 1.000000
vt 0.937500 0.875000
vt 0.906250 0.937500
vt 0.906250 0.875000
vt 0.906250 0.812500
vt 0.906250 0.750000
vt 0.922578 0.292134
vt 0.906250 0.273102
vt 0.906250 0.687500
vt 0.875000 0.750000
vt 0.877501 0.254331
vt 0.875000 0.687500
vt 0.875365 0.250000
vt 0.875000 0.249438
vt 0.875000 0.937500
vt 0.875000 0.875000
vt 0.875000 0.812500
vt 0.843750 0.937500
vt 0.859375 1.000000
vt 0.843750 0.875000
vt 0.843750 0.812500
vt 0.843750 0.750000
vt 0.843750 0.687500
vt 0.875000 0.249438
vt 0.843750 0.217650
vt 0.812500 0.750000
vt 0.812500 0.687500
vt 0.815683 0.187500
vt 0.812500 0.625000
vt 0.812500 0.183884
vt 0.812500 0.937500
vt 0.812500 0.875000
vt 0.812500 0.812500
vt 0.781250 0.937500
vt 0.781250 0.875000
vt 0.781250 0.812500
vt 0.781250 0.750000
vt 0.781250 0.687500
vt 0.781250 0.625000
vt 0.806640 0.179168
vt 0.781250 0.160987
vt 0.750000 0.133206
vt 0.765625 1.000000
vt 0.738806 0.017723
vt 0.728643 0.022927
vt 0.695641 0.029935
vt 0.660384 0.045965
vt 0.625000 0.687500
vt 0.642022 0.062500
vt 0.625000 0.110990
vt 0.645425 0.056925
vt 0.652116 0.045965
vt 0.616954 0.125000
vt 0.593750 0.687500
vt 0.595585 0.187500
vt 0.613794 0.134991
vt 0.562500 0.258762
vt 0.577215 0.240842
vt 0.588180 0.205799
vt 0.559423 0.264914
vt 0.531250 0.303796
vt 0.525666 0.309813
vt 0.511356 0.748501
vt 0.523279 0.312500
vt 0.500000 0.334265
vt 0.500000 0.771904
vt 0.487755 0.341990
vt 0.468750 0.805376
vt 0.468750 0.719271
vt 0.500000 0.738703
vt 0.437500 0.822058
vt 0.437500 0.360957
vt 0.467851 0.355338
vt 0.461075 0.808704
vt 0.456162 0.812500
vt 0.448651 0.713064
vt 0.406250 0.827070
vt 0.423788 0.368647
vt 0.406250 0.365579
vt 0.437500 0.706923
vt 0.406250 0.700889
vt 0.375000 0.822058
vt 0.378405 0.370476
vt 0.375000 0.706922
vt 0.356338 0.812500
vt 0.375000 0.368683
vt 0.343750 0.363120
vt 0.350258 0.807693
vt 0.362941 0.713666
vt 0.333164 0.364994
vt 0.312500 0.352875
vt 0.343750 0.804889
vt 0.312500 0.771349
vt 0.343750 0.719525
vt 0.312500 0.738944
vt 0.289935 0.348519
vt 0.301729 0.750000
vt 0.301427 0.748501
vt 0.281250 0.338332
vt 0.250862 0.317444
vt 0.248304 0.312500
vt 0.234566 0.294999
vt 0.218750 0.276529
vt 0.206917 0.250000
vt 0.187500 0.217413
vt 0.203352 0.243513
vt 0.185872 0.215652
vt 0.179736 0.187500
vt 0.158323 0.145005
vt 0.156250 0.123667
vt 0.156626 0.125000
vt 0.156250 0.123667
vt 0.125000 0.067548
vt 0.123890 0.062500
vt 0.102558 0.027269
vt 0.123891 0.062500
vt 0.084942 0.027269
vt 0.073694 0.017723
vt 0.051306 0.017723
vt 0.019015 0.013562
vt 0.987218 0.011371
vt 0.948463 0.687500
vt 0.961895 0.634058
vt 0.959728 0.562500
vt 0.962905 0.625000
vt 0.954496 0.536154
vt 0.955663 0.010152
vt 0.937500 0.485901
vt 0.924256 0.009523
vt 0.906658 0.455537
vt 0.906790 0.729837
vt 0.906250 0.729837
vt 0.875000 0.705624
vt 0.892957 0.009328
vt 0.906250 0.455537
vt 0.875000 0.486303
vt 0.858984 0.533346
vt 0.868004 0.500000
vt 0.861756 0.009523
vt 0.864284 0.687500
vt 0.851336 0.636032
vt 0.850048 0.625000
vt 0.853199 0.562500
vt 0.830663 0.010152
vt 0.799718 0.011371
vt 0.793485 0.013562
vt 0.769015 0.013562
vt 0.750000 0.356085
vt 0.718750 0.350166
vt 0.703536 0.353027
vt 0.687500 0.343228
vt 0.658516 0.337420
vt 0.656250 0.334717
vt 0.625000 0.312954
vt 0.622993 0.312500
vt 0.593750 0.285100
vt 0.597391 0.289182
vt 0.564909 0.250000
vt 0.562500 0.246257
vt 0.537593 0.220489
vt 0.559574 0.243052
vt 0.523304 0.187500
vt 0.522091 0.185907
vt 0.480373 0.125000
vt 0.476431 0.120319
vt 0.468750 0.112484
vt 0.437500 0.092014
vt 0.406250 0.067928
vt 0.387460 0.625000
vt 0.393691 0.687500
vt 0.380193 0.562500
vt 0.378726 0.056969
vt 0.394701 0.062500
vt 0.382029 0.847716
vt 0.395201 0.750000
vt 0.390057 0.812500
vt 0.395092 0.704832
vt 0.360019 0.437500
vt 0.345551 0.375000
vt 0.375000 0.860121
vt 0.363488 0.875000
vt 0.344477 0.371146
vt 0.371319 0.500000
vt 0.375000 0.525313
vt 0.373431 0.056222
vt 0.346807 0.050271
vt 0.340693 0.050271
vt 0.316326 0.047194
vt 0.312500 0.906653
vt 0.343750 0.891357
vt 0.340387 0.361606
vt 0.281250 0.361606
vt 0.312500 0.361606
vt 0.308674 0.047194
vt 0.285315 0.046239
vt 0.281250 0.914952
vt 0.277185 0.046239
vt 0.253826 0.047194
vt 0.250000 0.918653
vt 0.250000 0.918653
vt 0.250000 0.361606
vt 0.218750 0.361606
vt 0.222815 0.046239
vt 0.246174 0.047194
vt 0.218750 0.914952
vt 0.191326 0.047194
vt 0.214685 0.046239
vt 0.187500 0.361606
vt 0.159307 0.050271
vt 0.183674 0.047194
vt 0.187500 0.906653
vt 0.159613 0.361606
vt 0.126569 0.056222
vt 0.153193 0.050271
vt 0.128681 0.500000
vt 0.139981 0.437500
vt 0.136512 0.875000
vt 0.154449 0.375000
vt 0.125000 0.860121
vt 0.155523 0.371146
vt 0.125000 0.525314
vt 0.104908 0.704831
vt 0.106309 0.687500
vt 0.112540 0.625000
vt 0.119807 0.562500
vt 0.093750 0.067928
vt 0.121274 0.056969
vt 0.123431 0.056222
vt 0.117971 0.847716
vt 0.104799 0.750000
vt 0.109944 0.812500
vt 0.093750 0.067928
vt 0.062500 0.092014
vt 0.031250 0.112484
vt 0.019627 0.125000
vt 0.023570 0.120319
vt 0.977909 0.185907
vt 1.000000 0.159904
vt 0.968750 0.203022
vt 0.937500 0.246257
vt 0.940426 0.243052
vt 0.935091 0.250000
vt 0.906250 0.285100
vt 0.877008 0.312500
vt 0.884084 0.311151
vt 0.861840 0.321953
vt 0.843750 0.334717
vt 0.812500 0.343228
vt 0.818383 0.342044
vt 0.796464 0.353027
vt 0.781250 0.350166
vt 0.250000 0.490000
vt 0.341844 0.471731
vt 0.372040 0.430397
vt 0.407022 0.407022
vt 0.455160 0.334980
vt 0.433689 0.394691
vt 0.411966 0.411966
vt 0.472063 0.250000
vt 0.455159 0.334980
vt 0.472063 0.250000
vt 0.455160 0.165020
vt 0.407022 0.092978
vt 0.455159 0.165020
vt 0.334980 0.044841
vt 0.407022 0.092978
vt 0.250000 0.027937
vt 0.334980 0.044841
vt 0.243774 0.032255
vt 0.184400 0.091628
vt 0.180873 0.096907
vt 0.184400 0.091628
vt 0.135900 0.143365
vt 0.138890 0.138890
vt 0.090390 0.190626
vt 0.093917 0.185348
vt 0.044841 0.334980
vt 0.031016 0.250000
vt 0.092978 0.407022
vt 0.044840 0.334980
vt 0.080294 0.419706
vt 0.066310 0.394691
vt 0.088034 0.411965
vt 0.841844 0.409488
vt 0.750000 0.427757
vt 0.127960 0.430397
vt 0.158156 0.471731
vt 0.088035 0.411965
vt 0.250000 0.472063
vt 0.334980 0.455160
vt 0.334980 0.455159
vt 0.489804 0.250000
vt 0.490000 0.250000
vt 0.489931 0.250346
vt 0.472063 0.250000
vt 0.464273 0.210838
vt 0.471731 0.158156
vt 0.481994 0.210739
vt 0.419706 0.080294
vt 0.341844 0.028269
vt 0.317743 0.041412
vt 0.250000 0.027937
vt 0.165020 0.044841
vt 0.092978 0.092978
vt 0.165020 0.044840
vt 0.044840 0.165020
vt 0.027937 0.250000
vt 0.981995 0.210445
vt 0.971731 0.158156
vt 0.919706 0.080294
vt 0.165020 0.455160
vt 0.250000 0.472063
vt 0.256227 0.467745
vt 0.250000 0.472063
vt 0.315600 0.408372
vt 0.319127 0.403093
vt 0.364101 0.356635
vt 0.361110 0.361110
vt 0.409611 0.309373
vt 0.468984 0.250000
vt 0.455160 0.165020
vt 0.471357 0.246449
vt 0.334980 0.044841
vt 0.334980 0.044840
vt 0.165020 0.044841
vt 0.092978 0.092978
vt 0.044841 0.165020
vt 0.027937 0.250000
vt 0.010000 0.250000
vt 0.011009 0.244927
vt 0.011554 0.250000
vt 0.013479 0.259677
vt 0.028269 0.341844
vt 0.011555 0.250000
vt 0.029705 0.341249
vt 0.031146 0.346150
vt 0.513479 0.257345
vt 0.510000 0.250000
vt 0.531142 0.346144
vt 0.165020 0.455160
vt 0.165020 0.455159
vt 0.256225 0.467745
vt 0.315600 0.408372
vt 0.319128 0.403093
vt 0.364100 0.356634
vt 0.361110 0.361110
vt 0.409611 0.309373
vt 0.468983 0.250000
vt 0.468984 0.250000
vt 0.471357 0.246449
vt 0.250000 0.027937
vt 0.334980 0.044841
vt 0.165020 0.044840
vt 0.250000 0.027937
vt 0.092978 0.092978
vt 0.044840 0.165020
vt 0.165020 0.455160
vt 0.165020 0.455159
vt 0.407022 0.407022
vt 0.469800 0.261380
vt 0.482715 0.267121
vt 0.250000 0.010000
vt 0.235475 0.030826
vt 0.092978 0.092978
vt 0.165020 0.044840
vt 0.092978 0.092978
vt 0.027937 0.250000
vt 0.027937 0.250000
vt 0.044840 0.334980
vt 0.044841 0.334980
vt 0.092978 0.407022
vt 0.982210 0.262616
vt 0.878159 0.106893
vt 0.092978 0.407022
vt 0.165020 0.455159
vt 0.334980 0.455159
vt 0.250812 0.485253
vt 0.334980 0.455160
vt 0.342589 0.466410
vt 0.340089 0.467495
vt 0.472063 0.250000
vt 0.407022 0.092978
vt 0.334980 0.044840
vt 0.334980 0.044841
vt 0.243772 0.032255
vt 0.184400 0.091628
vt 0.180872 0.096908
vt 0.184400 0.091628
vt 0.135903 0.143361
vt 0.138890 0.138890
vt 0.090389 0.190628
vt 0.093917 0.185348
vt 0.031016 0.250000
vt 0.092978 0.407022
vt 0.044840 0.334980
vt 0.658156 0.471731
vt 0.750215 0.479927
vt 0.158962 0.466923
vt 0.159969 0.467354
vt 0.165020 0.455159
vt 0.250000 0.472063
vt 0.250000 0.485263
vt 0.256228 0.467745
vt 0.250000 0.477064
vt 0.319128 0.403093
vt 0.315600 0.408372
vt 0.364101 0.356635
vt 0.361110 0.361110
vt 0.409611 0.309373
vt 0.468983 0.250000
vt 0.452925 0.165946
vt 0.468983 0.250000
vt 0.403716 0.096284
vt 0.452925 0.165946
vt 0.332623 0.050530
vt 0.250000 0.034610
vt 0.332623 0.050529
vt 0.167377 0.050530
vt 0.250000 0.034610
vt 0.167377 0.050530
vt 0.096284 0.096284
vt 0.028269 0.158156
vt 0.030301 0.155114
vt 0.028954 0.158440
vt 0.047075 0.165946
vt 0.047075 0.165946
vt 0.027632 0.250000
vt 0.020923 0.195472
vt 0.019999 0.199732
vt 0.027632 0.250000
vt 0.041979 0.336165
vt 0.041979 0.336165
vt 0.089075 0.410925
vt 0.520950 0.195611
vt 0.530305 0.155108
vt 0.162277 0.461781
vt 0.089076 0.410925
vt 0.250000 0.477065
vt 0.247719 0.479346
vt 0.250000 0.472159
vt 0.334800 0.454726
vt 0.405564 0.405564
vt 0.451090 0.333294
vt 0.461792 0.269033
vt 0.158156 0.028269
vt 0.222705 0.047045
vt 0.101405 0.101405
vt 0.170129 0.057175
vt 0.136631 0.060227
vt 0.085443 0.076854
vt 0.053835 0.168746
vt 0.101405 0.101405
vt 0.035039 0.250000
vt 0.053835 0.168746
vt 0.035039 0.250000
vt 0.048909 0.333295
vt 0.048909 0.333295
vt 0.094436 0.405564
vt 0.990000 0.250000
vt 0.733764 0.103803
vt 0.165200 0.454725
vt 0.094436 0.405564
vt 0.165200 0.454726
vt 0.250000 0.472159
vt 0.250000 0.487106
vt 0.340506 0.468500
vt 0.416031 0.416031
vt 0.464621 0.338899
vt 0.479424 0.250000
vt 0.459364 0.163279
vt 0.408593 0.091407
vt 0.335245 0.044201
vt 0.335245 0.044200
vt 0.250000 0.027777
vt 0.243773 0.032255
vt 0.246286 0.028492
vt 0.180873 0.096907
vt 0.184400 0.091628
vt 0.135900 0.143366
vt 0.138890 0.138890
vt 0.090389 0.190628
vt 0.093917 0.185348
vt 0.035379 0.338899
vt 0.024790 0.259321
vt 0.031017 0.250000
vt 0.083969 0.416030
vt 0.035380 0.338899
vt 0.159495 0.468500
vt 0.159494 0.468500
vt 0.992188 0.875000
vt 1.000000 0.937500
vt 0.960938 0.875000
vt 0.898438 0.875000
vt 0.867188 0.875000
vt 0.835938 0.875000
vt 0.773438 0.875000
vt 0.742188 0.875000
vt 0.648438 0.875000
vt 0.617188 0.875000
vt 0.523438 0.875000
vt 0.492188 0.875000
vt 0.429688 0.875000
vt 0.335938 0.875000
vt 0.273438 0.875000
vt 0.242188 0.875000
vt 0.179688 0.875000
vt 0.148438 0.875000
vt 0.117188 0.875000
vt 0.054688 0.875000
vt 0.007812 0.875000
vt 0.007812 1.000000
vt 0.039062 1.000000
vt 0.070312 0.875000
vt 0.070312 1.000000
vt 0.101562 0.875000
vt 0.101562 1.000000
vt 0.132812 0.875000
vt 0.132812 1.000000
vt 0.164062 0.875000
vt 0.164062 1.000000
vt 0.195312 1.000000
vt 0.226562 1.000000
vt 0.257812 0.875000
vt 0.257812 1.000000
vt 0.289062 1.000000
vt 0.320312 0.875000
vt 0.351562 0.875000
vt 0.382812 0.875000
vt 0.414062 0.875000
vt 0.445312 1.000000
vt 0.476562 1.000000
vt 0.507812 0.875000
vt 0.507812 1.000000
vt 0.539062 0.875000
vt 0.539062 1.000000
vt 0.570312 1.000000
vt 0.601562 1.000000
vt 0.632812 1.000000
vt 0.664062 0.875000
vt 0.664062 1.000000
vt 0.695312 1.000000
vt 0.726562 0.875000
vt 0.726562 1.000000
vt 0.757812 1.000000
vt 0.789062 1.000000
vt 0.851562 0.875000
vt 0.882812 0.875000
vt 0.945312 1.000000
vt 0.976562 1.000000
vt 0.303721 0.135568
vt 0.304812 0.134302
vt 0.282220 0.141021
vt 0.285606 0.141558
vt 0.288977 0.141330
vt 0.301093 0.137324
vt 0.295406 0.140091
vt 0.263267 0.175934
vt 0.263324 0.173749
vt 0.260047 0.196826
vt 0.260328 0.196014
vt 0.082817 0.193719
vt 0.084814 0.189469
vt 0.090264 0.196826
vt 0.635584 0.192582
vt 0.634949 0.162308
vt 0.463289 0.211870
vt 0.483293 0.217951
vt 0.489695 0.218340
vt 0.652788 0.207743
vt 0.664661 0.214489
vt 0.670049 0.215805
vt 0.654299 0.209279
vt 0.072241 0.204322
vt 0.072401 0.204132
vt 0.057825 0.214765
vt 0.058651 0.214411
vt 0.079557 0.198220
vt 0.093153 0.200027
vt 0.098274 0.203925
vt 0.124936 0.217185
vt 0.125421 0.217236
vt 0.108829 0.210721
vt 0.119422 0.215401
vt 0.254231 0.208336
vt 0.237206 0.218987
vt 0.238168 0.218936
vt 0.252007 0.211447
vt 0.249161 0.214078
vt 0.241422 0.218314
vt 0.259591 0.198136
vt 0.506994 0.218787
vt 0.510484 0.218033
vt 0.528945 0.211405
vt 0.547508 0.196826
vt 0.545692 0.158816
vt 0.547599 0.196699
vt 0.548032 0.195708
vt 0.550123 0.170405
vt 0.688459 0.220030
vt 0.709513 0.217315
vt 0.715127 0.215154
vt 0.719308 0.213935
vt 0.728591 0.209692
vt 0.767886 0.160783
vt 0.768884 0.157461
vt 0.753519 0.187367
vt 0.760713 0.176803
vt 0.923232 0.207233
vt 0.924663 0.209220
vt 0.919565 0.196826
vt 0.942661 0.220609
vt 0.945630 0.220748
vt 0.926157 0.211347
vt 0.928184 0.213707
vt 0.939401 0.220051
vt 0.931496 0.216329
vt 0.962022 0.217418
vt 0.966916 0.214765
vt 0.945805 0.220758
vt 0.949448 0.220581
vt 0.961557 0.217618
vt 0.918253 0.191288
vt 0.918646 0.174011
vt 0.918887 0.172728
vt 0.130922 0.218217
vt 0.146187 0.219178
vt 0.165377 0.213047
vt 0.167765 0.211849
vt 0.148896 0.218921
vt 0.150687 0.218404
vt 0.197506 0.206316
vt 0.198651 0.207038
vt 0.170624 0.210415
vt 0.175298 0.206873
vt 0.190407 0.200446
vt 0.189741 0.199727
vt 0.179972 0.203330
vt 0.183893 0.199014
vt 0.213057 0.216462
vt 0.216679 0.217841
vt 0.198842 0.207233
vt 0.234738 0.219510
vt 0.218643 0.218598
vt 0.219523 0.218841
vt 0.231207 0.219885
vt 0.257556 0.157461
vt 0.406325 0.162253
vt 0.423681 0.184409
vt 0.413806 0.174048
vt 0.533221 0.057540
vt 0.505977 0.084826
vt 0.529497 0.106370
vt 0.527222 0.101736
vt 0.522423 0.095207
vt 0.531519 0.108632
vt 0.539826 0.123198
vt 0.545465 0.153908
vt 0.542111 0.127950
vt 0.559591 0.052173
vt 0.572610 0.047035
vt 0.635419 0.155825
vt 0.623775 0.135656
vt 0.625236 0.141514
vt 0.648953 0.135656
vt 0.670896 0.111822
vt 0.665650 0.118096
vt 0.692997 0.098092
vt 0.685319 0.101259
vt 0.717797 0.062318
vt 0.693466 0.097747
vt 0.718981 0.093093
vt 0.710179 0.092669
vt 0.719907 0.092968
vt 0.738013 0.097333
vt 0.732451 0.069762
vt 0.759744 0.074426
vt 0.767787 0.070174
vt 0.740215 0.073501
vt 0.741399 0.098309
vt 0.754558 0.110201
vt 0.751196 0.105915
vt 0.757237 0.112869
vt 0.766011 0.129096
vt 0.896149 0.073501
vt 0.903913 0.069762
vt 0.868577 0.070174
vt 0.876620 0.074426
vt 0.894774 0.132663
vt 0.893970 0.134956
vt 0.893728 0.137704
vt 0.893559 0.139613
vt 0.906969 0.154192
vt 0.901489 0.152299
vt 0.904229 0.153245
vt 0.893523 0.140618
vt 0.899404 0.150796
vt 0.897318 0.149294
vt 0.894050 0.142874
vt 0.901107 0.118096
vt 0.922675 0.102258
vt 0.920786 0.102841
vt 0.917847 0.104236
vt 0.914908 0.105632
vt 0.912220 0.107419
vt 0.907196 0.111316
vt 0.902969 0.115779
vt 0.894894 0.132032
vt 0.901073 0.118135
vt 0.899379 0.120888
vt 0.895421 0.129266
vt 0.912430 0.155507
vt 0.924673 0.155457
vt 0.926731 0.154913
vt 0.921530 0.155750
vt 0.918567 0.062318
vt 0.936247 0.047035
vt 0.947192 0.065994
vt 0.945997 0.068731
vt 0.946244 0.078731
vt 0.923794 0.101883
vt 0.944839 0.082389
vt 0.944947 0.088936
vt 0.941884 0.100661
vt 0.940913 0.100472
vt 0.938254 0.099957
vt 0.935404 0.099944
vt 0.929623 0.100420
vt 0.946411 0.102429
vt 0.945956 0.102356
vt 0.401963 0.154728
vt 0.393261 0.132216
vt 0.403038 0.089215
vt 0.411170 0.082331
vt 0.392696 0.117333
vt 0.394939 0.103244
vt 0.365182 0.081407
vt 0.377376 0.078730
vt 0.395762 0.060326
vt 0.396937 0.057679
vt 0.311070 0.118096
vt 0.305682 0.133412
vt 0.307496 0.131556
vt 0.308721 0.129071
vt 0.310533 0.123568
vt 0.308709 0.098326
vt 0.307956 0.096444
vt 0.311210 0.117268
vt 0.311700 0.114371
vt 0.311581 0.111233
vt 0.310011 0.101579
vt 0.346166 0.077086
vt 0.330337 0.057679
vt 0.169630 0.067574
vt 0.164104 0.063939
vt 0.158904 0.063312
vt 0.153178 0.062623
vt 0.146948 0.064843
vt 0.143718 0.065994
vt 0.154664 0.047035
vt 0.166070 0.051452
vt 0.178714 0.077465
vt 0.193813 0.057547
vt 0.215119 0.057679
vt 0.217270 0.096057
vt 0.215826 0.096372
vt 0.213080 0.097452
vt 0.183336 0.081333
vt 0.187586 0.085136
vt 0.210333 0.098532
vt 0.207889 0.100010
vt 0.191835 0.088939
vt 0.194756 0.094770
vt 0.199775 0.107210
vt 0.199126 0.108072
vt 0.203396 0.103304
vt 0.201348 0.105122
vt 0.218961 0.095791
vt 0.237500 0.096444
vt 0.236099 0.096064
vt 0.232643 0.095625
vt 0.225734 0.095228
vt 0.257657 0.144071
vt 0.260743 0.142827
vt 0.263124 0.141102
vt 0.263236 0.141021
vt 0.256898 0.156753
vt 0.244598 0.146849
vt 0.247226 0.146747
vt 0.914062 1.000000
vt 0.882812 1.000000
vt 0.851562 1.000000
vt 0.820312 1.000000
vt 0.414062 1.000000
vt 0.382812 1.000000
vt 0.351562 1.000000
vt 0.320312 1.000000
vt 0.238295 0.488847
vt 0.261705 0.488847
vt 0.273411 0.487694
vt 0.285116 0.486541
vt 0.296822 0.485388
vt 0.308077 0.481974
vt 0.319333 0.478560
vt 0.330588 0.253414
vt 0.352217 0.033814
vt 0.362590 0.039358
vt 0.372964 0.044903
vt 0.383337 0.050447
vt 0.392429 0.057909
vt 0.401521 0.065371
vt 0.410613 0.072833
vt 0.226589 0.487694
vt 0.427167 0.089387
vt 0.191923 0.481974
vt 0.203178 0.485388
vt 0.214884 0.486541
vt 0.434629 0.098479
vt 0.442091 0.107571
vt 0.449553 0.116663
vt 0.455097 0.127036
vt 0.460642 0.137410
vt 0.466186 0.147783
vt 0.180667 0.478560
vt 0.147783 0.466186
vt 0.169412 0.475145
vt 0.475145 0.169412
vt 0.116663 0.449553
vt 0.127036 0.455097
vt 0.478560 0.180667
vt 0.481974 0.191923
vt 0.485388 0.203178
vt 0.107571 0.442091
vt 0.486541 0.214884
vt 0.488847 0.238295
vt 0.089387 0.427167
vt 0.098479 0.434629
vt 0.050447 0.383337
vt 0.057909 0.392429
vt 0.033814 0.352217
vt 0.039358 0.362590
vt 0.044903 0.372964
vt 0.024855 0.330588
vt 0.014612 0.296822
vt 0.018026 0.308077
vt 0.013459 0.285116
vt 0.011153 0.261705
vt 0.031250 0.646003
vt 0.859375 0.609570
vt 0.846443 0.606724
vt 0.839035 0.608687
vt 0.788538 0.612913
vt 0.749760 0.608599
vt 0.702128 0.586284
vt 0.703125 0.587377
vt 0.687500 0.564826
vt 0.699400 0.582195
vt 0.697939 0.578602
vt 0.702129 0.564168
vt 0.699400 0.568257
vt 0.703482 0.559556
vt 0.717156 0.597731
vt 0.667709 0.567648
vt 0.656250 0.566251
vt 0.678223 0.566708
vt 0.640625 0.560691
vt 0.640291 0.536295
vt 0.638192 0.539751
vt 0.636985 0.544912
vt 0.639423 0.559632
vt 0.638192 0.558547
vt 0.635778 0.550073
vt 0.653144 0.565649
vt 0.641767 0.561698
vt 0.562500 0.513614
vt 0.562448 0.513617
vt 0.500650 0.500000
vt 0.358233 0.561602
vt 0.359375 0.560597
vt 0.343750 0.566277
vt 0.347020 0.565641
vt 0.361808 0.539712
vt 0.360423 0.559675
vt 0.361808 0.558458
vt 0.363015 0.544859
vt 0.324810 0.566887
vt 0.340358 0.566989
vt 0.332291 0.567550
vt 0.296875 0.563075
vt 0.293283 0.591314
vt 0.296875 0.587377
vt 0.281250 0.598545
vt 0.297872 0.564168
vt 0.306761 0.562863
vt 0.297871 0.586284
vt 0.300600 0.582195
vt 0.300600 0.568257
vt 0.302061 0.578602
vt 0.259250 0.606560
vt 0.215831 0.612898
vt 0.165346 0.609528
vt 0.171875 0.610320
vt 0.046875 1.000000
vt 0.085938 1.000000
vt 0.117188 1.000000
vt 0.148438 1.000000
vt 0.179688 1.000000
vt 0.585938 1.000000
vt 0.617188 1.000000
vt 0.648438 1.000000
vt 0.679688 1.000000
vt 0.953125 1.000000
vt 0.487694 0.273411
vt 0.485388 0.296822
vt 0.478560 0.319333
vt 0.273411 0.012306
vt 0.296822 0.014612
vt 0.319333 0.021440
vt 0.471731 0.341844
vt 0.460642 0.362590
vt 0.449553 0.383337
vt 0.434629 0.401521
vt 0.383337 0.449553
vt 0.362590 0.460642
vt 0.012306 0.226589
vt 0.014612 0.203178
vt 0.021440 0.180667
vt 0.039358 0.137410
vt 0.050447 0.116663
vt 0.065371 0.098479
vt 0.116663 0.050447
vt 0.137410 0.039358
vt 0.180667 0.021440
vt 0.203178 0.014612
vt 0.791882 0.651894
vt 0.919638 0.617159
vt 0.890625 0.611897
vt 0.898512 0.602250
vt 0.708117 0.585481
vt 0.578125 0.549608
vt 0.453125 0.515386
vt 0.359375 0.502133
vt 0.317274 0.500000
vt 0.311431 0.500000
vt 0.099800 0.580911
vt 0.093750 0.604114
vt 0.095779 0.601826
vt 0.081416 0.616293
vt 0.083656 0.560204
vt 0.013200 0.788754
vt 0.000000 0.794361
vt 0.002683 0.793511
vt 0.030149 0.778749
vt 0.046875 0.757774
vt 0.812500 0.753549
vt 0.843750 0.758763
vt 0.980528 0.785291
vt 0.984375 0.787421
vt 0.997316 0.793511
vt 1.000000 0.794361
vt 0.986799 0.788754
vt 0.919453 0.617336
vt 0.916222 0.560418
vt 0.903955 0.601822
vt 0.900126 0.581003
vt 0.828125 0.531532
vt 0.093750 0.604429
vt 0.095707 0.602207
vt 0.101950 0.602990
vt 0.081846 0.616263
vt 0.013508 0.790204
vt 0.000000 0.795923
vt 0.002744 0.795056
vt 0.030841 0.779998
vt 0.980083 0.786672
vt 0.984375 0.789043
vt 0.997256 0.795056
vt 1.000000 0.795923
vt 0.986492 0.790204
vt 0.615129 0.023017
vt 0.624898 0.179185
vt 0.618853 0.179880
vt 0.593750 0.160270
vt 0.588015 0.120417
vt 0.562500 0.091534
vt 0.540320 0.062500
vt 0.559013 0.088889
vt 0.539832 0.062965
vt 0.375000 0.185108
vt 0.343750 0.573266
vt 0.334385 0.547071
vt 0.333123 0.641138
vt 0.310922 0.437500
vt 0.310147 0.429716
vt 0.062500 0.837638
vt 0.000000 0.811746
vt 1.000000 0.811746
vt 0.937500 0.727220
vt 0.960168 0.062965
vt 0.940987 0.088889
vt 0.942865 0.041040
vt 0.935936 0.092954
vt 0.906250 0.127913
vt 0.897868 0.028974
vt 0.814741 0.320286
vt 0.685109 0.319846
vt 0.615243 0.023473
vt 0.576969 0.687500
vt 0.587092 0.120029
vt 0.541248 0.062500
vt 0.557577 0.088638
vt 0.540879 0.062850
vt 0.189510 0.386385
vt 0.189443 0.375000
vt 0.165710 0.250000
vt 0.157034 0.625000
vt 0.156250 0.573266
vt 0.177822 0.510146
vt 0.179811 0.500000
vt 0.147229 0.590656
vt 0.959121 0.062850
vt 0.937500 0.092350
vt 0.942423 0.088638
vt 0.942659 0.041864
vt 0.935961 0.093754
vt 0.906250 0.128602
vt 0.881710 0.179405
vt 0.898013 0.029550
vt 0.687500 0.606492
vt 0.480916 0.675128
vt 0.442993 0.651490
vt 0.375000 0.577826
vt 0.343750 0.546395
vt 0.283007 0.450175
vt 0.250000 0.408518
vt 0.165710 0.287159
vt 0.864301 0.307511
vt 0.867295 0.302478
vt 0.810489 0.500000
vt 0.658364 0.348019
vt 0.662480 0.354726
vt 0.136524 0.562500
vt 0.033396 0.666442
vt 0.937500 0.585516
vt 0.876212 0.939819
vt 0.875000 0.572569
vt 0.875000 0.960056
vt 0.858615 0.923481
vt 0.843750 0.919154
vt 0.869631 0.968520
vt 0.822222 0.926852
vt 0.812500 0.937530
vt 0.843467 0.978929
vt 0.812500 0.960713
vt 0.817421 0.968520
vt 0.781250 0.557080
vt 0.811012 0.939819
vt 0.565569 0.926852
vt 0.562500 0.585516
vt 0.563093 0.585523
vt 0.573627 0.939819
vt 0.563405 0.997221
vt 0.578364 0.953888
vt 0.573628 0.983152
vt 0.540306 0.906160
vt 0.531250 0.902255
vt 0.559412 1.000000
vt 0.504693 0.896501
vt 0.500000 0.896248
vt 0.527765 0.900879
vt 0.510102 0.897068
vt 0.472235 0.900879
vt 0.468750 0.902255
vt 0.468750 0.590863
vt 0.476992 0.899229
vt 0.495307 0.896501
vt 0.437500 0.923701
vt 0.437500 0.584697
vt 0.440588 1.000000
vt 0.436595 0.997221
vt 0.434432 0.926852
vt 0.426372 0.983152
vt 0.426373 0.939819
vt 0.421636 0.953888
vt 0.421264 0.968520
vt 0.188988 0.939819
vt 0.187500 0.937530
vt 0.187500 0.960714
vt 0.156494 0.919154
vt 0.156250 0.919154
vt 0.182579 0.968520
vt 0.156250 0.978929
vt 0.135026 0.971821
vt 0.125000 0.960056
vt 0.125000 0.937940
vt 0.125000 0.574892
vt 0.312275 0.040346
vt 0.337395 0.026919
vt 0.162605 0.026919
vt 0.187725 0.040346
vt 0.281748 0.049607
vt 0.218252 0.049607
vt 0.891310 0.993013
vt 0.816125 0.992823
vt 0.843750 0.992829
vt 0.757270 0.992972
vt 0.343750 0.996228
vt 0.000000 0.994100
vt 0.957039 0.316077
vt 0.964359 0.352877
vt 0.971731 0.341844
vt 0.980866 0.295922
vt 0.980866 0.204078
vt 0.932971 0.280056
vt 0.880775 0.054282
vt 0.896950 0.255987
vt 0.841844 0.028269
vt 0.704078 0.019134
vt 0.854460 0.247536
vt 0.811970 0.255987
vt 0.658156 0.028269
vt 0.619225 0.054282
vt 0.580294 0.080294
vt 0.775949 0.280056
vt 0.533542 0.201761
vt 0.557610 0.165740
vt 0.841844 0.471731
vt 0.847198 0.468154
vt 0.811970 0.461147
vt 0.704078 0.480866
vt 0.795922 0.480866
vt 0.775949 0.437078
vt 0.554282 0.380775
vt 0.580294 0.419706
vt 0.619225 0.445718
vt 0.751881 0.401057
vt 0.528269 0.341844
vt 0.533542 0.286741
vt 0.557610 0.322762
vt 0.593632 0.346831
vt 0.636121 0.355282
vt 0.593632 0.141671
vt 0.678611 0.346831
vt 0.743428 0.358567
vt 0.714632 0.322762
vt 0.751880 0.316077
vt 0.748726 0.246410
vt 0.746800 0.246027
vt 0.738701 0.286741
vt 0.791216 0.237958
vt 0.827237 0.213889
vt 0.636121 0.133220
vt 0.638048 0.133603
vt 0.646146 0.092888
vt 0.851305 0.177868
vt 0.670215 0.056867
vt 0.706236 0.032799
vt 0.859757 0.135378
vt 0.851306 0.092888
vt 0.748726 0.024347
vt 0.827237 0.056867
vt 0.933203 0.500000
vt 0.812500 0.501495
vt 0.500000 0.501113
vt 0.531250 0.501154
vt 0.469084 0.501100
vt 0.057953 0.994688
vt 0.182891 0.995833
vt 0.657951 0.993764
vt 0.734508 0.993071
vt 0.789827 0.992838
vt 0.856003 0.992867
vt 0.975171 0.993724
vt 0.751519 0.996702
vt 0.127282 0.992541
vt 0.125000 0.992547
vt 0.156250 0.992560
vt 0.149386 0.992541
vt 0.131118 0.992531
vt 0.133561 0.992526
vt 0.145503 0.992531
vt 0.143036 0.992526
vt 0.135378 0.992523
vt 0.136895 0.992522
vt 0.141205 0.992523
vt 0.560603 0.327997
vt 0.535999 0.292015
vt 0.842153 0.471524
vt 0.815865 0.466292
vt 0.781503 0.443446
vt 0.596150 0.351630
vt 0.637462 0.359853
vt 0.757718 0.408663
vt 0.748321 0.366693
vt 0.678773 0.351630
vt 0.714320 0.327997
vt 0.755255 0.323669
vt 0.778018 0.286340
vt 0.813401 0.260947
vt 0.750067 0.250913
vt 0.748210 0.250543
vt 0.738924 0.292015
vt 0.792689 0.242429
vt 0.855801 0.251943
vt 0.829364 0.218046
vt 0.898201 0.260947
vt 0.854749 0.180923
vt 0.933583 0.286340
vt 0.864779 0.136129
vt 0.956346 0.323669
vt 0.961696 0.356862
vt 0.857377 0.090210
vt 0.533451 0.204093
vt 0.556999 0.165478
vt 0.593601 0.139209
vt 0.636321 0.130137
vt 0.642757 0.090210
vt 0.667051 0.050370
vt 0.704814 0.023269
vt 0.833083 0.050370
vt 0.795320 0.023269
vt 0.968750 0.501656
vt 0.824555 0.500000
vt 0.218750 0.501972
vt 0.218750 0.501965
vt 0.039186 0.993071
vt 0.102287 0.992606
vt 0.157281 0.992563
vt 0.234121 0.993062
vt 0.350918 0.994697
vt 0.431732 0.995833
vt 0.912782 0.994856
vt 0.981777 0.993819
vt 0.821730 0.995833
vt 0.812500 0.995809
vt 0.564511 0.992846
vt 0.506898 0.992607
vt 0.531250 0.992631
vt 0.530401 0.992630
vt 0.456942 0.992681
vt 0.327254 0.993996
vt 0.272690 0.994697
vt 0.125000 0.996350
vt 0.966765 0.335524
vt 0.962870 0.355105
vt 0.958313 0.293034
vt 0.934245 0.257013
vt 0.811020 0.022138
vt 0.828511 0.033825
vt 0.852580 0.069846
vt 0.898224 0.232944
vt 0.861032 0.112336
vt 0.852580 0.154826
vt 0.855734 0.224493
vt 0.828511 0.190847
vt 0.813244 0.232944
vt 0.792490 0.214915
vt 0.777223 0.257013
vt 0.750000 0.223367
vt 0.748073 0.222984
vt 0.739975 0.263698
vt 0.753154 0.293034
vt 0.744703 0.335524
vt 0.715906 0.299719
vt 0.753154 0.378014
vt 0.679885 0.323788
vt 0.777223 0.414035
vt 0.637395 0.332240
vt 0.813244 0.438104
vt 0.594905 0.323788
vt 0.880775 0.445718
vt 0.889605 0.439818
vt 0.855734 0.446555
vt 0.688980 0.022138
vt 0.671489 0.033825
vt 0.558884 0.299719
vt 0.637395 0.110177
vt 0.639322 0.110560
vt 0.647420 0.069846
vt 0.534815 0.263698
vt 0.526363 0.221208
vt 0.594905 0.118628
vt 0.899162 0.500000
vt 0.562500 0.501302
vt 0.458476 0.500000
vt 0.281250 0.501495
vt 0.281250 0.501365
vt 0.175604 0.995843
vt 0.413410 0.992985
vt 0.469599 0.992630
vt 0.478643 0.992616
vt 0.486189 0.992609
vt 0.537542 0.992644
vt 0.657957 0.993764
vt 0.723189 0.994641
vt 0.750000 0.133206
vt 0.689855 0.109383
vt 0.625000 0.486302
vt 0.562500 0.485900
vt 0.553845 0.090371
vt 0.481203 0.094820
vt 0.427274 0.117501
vt 0.381606 0.137421
vt 0.351671 0.167879
vt 0.319806 0.188911
vt 0.298057 0.219630
vt 0.250885 0.262322
vt 0.168546 0.312500
vt 0.134966 0.323354
vt 0.137059 0.713666
vt 0.062500 0.822058
vt 0.087715 0.331524
vt 0.093750 0.700889
vt 0.040108 0.330935
vt 0.993086 0.320220
vt 0.988949 0.750000
vt 1.000000 0.738703
vt 0.937500 0.295092
vt 0.901766 0.269977
vt 0.856417 0.229434
vt 0.829902 0.210033
vt 0.773477 0.157916
vt 0.735511 0.020519
vt 0.708857 0.022927
vt 0.679359 0.029935
vt 0.634892 0.098522
vt 0.593750 0.191190
vt 0.605085 0.174330
vt 0.568671 0.250000
vt 0.545884 0.294345
vt 0.511051 0.750000
vt 0.509203 0.332332
vt 0.468750 0.354367
vt 0.445418 0.359490
vt 0.400882 0.366513
vt 0.356098 0.365297
vt 0.312373 0.352851
vt 0.271259 0.331267
vt 0.250000 0.315402
vt 0.215772 0.274501
vt 0.176020 0.179040
vt 0.156626 0.125000
vt 0.149031 0.104855
vt 0.124018 0.066692
vt 0.083473 0.026022
vt 0.043485 0.013562
vt 0.012782 0.011371
vt 0.981837 0.010152
vt 0.937500 0.706041
vt 0.944701 0.500000
vt 0.950744 0.009523
vt 0.919543 0.009328
vt 0.906250 0.455537
vt 0.888244 0.009523
vt 0.856837 0.010152
vt 0.875000 0.486303
vt 0.825282 0.011370
vt 0.761194 0.017723
vt 0.727034 0.351723
vt 0.681617 0.342044
vt 0.638160 0.321953
vt 0.615916 0.311151
vt 0.575516 0.273197
vt 0.562500 0.246257
vt 0.531250 0.203021
vt 0.500000 0.159904
vt 0.496702 0.157422
vt 0.468750 0.112484
vt 0.434018 0.090585
vt 0.376569 0.056222
vt 0.343750 0.369219
vt 0.312500 0.361606
vt 0.156250 0.891357
vt 0.156250 0.369219
vt 0.105299 0.062500
vt 0.065982 0.090585
vt 0.000000 0.159904
vt 0.003298 0.157422
vt 0.019627 0.125000
vt 0.976696 0.187500
vt 0.962407 0.220490
vt 0.968750 0.203022
vt 0.924484 0.273198
vt 0.875000 0.312954
vt 0.902609 0.289183
vt 0.841484 0.337420
vt 0.772966 0.351723
vt 0.442814 0.385122
vt 0.246147 0.028704
vt 0.138890 0.138890
vt 0.093916 0.185348
vt 0.028644 0.253552
vt 0.057186 0.385122
vt 0.566312 0.391219
vt 0.557185 0.385120
vt 0.919706 0.419706
vt 0.942815 0.385120
vt 0.933688 0.391219
vt 0.658156 0.409488
vt 0.336875 0.027281
vt 0.989931 0.250345
vt 0.836875 0.027281
vt 0.877944 0.054722
vt 0.929969 0.132584
vt 0.253854 0.471296
vt 0.406083 0.314652
vt 0.029705 0.341249
vt 0.511009 0.244927
vt 0.253853 0.471297
vt 0.406084 0.314652
vt 0.484850 0.275889
vt 0.237013 0.012583
vt 0.984850 0.275889
vt 0.737013 0.012583
vt 0.800297 0.054868
vt 0.930184 0.184754
vt 0.340089 0.467495
vt 0.363216 0.457451
vt 0.246146 0.028704
vt 0.138890 0.138890
vt 0.028644 0.253552
vt 0.658371 0.461659
vt 0.636601 0.457328
vt 0.863216 0.457451
vt 0.842059 0.461659
vt 0.136601 0.457328
vt 0.406084 0.314652
vt 0.471497 0.246236
vt 0.028953 0.158440
vt 0.519999 0.199731
vt 0.451091 0.333295
vt 0.476001 0.320377
vt 0.222154 0.046981
vt 0.167271 0.050274
vt 0.170129 0.057174
vt 0.167271 0.050275
vt 0.939406 0.269584
vt 0.976001 0.320377
vt 0.585443 0.076854
vt 0.642132 0.087153
vt 0.811024 0.151215
vt 0.888282 0.198627
vt 0.184400 0.091628
vt 0.093917 0.185348
vt 0.031017 0.250000
vt 0.022508 0.261600
s 0
usemtl MetallicGray
f 1850/1/1 3893/2/1 3894/3/1
f 75/4/2 1850/1/2 2587/5/2
f 1302/6/3 2046/7/3 2830/8/3
f 4255/9/4 1399/10/4 4256/11/4
f 75/4/5 2587/5/5 4077/12/5
f 3767/13/6 3958/14/6 3959/15/6
f 1302/6/7 2830/8/7 2943/16/7
f 3054/17/8 4261/18/8 4257/19/8
f 2603/20/9 4189/21/9 4190/22/9
f 1574/23/10 3104/24/10 3270/25/10
f 1616/26/11 3131/27/11 3329/28/11
f 1664/29/12 3169/30/12 3344/31/12
f 1688/32/13 3198/33/13 3356/34/13
f 1701/35/14 3236/36/14 3276/37/14
f 3298/38/15 3347/39/15 1723/40/15
f 3296/41/16 3362/42/16 3298/38/16
f 3276/37/17 3367/43/17 3296/41/17
f 3298/38/18 3362/42/18 3347/39/18
f 3362/42/19 3349/44/19 3347/39/19
f 3296/41/20 3367/43/20 3362/42/20
f 3367/43/21 3368/45/21 3362/42/21
f 3362/42/22 3368/45/22 3349/44/22
f 3368/45/23 3356/46/23 3349/44/23
f 3276/37/24 3236/36/24 3367/43/24
f 3236/36/25 3225/47/25 3367/43/25
f 3367/43/26 3225/47/26 3368/45/26
f 3225/47/27 3222/48/27 3368/45/27
f 3368/45/28 3222/48/28 3356/46/28
f 3222/48/29 1688/32/29 3356/46/29
f 3347/49/30 3332/50/30 1723/51/30
f 3349/52/31 3378/53/31 3347/49/31
f 3356/34/32 3381/54/32 3349/52/32
f 3347/49/33 3378/53/33 3332/50/33
f 3378/53/34 3335/55/34 3332/50/34
f 3349/52/35 3381/54/35 3378/53/35
f 3381/54/36 3384/56/36 3378/53/36
f 3378/53/37 3384/56/37 3335/55/37
f 3384/56/38 3344/57/38 3335/55/38
f 3356/34/39 3198/33/39 3381/54/39
f 3198/33/40 3193/58/40 3381/54/40
f 3381/54/41 3193/58/41 3384/56/41
f 3193/58/42 3182/59/42 3384/56/42
f 3384/56/43 3182/59/43 3344/57/43
f 3182/59/44 1664/29/44 3344/57/44
f 3332/60/45 3309/61/45 1723/62/45
f 3335/63/46 3392/64/46 3332/60/46
f 3344/31/47 3395/65/47 3335/63/47
f 3332/60/48 3392/64/48 3309/61/48
f 3392/64/49 3317/66/49 3309/61/49
f 3335/63/50 3395/65/50 3392/64/50
f 3395/65/51 3399/67/51 3392/64/51
f 3392/64/52 3399/67/52 3317/66/52
f 3399/67/53 3329/68/53 3317/66/53
f 3344/31/54 3169/30/54 3395/65/54
f 3169/30/55 3154/69/55 3395/65/55
f 3395/65/56 3154/69/56 3399/67/56
f 3154/69/57 3143/70/57 3399/67/57
f 3399/67/58 3143/70/58 3329/68/58
f 3143/70/59 1616/71/59 3329/68/59
f 3309/72/60 3249/73/60 1723/74/60
f 3317/75/61 3409/76/61 3309/72/61
f 3329/28/62 3411/77/62 3317/75/62
f 3309/72/63 3409/76/63 3249/73/63
f 3409/76/64 3263/78/64 3249/73/64
f 3317/75/65 3411/77/65 3409/76/65
f 3411/77/66 3419/79/66 3409/76/66
f 3409/76/67 3419/79/67 3263/78/67
f 3419/79/68 3270/80/68 3263/78/68
f 3329/28/69 3131/27/69 3411/77/69
f 3131/27/70 3123/81/70 3411/77/70
f 3411/77/71 3123/81/71 3419/79/71
f 3123/81/72 3113/82/72 3419/79/72
f 3419/79/73 3113/82/73 3270/80/73
f 3113/82/74 1574/23/74 3270/80/74
f 3249/83/75 3298/84/75 1723/85/75
f 3263/86/76 3422/87/76 3249/83/76
f 3270/25/77 3428/88/77 3263/86/77
f 3249/83/78 3422/87/78 3298/84/78
f 3422/87/79 3296/89/79 3298/84/79
f 3263/86/80 3428/88/80 3422/87/80
f 3428/88/81 3430/90/81 3422/87/81
f 3422/87/82 3430/90/82 3296/89/82
f 3430/90/83 3276/91/83 3296/89/83
f 3270/25/84 3104/24/84 3428/88/84
f 3104/24/85 3089/92/85 3428/88/85
f 3428/88/86 3089/92/86 3430/90/86
f 3089/92/87 3084/93/87 3430/90/87
f 3430/90/88 3084/93/88 3276/91/88
f 3084/93/89 1701/35/89 3276/91/89
f 2673/94/90 3236/36/90 1701/35/90
f 2665/95/91 3437/96/91 2673/94/91
f 2665/95/92 2603/20/92 3444/97/92
f 2673/94/93 3437/96/93 3236/36/93
f 3437/96/94 3225/47/94 3236/36/94
f 2665/95/95 3444/97/95 3437/96/95
f 3444/97/96 3447/98/96 3437/96/96
f 3437/96/97 3447/98/97 3225/47/97
f 3447/98/98 3222/48/98 3225/47/98
f 3444/97/99 4191/99/99 4194/100/99
f 3034/101/100 4193/102/100 4197/103/100
f 3444/97/101 3034/101/101 3447/98/101
f 3034/101/102 3019/104/102 3447/98/102
f 3447/98/103 3019/104/103 3222/48/103
f 3019/104/104 1688/32/104 3222/48/104
f 3072/105/105 3198/33/105 1688/32/105
f 3058/106/106 3452/107/106 3072/105/106
f 3054/17/107 3455/108/107 3058/106/107
f 3072/105/108 3452/107/108 3198/33/108
f 3452/107/109 3193/58/109 3198/33/109
f 3058/106/110 3455/108/110 3452/107/110
f 3455/108/111 3458/109/111 3452/107/111
f 3452/107/112 3458/109/112 3193/58/112
f 3458/109/113 3182/59/113 3193/58/113
f 4262/110/114 3455/108/114 4258/111/114
f 2920/112/115 3455/108/115 4265/113/115
f 3455/108/116 2920/112/116 3458/109/116
f 2920/112/117 2897/114/117 3458/109/117
f 3458/109/118 2897/114/118 3182/59/118
f 2897/114/119 1664/29/119 3182/59/119
f 2996/115/120 3169/30/120 1664/29/120
f 2986/116/121 3464/117/121 2996/115/121
f 2943/16/122 3465/118/122 2986/116/122
f 2996/115/123 3464/117/123 3169/30/123
f 3464/117/124 3154/69/124 3169/30/124
f 2986/116/125 3465/118/125 3464/117/125
f 3465/118/126 3469/119/126 3464/117/126
f 3464/117/127 3469/119/127 3154/69/127
f 3469/119/128 3143/70/128 3154/69/128
f 2943/16/129 2830/8/129 3465/118/129
f 2830/8/130 2828/120/130 3465/118/130
f 3465/118/131 2828/120/131 3469/119/131
f 2828/120/132 2798/121/132 3469/119/132
f 3469/119/133 2798/121/133 3143/70/133
f 2798/121/134 1616/71/134 3143/70/134
f 2871/122/135 3131/27/135 1616/26/135
f 2862/123/136 3471/124/136 2871/122/136
f 3476/125/137 3967/126/137 3964/127/137
f 2871/122/138 3471/124/138 3131/27/138
f 3471/124/139 3123/81/139 3131/27/139
f 2862/123/140 3476/125/140 3471/124/140
f 3476/125/141 3478/128/141 3471/124/141
f 3471/124/142 3478/128/142 3123/81/142
f 3478/128/143 3113/82/143 3123/81/143
f 3771/129/144 3770/130/144 3969/131/144
f 2716/132/145 3778/133/145 3775/134/145
f 3476/125/146 2716/132/146 3478/128/146
f 2716/132/147 2703/135/147 3478/128/147
f 3478/128/148 2703/135/148 3113/82/148
f 2703/135/149 1574/23/149 3113/82/149
f 2770/136/150 3104/24/150 1574/23/150
f 2762/137/151 3481/138/151 2770/136/151
f 3485/139/152 4085/140/152 4086/141/152
f 2770/136/153 3481/138/153 3104/24/153
f 3481/138/154 3089/92/154 3104/24/154
f 2762/137/155 3485/139/155 3481/138/155
f 3485/139/156 3487/142/156 3481/138/156
f 3481/138/157 3487/142/157 3089/92/157
f 3487/142/158 3084/93/158 3089/92/158
f 2587/5/159 4081/143/159 4087/144/159
f 2587/5/160 2563/145/160 3485/139/160
f 3485/139/161 2563/145/161 3487/142/161
f 2563/145/162 2519/146/162 3487/142/162
f 3487/142/163 2519/146/163 3084/93/163
f 2519/146/164 1701/35/164 3084/93/164
f 3019/104/165 3072/105/165 1688/32/165
f 3034/101/166 3492/147/166 3019/104/166
f 3034/101/167 4198/148/167 4201/149/167
f 3019/104/168 3492/147/168 3072/105/168
f 3492/147/169 3058/106/169 3072/105/169
f 3492/147/170 4205/150/170 4204/151/170
f 4206/152/171 3496/153/171 4202/154/171
f 3492/147/172 3496/153/172 3058/106/172
f 3496/153/173 3054/17/173 3058/106/173
f 4208/155/174 4209/156/174 2434/157/174
f 3496/153/175 4212/158/175 4210/159/175
f 3496/153/176 2434/157/176 2389/160/176
f 3496/153/177 2389/160/177 3054/17/177
f 3054/17/178 2389/160/178 1399/10/178
f 2897/114/179 2996/115/179 1664/29/179
f 2920/112/180 3502/161/180 2897/114/180
f 2920/112/181 4270/162/181 4271/163/181
f 2897/114/182 3502/161/182 2996/115/182
f 3502/161/183 2986/116/183 2996/115/183
f 3502/161/184 4269/164/184 4274/165/184
f 4276/166/185 3502/161/185 4277/167/185
f 2986/116/186 3502/161/186 3506/168/186
f 2986/116/187 3506/168/187 2943/16/187
f 3506/168/188 4275/169/188 4280/170/188
f 2247/171/189 3506/168/189 4283/172/189
f 2943/16/190 3506/168/190 2247/171/190
f 2943/16/191 2247/171/191 1302/6/191
f 2798/121/192 2871/173/192 1616/71/192
f 2828/120/193 3510/174/193 2798/121/193
f 2830/8/194 3511/175/194 2828/120/194
f 2798/121/195 3510/174/195 2871/173/195
f 3510/174/196 2862/176/196 2871/173/196
f 2828/120/197 3511/175/197 3510/174/197
f 3510/174/198 3973/177/198 3974/178/198
f 3510/174/199 3982/179/199 3977/180/199
f 2862/176/200 3988/181/200 3986/182/200
f 2830/8/201 2046/7/201 3511/175/201
f 3511/175/202 2046/7/202 2014/183/202
f 3511/175/203 3992/184/203 3989/185/203
f 2014/183/204 3995/186/204 3996/187/204
f 2703/135/205 2770/136/205 1574/23/205
f 2716/132/206 3517/188/206 2703/135/206
f 2716/132/207 3782/189/207 3780/190/207
f 2703/135/208 3517/188/208 2770/136/208
f 3517/188/209 2762/137/209 2770/136/209
f 2716/132/210 3788/191/210 3785/192/210
f 3517/188/211 3791/193/211 4090/194/211
f 2762/137/212 4096/195/212 4099/196/212
f 2762/137/213 4101/197/213 4103/198/213
f 3791/193/214 4106/199/214 4089/200/214
f 4108/201/215 75/4/215 4109/202/215
f 2519/146/216 2673/94/216 1701/35/216
f 2563/145/217 3525/203/217 2519/146/217
f 2587/5/218 3527/204/218 2563/145/218
f 2519/146/219 3525/203/219 2673/94/219
f 3525/203/220 2665/95/220 2673/94/220
f 2563/145/221 3527/204/221 3525/203/221
f 3527/204/222 3531/205/222 3525/203/222
f 3525/203/223 3531/205/223 2665/95/223
f 2665/95/224 3531/205/224 2603/20/224
f 2587/5/225 1850/1/225 3527/204/225
f 1850/1/226 1845/206/226 3527/204/226
f 3527/204/227 1845/206/227 3531/205/227
f 4216/207/228 3531/205/228 4218/208/228
f 2603/20/229 3531/205/229 4222/209/229
f 4188/210/230 2603/20/230 4221/211/230
f 1912/212/231 4223/213/231 4224/214/231
f 4322/215/232 3536/216/232 4321/217/232
f 2434/157/233 4209/156/233 4225/218/233
f 3536/216/234 4228/219/234 4230/220/234
f 3536/216/235 4233/221/235 4232/222/235
f 3538/223/236 4238/224/236 4235/225/236
f 2389/160/237 2434/157/237 3538/223/237
f 3536/216/238 4327/226/238 4326/227/238
f 4329/228/239 2143/229/239 4325/230/239
f 3538/223/240 3536/216/240 2143/229/240
f 2128/231/241 3538/223/241 2143/229/241
f 2389/160/242 3538/223/242 2128/231/242
f 4288/232/243 2389/160/243 4290/233/243
f 4287/234/244 4256/11/244 1399/10/244
f 4292/235/245 2128/236/245 4291/237/245
f 2128/236/246 2143/238/246 4296/239/246
f 4330/240/247 3546/241/247 4328/242/247
f 2128/236/248 4299/243/248 4293/244/248
f 2143/238/249 4302/245/249 4303/246/249
f 3546/241/250 4308/247/250 4307/248/250
f 2247/171/251 4310/249/251 4309/250/251
f 4333/251/252 3546/241/252 4334/252/252
f 1965/253/253 3546/241/253 4337/254/253
f 3546/241/254 1965/253/254 4314/255/254
f 1965/253/255 4315/256/255 4316/257/255
f 1956/258/256 4320/259/256 4319/260/256
f 1302/6/257 2247/171/257 1956/258/257
f 1956/261/258 2046/7/258 1302/6/258
f 1965/262/259 3551/263/259 1956/261/259
f 3554/264/260 1965/262/260 4339/265/260
f 1956/261/261 3551/263/261 2046/7/261
f 2046/7/262 3825/266/262 3832/267/262
f 1965/262/263 3554/264/263 3551/263/263
f 3554/264/264 3842/268/264 3835/269/264
f 3844/270/265 3819/271/265 3843/272/265
f 3551/263/266 3847/273/266 3846/274/266
f 3994/275/267 3853/276/267 3852/277/267
f 4344/278/268 3554/264/268 4343/279/268
f 4347/280/269 3795/281/269 3554/264/269
f 3798/282/270 3863/283/270 3858/284/270
f 3864/285/271 3802/286/271 3866/287/271
f 3998/288/272 3999/289/272 3867/290/272
f 1845/206/273 4242/291/273 4244/292/273
f 1850/1/274 3561/293/274 1845/206/274
f 3559/294/275 4245/295/275 4241/296/275
f 4248/297/276 1912/298/276 4246/299/276
f 3559/294/277 4251/300/277 4249/301/277
f 1845/206/278 3561/293/278 3559/294/278
f 4348/302/279 3559/294/279 4349/303/279
f 4254/304/280 4351/305/280 4253/306/280
f 1912/298/281 4355/307/281 4354/308/281
f 1850/1/282 3905/309/282 3903/310/282
f 1764/311/283 3913/312/283 3909/313/283
f 4356/314/284 3561/293/284 4357/315/284
f 1764/311/285 4358/316/285 4360/317/285
f 3810/318/286 3806/319/286 4362/320/286
f 3809/321/287 3565/322/287 3812/323/287
f 3812/323/288 3565/322/288 3813/324/288
f 4110/325/289 3914/326/289 4111/327/289
f 3565/322/290 4364/328/290 4365/329/290
f 4368/330/291 1764/331/291 4367/332/291
f 1764/331/292 3923/333/292 3818/334/292
f 1764/331/293 3927/335/293 3926/336/293
f 3931/337/294 3934/338/294 4113/339/294
f 5176/340/295 1268/341/295 5010/342/295
f 5175/343/296 1544/344/296 5102/345/296
f 5174/346/297 1659/347/297 4965/348/297
f 5173/349/298 1675/350/298 4966/351/298
f 5172/352/299 1728/353/299 5095/354/299
f 5171/355/300 1734/356/300 5067/357/300
f 5170/358/301 1755/359/301 4967/360/301
f 5169/361/302 1794/362/302 4958/363/302
f 5168/364/303 1800/365/303 5103/366/303
f 5167/367/304 1812/368/304 5011/369/304
f 5166/370/305 1869/371/305 5025/372/305
f 5165/373/306 1891/374/306 4988/375/306
f 5164/376/307 1950/377/307 5052/378/307
f 5163/379/308 1974/380/308 5068/381/308
f 5162/382/309 2030/383/309 5053/384/309
f 5161/385/310 2124/386/310 4996/387/310
f 5160/388/311 2206/389/311 5054/390/311
f 5159/391/312 2297/392/312 4925/393/312
f 5158/394/313 2380/395/313 4997/396/313
f 5157/397/314 2491/398/314 4968/399/314
f 5156/400/315 2538/401/315 4944/402/315
f 5155/403/316 2635/404/316 4969/405/316
f 5154/406/317 2671/407/317 5077/408/317
f 5153/409/318 2729/410/318 4926/411/318
f 5152/412/319 2733/413/319 5026/414/319
f 5151/415/320 2790/416/320 5069/417/320
f 5150/418/321 2815/419/321 5078/420/321
f 5149/421/322 2837/422/322 5034/423/322
f 5148/424/323 2883/425/323 4989/426/323
f 5147/427/324 2927/428/324 5079/429/324
f 5146/433/326 2962/434/326 4959/435/326
f 5145/436/327 1134/437/327 5043/438/327
f 2066/439/328 3807/440/328 3806/441/328
f 3665/442/329 3782/443/329 3779/444/329
f 3775/445/330 3667/446/330 3324/447/330
f 3669/448/331 3599/449/331 3733/450/331
f 3671/451/332 3595/452/332 3732/453/332
f 3673/454/333 3591/455/333 3731/456/333
f 3676/457/334 3587/458/334 3730/459/334
f 3677/460/335 3583/461/335 3729/462/335
f 3728/463/336 3274/464/336 3579/465/336
f 3681/466/337 3575/467/337 3727/468/337
f 3682/469/338 3572/470/338 3726/471/338
f 3683/472/339 3568/473/339 3725/474/339
f 3684/475/340 3564/476/340 3724/477/340
f 3685/478/341 3560/479/341 3723/480/341
f 3686/481/342 3552/482/342 3722/483/342
f 3687/484/343 3544/485/343 3721/486/343
f 3688/487/344 3533/488/344 3720/489/344
f 3689/490/345 3524/491/345 3719/492/345
f 3690/493/346 3519/494/346 3718/495/346
f 3691/496/347 3509/497/347 3717/498/347
f 3692/499/348 3500/500/348 3716/501/348
f 3693/502/349 3493/503/349 3715/504/349
f 3694/505/350 3483/506/350 3714/507/350
f 3695/508/351 3474/509/351 3713/510/351
f 3696/511/352 3461/512/352 3712/513/352
f 3697/514/353 3454/515/353 3711/516/353
f 3698/517/354 3440/518/354 3710/519/354
f 3699/520/355 3424/521/355 3709/522/355
f 3700/523/356 3406/524/356 3708/525/356
f 3701/526/357 3390/527/357 3707/528/357
f 3702/529/358 3376/530/358 3706/531/358
f 3703/532/359 3358/533/359 3705/534/359
f 3781/535/360 3704/536/360 3783/537/360
f 3782/538/360 3704/536/360 3780/539/360
f 3788/540/359 3358/533/359 3785/541/359
f 3784/542/359 3705/534/359 3788/540/359
f 2999/543/359 3705/534/359 3784/542/359
f 3786/544/358 3706/531/358 3790/545/358
f 3785/541/358 3706/531/358 3787/546/358
f 3021/547/358 3706/531/358 3358/533/358
f 3789/548/357 3390/527/357 3793/549/357
f 3790/545/357 3707/528/357 3789/548/357
f 3024/550/357 3707/528/357 3376/530/357
f 3791/551/356 3708/525/356 4115/552/356
f 3708/525/356 3793/549/356 3390/527/356
f 3040/553/356 3708/525/356 3390/527/356
f 3709/522/355 4116/554/355 4117/555/355
f 3406/524/355 4117/555/355 4118/556/355
f 3053/557/355 3709/522/355 3406/524/355
f 3710/519/354 4122/558/354 4120/559/354
f 4124/560/354 3424/521/354 4123/561/354
f 3065/562/354 3710/519/354 3424/521/354
f 4127/563/353 3711/516/353 4125/564/353
f 4122/558/353 3711/516/353 4126/565/353
f 3074/566/353 3711/516/353 3440/518/353
f 4129/567/352 3712/513/352 4128/568/352
f 3454/515/352 4130/569/352 4131/570/352
f 3079/571/352 3712/513/352 3454/515/352
f 3938/572/361 4137/573/361 4141/574/361
f 3939/575/362 4110/576/362 4138/577/362
f 3461/512/351 4144/578/351 4143/579/351
f 3099/580/351 3713/510/351 3461/512/351
f 3483/506/350 3942/581/350 3943/582/350
f 3474/509/363 3940/583/363 3945/584/363
f 3101/585/350 3714/507/350 3474/509/350
f 3493/503/349 3818/586/349 3950/587/349
f 3483/506/364 3956/588/364 3957/589/364
f 3112/590/349 3715/504/349 3483/506/349
f 3500/500/348 3817/591/348 3716/501/348
f 3716/501/348 3818/586/348 3493/503/348
f 3116/592/348 3716/501/348 3493/503/348
f 3509/497/347 3815/593/347 3717/498/347
f 3717/498/347 3816/594/347 3500/500/347
f 3128/595/347 3717/498/347 3500/500/347
f 3519/494/346 3808/596/346 3718/495/346
f 3509/497/365 3809/597/365 3812/598/365
f 3136/599/346 3718/495/346 3509/497/346
f 3811/600/366 3524/491/366 2066/601/366
f 3719/492/366 3810/602/366 3519/494/366
f 3150/603/345 3719/492/345 3519/494/345
f 3720/489/344 3805/604/344 3804/605/344
f 3807/606/344 3524/491/344 3720/489/344
f 3164/607/344 3720/489/344 3524/491/344
f 3797/608/343 3721/486/343 3796/609/343
f 3533/488/343 3803/610/343 3805/604/343
f 3172/611/343 3721/486/343 3533/488/343
f 3794/612/342 3722/483/342 3800/613/342
f 3544/485/342 3795/614/342 3796/609/342
f 3187/615/342 3722/483/342 3544/485/342
f 3798/616/367 3723/480/367 3802/617/367
f 3552/482/341 3799/618/341 3800/613/341
f 3206/619/341 3723/480/341 3552/482/341
f 3724/477/368 3872/620/368 3869/621/368
f 3866/622/340 3801/623/340 3870/624/340
f 3802/617/368 3877/625/368 3879/626/368
f 3210/627/340 3724/477/340 3560/479/340
f 3725/474/339 3882/628/339 3884/629/339
f 3564/476/369 3881/630/369 3886/631/369
f 3229/632/339 3725/474/339 3564/476/339
f 3888/633/370 3998/634/370 3867/635/370
f 3726/471/338 4000/636/338 4005/637/338
f 3882/628/338 4010/638/338 4011/639/338
f 3242/640/338 3726/471/338 3568/473/338
f 3727/468/371 4015/641/371 4016/642/371
f 4017/643/337 3572/470/337 4013/644/337
f 3252/645/337 3727/468/337 3572/470/337
f 3728/463/336 4019/646/336 4018/647/336
f 4020/648/336 3575/467/336 4018/647/336
f 3255/649/336 3728/463/336 3575/467/336
f 4022/650/335 3729/462/335 4023/651/335
f 3579/465/335 4021/652/335 4024/653/335
f 3579/465/335 3677/460/335 3729/462/335
f 3730/459/372 4029/654/372 4028/655/372
f 3730/459/334 4023/651/334 3583/461/334
f 3283/656/334 3730/459/334 3583/461/334
f 3768/657/333 3731/456/333 3769/658/333
f 3587/458/333 3767/659/333 3961/660/333
f 3289/661/333 3731/456/333 3587/458/333
f 3732/453/332 3771/662/332 3772/663/332
f 3591/455/332 3772/663/332 3769/658/332
f 3302/664/332 3732/453/332 3591/455/332
f 3733/450/331 3778/665/331 3773/666/331
f 3770/667/373 3595/452/373 3773/666/373
f 3312/668/331 3733/450/331 3595/452/331
f 3777/669/330 3734/670/330 3775/445/330
f 3599/449/330 3777/669/330 3778/665/330
f 3321/671/330 3734/670/330 3599/449/330
f 3776/672/374 3324/447/374 3779/444/374
f 3735/673/375 3338/674/375 2978/675/375
f 3663/676/376 5080/677/376 3665/442/376
f 4957/678/377 5012/679/377 5144/680/377
f 3736/681/378 5081/682/378 3324/447/378
f 3662/683/379 3736/681/379 3667/446/379
f 5076/684/380 4960/685/380 5143/686/380
f 3737/687/381 3662/683/381 3321/671/381
f 3660/688/382 4998/689/382 3669/448/382
f 5142/690/383 3598/691/383 5050/692/383
f 3738/693/384 3660/688/384 3312/668/384
f 3658/694/385 3738/693/385 3671/451/385
f 5141/695/386 3593/696/386 4927/697/386
f 3739/698/387 3658/694/387 3302/664/387
f 3656/699/388 3739/698/388 3673/454/388
f 5140/700/389 3589/701/389 5035/702/389
f 3740/703/390 3656/699/390 3289/661/390
f 3654/704/391 3740/703/391 3676/457/391
f 5139/705/392 3585/706/392 4936/707/392
f 3741/708/393 5071/709/393 3283/656/393
f 3651/710/394 4990/711/394 3677/460/394
f 5024/712/395 5057/713/395 5138/714/395
f 3742/715/396 4991/716/396 3274/464/396
f 3649/717/397 3742/715/397 3679/718/397
f 4924/719/398 4928/720/398 5137/721/398
f 3743/722/399 3649/717/399 3255/649/399
f 3647/723/400 3743/722/400 3681/466/400
f 5088/724/401 5072/725/401 5136/726/401
f 3744/727/402 5083/728/402 3252/645/402
f 3646/729/403 5058/730/403 3682/469/403
f 4983/731/404 4961/732/404 5135/733/404
f 3745/734/405 3646/729/405 3242/640/405
f 3644/735/406 3745/734/406 3683/472/406
f 4943/736/407 5084/737/407 5134/738/407
f 3746/739/408 3644/735/408 3229/632/408
f 3641/740/409 4929/741/409 3684/475/409
f 4981/742/410 4948/743/410 5133/744/410
f 3747/745/411 3641/740/411 3210/627/411
f 3639/746/412 5089/747/412 3685/478/412
f 5009/748/413 5013/749/413 5132/750/413
f 3748/751/414 3639/746/414 3206/619/414
f 3637/752/415 3748/751/415 3686/481/415
f 4922/753/416 5002/754/416 5131/755/416
f 3749/756/417 5037/757/417 3187/615/417
f 3636/758/418 5014/759/418 3687/484/418
f 5049/760/419 5031/761/419 5130/762/419
f 3750/763/420 5015/764/420 3172/611/420
f 3634/765/421 3750/763/421 3688/487/421
f 5007/766/422 4931/767/422 5129/768/422
f 3751/769/423 3634/765/423 3164/607/423
f 3632/770/424 3751/769/424 3689/490/424
f 5047/771/425 4941/772/425 5128/773/425
f 3752/774/426 3632/770/426 3150/603/426
f 3629/775/427 5027/776/427 3690/493/427
f 5064/777/428 4949/778/428 5127/779/428
f 3753/780/429 5028/781/429 3136/599/429
f 3627/782/430 4984/783/430 3691/496/430
f 5126/784/431 3508/785/431 5016/786/431
f 3754/787/432 4971/788/432 3128/595/432
f 3625/789/433 3754/787/433 3692/499/433
f 5125/790/434 3499/791/434 4970/792/434
f 3755/793/435 4933/794/435 3116/592/435
f 3624/795/436 3755/793/436 3693/502/436
f 5124/796/437 3490/797/437 4964/798/437
f 3756/799/438 3624/795/438 3112/590/438
f 3621/800/439 5038/801/439 3694/505/439
f 5123/802/440 3479/803/440 5091/804/440
f 3757/805/441 5039/806/441 3101/585/441
f 3619/807/442 4992/808/442 3695/508/442
f 5112/809/443 5003/810/443 5122/811/443
f 3758/812/444 3619/807/444 3099/580/444
f 3617/813/445 3758/812/445 3696/511/445
f 4955/814/446 4985/815/446 5121/816/446
f 3759/817/447 4940/818/447 3079/571/447
f 3616/819/448 3759/817/448 3697/514/448
f 4978/820/449 4950/821/449 5120/822/449
f 3760/823/450 5099/824/450 3074/566/450
f 3615/825/451 5085/826/451 3698/517/451
f 5062/827/452 4972/828/452 5119/829/452
f 3761/830/453 5086/831/453 3065/562/453
f 3613/832/454 3761/830/454 3699/520/454
f 5101/833/455 5092/834/455 5118/835/455
f 3762/836/456 3613/832/456 3053/557/456
f 3612/837/457 3762/836/457 3700/523/457
f 4976/838/458 4934/839/458 5117/840/458
f 3763/841/459 3612/837/459 3040/553/459
f 3610/842/460 3763/841/460 3701/526/460
f 4979/843/461 4973/844/461 5116/845/461
f 3764/846/462 4952/847/462 3024/550/462
f 3607/848/463 5093/849/463 3702/529/463
f 5110/850/464 5060/851/464 5115/852/464
f 3765/853/465 5094/854/465 3021/547/465
f 3605/855/466 3765/853/466 3703/532/466
f 5018/856/467 4935/857/467 5114/858/467
f 3766/859/468 5041/860/468 2999/543/468
f 3338/861/469 3766/859/469 3704/536/469
f 5042/862/470 5108/863/470 5113/864/470
f 3680/859/471 1256/341/471 3448/855/471
f 3678/853/472 1336/344/472 3451/848/472
f 3675/846/473 1534/347/473 3453/842/473
f 3674/841/474 1601/350/474 3456/837/474
f 3672/836/475 1670/353/475 3457/832/475
f 3670/830/476 1693/356/476 3460/825/476
f 3668/823/477 1711/359/477 3462/819/477
f 3666/817/478 1732/362/478 3463/813/478
f 3664/812/479 1753/365/479 3466/807/479
f 3661/805/480 1790/368/480 3467/800/480
f 3659/799/481 1796/371/481 3470/795/481
f 3657/793/482 1807/374/482 3472/789/482
f 3655/787/483 1820/377/483 3473/782/483
f 3653/780/484 1866/380/484 3475/775/484
f 3652/774/485 1879/383/485 3477/770/485
f 3650/769/486 1899/386/486 3480/765/486
f 3648/763/487 1925/389/487 3482/758/487
f 3645/756/488 1970/392/488 3484/752/488
f 3643/751/489 1983/395/489 3486/746/489
f 3642/745/490 2016/398/490 3488/740/490
f 3640/739/491 2058/401/491 3489/735/491
f 3638/734/492 2096/404/492 3491/729/492
f 3635/727/493 2167/407/493 3494/723/493
f 3633/722/494 2225/410/494 3495/717/494
f 3380/865/495 3497/710/495 3631/715/495
f 3385/866/496 3498/704/496 3630/708/496
f 3393/706/497 3501/699/497 3628/703/497
f 3403/701/498 3503/694/498 3626/698/498
f 3414/696/499 3504/688/499 3623/693/499
f 3425/691/500 3505/683/500 3622/687/500
f 3620/681/502 2616/434/502 3507/676/502
f 3618/673/503 449/437/503 3033/674/503
f 2088/870/504 3826/871/504 3828/872/504
f 4031/873/505 3614/450/505 3012/671/505
f 3611/453/506 2992/668/506 3418/452/506
f 3609/456/507 2984/664/507 3407/455/507
f 3608/459/508 2970/661/508 3397/458/508
f 3606/462/509 2965/656/509 3388/461/509
f 3603/463/510 2959/464/510 3382/465/510
f 3601/468/511 2934/649/511 3372/467/511
f 3600/471/512 2929/645/512 3364/470/512
f 3597/474/513 2908/640/513 3354/473/513
f 3596/477/514 2901/632/514 3342/476/514
f 3594/480/515 2888/627/515 3333/479/515
f 3592/483/516 2876/619/516 3325/482/516
f 3590/486/517 2869/615/517 3315/485/517
f 3588/489/518 2855/611/518 3300/488/518
f 3537/490/519 3281/491/519 3586/492/519
f 3539/493/520 3266/494/520 3584/495/520
f 3540/496/521 3250/497/521 3581/498/521
f 3542/499/522 3238/500/522 3580/501/522
f 3543/502/523 3219/503/523 3578/504/523
f 3545/505/524 3202/506/524 3576/507/524
f 3547/508/525 3183/509/525 3573/510/525
f 3549/511/526 3167/512/526 3571/513/526
f 3550/514/527 3146/515/527 3569/516/527
f 3868/874/528 2734/566/528 3875/875/528
f 3555/523/529 3886/876/529 3887/877/529
f 3557/526/530 3088/527/530 3566/528/530
f 3558/529/531 3070/530/531 3563/531/531
f 4033/878/532 2669/547/532 4034/879/532
f 3563/531/533 4038/880/533 4037/881/533
f 3563/531/533 4035/882/533 4039/883/533
f 4040/884/533 2669/547/533 3563/531/533
f 3882/885/530 3566/528/530 3884/886/530
f 3070/530/530 3888/887/530 3999/888/530
f 2691/550/534 3566/528/534 3070/530/534
f 3088/527/535 3883/889/535 3884/886/535
f 3881/890/535 3088/527/535 3555/523/535
f 3125/518/536 3876/891/536 3875/875/536
f 3553/517/537 3868/874/537 3869/892/537
f 3146/515/527 3877/893/527 3569/516/527
f 3876/891/527 3569/516/527 3877/893/527
f 2734/566/527 3569/516/527 3125/518/527
f 3167/512/526 3880/894/526 3571/513/526
f 3571/513/526 3879/895/526 3146/515/526
f 2745/571/526 3571/513/526 3146/515/526
f 3573/510/538 3864/896/538 3865/897/538
f 3878/898/539 3573/510/539 3866/899/539
f 2751/580/525 3573/510/525 3167/512/525
f 3202/506/540 3859/900/540 3576/507/540
f 3860/901/524 3183/509/524 3859/900/524
f 2783/585/524 3576/507/524 3183/509/524
f 3219/503/523 3862/902/523 3578/504/523
f 3578/504/541 3861/903/541 3202/506/541
f 2791/590/541 3578/504/541 3202/506/541
f 3238/500/542 3857/904/542 3580/501/542
f 3580/501/543 3863/905/543 3219/503/543
f 2802/592/542 3580/501/542 3219/503/542
f 3838/906/521 3581/498/521 3837/907/521
f 3581/498/544 3858/908/544 3238/500/544
f 2806/595/544 3581/498/544 3238/500/544
f 3266/494/520 3836/909/520 3584/495/520
f 3584/495/545 3837/907/545 3250/497/545
f 2823/599/546 3584/495/546 3250/497/546
f 3281/491/519 3839/910/519 3586/492/519
f 3586/492/547 3840/911/547 3266/494/547
f 2831/603/547 3586/492/547 3266/494/547
f 3300/488/518 3841/912/518 3588/489/518
f 3588/489/548 3842/913/548 3281/491/548
f 3281/491/518 3535/487/518 3588/489/518
f 3833/914/549 3590/486/549 3848/915/549
f 3590/486/550 3835/916/550 3300/488/550
f 3300/488/551 3534/484/551 3590/486/551
f 3325/482/552 3849/917/552 3592/483/552
f 3592/483/516 3848/915/516 3315/485/516
f 3315/485/553 3532/481/553 3592/483/553
f 3333/479/554 3846/918/554 3594/480/554
f 3594/480/555 3847/919/555 3325/482/555
f 3325/482/556 3530/478/556 3594/480/556
f 3830/920/557 3596/477/557 3829/921/557
f 3596/477/514 3850/922/514 3333/479/514
f 3333/479/514 3528/475/514 3596/477/514
f 3831/923/513 3354/473/513 2088/924/513
f 3597/474/558 3829/921/558 3342/476/558
f 3342/476/513 3526/472/513 3597/474/513
f 3364/470/512 3827/925/512 3600/471/512
f 2088/924/559 3600/471/559 3827/925/559
f 3354/473/512 3523/469/512 3600/471/512
f 3372/467/511 3832/926/511 3601/468/511
f 3601/468/511 3825/927/511 3364/470/511
f 3364/470/511 3521/466/511 3601/468/511
f 3823/928/510 3382/465/510 3824/929/510
f 3822/930/510 3603/463/510 3823/928/510
f 3372/467/510 3520/718/510 3603/463/510
f 3606/462/560 3820/931/560 3821/932/560
f 3382/465/509 3821/932/509 3824/929/509
f 3382/465/560 3518/460/560 3606/462/560
f 3844/933/508 3608/459/508 3851/934/508
f 3819/935/508 3388/461/508 3843/936/508
f 3388/461/508 3516/457/508 3608/459/508
f 3609/456/507 3852/937/507 3853/938/507
f 3397/458/561 3853/938/561 3851/934/561
f 3397/458/507 3515/454/507 3609/456/507
f 3854/939/562 4042/940/562 4041/941/562
f 3407/455/563 3854/939/563 3852/937/563
f 3407/455/563 3513/451/563 3611/453/563
f 4047/942/505 3614/450/505 4030/943/505
f 3418/452/564 4047/942/564 4048/944/564
f 4050/945/505 3855/946/505 4046/947/505
f 3418/452/565 3512/448/565 3614/450/565
f 4032/948/566 3012/671/566 4051/949/566
f 3618/673/567 4057/950/567 4054/951/567
f 3507/676/568 4052/952/568 4060/953/568
f 2616/434/569 3618/673/569 3507/676/569
f 4062/954/570 3620/681/570 4058/955/570
f 4051/949/571 3505/683/571 3620/681/571
f 2582/428/572 3620/681/572 3505/683/572
f 3622/687/573 3012/671/573 3512/448/573
f 3504/688/574 3512/448/574 2992/668/574
f 2534/425/575 3622/687/575 3504/688/575
f 3623/693/576 2992/668/576 3513/451/576
f 3503/694/577 3513/451/577 2984/664/577
f 2441/422/578 3623/693/578 3503/694/578
f 3626/698/579 2984/664/579 3515/454/579
f 3501/699/580 3515/454/580 2970/661/580
f 2401/419/581 3626/698/581 3501/699/581
f 3628/703/582 2970/661/582 3516/457/582
f 3498/704/583 3516/457/583 2965/656/583
f 2361/416/584 3628/703/584 3498/704/584
f 3518/460/585 3498/704/585 2965/656/585
f 3497/710/586 3518/460/586 2959/464/586
f 2255/413/587 3630/708/587 3497/710/587
f 3520/718/588 3497/710/588 2959/464/588
f 3495/717/589 3520/718/589 2934/649/589
f 2225/410/590 3631/715/590 3495/717/590
f 3521/466/591 3495/717/591 2934/649/591
f 2929/645/592 3633/722/592 3521/466/592
f 2167/407/593 3633/722/593 3494/723/593
f 3523/469/594 3494/723/594 2929/645/594
f 2908/640/595 3635/727/595 3523/469/595
f 2096/404/596 3635/727/596 3491/729/596
f 3526/472/597 3491/729/597 2908/640/597
f 2901/632/598 3638/734/598 3526/472/598
f 2058/401/599 3638/734/599 3489/735/599
f 3528/475/600 3489/735/600 2901/632/600
f 2888/627/601 3640/739/601 3528/475/601
f 2016/398/602 3640/739/602 3488/740/602
f 3530/478/603 3488/740/603 2888/627/603
f 2876/619/604 3642/745/604 3530/478/604
f 1983/395/605 3642/745/605 3486/746/605
f 3532/481/606 3486/746/606 2876/619/606
f 2869/615/607 3643/751/607 3532/481/607
f 1970/392/608 3643/751/608 3484/752/608
f 3534/484/609 3484/752/609 2869/615/609
f 2855/611/610 3645/756/610 3534/484/610
f 1925/389/611 3645/756/611 3482/758/611
f 3535/487/612 3482/758/612 2855/611/612
f 3480/765/613 3535/487/613 2847/607/613
f 1899/386/614 3648/763/614 3480/765/614
f 3537/490/615 3480/765/615 2847/607/615
f 3477/770/616 3537/490/616 2831/603/616
f 1879/383/617 3650/769/617 3477/770/617
f 3652/774/618 2831/603/618 3539/493/618
f 3475/775/619 3539/493/619 2823/599/619
f 1866/380/620 3652/774/620 3475/775/620
f 3653/780/621 2823/599/621 3540/496/621
f 3473/782/622 3540/496/622 2806/595/622
f 1820/377/623 3653/780/623 3473/782/623
f 3655/787/624 2806/595/624 3542/499/624
f 3472/789/625 3542/499/625 2802/592/625
f 1807/374/626 3655/787/626 3472/789/626
f 3657/793/627 2802/592/627 3543/502/627
f 3470/795/628 3543/502/628 2791/590/628
f 1796/371/629 3657/793/629 3470/795/629
f 3659/799/630 2791/590/630 3545/505/630
f 3467/800/631 3545/505/631 2783/585/631
f 1790/368/632 3659/799/632 3467/800/632
f 3661/805/633 2783/585/633 3547/508/633
f 3466/807/634 3547/508/634 2751/580/634
f 1753/365/635 3661/805/635 3466/807/635
f 3664/812/636 2751/580/636 3549/511/636
f 3463/813/637 3549/511/637 2745/571/637
f 1732/362/638 3664/812/638 3463/813/638
f 3550/514/639 3463/813/639 2745/571/639
f 3462/819/640 3550/514/640 2734/566/640
f 3462/819/641 3141/956/641 3666/817/641
f 3553/517/642 3462/819/642 2734/566/642
f 3460/825/643 3553/517/643 3869/892/643
f 3460/825/644 3118/957/644 3668/823/644
f 3460/825/645 3873/958/645 3670/830/645
f 3874/959/646 3457/832/646 3873/958/646
f 3457/832/647 3109/960/647 3670/830/647
f 3886/961/648 3672/836/648 3457/832/648
f 2706/553/649 3672/836/649 3555/523/649
f 3456/837/650 3091/962/650 3672/836/650
f 3557/526/651 3456/837/651 2706/553/651
f 2691/550/652 3674/841/652 3557/526/652
f 3453/842/653 3082/963/653 3674/841/653
f 3558/529/654 3453/842/654 2691/550/654
f 2669/547/655 3675/846/655 3558/529/655
f 3451/848/656 3064/964/656 3675/846/656
f 4063/965/657 3451/848/657 2669/547/657
f 4065/966/658 3448/855/658 4063/965/658
f 1256/341/659 3678/853/659 3448/855/659
f 3680/859/660 4064/967/660 4068/968/660
f 3033/861/661 4071/969/661 4070/970/661
f 449/971/662 3680/859/662 3033/861/662
f 3449/859/663 906/341/663 3130/855/663
f 3446/853/664 1294/344/664 3133/848/664
f 3445/846/665 1367/347/665 3137/842/665
f 3443/841/666 1463/350/666 3139/837/666
f 3441/836/667 1555/353/667 3142/832/667
f 3439/830/668 1590/356/668 3147/825/668
f 3438/823/669 1649/359/669 3152/819/669
f 3436/817/670 1674/362/670 3156/813/670
f 3434/812/671 1680/365/671 3158/807/671
f 3433/805/672 1698/368/672 3162/800/672
f 3431/799/673 1717/371/673 3166/795/673
f 3429/793/674 1730/374/674 3170/789/674
f 3427/787/675 1735/377/675 3173/782/675
f 3426/780/676 1745/380/676 3175/775/676
f 3423/774/677 1769/383/677 3179/770/677
f 3421/769/678 1791/386/678 3186/765/678
f 3420/763/679 1798/389/679 3190/758/679
f 3417/756/680 1803/392/680 3192/752/680
f 3416/751/681 1817/395/681 3196/746/681
f 3413/745/682 1838/398/682 3199/740/682
f 3412/739/683 1858/401/683 3200/735/683
f 3410/734/684 1875/404/684 3204/729/684
f 3408/727/685 1883/407/685 3209/723/685
f 3405/722/686 1906/410/686 3213/717/686
f 3055/865/687 3217/710/687 3404/715/687
f 3068/866/688 3220/704/688 3402/708/688
f 3076/706/689 3224/699/689 3400/703/689
f 3085/701/690 3226/694/690 3398/698/690
f 3093/696/691 3231/688/691 3396/693/691
f 3106/691/692 3234/683/692 3394/687/692
f 3391/681/694 2023/434/694 3239/676/694
f 3389/673/695 275/437/695 2660/674/695
f 4146/975/696 3386/450/696 2585/671/696
f 3383/453/697 2577/668/697 3097/452/697
f 3940/976/698 3253/454/698 3086/455/698
f 3260/460/699 3956/977/699 3955/978/699
f 3379/463/700 2529/464/700 3060/465/700
f 3377/468/701 2513/649/701 3051/467/701
f 3375/471/702 2475/645/702 3041/470/702
f 3373/474/703 2446/640/703 3030/473/703
f 3370/477/704 2440/632/704 3023/476/704
f 3369/480/705 2412/627/705 3005/479/705
f 3366/483/706 2383/619/706 2989/482/706
f 3365/486/707 2368/615/707 2973/485/707
f 3363/489/708 2342/611/708 2961/488/708
f 3292/490/709 2942/491/709 3361/492/709
f 3295/493/710 2928/494/710 3359/495/710
f 3297/496/711 2904/497/711 3357/498/711
f 3299/499/712 2886/500/712 3355/501/712
f 3301/502/713 2867/503/713 3352/504/713
f 3303/505/714 2849/506/714 3350/507/714
f 3307/508/715 2833/509/715 3348/510/715
f 3310/511/716 2818/512/716 3346/513/716
f 3316/514/717 2800/515/717 3345/516/717
f 3318/517/718 2789/518/718 3343/519/718
f 3319/520/719 2768/521/719 3341/522/719
f 3322/523/720 2741/524/720 3339/525/720
f 3323/526/721 2725/527/721 3337/528/721
f 3326/529/722 2695/530/722 3334/531/722
f 4148/979/723 2064/547/723 4149/980/723
f 3334/531/724 4155/981/724 4152/982/724
f 3932/983/725 4153/984/725 4154/985/725
f 3334/531/722 4150/986/722 4156/987/722
f 4157/988/725 2064/547/725 3334/531/725
f 3931/989/726 2725/527/726 3934/990/726
f 3931/989/727 4160/991/727 4158/992/727
f 2084/550/728 3337/528/728 2695/530/728
f 2741/524/729 3933/993/729 3339/525/729
f 3339/525/730 3934/990/730 2725/527/730
f 2092/553/730 3339/525/730 2725/527/730
f 3891/994/719 3341/522/719 3890/995/719
f 3341/522/719 3935/996/719 2741/524/719
f 2104/557/731 3341/522/731 2741/524/731
f 2789/518/718 3892/997/718 3343/519/718
f 3343/519/718 3890/995/718 2768/521/718
f 2135/562/718 3343/519/718 2768/521/718
f 3345/516/717 3894/998/717 3898/999/717
f 2789/518/717 3898/999/717 3893/1000/717
f 2160/566/717 3345/516/717 2789/518/717
f 3346/513/716 3896/1001/716 3897/1002/716
f 2800/515/716 3897/1002/716 3894/998/716
f 2180/571/716 3346/513/716 2800/515/716
f 3348/510/715 3901/1003/715 3899/1004/715
f 3895/1005/715 2818/512/715 3899/1004/715
f 2187/580/715 3348/510/715 2818/512/715
f 3350/507/714 3905/1006/714 3900/1007/714
f 2833/509/714 3900/1007/714 3901/1003/714
f 2214/585/714 3350/507/714 2833/509/714
f 3352/504/732 3903/1008/732 3904/1009/732
f 2849/506/732 3904/1009/732 3905/1006/732
f 2230/590/732 3352/504/732 2849/506/732
f 3355/501/733 3912/1010/733 3911/1011/733
f 3902/1012/712 2867/503/712 3911/1011/712
f 2237/592/712 3355/501/712 2867/503/712
f 3357/498/734 3913/1013/734 3910/1014/734
f 2886/500/711 3910/1014/711 3912/1010/711
f 2266/595/735 3357/498/735 2886/500/735
f 3359/495/710 3908/1015/710 3909/1016/710
f 2904/497/736 3909/1016/736 3913/1013/736
f 2283/599/710 3359/495/710 2904/497/710
f 3906/1017/737 3361/492/737 3929/1018/737
f 2928/494/737 3907/1019/737 3908/1015/737
f 2302/603/737 3361/492/737 2928/494/737
f 3363/489/738 3927/1020/738 3928/1021/738
f 2942/491/739 3928/1021/739 3929/1018/739
f 2942/491/738 3288/487/738 3363/489/738
f 3365/486/707 3926/1022/707 3930/1023/707
f 2961/488/740 3930/1023/740 3927/1020/740
f 2961/488/707 3286/484/707 3365/486/707
f 3917/1024/706 3366/483/706 3916/1025/706
f 2973/485/741 3925/1026/741 3926/1022/741
f 2973/485/741 3280/481/741 3366/483/741
f 3369/480/705 3919/1027/705 3915/1028/705
f 2989/482/705 3915/1028/705 3916/1025/705
f 2989/482/705 3278/478/705 3369/480/705
f 3370/477/742 3923/1029/742 3918/1030/742
f 3005/479/704 3918/1030/704 3919/1027/704
f 3005/479/743 3275/475/743 3370/477/743
f 3373/474/744 3922/1031/744 3924/1032/744
f 3023/476/744 3924/1032/744 3923/1029/744
f 3023/476/703 3273/472/703 3373/474/703
f 3921/1033/702 3375/471/702 3041/470/702
f 3030/473/702 3920/1034/702 3922/1031/702
f 3030/473/702 3272/469/702 3375/471/702
f 3377/468/701 3953/1035/701 3951/1036/701
f 3041/470/701 3951/1036/701 3952/1037/701
f 3041/470/701 3268/466/701 3377/468/701
f 3379/463/700 3947/1038/700 3950/1039/700
f 3051/467/700 3950/1039/700 3953/1035/700
f 3051/467/700 3262/718/700 3379/463/700
f 3060/465/745 3948/1040/745 3947/1038/745
f 3949/1041/745 3060/465/745 3260/460/745
f 3086/455/746 3946/1042/746 3945/1043/746
f 3253/454/747 3944/1044/747 3943/1045/747
f 3914/1046/748 3938/1047/748 3097/452/748
f 3937/1048/748 3086/455/748 3383/453/748
f 3086/455/749 3251/451/749 3383/453/749
f 4163/1049/696 3386/450/696 4145/1050/696
f 3097/452/750 4163/1049/750 4164/1051/750
f 3097/452/751 3247/448/751 3386/450/751
f 4147/1052/752 2585/671/752 4166/1053/752
f 3389/673/753 4172/1054/753 4169/1055/753
f 3239/676/754 4167/1056/754 4175/1057/754
f 2023/434/755 3389/673/755 3239/676/755
f 4177/1058/756 3391/681/756 4173/1059/756
f 2585/671/757 3391/681/757 4176/1060/757
f 1993/428/758 3391/681/758 3234/683/758
f 3394/687/759 2585/671/759 3247/448/759
f 3231/688/760 3247/448/760 2577/668/760
f 1976/425/761 3394/687/761 3231/688/761
f 3396/693/762 2577/668/762 3251/451/762
f 3226/694/763 3251/451/763 2547/664/763
f 1972/422/764 3396/693/764 3226/694/764
f 3398/698/765 2547/664/765 3253/454/765
f 3942/1061/766 3398/698/766 3253/454/766
f 1958/419/767 3398/698/767 3224/699/767
f 3941/1062/768 3400/703/768 3942/1061/768
f 3220/704/769 3954/1063/769 3957/1064/769
f 1939/416/770 3400/703/770 3220/704/770
f 3260/460/771 3220/704/771 3957/1064/771
f 3217/710/772 3260/460/772 2529/464/772
f 1917/413/773 3402/708/773 3217/710/773
f 3262/718/774 3217/710/774 2529/464/774
f 3213/717/775 3262/718/775 2513/649/775
f 1906/410/776 3404/715/776 3213/717/776
f 3268/466/777 3213/717/777 2513/649/777
f 2475/645/778 3405/722/778 3268/466/778
f 1883/407/779 3405/722/779 3209/723/779
f 3272/469/780 3209/723/780 2475/645/780
f 2446/640/781 3408/727/781 3272/469/781
f 1875/404/782 3408/727/782 3204/729/782
f 3273/472/783 3204/729/783 2446/640/783
f 2440/632/784 3410/734/784 3273/472/784
f 1858/401/785 3410/734/785 3200/735/785
f 3275/475/786 3200/735/786 2440/632/786
f 2412/627/787 3412/739/787 3275/475/787
f 1838/398/788 3412/739/788 3199/740/788
f 3278/478/789 3199/740/789 2412/627/789
f 2383/619/790 3413/745/790 3278/478/790
f 1817/395/791 3413/745/791 3196/746/791
f 3280/481/792 3196/746/792 2383/619/792
f 2368/615/793 3416/751/793 3280/481/793
f 1803/392/794 3416/751/794 3192/752/794
f 3286/484/795 3192/752/795 2368/615/795
f 2342/611/796 3417/756/796 3286/484/796
f 1798/389/797 3417/756/797 3190/758/797
f 3288/487/798 3190/758/798 2342/611/798
f 3186/765/799 3288/487/799 2318/607/799
f 1791/386/800 3420/763/800 3186/765/800
f 3292/490/801 3186/765/801 2318/607/801
f 3179/770/802 3292/490/802 2302/603/802
f 1769/383/803 3421/769/803 3179/770/803
f 3423/774/804 2302/603/804 3295/493/804
f 3175/775/805 3295/493/805 2283/599/805
f 1745/380/806 3423/774/806 3175/775/806
f 3426/780/807 2283/599/807 3297/496/807
f 3173/782/808 3297/496/808 2266/595/808
f 1735/377/809 3426/780/809 3173/782/809
f 3427/787/810 2266/595/810 3299/499/810
f 3170/789/811 3299/499/811 2237/592/811
f 1730/374/812 3427/787/812 3170/789/812
f 3429/793/813 2237/592/813 3301/502/813
f 3166/795/814 3301/502/814 2230/590/814
f 1717/371/815 3429/793/815 3166/795/815
f 3431/799/816 2230/590/816 3303/505/816
f 3162/800/817 3303/505/817 2214/585/817
f 1698/368/818 3431/799/818 3162/800/818
f 3433/805/819 2214/585/819 3307/508/819
f 3158/807/820 3307/508/820 2187/580/820
f 1680/365/821 3433/805/821 3158/807/821
f 3434/812/822 2187/580/822 3310/511/822
f 3156/813/823 3310/511/823 2180/571/823
f 1674/362/824 3434/812/824 3156/813/824
f 3316/514/825 3156/813/825 2180/571/825
f 3152/819/826 3316/514/826 2160/566/826
f 3152/819/827 2792/956/827 3436/817/827
f 3318/517/828 3152/819/828 2160/566/828
f 3147/825/829 3318/517/829 2135/562/829
f 3147/825/830 2780/957/830 3438/823/830
f 3319/520/831 3147/825/831 2135/562/831
f 2104/557/832 3439/830/832 3319/520/832
f 3142/832/833 2756/960/833 3439/830/833
f 3322/523/834 3142/832/834 2104/557/834
f 2092/553/835 3441/836/835 3322/523/835
f 3139/837/836 2737/962/836 3441/836/836
f 3323/526/837 3139/837/837 2092/553/837
f 2084/550/838 3443/841/838 3323/526/838
f 3137/842/839 2719/963/839 3443/841/839
f 3326/529/840 3137/842/840 2084/550/840
f 2064/547/841 3445/846/841 3326/529/841
f 3133/848/842 2685/964/842 3445/846/842
f 3446/853/843 2064/547/843 4148/979/843
f 4180/1065/844 3130/855/844 4178/1066/844
f 906/341/845 3446/853/845 3130/855/845
f 3449/859/846 4179/1067/846 4183/1068/846
f 2660/861/847 4186/1069/847 4185/1070/847
f 275/971/848 3449/859/848 2660/861/848
f 4056/1071/849 4069/1072/849 2981/1073/849
f 4070/1074/850 2981/1075/850 4069/1076/850
f 4070/1077/851 4071/1078/851 2981/1079/851
f 4071/1080/852 4072/1081/852 2981/1082/852
f 2981/1083/853 4066/1084/853 4067/1085/853
f 4038/1086/854 4003/1087/854 4037/1088/854
f 4037/1088/855 4012/1089/855 2051/1090/855
f 4036/1091/856 2051/1090/856 4039/1092/856
f 4067/1093/857 4068/1094/857 2981/1095/857
f 4064/1096/858 2176/1097/858 4068/1098/858
f 4011/1099/859 2051/1090/859 4012/1089/859
f 2166/1100/860 2176/1097/860 4033/1101/860
f 4010/1102/861 2166/1100/861 4011/1099/861
f 2166/1100/862 2316/1103/862 2176/1097/862
f 2176/1097/863 2316/1103/863 2981/1104/863
f 2459/1105/864 4010/1102/864 4009/1106/864
f 2316/1103/865 2459/1105/865 2477/1107/865
f 2981/1108/866 2316/1103/866 2477/1107/866
f 2609/1109/867 4009/1106/867 4006/1110/867
f 2477/1107/868 2609/1109/868 2631/1111/868
f 2981/1112/869 2477/1107/869 2631/1111/869
f 2692/1113/870 4006/1110/870 4007/1114/870
f 2631/1111/871 2692/1113/871 2697/1115/871
f 2981/1116/872 2631/1111/872 2697/1115/872
f 4002/1117/873 2758/1118/873 4007/1114/873
f 2697/1115/874 2758/1118/874 2765/1119/874
f 2981/1120/875 2697/1115/875 2765/1119/875
f 2813/1121/876 4005/1122/876 4000/1123/876
f 4005/1122/877 2816/1124/877 2758/1118/877
f 3960/1125/878 4029/1126/878 3961/1127/878
f 2765/1119/879 2816/1124/879 2821/1128/879
f 2981/1129/880 2765/1119/880 2821/1128/880
f 3960/1125/881 2834/1130/881 4027/1131/881
f 2821/1128/882 2864/1132/882 2866/1133/882
f 4027/1131/883 2845/924/883 4023/1134/883
f 2981/1135/884 2821/1128/884 2866/1133/884
f 2845/924/885 4021/1136/885 4022/1137/885
f 4016/1138/886 2852/1139/886 4014/1140/886
f 4013/1141/887 2852/1139/887 4017/1142/887
f 4001/1143/888 2854/1144/888 2813/1121/888
f 3969/1145/889 3959/1146/889 3958/1147/889
f 2816/1124/890 2860/1148/890 2864/1132/890
f 4015/1149/891 2902/1150/891 2852/1139/891
f 2854/1144/892 2907/1151/892 2911/1152/892
f 2879/1153/893 3962/1154/893 3964/1155/893
f 2860/1148/894 2911/1152/894 2918/1156/894
f 3963/1157/895 2879/1153/895 2834/1130/895
f 2864/1132/896 2918/1156/896 2922/1158/896
f 2834/1130/897 2890/1159/897 2838/1160/897
f 2866/1133/898 2922/1158/898 2924/1161/898
f 2838/1160/899 2894/1162/899 2845/924/899
f 2981/1163/900 2866/1133/900 2924/1161/900
f 4024/1164/901 2894/1162/901 2899/1165/901
f 2899/1165/902 4020/1166/902 4018/1167/902
f 2924/1161/903 2972/1168/903 2975/1169/903
f 2890/1159/904 2950/1170/904 2894/1162/904
f 2981/1171/905 2924/1161/905 2975/1169/905
f 2899/1165/906 2950/1170/906 2954/1172/906
f 2902/1150/907 2954/1172/907 2960/1173/907
f 2907/1151/908 2960/1173/908 2963/1174/908
f 2932/1175/909 3967/1176/909 3965/1177/909
f 2911/1152/910 2963/1174/910 2964/1178/910
f 2932/1175/911 2879/1153/911 3964/1155/911
f 2918/1156/912 2964/1178/912 2966/1179/912
f 2879/1153/913 2940/1180/913 2885/1181/913
f 2922/1158/914 2966/1179/914 2972/1168/914
f 2885/1181/915 2945/1182/915 2890/1159/915
f 2963/1174/916 3016/1183/916 2964/1178/916
f 2937/1184/917 2987/1185/917 2991/1186/917
f 2964/1178/918 3018/1187/918 2966/1179/918
f 2940/1180/919 2991/1186/919 2995/1188/919
f 2966/1179/920 3020/1189/920 2972/1168/920
f 2945/1182/921 2995/1188/921 3000/1190/921
f 2972/1168/922 3022/1191/922 2975/1169/922
f 2950/1170/923 3000/1190/923 3004/1192/923
f 2981/1193/924 2975/1169/924 3022/1191/924
f 2950/1170/925 3007/1194/925 2954/1172/925
f 2954/1172/926 3008/1195/926 2960/1173/926
f 3966/1197/928 2987/1185/928 3965/1177/928
f 2981/1198/929 3022/1191/929 3052/1199/929
f 3004/1192/930 3039/1200/930 3007/1194/930
f 3007/1194/931 3042/1201/931 3008/1195/931
f 3986/1202/932 3026/1203/932 3985/1204/932
f 3008/1195/933 3043/1205/933 3014/1196/933
f 3026/1203/934 2987/1185/934 3987/1206/934
f 3014/1196/935 3047/1207/935 3016/1183/935
f 2991/1186/936 3031/1208/936 3032/1209/936
f 3016/1183/937 3048/1210/937 3018/1187/937
f 2995/1188/938 3032/1209/938 3035/1211/938
f 3018/1187/939 3050/1212/939 3020/1189/939
f 3000/1190/940 3035/1211/940 3036/1213/940
f 3020/1189/941 3052/1199/941 3022/1191/941
f 3004/1192/942 3036/1213/942 3038/1214/942
f 3032/1209/943 3057/1215/943 3059/1216/943
f 3047/1207/944 3077/1217/944 3048/1210/944
f 3035/1211/945 3059/1216/945 3063/1218/945
f 3048/1210/946 3081/1219/946 3050/1212/946
f 3036/1213/947 3063/1218/947 3066/1220/947
f 3050/1212/948 3083/1221/948 3052/1199/948
f 3038/1214/949 3066/1220/949 3067/1222/949
f 2981/1223/950 3052/1199/950 3083/1221/950
f 3038/1214/951 3069/1224/951 3039/1200/951
f 3039/1200/952 3071/1225/952 3042/1201/952
f 3988/1226/953 3026/1203/953 3986/1202/953
f 3042/1201/954 3073/1227/954 3043/1205/954
f 3031/1208/955 3056/1228/955 3057/1215/955
f 3043/1205/956 3075/1229/956 3047/1207/956
f 3067/1222/957 3102/1230/957 3069/1224/957
f 3069/1224/958 3103/1231/958 3071/1225/958
f 3983/1232/959 3056/1228/959 3988/1226/959
f 3071/1225/960 3105/1233/960 3073/1227/960
f 3057/1215/961 3087/1234/961 3090/1235/961
f 3073/1227/962 3107/1236/962 3075/1229/962
f 3059/1216/963 3090/1235/963 3092/1237/963
f 3075/1229/964 3108/1238/964 3077/1217/964
f 3063/1218/965 3092/1237/965 3095/1239/965
f 3077/1217/966 3111/1240/966 3081/1219/966
f 3066/1220/967 3095/1239/967 3098/1241/967
f 3081/1219/968 3114/1242/968 3083/1221/968
f 3067/1222/969 3098/1241/969 3100/1243/969
f 2981/1244/970 3083/1221/970 3114/1242/970
f 3107/1236/971 3135/1245/971 3108/1238/971
f 3095/1239/972 3121/1246/972 3122/1247/972
f 3108/1238/973 3138/1248/973 3111/1240/973
f 3098/1241/974 3122/1247/974 3124/1249/974
f 3111/1240/975 3140/1250/975 3114/1242/975
f 3100/1243/976 3124/1249/976 3126/1251/976
f 2981/1252/977 3114/1242/977 3140/1250/977
f 3100/1243/978 3127/1253/978 3102/1230/978
f 3102/1230/979 3129/1254/979 3103/1231/979
f 3984/1255/980 3087/1234/980 3983/1232/980
f 3103/1231/981 3132/1256/981 3105/1233/981
f 3090/1235/982 3117/1257/982 3119/1258/982
f 3105/1233/983 3134/1259/983 3107/1236/983
f 3092/1237/984 3119/1258/984 3121/1246/984
f 3127/1253/985 3157/1260/985 3129/1254/985
f 3975/1261/986 3144/1262/986 3984/1255/986
f 3129/1254/987 3159/1263/987 3132/1256/987
f 3119/1258/988 3144/1262/988 3145/1264/988
f 3132/1256/989 3161/1265/989 3134/1259/989
f 3121/1246/990 3145/1264/990 3148/1266/990
f 3134/1259/991 3163/1267/991 3135/1245/991
f 3122/1247/992 3148/1266/992 3149/1268/992
f 3135/1245/993 3165/1269/993 3138/1248/993
f 3124/1249/994 3149/1268/994 3151/1270/994
f 3138/1248/995 3168/1271/995 3140/1250/995
f 3126/1251/996 3151/1270/996 3153/1272/996
f 2981/1273/997 3140/1250/997 3168/1271/997
f 3126/1251/998 3155/1274/998 3127/1253/998
f 3149/1268/999 3176/1275/999 3178/1276/999
f 3163/1267/1000 3194/1277/1000 3165/1269/1000
f 3151/1270/1001 3178/1276/1001 3180/1278/1001
f 3165/1269/1002 3195/1279/1002 3168/1271/1002
f 3153/1272/1003 3180/1278/1003 3181/1280/1003
f 2981/1281/1004 3168/1271/1004 3195/1279/1004
f 3153/1272/1005 3184/1282/1005 3155/1274/1005
f 3155/1274/1006 3185/1283/1006 3157/1260/1006
f 3144/1262/1007 3978/1284/1007 3171/1285/1007
f 3157/1260/1008 3188/1286/1008 3159/1263/1008
f 3145/1264/1009 3171/1285/1009 3174/1287/1009
f 3159/1263/1010 3189/1288/1010 3161/1265/1010
f 3148/1266/1011 3174/1287/1011 3176/1275/1011
f 3161/1265/1012 3191/1289/1012 3163/1267/1012
f 3184/1282/1013 3212/1290/1013 3185/1283/1013
f 3171/1285/1014 3978/1284/1014 3977/1291/1014
f 3185/1283/1015 3215/1292/1015 3188/1286/1015
f 3201/1293/1016 3171/1285/1016 3977/1291/1016
f 3188/1286/1017 3216/1294/1017 3189/1288/1017
f 3176/1275/1018 3201/1293/1018 3203/1295/1018
f 3189/1288/1019 3218/1296/1019 3191/1289/1019
f 3178/1276/1020 3203/1295/1020 3205/1297/1020
f 3191/1289/1021 3221/1298/1021 3194/1277/1021
f 3180/1278/1022 3205/1297/1022 3207/1299/1022
f 3194/1277/1023 3223/1300/1023 3195/1279/1023
f 3181/1280/1024 3207/1299/1024 3208/1301/1024
f 2981/1302/1025 3195/1279/1025 3223/1300/1025
f 3181/1280/1026 3211/1303/1026 3184/1282/1026
f 3221/1304/1027 3244/1305/1027 3246/1306/1027
f 3205/1307/1028 3233/1308/1028 3207/1309/1028
f 3223/1310/1029 3246/1306/1029 3248/1311/1029
f 3207/1309/1030 3235/1312/1030 3208/1313/1030
f 3248/1311/1031 2981/1314/1031 3223/1310/1031
f 3211/1315/1032 3235/1312/1032 3237/1316/1032
f 3212/1317/1033 3237/1316/1033 3240/1318/1033
f 3215/1319/1034 3240/1318/1034 3241/1320/1034
f 3201/1321/1035 3980/1322/1035 3227/1323/1035
f 3216/1324/1036 3241/1320/1036 3243/1325/1036
f 3201/1321/1037 3230/1326/1037 3203/1327/1037
f 3218/1328/1038 3243/1325/1038 3244/1305/1038
f 3203/1327/1039 3232/1329/1039 3205/1307/1039
f 3241/1320/1040 3264/1330/1040 3265/1331/1040
f 3981/1332/1041 3227/1323/1041 3980/1322/1041
f 3243/1325/1042 3265/1331/1042 3267/1333/1042
f 3254/1334/1043 3227/1323/1043 3981/1332/1043
f 3244/1305/1044 3267/1333/1044 3269/1335/1044
f 3230/1326/1045 3256/1336/1045 3232/1329/1045
f 3246/1306/1046 3269/1335/1046 3271/1337/1046
f 3232/1329/1047 3258/1338/1047 3233/1308/1047
f 4051/1339/1048 3248/1311/1048 3246/1306/1048
f 3233/1308/1049 3259/1340/1049 3235/1312/1049
f 4058/1341/1050 2981/1342/1050 4062/1343/1050
f 3237/1316/1051 3259/1340/1051 3261/1344/1051
f 3240/1318/1052 3261/1344/1052 3264/1330/1052
f 4031/1345/1053 4048/1346/1053 4047/1347/1053
f 3258/1338/1054 3284/1348/1054 3259/1340/1054
f 4060/1349/1055 2981/1350/1055 4059/1351/1055
f 3261/1344/1056 3284/1348/1056 3285/1352/1056
f 3264/1330/1057 3285/1352/1057 3287/1353/1057
f 3265/1331/1058 3287/1353/1058 3290/1354/1058
f 3267/1333/1059 3290/1354/1059 3291/1355/1059
f 3254/1334/1060 3971/1356/1060 3970/1357/1060
f 3269/1335/1061 3291/1355/1061 3293/1358/1061
f 3279/1359/1062 3254/1334/1062 3970/1357/1062
f 4048/1346/1063 3269/1335/1063 3293/1358/1063
f 3256/1336/1064 3282/1360/1064 3258/1338/1064
f 3291/1355/1065 3311/1361/1065 3313/1362/1065
f 3293/1358/1066 3313/1362/1066 3314/1363/1066
f 3279/1359/1067 3974/1364/1067 3973/1365/1067
f 4045/1366/1068 3293/1358/1068 4044/1367/1068
f 3972/1368/1069 3282/1360/1069 3973/1365/1069
f 3304/1369/1070 3282/1360/1070 3990/1370/1070
f 2981/1371/1071 4052/1372/1071 4053/1373/1071
f 3285/1352/1072 3304/1369/1072 3306/1374/1072
f 3287/1353/1073 3306/1374/1073 3308/1375/1073
f 3290/1354/1074 3308/1375/1074 3311/1361/1074
f 3992/1376/1075 3304/1369/1075 3989/1377/1075
f 4054/1378/1076 2981/1379/1076 4053/1380/1076
f 3991/1381/1077 3306/1374/1077 3992/1376/1077
f 3327/1382/1078 3306/1374/1078 3993/1383/1078
f 3311/1361/1079 3327/1382/1079 3328/1384/1079
f 3313/1362/1080 3328/1384/1080 3330/1385/1080
f 4042/1386/1081 3313/1362/1081 3330/1385/1081
f 4042/1386/1082 4044/1367/1082 3314/1363/1082
f 4046/1387/1083 3330/1385/1083 3328/1384/1083
f 3330/1385/1084 4043/1388/1084 4041/1389/1084
f 4057/1390/1085 2981/1391/1085 4054/1392/1085
f 3995/1393/1086 3327/1382/1086 3996/1394/1086
f 4050/1395/1087 3327/1382/1087 3994/1396/1087
f 4055/1397/1088 2981/1398/1088 4057/1399/1088
f 2981/1400/1089 4055/1401/1089 4056/1402/1089
f 4171/1403/1090 4184/1404/1090 2892/1073/1090
f 4185/1405/1091 2892/1075/1091 4184/1406/1091
f 4185/1407/1092 4186/1408/1092 2892/1079/1092
f 1760/1409/1093 4113/1410/1093 4114/1411/1093
f 4113/1410/1094 1774/1412/1094 4153/1413/1094
f 4154/1414/1095 1774/1412/1095 4161/1415/1095
f 4161/1415/1096 1783/1416/1096 4160/1417/1096
f 1774/1412/1097 1854/1418/1097 1783/1416/1097
f 4160/1417/1098 1854/1418/1098 1860/1419/1098
f 4158/1420/1099 1860/1419/1099 4159/1421/1099
f 1829/1422/1100 4075/1423/1100 4076/1424/1100
f 4186/1425/1101 4187/1426/1101 2892/1082/1101
f 4109/1427/1102 1831/1428/1102 4108/1429/1102
f 4107/1430/1103 1831/1428/1103 1760/1409/1103
f 1760/1409/1104 1848/1431/1104 1774/1412/1104
f 4077/1432/1105 1909/1433/1105 1829/1422/1105
f 2892/1083/1106 4181/1434/1106 4182/1435/1106
f 1829/1422/1107 1913/1436/1107 1831/1428/1107
f 1831/1428/1108 1921/1437/1108 1842/1438/1108
f 1842/1438/1109 1933/1439/1109 1848/1431/1109
f 1848/1431/1110 1943/1440/1110 1854/1418/1110
f 1854/1418/1111 1945/1441/1111 1860/1419/1111
f 4074/1442/1112 1904/500/1112 4073/1443/1112
f 4155/1444/1113 1860/1419/1113 4152/1445/1113
f 4073/1443/1114 1907/1446/1114 4077/1432/1114
f 1933/1439/1115 2038/1447/1115 1943/1440/1115
f 1980/1448/1116 4081/1449/1116 4080/1450/1116
f 1943/1440/1117 2041/1451/1117 1945/1441/1117
f 1980/1448/1118 1904/500/1118 4088/1452/1118
f 4152/1445/855 2041/1451/855 2054/1090/855
f 1907/1446/1119 1989/497/1119 2003/1453/1119
f 4151/1454/1120 4157/1455/1120 4156/1456/1120
f 1909/1433/1121 2003/1453/1121 2007/1457/1121
f 4182/1458/1122 4183/1459/1122 2892/1095/1122
f 1909/1433/1123 2020/1460/1123 1913/1436/1123
f 1913/1436/1124 2025/1461/1124 1921/1437/1124
f 1921/1437/1125 2033/1462/1125 1933/1439/1125
f 4179/1463/1126 2171/1097/1126 4183/1464/1126
f 2007/1457/1127 2113/1465/1127 2020/1460/1127
f 2020/1460/1128 2132/1466/1128 2025/1461/1128
f 2025/1461/1129 2137/1467/1129 2033/1462/1129
f 2080/1468/1130 4083/1469/1130 4082/1470/1130
f 2033/1462/1131 2156/1471/1131 2038/1447/1131
f 2080/1468/1132 1980/1448/1132 4080/1450/1132
f 2038/1447/1133 2161/1472/1133 2041/1451/1133
f 1989/497/1134 2090/1473/1134 2094/494/1134
f 2041/1451/859 2164/1100/859 2054/1090/859
f 2003/1453/1135 2094/494/1135 2098/1474/1135
f 2164/1100/1136 2171/1097/1136 4148/1475/1136
f 2007/1457/1137 2098/1474/1137 2105/1476/1137
f 2156/1471/1138 2289/1477/1138 2161/1472/1138
f 2094/494/1139 2208/1478/1139 2218/491/1139
f 2161/1472/1140 2295/1479/1140 2164/1100/1140
f 2098/1474/1141 2218/491/1141 2221/1480/1141
f 2164/1100/862 2300/1103/862 2171/1097/862
f 2105/1476/1142 2221/1480/1142 2232/601/1142
f 2171/1097/863 2300/1103/863 2892/1104/863
f 2105/1476/1143 2242/1481/1143 2113/1465/1143
f 2113/1465/1144 2250/1482/1144 2132/1466/1144
f 2132/1466/1145 2259/1483/1145 2137/1467/1145
f 2202/1484/1146 4082/1470/1146 4086/1485/1146
f 2137/1467/1147 2274/1486/1147 2156/1471/1147
f 2090/1473/1148 2202/1484/1148 2208/1478/1148
f 2250/1482/1149 2375/1487/1149 2385/1488/1149
f 2306/1489/1150 4085/1490/1150 4084/1491/1150
f 2259/1483/1151 2385/1488/1151 2388/1492/1151
f 2306/1489/1152 2202/1484/1152 4086/1485/1152
f 2274/1486/1153 2388/1492/1153 2397/1493/1153
f 2202/1484/1154 2337/1494/1154 2208/1478/1154
f 2289/1477/1155 2397/1493/1155 2419/1495/1155
f 2208/1478/1156 2345/488/1156 2218/491/1156
f 2295/1479/864 2419/1495/864 2428/1105/864
f 2218/491/1157 2353/1496/1157 2221/1480/1157
f 2300/1103/865 2428/1105/865 2436/1107/865
f 2221/1480/1158 2372/1497/1158 2232/601/1158
f 2892/1108/866 2300/1103/866 2436/1107/866
f 2242/1481/1159 2372/1497/1159 2375/1487/1159
f 2337/1494/1160 2483/1498/1160 2345/488/1160
f 2428/1105/867 2540/1499/867 2553/1109/867
f 2345/488/1161 2488/1500/1161 2353/1496/1161
f 2436/1107/868 2553/1109/868 2570/1111/868
f 2353/1496/1162 2504/1501/1162 2372/1497/1162
f 2892/1112/869 2436/1107/869 2570/1111/869
f 2375/1487/1163 2504/1501/1163 2515/1502/1163
f 2385/1488/1164 2515/1502/1164 2523/1503/1164
f 2452/1504/1165 4084/1491/1165 4079/1505/1165
f 2388/1492/1166 2523/1503/1166 2531/1506/1166
f 2306/1489/1167 2454/1507/1167 2325/1508/1167
f 2397/1493/1168 2531/1506/1168 2536/1509/1168
f 2325/1508/1169 2467/1510/1169 2337/1494/1169
f 2419/1495/1170 2536/1509/1170 2540/1499/1170
f 2523/1503/1171 2643/1511/1171 2649/1512/1171
f 4078/1513/1172 2591/1514/1172 4079/1505/1172
f 2531/1506/1173 2649/1512/1173 2658/1515/1173
f 2452/1504/1174 2595/1516/1174 2454/1507/1174
f 2536/1509/1175 2658/1515/1175 2662/1517/1175
f 2454/1507/1176 2599/1518/1176 2467/1510/1176
f 2540/1499/1177 2662/1517/1177 2664/1519/1177
f 2467/1510/1178 2606/1520/1178 2483/1498/1178
f 2553/1109/1179 2664/1519/1179 2666/1113/1179
f 2483/1498/1180 2622/1521/1180 2488/1500/1180
f 2570/1111/871 2666/1113/871 2668/1115/871
f 2488/1500/1181 2629/1522/1181 2504/1501/1181
f 2892/1116/872 2570/1111/872 2668/1115/872
f 2515/1502/1182 2629/1522/1182 2643/1511/1182
f 2666/1113/873 2723/1523/873 2726/1118/873
f 2606/1520/1183 2694/1524/1183 2622/1521/1183
f 2668/1115/874 2726/1118/874 2731/1119/874
f 2622/1521/1184 2699/1525/1184 2629/1522/1184
f 2892/1120/875 2668/1115/875 2731/1119/875
f 2643/1511/1185 2699/1525/1185 2702/1526/1185
f 2649/1512/1186 2702/1526/1186 2709/1527/1186
f 2679/1528/1187 4105/1529/1187 4104/1530/1187
f 2658/1515/1188 2709/1527/1188 2714/1531/1188
f 2591/1514/1189 2682/1532/1189 2595/1516/1189
f 2662/1517/1190 2714/1531/1190 2718/1533/1190
f 2595/1516/1191 2690/1534/1191 2599/1518/1191
f 2664/1519/1192 2718/1533/1192 2723/1523/1192
f 2599/1518/1193 2693/1535/1193 2606/1520/1193
f 2739/1536/1194 4104/1530/1194 4103/1537/1194
f 2714/1531/1195 2766/1538/1195 2767/1539/1195
f 2679/1528/1196 2740/1540/1196 2682/1532/1196
f 2718/1533/1197 2767/1539/1197 2769/1541/1197
f 2682/1532/1198 2743/1542/1198 2690/1534/1198
f 2723/1523/876 2769/1541/876 2777/1121/876
f 2690/1534/1199 2746/1543/1199 2693/1535/1199
f 2726/1118/877 2777/1121/877 2787/1124/877
f 2693/1535/878 2755/1544/878 2694/1524/878
f 2731/1119/879 2787/1124/879 2788/1128/879
f 2694/1524/1200 2761/1545/1200 2699/1525/1200
f 2892/1129/880 2731/1119/880 2788/1128/880
f 2702/1526/1201 2761/1545/1201 2764/1546/1201
f 2709/1527/1202 2764/1546/1202 2766/1538/1202
f 2746/1543/881 2809/1160/881 2755/1544/881
f 2788/1128/882 2824/1132/882 2827/1133/882
f 2755/1544/1203 2810/924/1203 2761/1545/1203
f 2892/1135/884 2788/1128/884 2827/1133/884
f 2764/1546/1204 2810/924/1204 2812/1547/1204
f 2766/1538/1205 2812/1547/1205 2814/1548/1205
f 2795/1549/1206 4103/1537/1206 4101/1550/1206
f 2767/1539/886 2814/1548/886 2817/1139/886
f 2739/1536/1207 2796/1551/1207 2740/1540/1207
f 2769/1541/1208 2817/1139/1208 2819/1144/1208
f 2740/1540/1209 2801/1552/1209 2743/1542/1209
f 2777/1121/1210 2819/1144/1210 2820/1148/1210
f 2743/1542/1211 2805/1130/1211 2746/1543/1211
f 2787/1124/890 2820/1148/890 2824/1132/890
f 2817/1139/891 2848/1150/891 2850/1151/891
f 4100/1553/1212 2796/1551/1212 2795/1549/1212
f 2819/1144/892 2850/1151/892 2851/1152/892
f 2796/1551/893 2835/1153/893 2801/1552/893
f 2820/1148/894 2851/1152/894 2853/1156/894
f 2801/1552/895 2836/1181/895 2805/1130/895
f 2824/1132/896 2853/1156/896 2856/1158/896
f 2805/1130/897 2839/1159/897 2809/1160/897
f 2827/1133/898 2856/1158/898 2857/1161/898
f 2809/1160/899 2840/1162/899 2810/924/899
f 2892/1163/900 2827/1133/900 2857/1161/900
f 2812/1547/901 2840/1162/901 2846/1165/901
f 2814/1548/1213 2846/1165/1213 2848/1150/1213
f 4102/1554/1214 2795/1549/1214 4101/1550/1214
f 2857/1161/903 2889/1168/903 2891/1169/903
f 2839/1159/904 2873/1170/904 2840/1162/904
f 2892/1171/905 2857/1161/905 2891/1169/905
f 2846/1165/906 2873/1170/906 2875/1172/906
f 2848/1150/907 2875/1172/907 2881/1173/907
f 4097/1555/1215 2865/1175/1215 4100/1553/1215
f 2851/1152/910 2882/1174/910 2884/1178/910
f 2832/1556/911 2868/1184/911 2835/1153/911
f 2853/1156/912 2884/1178/912 2887/1179/912
f 2835/1153/913 2870/1180/913 2836/1181/913
f 2856/1158/914 2887/1179/914 2889/1168/914
f 2836/1181/915 2872/1182/915 2839/1159/915
f 2882/1174/916 2921/1183/916 2884/1178/916
f 2903/1186/917 2865/1175/917 4099/1557/917
f 2884/1178/918 2923/1187/918 2887/1179/918
f 2870/1180/919 2903/1186/919 2905/1188/919
f 2887/1179/920 2925/1189/920 2889/1168/920
f 2872/1182/921 2905/1188/921 2906/1190/921
f 2889/1168/922 2926/1191/922 2891/1169/922
f 2873/1170/923 2906/1190/923 2909/1192/923
f 2892/1193/924 2891/1169/924 2926/1191/924
f 2873/1170/925 2910/1194/925 2875/1172/925
f 2875/1172/926 2915/1195/926 2881/1173/926
f 2881/1173/927 2916/1196/927 2882/1174/927
f 2865/1175/1216 4098/1558/1216 4099/1557/1216
f 2892/1198/929 2926/1191/929 2958/1199/929
f 2910/1194/930 2941/1214/930 4121/1559/930
f 2915/1195/931 4120/1560/931 4122/1561/931
f 4125/1562/1217 2944/1205/1217 2915/1195/1217
f 2916/1196/935 2946/1207/935 2921/1183/935
f 2903/1186/936 4096/1563/936 4095/1564/936
f 2921/1183/937 2952/1210/937 2923/1187/937
f 4094/1565/938 2935/1211/938 2903/1186/938
f 2923/1187/939 2955/1212/939 2925/1189/939
f 2906/1190/940 2935/1211/940 2939/1213/940
f 2925/1189/941 2958/1199/941 2926/1191/941
f 2909/1192/942 2939/1213/942 2941/1214/942
f 4128/1566/1218 2979/1217/1218 2946/1207/1218
f 4092/1567/945 2935/1211/945 4093/1568/945
f 2952/1210/946 2982/1219/946 2955/1212/946
f 4118/1569/947 2935/1211/947 4090/1570/947
f 2955/1212/948 2983/1221/948 2958/1199/948
f 2941/1214/1219 4118/1569/1219 4117/1571/1219
f 2892/1223/950 2958/1199/950 2983/1221/950
f 2941/1214/1220 4123/1572/1220 4121/1559/1220
f 4131/1573/954 2944/1205/954 4132/1574/954
f 4130/1575/1221 2946/1207/1221 4131/1573/1221
f 4143/1576/964 2979/1217/964 4142/1577/964
f 3006/1240/966 2979/1217/966 4143/1576/966
f 4115/1578/967 4090/1570/967 4089/1579/967
f 2982/1219/968 3010/1242/968 2983/1221/968
f 2892/1244/970 2983/1221/970 3010/1242/970
f 3027/1248/973 4144/1580/973 4134/1581/973
f 3006/1240/975 3029/1250/975 3010/1242/975
f 2892/1252/977 3010/1242/977 3029/1250/977
f 4136/1582/1222 3027/1248/1222 4133/1583/1222
f 3027/1248/995 3046/1271/995 3029/1250/995
f 2892/1273/997 3029/1250/997 3046/1271/997
f 4135/1584/1000 3044/1269/1000 4136/1585/1000
f 3044/1269/1002 3062/1279/1002 3046/1271/1002
f 2892/1281/1004 3046/1271/1004 3062/1279/1004
f 4141/1586/1223 3061/1277/1223 4135/1584/1223
f 3061/1277/1023 3080/1300/1023 3062/1279/1023
f 2892/1302/1025 3062/1279/1025 3080/1300/1025
f 3094/1306/1027 4141/1587/1027 4137/1588/1027
f 3080/1310/1029 3094/1306/1029 3096/1311/1029
f 3096/1311/1031 2892/1314/1031 3080/1310/1031
f 3110/1337/1046 4137/1588/1046 4140/1589/1046
f 4166/1590/1224 3096/1311/1224 3094/1306/1224
f 4173/1591/1225 2892/1342/1225 4177/1592/1225
f 4146/1593/1226 3110/1337/1226 4163/1594/1226
f 4175/1595/1227 2892/1350/1227 4174/1596/1227
f 4164/1597/1063 4140/1589/1063 4139/1598/1063
f 4162/1599/1228 4138/1600/1228 4111/1601/1228
f 2892/1371/1229 4167/1602/1229 4168/1603/1229
f 4169/1604/1230 2892/1379/1230 4168/1605/1230
f 4172/1606/1231 2892/1391/1231 4169/1607/1231
f 4170/1608/1088 2892/1398/1088 4172/1609/1088
f 2892/1400/1232 4170/1610/1232 4171/1611/1232
f 3011/1612/1233 1562/1613/1233 1570/1614/1233
f 1208/1615/1234 1570/1614/1234 1580/1616/1234
f 3013/1617/1235 1580/1616/1235 1606/1618/1235
f 1507/1619/1236 4204/1620/1236 4205/1621/1236
f 3015/1622/1237 1606/1618/1237 1634/1623/1237
f 1507/1619/1238 659/1624/1238 4203/1625/1238
f 3015/1622/1239 1634/1623/1239 2655/1073/1239
f 936/1626/1240 1519/1627/1240 1527/1628/1240
f 1188/1629/1241 1527/1628/1241 1554/1630/1241
f 3009/1631/1242 1554/1630/1242 1562/1613/1242
f 1634/1623/1250 1726/1639/1250 2655/1075/1250
f 1726/1639/1253 1779/1642/1253 1785/1643/1253
f 1686/1640/1254 1750/1644/1254 1752/1645/1254
f 1726/1639/1255 1785/1643/1255 2655/1079/1255
f 1692/1641/1256 1752/1645/1256 1757/1646/1256
f 1696/1632/1257 1757/1646/1257 1762/1409/1257
f 1707/1633/1258 1762/1409/1258 1765/1412/1258
f 1716/1634/1259 1765/1412/1259 1767/1416/1259
f 1719/1635/1260 1767/1416/1260 1771/1647/1260
f 4201/1648/1261 4198/1649/1261 1740/506/1261
f 1721/1636/1262 1771/1647/1262 1779/1642/1262
f 4201/1648/1263 1750/1644/1263 1682/1638/1263
f 1785/1643/1271 1844/1653/1271 2655/1082/1271
f 1810/1422/1275 1867/1446/1275 1871/1433/1275
f 1844/1653/1276 1902/1654/1276 2655/1083/1276
f 1813/1428/1277 1871/1433/1277 1873/1436/1277
f 1825/1438/1278 1873/1436/1278 1877/1437/1278
f 1828/1431/1279 1877/1437/1279 1881/1439/1279
f 1834/1418/1280 1881/1439/1280 1886/1440/1280
f 1836/1419/1281 1886/1440/1281 1896/1441/1281
f 4197/1655/1282 1801/503/1282 4195/1656/1282
f 1840/1651/1283 1896/1441/1283 1898/1657/1283
f 1805/1652/1284 1863/500/1284 1867/1446/1284
f 1844/1653/1285 1898/1657/1285 1902/1654/1285
f 1902/1654/1293 1964/1659/1293 2655/1095/1293
f 1964/1659/1297 2021/1097/1297 2655/1660/1297
f 1935/1460/1298 1985/1476/1298 1988/1465/1298
f 1938/1461/1299 1988/1465/1299 1999/1466/1299
f 1942/1462/1300 1999/1466/1300 2005/1467/1300
f 1948/1447/1301 2005/1467/1301 2009/1471/1301
f 1952/1451/1302 2009/1471/1302 2012/1472/1302
f 4194/1661/1303 1916/497/1303 4192/1662/1303
f 1954/1090/1304 2012/1472/1304 2017/1100/1304
f 1920/1453/1305 1978/494/1305 1981/1474/1305
f 1964/1659/1306 2017/1100/1306 2021/1097/1306
f 1932/1457/1307 1981/1474/1307 1985/1476/1307
f 2021/1097/1314 2085/1103/1314 2655/1104/1314
f 2060/1482/1319 2122/1487/1319 2125/1488/1319
f 2062/1483/1320 2125/1488/1320 2130/1492/1320
f 2070/1486/1321 2130/1492/1321 2133/1493/1321
f 2073/1477/1322 2133/1493/1322 2140/1495/1322
f 4189/1664/1323 2043/491/1323 4191/1663/1323
f 2082/1479/1324 2140/1495/1324 2148/1105/1324
f 2048/1480/1325 2099/488/1325 2112/1496/1325
f 2085/1103/1326 2148/1105/1326 2152/1107/1326
f 2050/601/1327 2112/1496/1327 2118/1497/1327
f 2085/1103/1328 2152/1107/1328 2655/1108/1328
f 2055/1481/1329 2118/1497/1329 2122/1487/1329
f 2655/1112/1335 2152/1107/1335 2216/1111/1335
f 2191/1503/1341 2254/1511/1341 2257/1512/1341
f 2197/1506/1342 2257/1512/1342 2261/1515/1342
f 2205/1509/1343 2261/1515/1343 2269/1517/1343
f 2211/1499/1344 2269/1517/1344 2278/1519/1344
f 4222/1666/1345 2170/1498/1345 4220/1667/1345
f 2213/1109/1346 2278/1519/1346 2287/1113/1346
f 2245/1521/1347 2170/1498/1347 4222/1666/1347
f 2216/1111/1348 2287/1113/1348 2294/1115/1348
f 2177/1501/1349 2245/1521/1349 2251/1522/1349
f 2655/1116/1350 2216/1111/1350 2294/1115/1350
f 2183/1502/1351 2251/1522/1351 2254/1511/1351
f 2655/1120/1356 2294/1115/1356 2365/1119/1356
f 2340/1531/1362 2406/1538/1362 2410/1539/1362
f 2344/1533/1363 2410/1539/1363 2415/1541/1363
f 2349/1523/1364 2415/1541/1364 2426/1121/1364
f 2357/1118/1365 2426/1121/1365 2431/1124/1365
f 2310/1524/1366 4218/1670/1366 4243/1671/1366
f 2365/1119/1367 2431/1124/1367 2437/1128/1367
f 2391/1545/1368 2310/1524/1368 4243/1671/1368
f 2655/1129/1369 2365/1119/1369 2437/1128/1369
f 2330/1526/1370 2391/1545/1370 2393/1546/1370
f 2334/1527/1371 2393/1546/1371 2406/1538/1371
f 2655/1135/1374 2437/1128/1374 2509/1133/1374
f 2486/1139/1381 2549/1150/1381 2557/1151/1381
f 2490/1144/1382 2557/1151/1382 2564/1152/1382
f 2495/1148/1383 2564/1152/1383 2572/1156/1383
f 2499/1132/1384 2572/1156/1384 2579/1158/1384
f 2509/1133/1385 2579/1158/1385 2584/1161/1385
f 4240/1673/1386 2463/924/1386 4242/1672/1386
f 2655/1163/1387 2509/1133/1387 2584/1161/1387
f 2542/1165/1388 2463/924/1388 4241/1674/1388
f 2481/1548/1389 2542/1165/1389 2549/1150/1389
f 2655/1171/1391 2584/1161/1391 2651/1169/1391
f 2626/1174/1398 2676/1183/1398 2633/1178/1398
f 2633/1178/1399 2680/1187/1399 2637/1179/1399
f 2637/1179/1400 2686/1189/1400 2640/1168/1400
f 2640/1168/1401 2688/1191/1401 2651/1169/1401
f 2655/1193/1402 2651/1169/1402 2688/1191/1402
f 2617/1173/1403 4252/1677/1403 4254/1678/1403
f 4253/1679/1404 2626/1174/1404 2617/1173/1404
f 2721/1199/1405 2655/1198/1405 2688/1191/1405
f 2711/1207/1411 2744/1217/1411 2715/1210/1411
f 2715/1210/1412 2748/1219/1412 2717/1212/1412
f 2717/1212/1413 2753/1221/1413 2721/1199/1413
f 2753/1221/1414 2655/1223/1414 2721/1199/1414
f 4246/1681/1415 2707/1205/1415 4248/1682/1415
f 2742/1229/1416 2707/1205/1416 4224/1683/1416
f 2773/1236/1417 4231/1684/1417 4230/1685/1417
f 2742/1229/1418 2775/1238/1418 2744/1217/1418
f 2744/1217/1419 2779/1240/1419 2748/1219/1419
f 2748/1219/1420 2784/1242/1420 2753/1221/1420
f 2784/1242/1421 2655/1244/1421 2753/1221/1421
f 2773/1236/1422 2804/1245/1422 2775/1238/1422
f 2775/1238/1423 2807/1248/1423 2779/1240/1423
f 2779/1240/1424 2808/1250/1424 2784/1242/1424
f 2808/1250/1425 2655/1252/1425 2784/1242/1425
f 2803/1259/1426 4230/1685/1426 4228/1686/1426
f 4229/1687/1427 2803/1259/1427 4228/1686/1427
f 4227/1688/1428 2804/1245/1428 2803/1259/1428
f 2804/1245/1429 2825/1269/1429 2807/1248/1429
f 2807/1248/1430 2826/1271/1430 2808/1250/1430
f 2826/1271/1431 2655/1273/1431 2808/1250/1431
f 2822/1267/1432 2843/1277/1432 2825/1269/1432
f 2825/1269/1433 2844/1279/1433 2826/1271/1433
f 2655/1281/1434 2826/1271/1434 2844/1279/1434
f 4226/1689/1435 2841/1289/1435 4227/1688/1435
f 2859/1296/1436 4234/1690/1436 4232/1691/1436
f 2841/1289/1437 2861/1298/1437 2843/1277/1437
f 2843/1277/1438 2863/1300/1438 2844/1279/1438
f 2655/1302/1439 2844/1279/1439 2863/1300/1439
f 2859/1328/1440 2878/1306/1440 2861/1304/1440
f 2861/1304/1441 2880/1311/1441 2863/1310/1441
f 2655/1314/1442 2863/1310/1442 2880/1311/1442
f 4233/1692/1443 2877/1305/1443 4232/1693/1443
f 4235/1694/1444 2893/1333/1444 4237/1695/1444
f 2893/1333/1445 2877/1305/1445 4236/1696/1445
f 2877/1305/1446 2898/1337/1446 2878/1306/1446
f 2878/1306/1447 2900/1697/1447 2880/1311/1447
f 2900/1697/1448 2655/1342/1448 2880/1311/1448
f 2898/1337/1449 2919/1698/1449 2900/1697/1449
f 2919/1698/1450 2655/1350/1450 2900/1697/1450
f 2912/1355/1451 4235/1694/1451 4238/1699/1451
f 2893/1333/1452 2914/1358/1452 2896/1335/1452
f 2896/1335/1453 2917/1700/1453 2898/1337/1453
f 2931/1362/1454 4238/1699/1454 4239/1701/1454
f 2912/1355/1455 2933/1363/1455 2914/1358/1455
f 2914/1358/1456 2936/1702/1456 2917/1700/1456
f 2917/1700/1457 2938/1703/1457 2919/1698/1457
f 2938/1703/1458 2655/1371/1458 2919/1698/1458
f 2957/1704/1459 2655/1379/1459 2938/1703/1459
f 4210/1705/1460 2948/1382/1460 4211/1706/1460
f 4211/1706/1461 2949/1384/1461 4215/1707/1461
f 2949/1384/1462 2931/1362/1462 4209/1708/1462
f 2931/1362/1463 2953/1709/1463 2933/1363/1463
f 2933/1363/1464 2956/1710/1464 2936/1702/1464
f 2936/1702/1465 2957/1704/1465 2938/1703/1465
f 2949/1384/1466 2974/1711/1466 2951/1385/1466
f 2951/1385/1467 2976/1712/1467 2953/1709/1467
f 2953/1709/1468 2977/1713/1468 2956/1710/1468
f 2956/1710/1469 2980/1714/1469 2957/1704/1469
f 2980/1714/1470 2655/1391/1470 2957/1704/1470
f 2967/1715/1471 4212/1716/1471 4213/1717/1471
f 2967/1715/1472 2948/1382/1472 4210/1705/1472
f 2948/1382/1473 2971/1718/1473 2949/1384/1473
f 3002/1719/1474 2655/1398/1474 2980/1714/1474
f 2988/1720/1475 2967/1715/1475 4213/1717/1475
f 2967/1715/1476 2993/1721/1476 2969/1722/1476
f 2969/1722/1477 2994/1723/1477 2971/1718/1477
f 2971/1718/1478 2997/1724/1478 2974/1711/1478
f 2974/1711/1479 2998/1725/1479 2976/1712/1479
f 2976/1712/1480 3001/1726/1480 2977/1713/1480
f 2977/1713/1481 3002/1719/1481 2980/1714/1481
f 2988/1720/1482 4207/1727/1482 4206/1728/1482
f 3015/1622/1487 2655/1400/1487 3002/1719/1487
f 2799/1622/1497 1540/1623/1497 2200/1073/1497
f 1444/1613/1501 1613/1632/1501 1619/1633/1501
f 1490/1614/1502 1619/1633/1502 1630/1634/1502
f 1516/1616/1503 1630/1634/1503 1641/1635/1503
f 1531/1618/1504 1641/1635/1504 1652/1636/1504
f 1540/1623/1505 1652/1636/1505 1668/1639/1505
f 4258/1733/1506 1330/1627/1506 4262/1734/1506
f 1540/1623/1507 1668/1639/1507 2200/1075/1507
f 1594/1641/1508 1330/1627/1508 4259/1735/1508
f 1420/1630/1509 1594/1641/1509 1613/1632/1509
f 1668/1639/1510 1709/1642/1510 1713/1643/1510
f 1668/1639/1511 1713/1643/1511 2200/1079/1511
f 4261/1736/1512 1594/1641/1512 4257/1737/1512
f 1613/1632/1513 4261/1736/1513 4260/1738/1513
f 1700/1412/1514 1613/1632/1514 4256/1739/1514
f 1630/1634/1515 1700/1412/1515 1704/1416/1515
f 1641/1635/1516 1704/1416/1516 1705/1647/1516
f 1652/1636/1517 1705/1647/1517 1709/1642/1517
f 1737/1418/1518 1700/1412/1518 4290/1740/1518
f 1705/1647/1519 1737/1418/1519 1741/1419/1519
f 1709/1642/1520 1741/1419/1520 1743/1651/1520
f 1713/1643/1521 1743/1651/1521 1747/1653/1521
f 1713/1643/1522 1747/1653/1522 2200/1082/1522
f 4290/1740/1523 1700/1412/1523 4288/1741/1523
f 1747/1653/1524 1787/1654/1524 2200/1083/1524
f 4286/1742/1525 1775/1440/1525 4289/1743/1525
f 1741/1419/1526 1775/1440/1526 1778/1441/1526
f 1743/1651/1527 1778/1441/1527 1782/1657/1527
f 1747/1653/1528 1782/1657/1528 1787/1654/1528
f 1775/1440/1529 4292/1744/1529 4291/1745/1529
f 4293/1746/1530 1815/1451/1530 1775/1440/1530
f 1782/1657/1531 1815/1451/1531 1821/1090/1531
f 1787/1654/1532 1821/1090/1532 1823/1659/1532
f 1787/1654/1533 1823/1659/1533 2200/1095/1533
f 1823/1659/1534 1862/1097/1534 2200/1660/1534
f 4298/1747/1535 1852/1472/1535 4299/1748/1535
f 1821/1090/1536 1852/1472/1536 1856/1100/1536
f 1823/1659/1537 1856/1100/1537 1862/1097/1537
f 4296/1749/1538 1852/1472/1538 4297/1750/1538
f 1856/1100/1539 1887/1477/1539 1890/1479/1539
f 1862/1097/1540 1890/1479/1540 1894/1103/1540
f 2200/1104/1541 1862/1097/1541 1894/1103/1541
f 4295/1751/1542 1887/1477/1542 4296/1749/1542
f 1890/1479/1543 1923/1495/1543 1928/1105/1543
f 1894/1103/1544 1928/1105/1544 1929/1107/1544
f 2200/1108/1545 1894/1103/1545 1929/1107/1545
f 1928/1105/1546 1960/1499/1546 1962/1109/1546
f 1929/1107/1547 1962/1109/1547 1968/1111/1547
f 2200/1112/1548 1929/1107/1548 1968/1111/1548
f 4294/1752/1549 1960/1499/1549 4295/1751/1549
f 1991/1517/1550 4303/1753/1550 4302/1754/1550
f 1991/1517/1551 1960/1499/1551 4304/1755/1551
f 1962/1109/1552 1995/1519/1552 1997/1113/1552
f 1968/1111/1553 1997/1113/1553 2001/1115/1553
f 2200/1116/1554 1968/1111/1554 2001/1115/1554
f 1997/1113/1555 2032/1523/1555 2036/1118/1555
f 2001/1115/1556 2036/1118/1556 2040/1119/1556
f 2200/1120/1557 2001/1115/1557 2040/1119/1557
f 1991/1517/1558 4300/1756/1558 2027/1533/1558
f 1995/1519/1559 2027/1533/1559 2032/1523/1559
f 4301/1757/1560 2068/1541/1560 4300/1756/1560
f 2032/1523/1561 2068/1541/1561 2072/1121/1561
f 2036/1118/1562 2072/1121/1562 2076/1124/1562
f 2040/1119/1563 2076/1124/1563 2077/1128/1563
f 2200/1129/1564 2040/1119/1564 2077/1128/1564
f 2077/1128/1565 2116/1132/1565 2120/1133/1565
f 2200/1135/1566 2077/1128/1566 2120/1133/1566
f 2102/1139/1567 4307/1758/1567 4308/1759/1567
f 2102/1139/1568 2068/1541/1568 4306/1760/1568
f 2072/1121/1569 2108/1144/1569 2110/1148/1569
f 2076/1124/1570 2110/1148/1570 2116/1132/1570
f 4305/1761/1571 2142/1151/1571 4308/1759/1571
f 2108/1144/1572 2142/1151/1572 2146/1152/1572
f 2110/1148/1573 2146/1152/1573 2149/1156/1573
f 2116/1132/1574 2149/1156/1574 2154/1158/1574
f 2120/1133/1575 2154/1158/1575 2158/1161/1575
f 2200/1163/1576 2120/1133/1576 2158/1161/1576
f 2158/1161/1577 2195/1168/1577 2199/1169/1577
f 2200/1171/1578 2158/1161/1578 2199/1169/1578
f 4311/1762/1579 2182/1173/1579 4314/1763/1579
f 2182/1173/1580 2142/1151/1580 4313/1764/1580
f 2146/1152/1581 2186/1174/1581 2190/1178/1581
f 2149/1156/1582 2190/1178/1582 2193/1179/1582
f 2154/1158/1583 2193/1179/1583 2195/1168/1583
f 2200/1193/1588 2199/1169/1588 2244/1191/1588
f 4316/1765/1589 2220/1194/1589 4317/1766/1589
f 2200/1198/1592 2244/1191/1592 2291/1199/1592
f 4315/1768/1593 2264/1214/1593 2220/1194/1593
f 2220/1194/1594 2271/1201/1594 2224/1195/1594
f 2224/1195/1595 2276/1205/1595 2228/1196/1595
f 2228/1196/1596 2280/1207/1596 2234/1183/1596
f 2234/1183/1597 2281/1210/1597 2235/1187/1597
f 2235/1187/1598 2286/1212/1598 2240/1189/1598
f 2240/1189/1599 2291/1199/1599 2244/1191/1599
f 4319/1769/1600 2264/1214/1600 4318/1770/1600
f 2200/1223/1605 2291/1199/1605 2336/1221/1605
f 2308/1222/1610 2355/1230/1610 2312/1224/1610
f 2312/1224/1611 2359/1231/1611 2314/1225/1611
f 2314/1225/1612 2364/1233/1612 2320/1227/1612
f 2320/1227/1613 2370/1236/1613 2321/1229/1613
f 2321/1229/1614 2373/1238/1614 2327/1217/1614
f 2327/1217/1615 2377/1240/1615 2332/1219/1615
f 2348/1241/1616 4281/1772/1616 4282/1773/1616
f 2332/1219/1617 2381/1242/1617 2336/1221/1617
f 4309/1774/1618 2348/1241/1618 2308/1222/1618
f 2200/1244/1619 2336/1221/1619 2381/1242/1619
f 2200/1252/1625 2381/1242/1625 2430/1250/1625
f 2404/1253/1630 2457/1260/1630 2408/1254/1630
f 2408/1254/1631 2462/1263/1631 2414/1256/1631
f 2414/1256/1632 2465/1265/1632 2418/1259/1632
f 2418/1259/1633 2472/1267/1633 2421/1245/1633
f 4284/1776/1634 2443/1268/1634 4285/1777/1634
f 2421/1245/1635 2473/1269/1635 2424/1248/1635
f 4285/1777/1636 2447/1270/1636 2395/1249/1636
f 2424/1248/1637 2479/1271/1637 2430/1250/1637
f 2395/1249/1638 2449/1272/1638 2400/1251/1638
f 2479/1271/1639 2200/1273/1639 2430/1250/1639
f 2400/1251/1640 2455/1274/1640 2404/1253/1640
f 2528/1279/1646 2200/1281/1646 2479/1271/1646
f 2505/1282/1652 2559/1290/1652 2507/1283/1652
f 2507/1283/1653 2560/1292/1653 2511/1286/1653
f 2511/1286/1654 2567/1294/1654 2518/1288/1654
f 2518/1288/1655 2569/1296/1655 2521/1289/1655
f 2543/1297/1656 4276/1779/1656 4277/1780/1656
f 2521/1289/1657 2573/1298/1657 2526/1277/1657
f 2493/1276/1658 2545/1299/1658 2497/1278/1658
f 2526/1277/1659 2575/1300/1659 2528/1279/1659
f 2497/1278/1660 2550/1301/1660 2501/1280/1660
f 2575/1300/1661 2200/1302/1661 2528/1279/1661
f 2501/1280/1662 2554/1303/1662 2505/1282/1662
f 2627/1311/1667 2200/1314/1667 2575/1310/1667
f 2607/1318/1674 2656/1331/1674 2611/1320/1674
f 2611/1320/1675 2657/1333/1675 2613/1325/1675
f 2613/1325/1676 2659/1335/1676 2619/1305/1676
f 2642/1336/1677 4278/1782/1677 4279/1783/1677
f 2619/1305/1678 2661/1337/1678 2624/1306/1678
f 2589/1329/1679 2646/1338/1679 2594/1308/1679
f 2624/1306/1680 2663/1697/1680 2627/1311/1680
f 2594/1308/1681 2647/1340/1681 2597/1312/1681
f 2663/1697/1682 2200/1342/1682 2627/1311/1682
f 2597/1312/1683 2652/1344/1683 2602/1316/1683
f 2602/1316/1684 2654/1330/1684 2607/1318/1684
f 2689/1698/1687 2200/1350/1687 2663/1697/1687
f 2681/1354/1696 2708/1362/1696 2683/1355/1696
f 2683/1355/1697 2710/1363/1697 2684/1358/1697
f 2696/1785/1698 4273/1786/1698 4274/1787/1698
f 2684/1358/1699 2712/1702/1699 2687/1700/1699
f 2670/1359/1700 2698/1788/1700 2672/1360/1700
f 2687/1700/1701 2713/1703/1701 2689/1698/1701
f 2672/1360/1702 2700/1369/1702 2675/1348/1702
f 2713/1703/1703 2200/1371/1703 2689/1698/1703
f 2675/1348/1704 2701/1374/1704 2677/1352/1704
f 2677/1352/1705 2704/1375/1705 2678/1353/1705
f 2678/1353/1706 2705/1361/1706 2681/1354/1706
f 2738/1704/1708 2200/1379/1708 2713/1703/1708
f 2730/1384/1718 2757/1711/1718 2732/1385/1718
f 2732/1385/1719 2759/1712/1719 2735/1709/1719
f 2720/1792/1720 4268/1794/1720 4271/1795/1720
f 2735/1709/1721 2760/1713/1721 2736/1710/1721
f 2747/1796/1722 2720/1792/1722 4271/1795/1722
f 2736/1710/1723 2763/1714/1723 2738/1704/1723
f 2722/1793/1724 2749/1797/1724 2724/1789/1724
f 2763/1714/1725 2200/1391/1725 2738/1704/1725
f 2724/1789/1726 2750/1715/1726 2727/1790/1726
f 2727/1790/1727 2752/1722/1727 2728/1382/1727
f 2728/1382/1728 2754/1718/1728 2730/1384/1728
f 2786/1719/1729 2200/1398/1729 2763/1714/1729
f 2781/1724/1739 1060/1615/1739 2782/1725/1739
f 2782/1725/1740 2797/1617/1740 2785/1726/1740
f 4265/1801/1741 2771/1799/1741 4267/1802/1741
f 2785/1726/1742 2799/1622/1742 2786/1719/1742
f 422/1624/1743 2771/1799/1743 4265/1801/1743
f 2786/1719/1744 2799/1622/1744 2200/1400/1744
f 2772/1720/1745 628/1626/1745 2774/1730/1745
f 2774/1730/1746 727/1629/1746 2776/1721/1746
f 2776/1721/1747 2793/1631/1747 2778/1723/1747
f 2778/1723/1748 2794/1612/1748 2781/1724/1748
f 4364/1803/1749 375/341/1749 4365/1804/1749
f 490/344/1750 4365/1804/1750 375/341/1750
f 4367/1805/1751 490/344/1751 4368/1806/1751
f 4359/1807/1752 841/347/1752 4486/1808/1752
f 4360/1809/1753 4488/1810/1753 4494/1811/1753
f 1002/350/1753 4493/1812/1753 4490/1813/1753
f 4361/1814/1754 4501/1815/1754 4495/1816/1754
f 1072/353/1754 1235/356/1754 4499/1817/1754
f 1280/359/1755 4357/1818/1755 4504/1819/1755
f 4349/1820/1756 1280/359/1756 4348/1821/1756
f 4350/1822/1757 1309/362/1757 4351/1823/1757
f 4352/1824/1758 1347/365/1758 4355/1825/1758
f 1386/368/1759 4354/1826/1759 4355/1825/1759
f 1430/371/1760 4353/1827/1760 4354/1826/1760
f 4321/1828/1761 1475/374/1761 4322/1829/1761
f 1502/377/1762 4608/1830/1762 4609/1831/1762
f 4326/1832/1763 4606/1833/1763 4613/1834/1763
f 1522/380/1764 4616/1835/1764 4604/1836/1764
f 4324/1837/1765 4618/1838/1765 4621/1839/1765
f 4325/1840/1766 4626/1841/1766 4625/1842/1766
f 4631/1843/1767 4328/1844/1767 4635/1845/1767
f 4632/1846/1768 1564/392/1768 4634/1847/1768
f 1578/395/1769 4331/1848/1769 4639/1849/1769
f 4334/1850/1770 1586/398/1770 4333/1851/1770
f 4332/1852/1771 1586/398/1771 4338/1853/1771
f 1607/404/1772 4338/1853/1772 1596/401/1772
f 4337/1854/1773 1625/407/1773 4335/1855/1773
f 4335/1855/1774 1637/410/1774 4336/1856/1774
f 1637/410/1775 4340/1857/1775 4336/1856/1775
f 4339/1858/1776 1645/413/1776 4371/1859/1776
f 4341/1860/1777 4380/1861/1777 4376/1862/1777
f 1658/416/1777 4379/1863/1777 4378/1864/1777
f 1666/419/1778 1671/422/1778 4383/1865/1778
f 4382/1866/1778 4342/1867/1778 4381/1868/1778
f 4388/1869/1779 4344/1870/1779 4387/1871/1779
f 4345/1872/1780 1677/425/1780 4347/1873/1780
f 1002/1874/1781 1586/1875/1781 4647/1876/1781
f 4346/1877/1782 1683/428/1782 4362/1878/1782
f 4363/1879/1783 1690/434/1783 4364/1880/1783
f 971/1881/1784 223/1881/1784 114/1881/1784
f 1016/1881/1785 257/1881/1785 223/1881/1785
f 1037/1881/1786 328/1881/1786 257/1881/1786
f 1110/1881/1787 378/1881/1787 328/1881/1787
f 1164/1881/1788 473/1881/1788 378/1881/1788
f 1198/1881/1789 550/1881/1789 473/1881/1789
f 550/1881/1790 1250/1881/1790 578/1881/1790
f 578/1881/1791 1260/1881/1791 698/1881/1791
f 698/1881/1792 1262/1881/1792 800/1881/1792
f 800/1881/1793 1279/1881/1793 813/1881/1793
f 813/1881/1794 1285/1881/1794 871/1881/1794
f 871/1881/1795 971/1881/1795 114/1881/1795
f 1303/1881/1796 1016/1881/1796 971/1881/1796
f 1316/1881/1797 1037/1881/1797 1016/1881/1797
f 1324/1881/1798 1110/1881/1798 1037/1881/1798
f 1342/1881/1799 1164/1881/1799 1110/1881/1799
f 1349/1881/1800 1198/1881/1800 1164/1881/1800
f 1363/1881/1801 1220/1881/1801 1198/1881/1801
f 1220/1881/1802 1393/1881/1802 1250/1881/1802
f 1250/1881/1803 1404/1881/1803 1260/1881/1803
f 1260/1881/1804 1412/1881/1804 1262/1881/1804
f 1262/1881/1805 1425/1881/1805 1279/1881/1805
f 1279/1881/1806 1448/1881/1806 1285/1881/1806
f 1285/1881/1807 1303/1881/1807 971/1881/1807
f 1453/1881/1808 1316/1881/1808 1303/1881/1808
f 1466/1881/1809 1324/1881/1809 1316/1881/1809
f 1479/1881/1810 1342/1881/1810 1324/1881/1810
f 1495/1881/1811 1349/1881/1811 1342/1881/1811
f 1512/1881/1812 1363/1881/1812 1349/1881/1812
f 1517/1881/1813 1371/1881/1813 1363/1881/1813
f 1371/1881/1814 1524/1881/1814 1393/1881/1814
f 1393/1881/1815 1525/1881/1815 1404/1881/1815
f 1404/1881/1816 1528/1881/1816 1412/1881/1816
f 1412/1881/1817 1533/1881/1817 1425/1881/1817
f 1425/1881/1818 1536/1881/1818 1448/1881/1818
f 1448/1881/1819 1453/1881/1819 1303/1881/1819
f 1538/1881/1820 1466/1881/1820 1453/1881/1820
f 1542/1881/1821 1479/1881/1821 1466/1881/1821
f 1547/1881/1822 1495/1881/1822 1479/1881/1822
f 1549/1881/1823 1512/1881/1823 1495/1881/1823
f 1552/1881/1824 1517/1881/1824 1512/1881/1824
f 1558/1881/1825 1520/1881/1825 1517/1881/1825
f 1520/1881/1826 1565/1881/1826 1524/1881/1826
f 1524/1881/1827 1567/1881/1827 1525/1881/1827
f 1525/1881/1828 1572/1881/1828 1528/1881/1828
f 1528/1881/1829 1576/1881/1829 1533/1881/1829
f 1533/1881/1830 1582/1881/1830 1536/1881/1830
f 1536/1881/1831 1538/1881/1831 1453/1881/1831
f 1583/1881/1832 1542/1881/1832 1538/1881/1832
f 1588/1881/1833 1547/1881/1833 1542/1881/1833
f 1591/1881/1834 1549/1881/1834 1547/1881/1834
f 1598/1881/1835 1552/1881/1835 1549/1881/1835
f 1599/1881/1836 1558/1881/1836 1552/1881/1836
f 1603/1881/1837 1559/1881/1837 1558/1881/1837
f 1559/1881/1838 1612/1881/1838 1565/1881/1838
f 1565/1881/1839 1618/1881/1839 1567/1881/1839
f 1567/1881/1840 1621/1881/1840 1572/1881/1840
f 1572/1881/1841 1624/1881/1841 1576/1881/1841
f 1576/1881/1842 1627/1881/1842 1582/1881/1842
f 1582/1881/1843 1583/1881/1843 1538/1881/1843
f 1632/1881/1844 1588/1881/1844 1583/1881/1844
f 1636/1881/1845 1591/1881/1845 1588/1881/1845
f 1640/1881/1846 1598/1881/1846 1591/1881/1846
f 1644/1881/1847 1599/1881/1847 1598/1881/1847
f 1647/1881/1848 1603/1881/1848 1599/1881/1848
f 1654/1881/1849 1610/1881/1849 1603/1881/1849
f 1610/1881/1850 1661/1881/1850 1612/1881/1850
f 1612/1881/1851 1663/1881/1851 1618/1881/1851
f 1618/1881/1852 1665/1881/1852 1621/1881/1852
f 1621/1881/1853 1667/1881/1853 1624/1881/1853
f 1624/1881/1854 1669/1881/1854 1627/1881/1854
f 1627/1881/1855 1632/1881/1855 1583/1881/1855
f 1672/1881/1856 1636/1881/1856 1632/1881/1856
f 1673/1881/1857 1640/1881/1857 1636/1881/1857
f 1676/1881/1858 1644/1881/1858 1640/1881/1858
f 1678/1881/1859 1647/1881/1859 1644/1881/1859
f 1679/1881/1860 1654/1881/1860 1647/1881/1860
f 1681/1881/1861 1656/1881/1861 1654/1881/1861
f 1656/1881/1862 1685/1881/1862 1661/1881/1862
f 1661/1881/1863 1687/1881/1863 1663/1881/1863
f 1663/1881/1864 1689/1881/1864 1665/1881/1864
f 1665/1881/1865 1691/1881/1865 1667/1881/1865
f 1667/1881/1866 1694/1881/1866 1669/1881/1866
f 1669/1881/1867 1672/1881/1867 1632/1881/1867
f 1695/1881/1868 1673/1881/1868 1672/1881/1868
f 1697/1881/1869 1676/1881/1869 1673/1881/1869
f 1699/1881/1870 1678/1881/1870 1676/1881/1870
f 1702/1881/1871 1679/1881/1871 1678/1881/1871
f 1703/1881/1872 1681/1881/1872 1679/1881/1872
f 1706/1881/1873 1684/1881/1873 1681/1881/1873
f 1684/1881/1874 1710/1881/1874 1685/1881/1874
f 1685/1881/1875 1712/1881/1875 1687/1881/1875
f 1687/1881/1876 1714/1881/1876 1689/1881/1876
f 1689/1881/1877 1715/1881/1877 1691/1881/1877
f 1691/1881/1878 1718/1881/1878 1694/1881/1878
f 1694/1881/1879 1695/1881/1879 1672/1881/1879
f 1720/1881/1880 1697/1881/1880 1695/1881/1880
f 1722/1881/1881 1699/1881/1881 1697/1881/1881
f 1724/1881/1882 1702/1881/1882 1699/1881/1882
f 1725/1881/1883 1703/1881/1883 1702/1881/1883
f 1727/1881/1884 1706/1881/1884 1703/1881/1884
f 1729/1881/1885 1708/1881/1885 1706/1881/1885
f 1708/1881/1886 1733/1881/1886 1710/1881/1886
f 1710/1881/1887 1736/1881/1887 1712/1881/1887
f 1712/1881/1888 1738/1881/1888 1714/1881/1888
f 1714/1881/1889 1739/1881/1889 1715/1881/1889
f 1715/1881/1890 1742/1881/1890 1718/1881/1890
f 1718/1881/1891 1720/1881/1891 1695/1881/1891
f 1744/1881/1892 1722/1881/1892 1720/1881/1892
f 1746/1881/1893 1724/1881/1893 1722/1881/1893
f 1748/1881/1894 1725/1881/1894 1724/1881/1894
f 1749/1881/1895 1727/1881/1895 1725/1881/1895
f 1751/1881/1896 1729/1881/1896 1727/1881/1896
f 1754/1881/1897 1731/1881/1897 1729/1881/1897
f 1731/1881/1898 1758/1881/1898 1733/1881/1898
f 1733/1881/1899 1759/1881/1899 1736/1881/1899
f 1736/1881/1900 1761/1881/1900 1738/1881/1900
f 1738/1881/1901 1763/1881/1901 1739/1881/1901
f 1739/1881/1902 1766/1881/1902 1742/1881/1902
f 1742/1881/1903 1744/1881/1903 1720/1881/1903
f 1768/1881/1904 1746/1881/1904 1744/1881/1904
f 1770/1881/1905 1748/1881/1905 1746/1881/1905
f 1772/1881/1906 1749/1881/1906 1748/1881/1906
f 1773/1881/1907 1751/1881/1907 1749/1881/1907
f 1776/1881/1908 1754/1881/1908 1751/1881/1908
f 1777/1881/1909 1756/1881/1909 1754/1881/1909
f 1756/1881/1910 1781/1881/1910 1758/1881/1910
f 1758/1881/1911 1784/1881/1911 1759/1881/1911
f 1759/1881/1912 1786/1881/1912 1761/1881/1912
f 1761/1881/1913 1788/1881/1913 1763/1881/1913
f 1763/1881/1914 1789/1881/1914 1766/1881/1914
f 1766/1881/1915 1768/1881/1915 1744/1881/1915
f 1792/1881/1916 1770/1881/1916 1768/1881/1916
f 1793/1881/1917 1772/1881/1917 1770/1881/1917
f 1795/1881/1918 1773/1881/1918 1772/1881/1918
f 1797/1881/1919 1776/1881/1919 1773/1881/1919
f 1799/1881/1920 1777/1881/1920 1776/1881/1920
f 1802/1881/1921 1780/1881/1921 1777/1881/1921
f 1780/1881/1922 1806/1881/1922 1781/1881/1922
f 1781/1881/1923 1808/1881/1923 1784/1881/1923
f 1784/1881/1924 1809/1881/1924 1786/1881/1924
f 1786/1881/1925 1811/1881/1925 1788/1881/1925
f 1788/1881/1926 1814/1881/1926 1789/1881/1926
f 1789/1881/1927 1792/1881/1927 1768/1881/1927
f 1792/1881/1928 1818/1881/1928 1793/1881/1928
f 1793/1881/1929 1819/1881/1929 1795/1881/1929
f 1795/1881/1930 1822/1881/1930 1797/1881/1930
f 1797/1881/1931 1824/1881/1931 1799/1881/1931
f 1799/1881/1932 1826/1881/1932 1802/1881/1932
f 1802/1881/1933 1827/1881/1933 1804/1881/1933
f 1827/1881/1934 1806/1881/1934 1804/1881/1934
f 1830/1881/1935 1808/1881/1935 1806/1881/1935
f 1832/1881/1936 1809/1881/1936 1808/1881/1936
f 1833/1881/1937 1811/1881/1937 1809/1881/1937
f 1835/1881/1938 1814/1881/1938 1811/1881/1938
f 1837/1881/1939 1792/1881/1939 1814/1881/1939
f 1816/1881/1940 1841/1881/1940 1818/1881/1940
f 1818/1881/1941 1843/1881/1941 1819/1881/1941
f 1819/1881/1942 1846/1881/1942 1822/1881/1942
f 1822/1881/1943 1847/1881/1943 1824/1881/1943
f 1824/1881/1944 1849/1881/1944 1826/1881/1944
f 1826/1881/1945 1851/1881/1945 1827/1881/1945
f 1851/1881/1946 1830/1881/1946 1827/1881/1946
f 1853/1881/1947 1832/1881/1947 1830/1881/1947
f 1855/1881/1948 1833/1881/1948 1832/1881/1948
f 1857/1881/1949 1835/1881/1949 1833/1881/1949
f 1859/1881/1950 1837/1881/1950 1835/1881/1950
f 1861/1881/1951 1816/1881/1951 1837/1881/1951
f 1839/1881/1952 1865/1881/1952 1841/1881/1952
f 1841/1881/1953 1868/1881/1953 1843/1881/1953
f 1843/1881/1954 1870/1881/1954 1846/1881/1954
f 1846/1881/1955 1872/1881/1955 1847/1881/1955
f 1847/1881/1956 1874/1881/1956 1849/1881/1956
f 1849/1881/1957 1876/1881/1957 1851/1881/1957
f 1876/1881/1958 1853/1881/1958 1851/1881/1958
f 1878/1881/1959 1855/1881/1959 1853/1881/1959
f 1880/1881/1960 1857/1881/1960 1855/1881/1960
f 1882/1881/1961 1859/1881/1961 1857/1881/1961
f 1884/1881/1962 1861/1881/1962 1859/1881/1962
f 1885/1881/1963 1839/1881/1963 1861/1881/1963
f 1864/1881/1964 1889/1881/1964 1865/1881/1964
f 1865/1881/1965 1892/1881/1965 1868/1881/1965
f 1868/1881/1966 1893/1881/1966 1870/1881/1966
f 1870/1881/1967 1895/1881/1967 1872/1881/1967
f 1872/1881/1968 1897/1881/1968 1874/1881/1968
f 1874/1881/1969 1900/1881/1969 1876/1881/1969
f 1900/1881/1970 1878/1881/1970 1876/1881/1970
f 1901/1881/1971 1880/1881/1971 1878/1881/1971
f 1903/1881/1972 1882/1881/1972 1880/1881/1972
f 1905/1881/1973 1884/1881/1973 1882/1881/1973
f 1908/1881/1974 1885/1881/1974 1884/1881/1974
f 1910/1881/1975 1864/1881/1975 1885/1881/1975
f 1888/1881/1976 1914/1881/1976 1889/1881/1976
f 1889/1881/1977 1915/1881/1977 1892/1881/1977
f 1892/1881/1978 1918/1881/1978 1893/1881/1978
f 1893/1881/1979 1919/1881/1979 1895/1881/1979
f 1895/1881/1980 1922/1881/1980 1897/1881/1980
f 1897/1881/1981 1924/1881/1981 1900/1881/1981
f 1924/1881/1982 1901/1881/1982 1900/1881/1982
f 1926/1881/1983 1903/1881/1983 1901/1881/1983
f 1927/1881/1984 1905/1881/1984 1903/1881/1984
f 1930/1881/1985 1908/1881/1985 1905/1881/1985
f 1931/1881/1986 1910/1881/1986 1908/1881/1986
f 1934/1881/1987 1888/1881/1987 1910/1881/1987
f 1911/1881/1988 1937/1881/1988 1914/1881/1988
f 1914/1881/1989 1940/1881/1989 1915/1881/1989
f 1915/1881/1990 1941/1881/1990 1918/1881/1990
f 1918/1881/1991 1944/1881/1991 1919/1881/1991
f 1919/1881/1992 1946/1881/1992 1922/1881/1992
f 1922/1881/1993 1947/1881/1993 1924/1881/1993
f 1947/1881/1994 1926/1881/1994 1924/1881/1994
f 1949/1881/1995 1927/1881/1995 1926/1881/1995
f 1951/1881/1996 1930/1881/1996 1927/1881/1996
f 1953/1881/1997 1931/1881/1997 1930/1881/1997
f 1955/1881/1998 1934/1881/1998 1931/1881/1998
f 1957/1881/1999 1911/1881/1999 1934/1881/1999
f 1936/1881/2000 1961/1881/2000 1937/1881/2000
f 1937/1881/2001 1963/1881/2001 1940/1881/2001
f 1940/1881/2002 1966/1881/2002 1941/1881/2002
f 1941/1881/2003 1967/1881/2003 1944/1881/2003
f 1944/1881/2004 1969/1881/2004 1946/1881/2004
f 1946/1881/2005 1971/1881/2005 1947/1881/2005
f 1971/1881/2006 1949/1881/2006 1947/1881/2006
f 1973/1881/2007 1951/1881/2007 1949/1881/2007
f 1975/1881/2008 1953/1881/2008 1951/1881/2008
f 1977/1881/2009 1955/1881/2009 1953/1881/2009
f 1979/1881/2010 1957/1881/2010 1955/1881/2010
f 1982/1881/2011 1936/1881/2011 1957/1881/2011
f 1959/1881/2012 1986/1881/2012 1961/1881/2012
f 1961/1881/2013 1987/1881/2013 1963/1881/2013
f 1963/1881/2014 1990/1881/2014 1966/1881/2014
f 1966/1881/2015 1992/1881/2015 1967/1881/2015
f 1967/1881/2016 1994/1881/2016 1969/1881/2016
f 1969/1881/2017 1996/1881/2017 1971/1881/2017
f 1996/1881/2018 1973/1881/2018 1971/1881/2018
f 1998/1881/2019 1975/1881/2019 1973/1881/2019
f 2000/1881/2020 1977/1881/2020 1975/1881/2020
f 2002/1881/2021 1979/1881/2021 1977/1881/2021
f 2004/1881/2022 1982/1881/2022 1979/1881/2022
f 2006/1881/2023 1959/1881/2023 1982/1881/2023
f 1984/1881/2024 2010/1881/2024 1986/1881/2024
f 1986/1881/2025 2011/1881/2025 1987/1881/2025
f 1987/1881/2026 2013/1881/2026 1990/1881/2026
f 1990/1881/2027 2015/1881/2027 1992/1881/2027
f 1992/1881/2028 2018/1881/2028 1994/1881/2028
f 1994/1881/2029 2019/1881/2029 1996/1881/2029
f 2019/1881/2030 1998/1881/2030 1996/1881/2030
f 2022/1881/2031 2000/1881/2031 1998/1881/2031
f 2024/1881/2032 2002/1881/2032 2000/1881/2032
f 2026/1881/2033 2004/1881/2033 2002/1881/2033
f 2028/1881/2034 2006/1881/2034 2004/1881/2034
f 2029/1881/2035 1984/1881/2035 2006/1881/2035
f 2008/1881/2036 2034/1881/2036 2010/1881/2036
f 2010/1881/2037 2035/1881/2037 2011/1881/2037
f 2011/1881/2038 2037/1881/2038 2013/1881/2038
f 2013/1881/2039 2039/1881/2039 2015/1881/2039
f 2015/1881/2040 2042/1881/2040 2018/1881/2040
f 2018/1881/2041 2044/1881/2041 2019/1881/2041
f 2044/1881/2042 2022/1881/2042 2019/1881/2042
f 2045/1881/2043 2024/1881/2043 2022/1881/2043
f 2047/1881/2044 2026/1881/2044 2024/1881/2044
f 2049/1881/2045 2028/1881/2045 2026/1881/2045
f 2052/1881/2046 2029/1881/2046 2028/1881/2046
f 2053/1881/2047 2008/1881/2047 2029/1881/2047
f 2031/1881/2048 2057/1881/2048 2034/1881/2048
f 2034/1881/2049 2059/1881/2049 2035/1881/2049
f 2035/1881/2050 2061/1881/2050 2037/1881/2050
f 2037/1881/2051 2063/1881/2051 2039/1881/2051
f 2039/1881/2052 2065/1881/2052 2042/1881/2052
f 2042/1881/2053 2067/1881/2053 2044/1881/2053
f 2067/1881/2054 2045/1881/2054 2044/1881/2054
f 2069/1881/2055 2047/1881/2055 2045/1881/2055
f 2071/1881/2056 2049/1881/2056 2047/1881/2056
f 2074/1881/2057 2052/1881/2057 2049/1881/2057
f 2075/1881/2058 2053/1881/2058 2052/1881/2058
f 2078/1881/2059 2031/1881/2059 2053/1881/2059
f 2056/1881/2060 2081/1881/2060 2057/1881/2060
f 2057/1881/2061 2083/1881/2061 2059/1881/2061
f 2059/1881/2062 2086/1881/2062 2061/1881/2062
f 2061/1881/2063 2087/1881/2063 2063/1881/2063
f 2063/1881/2064 2089/1881/2064 2065/1881/2064
f 2065/1881/2065 2091/1881/2065 2067/1881/2065
f 2091/1881/2066 2069/1881/2066 2067/1881/2066
f 2093/1881/2067 2071/1881/2067 2069/1881/2067
f 2095/1881/2068 2074/1881/2068 2071/1881/2068
f 2097/1881/2069 2075/1881/2069 2074/1881/2069
f 2100/1881/2070 2078/1881/2070 2075/1881/2070
f 2101/1881/2071 2056/1881/2071 2078/1881/2071
f 2103/1881/1789 2081/1881/1789 2079/1881/1789
f 2106/1881/1788 2083/1881/1788 2081/1881/1788
f 2107/1881/1787 2086/1881/1787 2083/1881/1787
f 2109/1881/2072 2087/1881/2072 2086/1881/2072
f 2111/1881/2073 2089/1881/2073 2087/1881/2073
f 2114/1881/1784 2091/1881/1784 2089/1881/1784
f 2091/1881/1795 2117/1881/1795 2093/1881/1795
f 2093/1881/1794 2119/1881/1794 2095/1881/1794
f 2095/1881/1793 2121/1881/1793 2097/1881/1793
f 2097/1881/1792 2123/1881/1792 2100/1881/1792
f 2100/1881/1791 2126/1881/1791 2101/1881/1791
f 2101/1881/1790 2103/1881/1790 2079/1881/1790
f 2127/1881/1801 2106/1881/1801 2103/1881/1801
f 2129/1881/1800 2107/1881/1800 2106/1881/1800
f 2131/1881/2074 2109/1881/2074 2107/1881/2074
f 2134/1881/2075 2111/1881/2075 2109/1881/2075
f 2136/1881/1797 2114/1881/1797 2111/1881/1797
f 2138/1881/1796 2115/1881/1796 2114/1881/1796
f 2115/1881/1807 2141/1881/1807 2117/1881/1807
f 2117/1881/2076 2144/1881/2076 2119/1881/2076
f 2119/1881/1805 2145/1881/1805 2121/1881/1805
f 2121/1881/1804 2147/1881/1804 2123/1881/1804
f 2123/1881/1803 2150/1881/1803 2126/1881/1803
f 2126/1881/1802 2127/1881/1802 2103/1881/1802
f 2151/1881/1813 2129/1881/1813 2127/1881/1813
f 2153/1881/2077 2131/1881/2077 2129/1881/2077
f 2155/1881/1811 2134/1881/1811 2131/1881/1811
f 2157/1881/2078 2136/1881/2078 2134/1881/2078
f 2159/1881/2079 2138/1881/2079 2136/1881/2079
f 2162/1881/1808 2139/1881/1808 2138/1881/1808
f 2139/1881/1819 2165/1881/1819 2141/1881/1819
f 2141/1881/1818 2168/1881/1818 2144/1881/1818
f 2144/1881/1817 2169/1881/1817 2145/1881/1817
f 2145/1881/1816 2172/1881/1816 2147/1881/1816
f 2147/1881/1815 2174/1881/1815 2150/1881/1815
f 2150/1881/1814 2151/1881/1814 2127/1881/1814
f 2175/1881/1825 2153/1881/1825 2151/1881/1825
f 2178/1881/2080 2155/1881/2080 2153/1881/2080
f 2179/1881/1823 2157/1881/1823 2155/1881/1823
f 2181/1881/1822 2159/1881/1822 2157/1881/1822
f 2184/1881/1821 2162/1881/1821 2159/1881/1821
f 2185/1881/1820 2163/1881/1820 2162/1881/1820
f 2163/1881/1831 2189/1881/1831 2165/1881/1831
f 2168/1881/1830 2189/1881/1830 4391/1881/1830
f 2192/1881/2081 2168/1881/2081 4395/1881/2081
f 2169/1881/2082 2194/1881/2082 2172/1881/2082
f 2172/1881/1827 2196/1881/1827 2174/1881/1827
f 2174/1881/1826 2175/1881/1826 2151/1881/1826
f 2198/1881/1837 2178/1881/1837 2175/1881/1837
f 2201/1881/2083 2179/1881/2083 2178/1881/2083
f 2203/1881/1835 2181/1881/1835 2179/1881/1835
f 2204/1881/1834 2184/1881/1834 2181/1881/1834
f 2207/1881/2084 2185/1881/2084 2184/1881/2084
f 2209/1881/1832 2188/1881/1832 2185/1881/1832
f 2188/1881/1843 2212/1881/1843 2189/1881/1843
f 2189/1881/1842 4398/1881/1842 4400/1881/1842
f 2215/1881/1841 2192/1881/1841 4406/1881/1841
f 2192/1881/1840 2217/1881/1840 2194/1881/1840
f 2194/1881/1839 2219/1881/1839 2196/1881/1839
f 2196/1881/1838 2198/1881/1838 2175/1881/1838
f 2222/1881/1849 2201/1881/1849 2198/1881/1849
f 2223/1881/2085 2203/1881/2085 2201/1881/2085
f 2226/1881/1847 2204/1881/1847 2203/1881/1847
f 2227/1881/1846 2207/1881/1846 2204/1881/1846
f 2229/1881/2086 2209/1881/2086 2207/1881/2086
f 2231/1881/1844 2210/1881/1844 2209/1881/1844
f 2210/1881/1855 2236/1881/1855 2212/1881/1855
f 2212/1881/1854 2238/1881/1854 4409/1881/1854
f 2238/1881/1853 2215/1881/1853 4412/1881/1853
f 2215/1881/1852 2241/1881/1852 2217/1881/1852
f 2217/1881/1851 2243/1881/1851 2219/1881/1851
f 2219/1881/1850 2222/1881/1850 2198/1881/1850
f 2246/1881/1861 2223/1881/1861 2222/1881/1861
f 2248/1881/2087 2226/1881/2087 2223/1881/2087
f 2249/1881/1859 2227/1881/1859 2226/1881/1859
f 2252/1881/1858 2229/1881/1858 2227/1881/1858
f 2253/1881/2088 2231/1881/2088 2229/1881/2088
f 2256/1881/1856 2233/1881/1856 2231/1881/1856
f 2233/1881/1867 2260/1881/1867 2236/1881/1867
f 2236/1881/1866 2262/1881/1866 2238/1881/1866
f 2238/1881/2089 2263/1881/2089 2239/1881/2089
f 2239/1881/1864 2265/1881/1864 2241/1881/1864
f 2241/1881/1863 2267/1881/1863 2243/1881/1863
f 2243/1881/1862 2246/1881/1862 2222/1881/1862
f 2270/1881/1873 2248/1881/1873 2246/1881/1873
f 2272/1881/2090 2249/1881/2090 2248/1881/2090
f 2273/1881/1871 2252/1881/1871 2249/1881/1871
f 2275/1881/1870 2253/1881/1870 2252/1881/1870
f 2277/1881/2091 2256/1881/2091 2253/1881/2091
f 2279/1881/1868 2258/1881/1868 2256/1881/1868
f 2258/1881/1879 2284/1881/1879 2260/1881/1879
f 2260/1881/1878 2285/1881/1878 2262/1881/1878
f 2262/1881/2092 2288/1881/2092 2263/1881/2092
f 2263/1881/1876 2290/1881/1876 2265/1881/1876
f 2265/1881/1875 2292/1881/1875 2267/1881/1875
f 2267/1881/1874 2270/1881/1874 2246/1881/1874
f 2293/1881/1885 2272/1881/1885 2270/1881/1885
f 2296/1881/1884 2273/1881/1884 2272/1881/1884
f 2298/1881/1883 2275/1881/1883 2273/1881/1883
f 2299/1881/1882 2277/1881/1882 2275/1881/1882
f 2301/1881/1881 2279/1881/1881 2277/1881/1881
f 2303/1881/1880 2282/1881/1880 2279/1881/1880
f 2282/1881/1891 2307/1881/1891 2284/1881/1891
f 2284/1881/1890 2309/1881/1890 2285/1881/1890
f 2285/1881/2093 2311/1881/2093 2288/1881/2093
f 2288/1881/1888 2313/1881/1888 2290/1881/1888
f 2290/1881/1887 2315/1881/1887 2292/1881/1887
f 2292/1881/1886 2293/1881/1886 2270/1881/1886
f 2317/1881/1897 2296/1881/1897 2293/1881/1897
f 2319/1881/1896 2298/1881/1896 2296/1881/1896
f 2322/1881/1895 2299/1881/1895 2298/1881/1895
f 2324/1881/1894 2301/1881/1894 2299/1881/1894
f 2326/1881/1893 2303/1881/1893 2301/1881/1893
f 2328/1881/1892 2305/1881/1892 2303/1881/1892
f 2305/1881/1903 2331/1881/1903 2307/1881/1903
f 2307/1881/1902 2333/1881/1902 2309/1881/1902
f 2309/1881/1901 2335/1881/1901 2311/1881/1901
f 2311/1881/1900 2338/1881/1900 2313/1881/1900
f 2313/1881/1899 2339/1881/1899 2315/1881/1899
f 2315/1881/1898 2317/1881/1898 2293/1881/1898
f 2341/1881/1909 2319/1881/1909 2317/1881/1909
f 2343/1881/1908 2322/1881/1908 2319/1881/1908
f 2346/1881/1907 2324/1881/1907 2322/1881/1907
f 2347/1881/1906 2326/1881/1906 2324/1881/1906
f 2350/1881/1905 2328/1881/1905 2326/1881/1905
f 2352/1881/1904 2329/1881/1904 2328/1881/1904
f 2329/1881/1915 2356/1881/1915 2331/1881/1915
f 2331/1881/1914 2358/1881/1914 2333/1881/1914
f 2333/1881/1913 2360/1881/1913 2335/1881/1913
f 2335/1881/1912 2362/1881/1912 2338/1881/1912
f 2338/1881/1911 2363/1881/1911 2339/1881/1911
f 2339/1881/1910 2341/1881/1910 2317/1881/1910
f 2366/1881/1921 2343/1881/1921 2341/1881/1921
f 2367/1881/1920 2346/1881/1920 2343/1881/1920
f 2369/1881/1919 2347/1881/1919 2346/1881/1919
f 2371/1881/1918 2350/1881/1918 2347/1881/1918
f 2374/1881/1917 2352/1881/1917 2350/1881/1917
f 2376/1881/1916 2354/1881/1916 2352/1881/1916
f 2354/1881/1927 2379/1881/1927 2356/1881/1927
f 2356/1881/1926 2382/1881/1926 2358/1881/1926
f 2358/1881/1925 2384/1881/1925 2360/1881/1925
f 2360/1881/1924 2386/1881/1924 2362/1881/1924
f 2362/1881/1923 2387/1881/1923 2363/1881/1923
f 2363/1881/1922 2366/1881/1922 2341/1881/1922
f 2366/1881/1933 2392/1881/1933 2367/1881/1933
f 2367/1881/1932 2394/1881/1932 2369/1881/1932
f 2369/1881/2094 2396/1881/2094 2371/1881/2094
f 2371/1881/1930 2398/1881/1930 2374/1881/1930
f 2374/1881/1929 2399/1881/1929 2376/1881/1929
f 2376/1881/1928 2402/1881/1928 2378/1881/1928
f 2402/1881/1939 2379/1881/1939 2378/1881/1939
f 2403/1881/1938 2382/1881/1938 2379/1881/1938
f 2405/1881/2095 2384/1881/2095 2382/1881/2095
f 2407/1881/1936 2386/1881/1936 2384/1881/1936
f 2409/1881/1935 2387/1881/1935 2386/1881/1935
f 2411/1881/1934 2366/1881/1934 2387/1881/1934
f 2390/1881/1945 2416/1881/1945 2392/1881/1945
f 2392/1881/1944 2417/1881/1944 2394/1881/1944
f 2394/1881/1943 2420/1881/1943 2396/1881/1943
f 2396/1881/1942 2422/1881/1942 2398/1881/1942
f 2398/1881/1941 2423/1881/1941 2399/1881/1941
f 2399/1881/1940 2425/1881/1940 2402/1881/1940
f 2425/1881/1951 2403/1881/1951 2402/1881/1951
f 2427/1881/1950 2405/1881/1950 2403/1881/1950
f 2429/1881/1949 2407/1881/1949 2405/1881/1949
f 2432/1881/1948 2409/1881/1948 2407/1881/1948
f 2433/1881/1947 2411/1881/1947 2409/1881/1947
f 2435/1881/1946 2390/1881/1946 2411/1881/1946
f 2413/1881/1957 2439/1881/1957 2416/1881/1957
f 2416/1881/1956 2442/1881/1956 2417/1881/1956
f 2417/1881/1955 2444/1881/1955 2420/1881/1955
f 2420/1881/1954 2445/1881/1954 2422/1881/1954
f 2422/1881/1953 2448/1881/1953 2423/1881/1953
f 2423/1881/1952 2450/1881/1952 2425/1881/1952
f 2450/1881/1963 2427/1881/1963 2425/1881/1963
f 2451/1881/1962 2429/1881/1962 2427/1881/1962
f 2453/1881/1961 2432/1881/1961 2429/1881/1961
f 2456/1881/2096 2433/1881/2096 2432/1881/2096
f 2458/1881/1959 2435/1881/1959 2433/1881/1959
f 2460/1881/1958 2413/1881/1958 2435/1881/1958
f 2438/1881/1969 2464/1881/1969 2439/1881/1969
f 2439/1881/1968 2466/1881/1968 2442/1881/1968
f 2442/1881/2097 2468/1881/2097 2444/1881/2097
f 2444/1881/1966 2469/1881/1966 2445/1881/1966
f 2445/1881/2098 2471/1881/2098 2448/1881/2098
f 2448/1881/1964 2474/1881/1964 2450/1881/1964
f 2474/1881/1975 2451/1881/1975 2450/1881/1975
f 2476/1881/1974 2453/1881/1974 2451/1881/1974
f 2478/1881/1973 2456/1881/1973 2453/1881/1973
f 2480/1881/2099 2458/1881/2099 2456/1881/2099
f 2482/1881/1971 2460/1881/1971 2458/1881/1971
f 2484/1881/1970 2438/1881/1970 2460/1881/1970
f 2461/1881/1981 2487/1881/1981 2464/1881/1981
f 2464/1881/1980 2489/1881/1980 2466/1881/1980
f 2466/1881/1979 2492/1881/1979 2468/1881/1979
f 2468/1881/1978 2494/1881/1978 2469/1881/1978
f 2469/1881/2100 2496/1881/2100 2471/1881/2100
f 2471/1881/1976 2498/1881/1976 2474/1881/1976
f 2498/1881/1987 2476/1881/1987 2474/1881/1987
f 2500/1881/1986 2478/1881/1986 2476/1881/1986
f 2502/1881/1985 2480/1881/1985 2478/1881/1985
f 2503/1881/2101 2482/1881/2101 2480/1881/2101
f 2506/1881/1983 2484/1881/1983 2482/1881/1983
f 2508/1881/1982 2461/1881/1982 2484/1881/1982
f 2485/1881/1993 2512/1881/1993 2487/1881/1993
f 2487/1881/2102 2514/1881/2102 2489/1881/2102
f 2489/1881/2103 2516/1881/2103 2492/1881/2103
f 2492/1881/1990 2517/1881/1990 2494/1881/1990
f 2494/1881/2104 2520/1881/2104 2496/1881/2104
f 2496/1881/1988 2522/1881/1988 2498/1881/1988
f 2522/1881/1999 2500/1881/1999 2498/1881/1999
f 2524/1881/1998 2502/1881/1998 2500/1881/1998
f 2525/1881/2105 2503/1881/2105 2502/1881/2105
f 2527/1881/1996 2506/1881/1996 2503/1881/1996
f 2530/1881/1995 2508/1881/1995 2506/1881/1995
f 2532/1881/1994 2485/1881/1994 2508/1881/1994
f 2510/1881/2005 2535/1881/2005 2512/1881/2005
f 2512/1881/2106 2537/1881/2106 2514/1881/2106
f 2514/1881/2003 2539/1881/2003 2516/1881/2003
f 2516/1881/2002 2541/1881/2002 2517/1881/2002
f 2517/1881/2001 2544/1881/2001 2520/1881/2001
f 2520/1881/2000 2546/1881/2000 2522/1881/2000
f 2546/1881/2011 2524/1881/2011 2522/1881/2011
f 2525/1881/2107 2548/1881/2107 4509/1881/2107
f 2551/1881/2108 2525/1881/2108 4510/1881/2108
f 2551/1881/2008 2530/1881/2008 2527/1881/2008
f 2552/1881/2007 2532/1881/2007 2530/1881/2007
f 2555/1881/2006 2510/1881/2006 2532/1881/2006
f 2533/1881/2017 2558/1881/2017 2535/1881/2017
f 2535/1881/2109 2561/1881/2109 2537/1881/2109
f 2537/1881/2015 2562/1881/2015 2539/1881/2015
f 2539/1881/2014 2565/1881/2014 2541/1881/2014
f 2541/1881/2110 2566/1881/2110 2544/1881/2110
f 2544/1881/2012 2568/1881/2012 2546/1881/2012
f 2568/1881/2023 2548/1881/2023 2546/1881/2023
f 2548/1881/2022 4514/1881/2022 4518/1881/2022
f 2574/1881/2111 2551/1881/2111 4522/1881/2111
f 2574/1881/2020 2552/1881/2020 2551/1881/2020
f 2576/1881/2019 2555/1881/2019 2552/1881/2019
f 2578/1881/2018 2533/1881/2018 2555/1881/2018
f 2556/1881/2029 2581/1881/2029 2558/1881/2029
f 2558/1881/2112 2583/1881/2112 2561/1881/2112
f 2561/1881/2113 2586/1881/2113 2562/1881/2113
f 2562/1881/2114 2588/1881/2114 2565/1881/2114
f 2565/1881/2115 2590/1881/2115 2566/1881/2115
f 2566/1881/2024 2592/1881/2024 2568/1881/2024
f 2592/1881/2035 2571/1881/2035 2568/1881/2035
f 2571/1881/2034 2596/1881/2034 4526/1881/2034
f 2596/1881/2116 2574/1881/2116 4528/1881/2116
f 2598/1881/2032 2576/1881/2032 2574/1881/2032
f 2600/1881/2031 2578/1881/2031 2576/1881/2031
f 2601/1881/2030 2556/1881/2030 2578/1881/2030
f 2580/1881/2041 2605/1881/2041 2581/1881/2041
f 2581/1881/2117 2608/1881/2117 2583/1881/2117
f 2583/1881/2118 2610/1881/2118 2586/1881/2118
f 2586/1881/2038 2612/1881/2038 2588/1881/2038
f 2588/1881/2037 2614/1881/2037 2590/1881/2037
f 2590/1881/2036 2615/1881/2036 2592/1881/2036
f 2615/1881/2047 2593/1881/2047 2592/1881/2047
f 2618/1881/2046 2596/1881/2046 2593/1881/2046
f 2620/1881/2045 2598/1881/2045 2596/1881/2045
f 2621/1881/2044 2600/1881/2044 2598/1881/2044
f 2623/1881/2043 2601/1881/2043 2600/1881/2043
f 2625/1881/2042 2580/1881/2042 2601/1881/2042
f 2604/1881/2053 2630/1881/2053 2605/1881/2053
f 2605/1881/2119 2632/1881/2119 2608/1881/2119
f 2608/1881/2120 2634/1881/2120 2610/1881/2120
f 2610/1881/2121 2636/1881/2121 2612/1881/2121
f 2612/1881/2049 2638/1881/2049 2614/1881/2049
f 2614/1881/2048 2639/1881/2048 2615/1881/2048
f 2639/1881/2059 2618/1881/2059 2615/1881/2059
f 2641/1881/2058 2620/1881/2058 2618/1881/2058
f 2644/1881/2122 2621/1881/2122 2620/1881/2122
f 2645/1881/2056 2623/1881/2056 2621/1881/2056
f 2648/1881/2055 2625/1881/2055 2623/1881/2055
f 2650/1881/2054 2604/1881/2054 2625/1881/2054
f 2628/1881/2065 223/1881/2065 2630/1881/2065
f 2630/1881/2123 257/1881/2123 2632/1881/2123
f 2632/1881/2063 328/1881/2063 2634/1881/2063
f 2634/1881/2062 378/1881/2062 2636/1881/2062
f 2636/1881/2124 473/1881/2124 2638/1881/2124
f 2638/1881/2060 550/1881/2060 2639/1881/2060
f 550/1881/2071 2641/1881/2071 2639/1881/2071
f 578/1881/2070 2644/1881/2070 2641/1881/2070
f 698/1881/2069 2645/1881/2069 2644/1881/2069
f 800/1881/2068 2648/1881/2068 2645/1881/2068
f 813/1881/2067 2650/1881/2067 2648/1881/2067
f 871/1881/2066 2628/1881/2066 2650/1881/2066
f 4414/1882/2125 1539/848/2125 4413/1883/2125
f 1541/837/2126 4417/1884/2126 4416/1885/2126
f 1543/825/2127 4421/1886/2127 4420/1887/2127
f 1545/813/2128 4426/1888/2128 4427/1889/2128
f 4429/1890/2129 1546/800/2129 4430/1891/2129
f 4432/1892/2130 1548/789/2130 4433/1893/2130
f 4435/1894/2131 1550/775/2131 4436/1895/2131
f 4438/1896/2132 1551/765/2132 4439/1897/2132
f 4441/1898/2133 1553/752/2133 4442/1899/2133
f 4445/1900/2134 1556/740/2134 4444/1901/2134
f 1642/735/2135 4448/1902/2135 1557/729/2135
f 4450/1903/2136 1560/717/2136 4449/1904/2136
f 1561/704/2137 4452/1905/2137 4453/1906/2137
f 4455/1907/2138 1563/694/2138 4454/1908/2138
f 1566/683/2139 4457/1909/2139 4458/1910/2139
f 4460/1911/2140 1312/674/2140 4459/1912/2140
f 1397/1913/1781 1440/1914/1781 4827/1915/1781
f 4794/1916/1781 1514/1917/1781 1521/1918/1781
f 1568/447/2141 1537/1919/2141 1629/1920/2141
f 1569/668/2142 1532/449/2142 1628/452/2142
f 1571/661/2143 1529/455/2143 1626/458/2143
f 1623/465/2144 1282/656/2144 1523/461/2144
f 1622/470/2145 1276/649/2145 1518/467/2145
f 1620/476/2146 1272/640/2146 1510/473/2146
f 1617/482/2147 1267/627/2147 1499/479/2147
f 1615/488/2148 1261/615/2148 1476/485/2148
f 1614/494/2149 1253/607/2149 1451/491/2149
f 1611/500/2150 1241/599/2150 1433/497/2150
f 1609/506/2151 1238/592/2151 1414/503/2151
f 1589/580/2152 1396/509/2152 1608/512/2152
f 1592/566/2153 1373/515/2153 1605/518/2153
f 1593/557/2154 1352/521/2154 1604/524/2154
f 1595/550/2155 1332/527/2155 1602/530/2155
f 1597/543/2156 1318/533/2156 1600/1921/2156
f 1298/1922/2157 1318/533/2157 142/1923/2157
f 46/1313/2157 1600/1921/2157 1298/1922/2157
f 1138/1924/2156 1600/1921/2156 1537/1925/2156
f 1332/527/2158 4819/1926/2158 1602/530/2158
f 4821/1927/2158 142/1923/2158 1602/530/2158
f 1159/547/2155 1602/530/2155 1318/533/2155
f 1352/521/2159 4822/1928/2159 1604/524/2159
f 337/1797/2159 4807/1929/2159 4824/1930/2159
f 1604/524/2159 4820/1931/2159 1332/527/2159
f 1177/553/2154 1604/524/2154 1332/527/2154
f 1356/1932/2160 1373/515/2160 404/1624/2160
f 4825/1933/2161 1356/1932/2161 4824/1930/2161
f 1197/562/2153 1605/518/2153 1352/521/2153
f 1377/1627/2162 1396/509/2162 443/1640/2162
f 404/1624/2162 1608/512/2162 1377/1627/2162
f 1214/571/2163 1608/512/2163 1373/515/2163
f 1397/1645/2164 1414/503/2164 509/1422/2164
f 443/1640/2164 1609/506/2164 1397/1645/2164
f 1396/509/2151 1587/590/2151 1609/506/2151
f 1423/1433/2165 1433/497/2165 590/1457/2165
f 509/1422/2165 1611/500/2165 1423/1433/2165
f 1414/503/2150 1585/595/2150 1611/500/2150
f 1614/494/2166 4844/1934/2166 4841/1935/2166
f 4842/1936/2166 686/601/2166 1440/1476/2166
f 4845/1937/2166 590/1457/2166 1614/494/2166
f 1433/497/2149 1584/603/2149 1614/494/2149
f 4848/1938/2167 757/1501/2167 4846/1939/2167
f 1451/491/2167 4847/1940/2167 4844/1934/2167
f 1458/1497/2167 686/601/2167 4850/1941/2167
f 1451/491/2148 1581/611/2148 1615/488/2148
f 1617/482/2168 827/1525/2168 1483/1522/2168
f 1476/485/2168 1483/1522/2168 757/1501/2168
f 1476/485/2147 1579/619/2147 1617/482/2147
f 1620/476/2169 881/924/2169 1505/1545/2169
f 1499/479/2169 1505/1545/2169 827/1525/2169
f 1499/479/2146 1577/632/2146 1620/476/2146
f 1622/470/2170 918/1942/2170 1514/1162/2170
f 1510/473/2170 1514/1162/2170 881/924/2170
f 1510/473/2145 1575/645/2145 1622/470/2145
f 1623/465/2171 975/1943/2171 1521/1192/2171
f 1518/467/2171 1521/1192/2171 918/1942/2171
f 1518/467/2144 1573/464/2144 1623/465/2144
f 1626/458/2172 1029/1944/2172 1526/1945/2172
f 1523/461/2172 1526/1945/2172 975/1943/2172
f 1282/656/2143 1626/458/2143 1523/461/2143
f 1628/452/2173 1091/1272/2173 1530/1251/2173
f 1529/455/2174 1530/1251/2174 1029/1944/2174
f 1289/664/2142 1628/452/2142 1529/455/2142
f 1535/1946/2175 1537/1919/2175 46/1301/2175
f 1091/1272/2175 1629/1920/2175 1535/1946/2175
f 1290/671/2141 1629/1920/2141 1532/449/2141
f 1631/676/2176 1138/675/2176 1568/447/2176
f 1566/683/2176 1568/447/2176 1290/671/2176
f 1631/676/2177 4458/1910/2177 4462/1947/2177
f 1633/688/2178 1290/671/2178 1569/668/2178
f 1563/694/2179 1569/668/2179 1289/664/2179
f 4464/1948/2180 1633/688/2180 4456/1949/2180
f 1635/699/2181 1289/664/2181 1571/661/2181
f 1561/704/2181 1571/661/2181 1282/656/2181
f 1635/699/2182 4453/1906/2182 4465/1950/2182
f 1638/710/2183 1282/656/2183 1573/464/2183
f 1560/717/2183 1573/464/2183 1276/649/2183
f 4467/1951/2184 1638/710/2184 4451/1952/2184
f 1639/723/2185 1276/649/2185 1575/645/2185
f 1557/729/2185 1575/645/2185 1272/640/2185
f 4468/1953/2186 1639/723/2186 4448/1902/2186
f 1577/632/2187 1557/729/2187 1272/640/2187
f 1267/627/2187 1642/735/2187 1577/632/2187
f 4469/1954/2188 1642/735/2188 4446/1955/2188
f 1579/619/2189 1556/740/2189 1267/627/2189
f 1261/615/2189 1643/746/2189 1579/619/2189
f 4470/1956/2190 1643/746/2190 4443/1957/2190
f 1581/611/2191 1553/752/2191 1261/615/2191
f 1253/607/2191 1646/758/2191 1581/611/2191
f 4471/1958/2133 1646/758/2133 4440/1959/2133
f 1584/603/2192 1551/765/2192 1253/607/2192
f 1241/599/2193 1648/770/2193 1584/603/2193
f 4472/1960/2194 1648/770/2194 4437/1961/2194
f 1585/595/2195 1550/775/2195 1241/599/2195
f 1238/592/2196 1650/782/2196 1585/595/2196
f 4473/1962/2197 1650/782/2197 4434/1963/2197
f 1587/590/2198 1548/789/2198 1238/592/2198
f 1225/585/2198 1651/795/2198 1587/590/2198
f 1651/795/2199 4431/1964/2199 4474/1965/2199
f 1589/580/2200 1546/800/2200 1225/585/2200
f 1214/571/2200 1653/807/2200 1589/580/2200
f 1653/807/2201 4428/1966/2201 4476/1967/2201
f 1592/566/2202 1545/813/2202 1214/571/2202
f 1197/562/2203 1655/819/2203 1592/566/2203
f 1655/819/2204 4424/1968/2204 4479/1969/2204
f 1657/832/2205 1197/562/2205 1593/557/2205
f 1541/837/2205 1593/557/2205 1177/553/2205
f 1657/832/2127 4419/1970/2127 4480/1971/2127
f 1660/842/2206 1177/553/2206 1595/550/2206
f 1539/848/2206 1595/550/2206 1159/547/2206
f 4482/1972/2207 1660/842/2207 4415/1973/2207
f 1662/855/2208 1159/547/2208 1597/543/2208
f 1312/861/2208 1597/543/2208 1138/1924/2208
f 1662/855/2125 4461/1974/2125 4483/1975/2125
f 4530/1976/2209 1504/855/2209 4529/1977/2209
f 4532/1978/2210 1503/842/2210 4531/1979/2210
f 4533/1980/2211 1306/825/2211 4534/1981/2211
f 4538/1982/2212 1494/819/2212 4537/1983/2212
f 4539/1984/2213 1311/800/2213 4540/1985/2213
f 1314/789/2214 4542/1986/2214 4543/1987/2214
f 4544/1988/2215 1320/775/2215 4545/1989/2215
f 1323/765/2216 4547/1990/2216 4548/1991/2216
f 1325/752/2217 4549/1992/2217 4550/1993/2217
f 4551/1994/2218 1326/740/2218 4552/1995/2218
f 4554/1996/2219 1327/729/2219 4555/1997/2219
f 4557/1998/2220 1334/717/2220 1467/723/2220
f 4561/1999/2221 1337/704/2221 4559/2000/2221
f 1340/694/2222 4573/2001/2222 4566/2002/2222
f 4576/2003/2223 1344/683/2223 4575/2004/2223
f 4579/2005/2224 1450/676/2224 4578/2006/2224
f 1195/1914/1781 391/2007/1781 4898/2008/1781
f 4859/2009/1781 1259/1917/1781 1265/1918/1781
f 1449/1920/2225 661/675/2225 1300/1919/2225
f 1447/452/2226 913/671/2226 1288/449/2226
f 1441/458/2227 894/664/2227 1281/455/2227
f 1438/465/2228 884/656/2228 1270/461/2228
f 1435/470/2229 868/649/2229 1263/467/2229
f 1432/476/2230 851/640/2230 1258/473/2230
f 1364/619/2231 1242/479/2231 1426/482/2231
f 1369/611/2232 1222/485/2232 1424/488/2232
f 1372/603/2233 1205/491/2233 1422/494/2233
f 1374/595/2234 1190/497/2234 1418/500/2234
f 1375/590/2235 1150/503/2235 1415/506/2235
f 1381/580/2236 1116/509/2236 1410/512/2236
f 1384/566/2237 1083/515/2237 1408/518/2237
f 1387/557/2238 1042/521/2238 1402/524/2238
f 1400/530/2239 708/553/2239 1007/527/2239
f 1398/1921/2240 671/547/2240 967/533/2240
f 1398/1921/2241 4891/2010/2241 4889/2011/2241
f 99/1923/2241 926/1922/2241 4890/2012/2241
f 55/1313/2241 1398/1921/2241 4893/2013/2241
f 1300/1925/2240 1395/543/2240 1398/1921/2240
f 4895/2014/2242 1400/530/2242 1007/527/2242
f 4894/2015/2242 967/533/2242 1400/530/2242
f 4875/2016/2243 99/1923/2243 4892/2017/2243
f 967/533/2244 1391/550/2244 1400/530/2244
f 4897/2018/2245 1402/524/2245 194/1797/2245
f 4896/2019/2245 1007/527/2245 1402/524/2245
f 708/553/2238 1402/524/2238 1007/527/2238
f 1408/518/2246 236/1624/2246 1053/1932/2246
f 1042/521/2246 1053/1932/2246 194/1797/2246
f 719/562/2237 1408/518/2237 1042/521/2237
f 1410/512/2247 280/1640/2247 1099/1627/2247
f 1083/515/2247 1099/1627/2247 236/1624/2247
f 736/571/2248 1410/512/2248 1083/515/2248
f 1415/506/2249 312/1422/2249 1126/1645/2249
f 1116/509/2249 1126/1645/2249 280/1640/2249
f 744/585/2235 1415/506/2235 1116/509/2235
f 1418/500/2250 361/1457/2250 1171/1433/2250
f 1150/503/2250 1171/1433/2250 312/1422/2250
f 769/592/2234 1418/500/2234 1150/503/2234
f 1195/1476/2251 1205/491/2251 391/601/2251
f 361/1457/2251 1422/494/2251 1195/1476/2251
f 784/599/2233 1422/494/2233 1190/497/2233
f 1217/1497/2252 1222/485/2252 418/1501/2252
f 391/601/2252 1424/488/2252 1217/1497/2252
f 802/607/2232 1424/488/2232 1205/491/2232
f 1229/1522/2253 1242/479/2253 437/1525/2253
f 418/1501/2253 1426/482/2253 1229/1522/2253
f 832/615/2254 1426/482/2254 1222/485/2254
f 1246/1545/2255 1258/473/2255 469/924/2255
f 437/1525/2255 1432/476/2255 1246/1545/2255
f 1242/479/2230 1360/632/2230 1432/476/2230
f 1259/1162/2256 1263/467/2256 492/1942/2256
f 469/924/2256 1435/470/2256 1259/1162/2256
f 1258/473/2229 1359/645/2229 1435/470/2229
f 530/1943/2257 4872/2020/2257 4873/2021/2257
f 4874/2022/2258 492/1942/2258 1438/465/2258
f 1263/467/2259 1354/464/2259 1438/465/2259
f 1274/1945/2260 1281/455/2260 559/1944/2260
f 530/1943/2260 1441/458/2260 1274/1945/2260
f 1270/461/2261 1351/661/2261 1441/458/2261
f 1283/1251/2262 1288/449/2262 613/1272/2262
f 559/1944/2262 1447/452/2262 1283/1251/2262
f 1281/455/2226 1348/668/2226 1447/452/2226
f 1449/1920/2263 55/1301/2263 1292/1946/2263
f 1288/449/2263 1292/1946/2263 613/1272/2263
f 1288/449/2225 1346/447/2225 1449/1920/2225
f 1346/447/2264 954/674/2264 661/675/2264
f 913/671/2264 1450/676/2264 1346/447/2264
f 1450/676/2224 4577/2023/2224 4581/2024/2224
f 1348/668/2265 1344/683/2265 913/671/2265
f 894/664/2265 1456/688/2265 1348/668/2265
f 1456/688/2266 4582/2025/2266 4584/2026/2266
f 1459/699/2267 894/664/2267 1351/661/2267
f 1337/704/2267 1351/661/2267 884/656/2267
f 1459/699/2268 4560/2027/2268 4585/2028/2268
f 1462/710/2269 884/656/2269 1354/464/2269
f 1334/717/2269 1354/464/2269 868/649/2269
f 1462/710/2221 4558/2029/2221 4587/2030/2221
f 1467/723/2270 868/649/2270 1359/645/2270
f 1327/729/2270 1359/645/2270 851/640/2270
f 4589/2031/2271 1467/723/2271 4556/2032/2271
f 1470/735/2272 851/640/2272 1360/632/2272
f 848/627/2272 1470/735/2272 1360/632/2272
f 4555/1997/2273 1326/740/2273 4553/2033/2273
f 1472/746/2274 848/627/2274 1364/619/2274
f 1325/752/2274 1364/619/2274 832/615/2274
f 1472/746/2275 4550/1993/2275 4591/2034/2275
f 1477/758/2276 832/615/2276 1369/611/2276
f 1323/765/2276 1369/611/2276 802/607/2276
f 4593/2035/2277 1477/758/2277 4548/1991/2277
f 1481/770/2278 802/607/2278 1372/603/2278
f 1320/775/2278 1372/603/2278 784/599/2278
f 4594/2036/2216 1481/770/2216 4546/2037/2216
f 1484/782/2279 784/599/2279 1374/595/2279
f 1314/789/2279 1374/595/2279 769/592/2279
f 4595/2038/2215 1484/782/2215 4543/1987/2215
f 1375/590/2280 1314/789/2280 769/592/2280
f 744/585/2280 1488/795/2280 1375/590/2280
f 4596/2039/2214 1488/795/2214 4541/2040/2214
f 1381/580/2281 1311/800/2281 744/585/2281
f 736/571/2281 1492/807/2281 1381/580/2281
f 1307/813/2282 4540/1985/2282 1492/807/2282
f 1384/566/2283 1307/813/2283 736/571/2283
f 719/562/2284 1494/819/2284 1384/566/2284
f 4597/2041/2285 1494/819/2285 4535/2042/2285
f 1387/557/2286 1306/825/2286 719/562/2286
f 708/553/2286 1498/832/2286 1387/557/2286
f 4598/2043/2287 1498/832/2287 4532/1978/2287
f 1391/550/2288 1304/837/2288 708/553/2288
f 671/547/2288 1503/842/2288 1391/550/2288
f 1503/842/2289 4530/1976/2289 4600/2044/2289
f 1395/543/2290 1301/848/2290 671/547/2290
f 661/1924/2290 1504/855/2290 1395/543/2290
f 1504/855/2209 4579/2045/2209 4602/2046/2209
f 4648/2047/2291 930/848/2291 4649/2048/2291
f 935/837/2292 4651/2049/2292 4652/2050/2292
f 942/825/2293 4653/2051/2293 4654/2052/2293
f 4657/2053/2294 948/813/2294 4658/2054/2294
f 957/800/2295 4660/2055/2295 4661/2056/2295
f 4663/2057/2296 964/789/2296 4662/2058/2296
f 969/775/2297 4667/2059/2297 4668/2060/2297
f 978/765/2298 4673/2061/2298 4671/2062/2298
f 986/752/2299 4677/2063/2299 4676/2064/2299
f 4679/2065/2300 991/740/2300 4680/2066/2300
f 995/729/2301 4683/2067/2301 4682/2068/2301
f 1004/717/2302 4688/2069/2302 4687/2070/2302
f 1012/704/2303 4690/2071/2303 4691/2072/2303
f 4692/2073/2304 1017/694/2304 4693/2074/2304
f 4695/2075/2305 1019/683/2305 4696/2076/2305
f 501/674/2306 4698/2077/2306 4699/2078/2306
f 4769/2079/1781 4768/2080/1781 797/2081/1781
f 1026/447/2307 923/1919/2307 1203/1920/2307
f 1034/668/2308 901/449/2308 1201/452/2308
f 1040/661/2309 879/455/2309 1196/458/2309
f 1045/464/2310 859/461/2310 1194/465/2310
f 1052/645/2311 838/467/2311 1192/470/2311
f 1061/632/2312 820/473/2312 1187/476/2312
f 1064/619/2313 789/479/2313 1180/482/2313
f 1066/611/2314 751/485/2314 1175/488/2314
f 1166/494/2315 438/607/2315 733/491/2315
f 1160/500/2316 424/599/2316 703/497/2316
f 1157/506/2317 420/592/2317 665/503/2317
f 1155/512/2318 414/585/2318 638/509/2318
f 1149/518/2319 406/571/2319 605/515/2319
f 1140/524/2320 402/562/2320 573/521/2320
f 1127/530/2321 396/553/2321 539/527/2321
f 1119/1921/2322 385/547/2322 508/533/2322
f 484/1922/2323 508/533/2323 72/1923/2323
f 35/1313/2323 1119/1921/2323 484/1922/2323
f 923/1925/2322 1111/543/2322 1119/1921/2322
f 4759/2082/2324 515/1348/2324 539/527/2324
f 72/1923/2324 1127/530/2324 515/1348/2324
f 508/533/2321 1108/550/2321 1127/530/2321
f 4761/2083/2325 573/521/2325 4763/2084/2325
f 118/1797/2326 4745/2085/2326 4762/2086/2326
f 4760/1931/2325 1140/524/2325 4761/2083/2325
f 539/527/2320 1105/557/2320 1140/524/2320
f 581/1932/2327 605/515/2327 140/1624/2327
f 4764/2087/2328 581/1932/2328 4765/2088/2328
f 573/521/2319 1100/566/2319 1149/518/2319
f 619/1627/2329 638/509/2329 167/1640/2329
f 140/1624/2329 1155/512/2329 619/1627/2329
f 605/515/2318 1092/580/2318 1155/512/2318
f 650/1645/2330 665/503/2330 184/1422/2330
f 167/1640/2330 1157/506/2330 650/1645/2330
f 638/509/2317 1085/590/2317 1157/506/2317
f 4733/2089/2331 681/1433/2331 703/497/2331
f 184/1422/2331 1160/500/2331 681/1433/2331
f 665/503/2316 1079/595/2316 1160/500/2316
f 4736/2090/2332 733/491/2332 4737/2091/2332
f 4735/2092/2332 1166/494/2332 4736/2090/2332
f 206/1457/2332 4738/2093/2332 4722/2094/2332
f 703/497/2315 1070/603/2315 1166/494/2315
f 1175/488/2333 4740/2095/2333 4739/2096/2333
f 248/1501/2333 4742/2097/2333 4741/2098/2333
f 733/491/2333 4739/2096/2333 4737/2091/2333
f 438/607/2314 1175/488/2314 733/491/2314
f 1180/482/2334 265/1525/2334 762/1522/2334
f 4743/2099/2335 762/1522/2335 4741/2098/2335
f 441/615/2313 1180/482/2313 751/485/2313
f 1187/476/2336 296/924/2336 797/1545/2336
f 789/479/2336 797/1545/2336 265/1525/2336
f 447/627/2312 1187/476/2312 789/479/2312
f 4782/2100/2337 320/1942/2337 4783/2101/2337
f 4785/2102/2337 296/924/2337 4784/2103/2337
f 462/640/2311 1192/470/2311 820/473/2311
f 1194/465/2338 341/1943/2338 843/1192/2338
f 838/467/2338 843/1192/2338 320/1942/2338
f 466/649/2310 1194/465/2310 838/467/2310
f 1196/458/2339 352/1944/2339 863/1945/2339
f 859/461/2339 863/1945/2339 341/1943/2339
f 468/656/2309 1196/458/2309 859/461/2309
f 1201/452/2340 366/1272/2340 890/1251/2340
f 879/455/2340 890/1251/2340 352/1944/2340
f 470/664/2308 1201/452/2308 879/455/2308
f 1203/1920/2341 35/1301/2341 908/1946/2341
f 901/449/2341 908/1946/2341 366/1272/2341
f 479/671/2307 1203/1920/2307 901/449/2307
f 1026/447/2342 501/674/2342 382/675/2342
f 479/671/2342 1207/676/2342 1026/447/2342
f 4700/2104/2306 1207/676/2306 4697/2105/2306
f 1034/668/2343 1019/683/2343 479/671/2343
f 470/664/2343 1211/688/2343 1034/668/2343
f 1017/694/2344 4696/2076/2344 1211/688/2344
f 1040/661/2345 1017/694/2345 470/664/2345
f 468/656/2345 1213/699/2345 1040/661/2345
f 1213/699/2346 4691/2072/2346 4701/2106/2346
f 1045/464/2347 1012/704/2347 468/656/2347
f 466/649/2347 1216/710/2347 1045/464/2347
f 4703/2107/2303 1216/710/2303 4689/2108/2303
f 1052/645/2348 1004/717/2348 466/649/2348
f 462/640/2348 1218/723/2348 1052/645/2348
f 4688/2069/2302 995/729/2302 4685/2109/2302
f 1061/632/2349 995/729/2349 462/640/2349
f 447/627/2349 1219/735/2349 1061/632/2349
f 4704/2110/2350 1219/735/2350 4681/2111/2350
f 1064/619/2351 991/740/2351 447/627/2351
f 441/615/2351 1224/746/2351 1064/619/2351
f 1224/746/2352 4675/2112/2352 4705/2113/2352
f 1066/611/2353 986/752/2353 441/615/2353
f 438/607/2353 1226/758/2353 1066/611/2353
f 978/765/2354 4669/2114/2354 4709/2115/2354
f 1231/770/2355 438/607/2355 1070/603/2355
f 969/775/2355 1070/603/2355 424/599/2355
f 1231/770/2356 4666/2116/2356 4713/2117/2356
f 1232/782/2357 424/599/2357 1079/595/2357
f 964/789/2357 1079/595/2357 420/592/2357
f 4714/2118/2358 1232/782/2358 4664/2119/2358
f 1236/795/2359 420/592/2359 1085/590/2359
f 957/800/2359 1085/590/2359 414/585/2359
f 1236/795/2360 4661/2056/2360 4716/2120/2360
f 1239/807/2361 414/585/2361 1092/580/2361
f 948/813/2361 1092/580/2361 406/571/2361
f 1239/807/2295 4659/2121/2295 4717/2122/2295
f 1240/819/2362 406/571/2362 1100/566/2362
f 942/825/2362 1100/566/2362 402/562/2362
f 942/825/2363 4658/2054/2363 1240/819/2363
f 1244/832/2364 402/562/2364 1105/557/2364
f 935/837/2364 1105/557/2364 396/553/2364
f 4719/2123/2365 1244/832/2365 4652/2050/2365
f 1247/842/2366 396/553/2366 1108/550/2366
f 930/848/2366 1108/550/2366 385/547/2366
f 4720/2124/2367 1247/842/2367 4650/2125/2367
f 1249/855/2368 385/547/2368 1111/543/2368
f 501/861/2368 1111/543/2368 382/1924/2368
f 1249/855/2369 4699/2126/2369 4721/2126/2369
f 1509/2127/2370 94/2128/2370 106/2129/2370
f 1513/1631/2371 151/1614/2371 1515/1612/2371
f 1511/2130/2372 106/2129/2372 110/2131/2372
f 1515/1612/2373 159/1616/2373 81/1615/2373
f 42/515/2374 110/2131/2374 115/512/2374
f 159/1616/2375 4416/2132/2375 4417/2133/2375
f 50/2134/2376 115/512/2376 120/1619/2376
f 4416/2132/2377 160/1618/2377 4418/2135/2377
f 62/1624/2378 120/1619/2378 126/1627/2378
f 1506/2136/2379 448/2137/2379 89/2138/2379
f 62/1624/2380 129/1628/2380 68/1626/2380
f 1508/2139/2381 89/2138/2381 92/807/2381
f 68/1626/2382 137/1630/2382 70/1629/2382
f 16/2140/2383 92/807/2383 94/2128/2383
f 70/1629/2384 143/1613/2384 1513/1631/2384
f 94/2128/2385 180/800/2385 186/2141/2385
f 137/1630/2386 231/1633/2386 143/1613/2386
f 106/2129/2387 186/2141/2387 190/2142/2387
f 143/1613/2388 241/1634/2388 151/1614/2388
f 110/2131/2389 190/2142/2389 196/2143/2389
f 151/1614/2390 246/1635/2390 159/1616/2390
f 115/512/2391 196/2143/2391 203/509/2391
f 159/1616/2392 250/1636/2392 160/1618/2392
f 120/1619/2393 203/509/2393 212/1638/2393
f 4418/2144/2394 250/1636/2394 4480/2145/2394
f 126/1627/2395 212/1638/2395 215/1640/2395
f 89/2138/2396 448/2146/2396 170/2147/2396
f 126/1627/2397 220/1641/2397 129/1628/2397
f 92/807/2398 170/2147/2398 180/800/2398
f 129/1628/2399 227/1632/2399 137/1630/2399
f 212/1638/2400 294/506/2400 303/1644/2400
f 4480/2148/2401 340/1642/2401 4481/2149/2401
f 215/1640/2402 303/1644/2402 306/1645/2402
f 170/2147/2403 448/803/2403 263/2150/2403
f 215/1640/2404 311/1646/2404 220/1641/2404
f 180/800/2405 263/2150/2405 271/795/2405
f 220/1641/1093 318/1409/1093 227/1632/1093
f 186/2141/2406 271/795/2406 277/2151/2406
f 227/1632/1094 324/1412/1094 231/1633/1094
f 190/2142/2407 277/2151/2407 286/2152/2407
f 231/1633/1095 336/1416/1095 241/1634/1095
f 196/2143/2408 286/2152/2408 292/2153/2408
f 241/1634/2409 339/1647/2409 246/1635/2409
f 203/509/2410 292/2153/2410 294/506/2410
f 246/1635/2411 340/1642/2411 250/1636/2411
f 318/1409/1104 379/1431/1104 324/1412/1104
f 286/2152/2412 359/2154/2412 363/2155/2412
f 324/1412/2413 384/1418/2413 336/1416/2413
f 292/2153/2414 363/2155/2414 4376/2156/2414
f 336/1416/1098 389/1419/1098 339/1647/1098
f 4369/2157/2415 294/506/2415 4380/2158/2415
f 339/1647/2416 399/1651/2416 340/1642/2416
f 303/1644/2417 4370/2159/2417 4371/2160/2417
f 4422/2161/2418 340/1642/2418 4421/2162/2418
f 4372/2163/2419 306/1645/2419 4371/2160/2419
f 263/2150/2420 448/797/2420 346/2164/2420
f 373/1428/1102 306/1645/1102 4377/2165/1102
f 271/795/2421 346/2164/2421 356/789/2421
f 311/1646/1103 377/1438/1103 318/1409/1103
f 277/2151/2422 356/789/2422 359/2154/2422
f 4421/2162/2423 446/1657/2423 4420/2166/2423
f 346/2164/2424 448/791/2424 403/2167/2424
f 373/1428/2425 4379/2168/2425 426/1436/2425
f 356/789/2426 403/2167/2426 405/782/2426
f 373/1428/1108 431/1437/1108 377/1438/1108
f 359/2154/2427 405/782/2427 408/2169/2427
f 377/1438/1109 433/1439/1109 379/1431/1109
f 363/2155/2428 408/2169/2428 409/2170/2428
f 379/1431/1110 440/1440/1110 384/1418/1110
f 363/2155/2429 4374/2171/2429 4376/2156/2429
f 384/1418/1111 442/1441/1111 389/1419/1111
f 389/1419/2430 446/1657/2430 399/1651/2430
f 409/2170/2431 465/2172/2431 467/2173/2431
f 433/1439/2432 488/1447/2432 440/1440/2432
f 4373/2174/2433 409/2170/2433 4381/2175/2433
f 440/1440/1117 497/1451/1117 442/1441/1117
f 442/1441/2434 500/1090/2434 446/1657/2434
f 4420/2166/2435 500/1090/2435 4423/2176/2435
f 403/2167/2436 448/785/2436 457/2177/2436
f 4375/2178/2437 478/1460/2437 4379/2179/2437
f 405/782/2438 457/2177/2438 459/775/2438
f 426/1436/1124 482/1461/1124 431/1437/1124
f 408/2169/2439 459/775/2439 465/2172/2439
f 431/1437/1125 486/1462/1125 433/1439/1125
f 4384/2180/1137 535/1474/1137 4383/2181/1137
f 457/2177/2440 448/2182/2440 504/2183/2440
f 4383/2181/2441 541/1465/2441 478/1460/2441
f 459/775/2442 504/2183/2442 506/770/2442
f 478/1460/1128 545/1466/1128 482/1461/1128
f 465/2172/2443 506/770/2443 511/2184/2443
f 482/1461/1129 555/1467/1129 486/1462/1129
f 467/2173/1130 511/2184/1130 521/1468/1130
f 486/1462/1131 561/1471/1131 488/1447/1131
f 467/2173/2444 523/1473/2444 4382/2185/2444
f 488/1447/1133 567/1472/1133 497/1451/1133
f 4386/2186/2445 523/1473/2445 4387/2187/2445
f 497/1451/2446 577/1100/2446 500/1090/2446
f 526/494/1135 4388/2188/1135 4387/2187/1135
f 4423/2176/2447 577/1100/2447 4479/2189/2447
f 555/1467/1147 642/1486/1147 561/1471/1147
f 523/1473/1148 596/1484/1148 600/1478/1148
f 561/1471/1138 644/1477/1138 567/1472/1138
f 526/494/1139 600/1478/1139 610/491/1139
f 567/1472/1140 652/1479/1140 577/1100/1140
f 535/1474/1141 610/491/1141 615/1480/1141
f 4479/2190/2448 652/1479/2448 4478/2191/2448
f 538/1476/1142 615/1480/1142 621/601/1142
f 504/2183/2449 448/2192/2449 580/2193/2449
f 538/1476/1143 624/1481/1143 541/1465/1143
f 506/770/2450 580/2193/2450 585/765/2450
f 541/1465/1144 626/1482/1144 545/1466/1144
f 511/2184/2451 585/765/2451 591/2194/2451
f 545/1466/1145 634/1483/1145 555/1467/1145
f 521/1468/1146 591/2194/1146 596/1484/1146
f 624/1481/1159 706/1497/1159 710/1487/1159
f 580/2193/2452 666/758/2452 585/765/2452
f 626/1482/1149 710/1487/1149 711/1488/1149
f 585/765/1150 669/1489/1150 591/2194/1150
f 634/1483/1151 711/1488/1151 712/1492/1151
f 591/2194/1152 676/1508/1152 596/1484/1152
f 642/1486/2453 712/1492/2453 715/1493/2453
f 596/1484/1154 683/1494/1154 600/1478/1154
f 644/1477/1155 715/1493/1155 721/1495/1155
f 600/1478/1156 688/488/1156 610/491/1156
f 652/1479/2454 721/1495/2454 732/1105/2454
f 610/491/1157 696/1496/1157 615/1480/1157
f 4478/2195/2455 732/1105/2455 4427/2196/2455
f 615/1480/1158 706/1497/1158 621/601/1158
f 448/2197/2456 662/2198/2456 580/2193/2456
f 721/1495/1170 798/1509/1170 807/1499/1170
f 683/1494/1160 761/1498/1160 688/488/1160
f 732/1105/867 807/1499/867 809/1109/867
f 688/488/1161 771/1500/1161 696/1496/1161
f 732/1105/2457 4425/2199/2457 4427/2196/2457
f 696/1496/1162 778/1501/1162 706/1497/1162
f 448/2200/2458 739/2201/2458 662/2198/2458
f 710/1487/1163 778/1501/1163 782/1502/1163
f 662/2198/2459 747/752/2459 666/758/2459
f 711/1488/1164 782/1502/1164 785/1503/1164
f 666/758/1165 753/1504/1165 669/1489/1165
f 712/1492/1166 785/1503/1166 793/1506/1166
f 669/1489/1167 755/1507/1167 676/1508/1167
f 715/1493/2460 793/1506/2460 798/1509/2460
f 676/1508/1169 759/1510/1169 683/1494/1169
f 739/2201/2461 821/746/2461 747/752/2461
f 785/1503/1171 850/1511/1171 853/1512/1171
f 747/752/2462 826/1514/2462 753/1504/2462
f 793/1506/1173 853/1512/1173 856/1515/1173
f 753/1504/1174 830/1516/1174 755/1507/1174
f 798/1509/2463 856/1515/2463 860/1517/2463
f 755/1507/1176 834/1518/1176 759/1510/1176
f 807/1499/1177 860/1517/1177 862/1519/1177
f 759/1510/1178 836/1520/1178 761/1498/1178
f 809/1109/1179 862/1519/1179 866/1113/1179
f 761/1498/1180 839/1521/1180 771/1500/1180
f 4425/2199/2464 866/1113/2464 4476/2202/2464
f 771/1500/2465 846/1522/2465 778/1501/2465
f 448/2203/2466 816/2204/2466 739/2201/2466
f 782/1502/2467 846/1522/2467 850/1511/2467
f 834/1518/1193 889/1535/1193 836/1520/1193
f 4477/2205/2468 862/1519/2468 4429/2206/2468
f 836/1520/1183 892/1524/1183 839/1521/1183
f 4476/2207/2469 866/1113/2469 4477/2205/2469
f 839/1521/2470 897/1525/2470 846/1522/2470
f 448/2208/2471 870/2209/2471 816/2204/2471
f 850/1511/1185 897/1525/1185 900/1526/1185
f 816/2204/2472 874/740/2472 821/746/2472
f 853/1512/1186 900/1526/1186 903/1527/1186
f 821/746/2473 876/1528/2473 826/1514/2473
f 856/1515/1188 903/1527/1188 910/1531/1188
f 826/1514/1189 883/1532/1189 830/1516/1189
f 860/1517/1190 910/1531/1190 912/1533/1190
f 830/1516/1191 887/1534/1191 834/1518/1191
f 862/1519/2474 912/1533/2474 916/1523/2474
f 903/1527/1202 951/1546/1202 955/1538/1202
f 874/740/1194 928/1536/1194 876/1528/1194
f 910/1531/1195 955/1538/1195 960/1539/1195
f 876/1528/1196 933/1540/1196 883/1532/1196
f 912/1533/1197 960/1539/1197 962/1541/1197
f 883/1532/1198 939/1542/1198 887/1534/1198
f 916/1523/876 962/1541/876 965/1121/876
f 887/1534/1199 940/1543/1199 889/1535/1199
f 4429/2206/2475 965/1121/2475 4474/2210/2475
f 889/1535/878 944/1544/878 892/1524/878
f 892/1524/2476 950/1545/2476 897/1525/2476
f 448/2211/2477 920/2212/2477 870/2209/2477
f 900/1526/2478 950/1545/2478 951/1546/2478
f 870/2209/2479 925/735/2479 874/740/2479
f 4474/2213/2480 965/1121/2480 4475/2214/2480
f 940/1543/881 998/1160/881 944/1544/881
f 944/1544/2481 1000/924/2481 950/1545/2481
f 448/2215/2482 973/2216/2482 920/2212/2482
f 951/1546/885 1000/924/885 1006/1547/885
f 920/2212/2483 979/729/2483 925/735/2483
f 955/1538/1205 1006/1547/1205 1010/1548/1205
f 925/735/1206 981/1549/1206 928/1536/1206
f 960/1539/886 1010/1548/886 1014/1139/886
f 928/1536/1207 984/1551/1207 933/1540/1207
f 962/1541/1208 1014/1139/1208 1015/1144/1208
f 933/1540/1209 989/1552/1209 939/1542/1209
f 4475/2214/2484 962/1541/2484 4432/2217/2484
f 939/1542/1211 993/1130/1211 940/1543/1211
f 979/729/2485 1027/2218/2485 981/1549/2485
f 1014/1139/2486 1049/1150/2486 1055/1151/2486
f 981/1549/1212 1031/1556/1212 984/1551/1212
f 1015/1144/892 1055/1151/892 1058/1152/892
f 984/1551/893 1036/1153/893 989/1552/893
f 4432/2217/2487 1058/1152/2487 4473/2219/2487
f 989/1552/895 1039/1181/895 993/1130/895
f 993/1130/897 1041/1159/897 998/1160/897
f 998/1160/899 1043/1162/899 1000/924/899
f 448/2220/2488 1020/2221/2488 973/2216/2488
f 1006/1547/2489 1043/1162/2489 1048/1165/2489
f 973/2216/2490 1022/723/2490 979/729/2490
f 1010/1548/1213 1048/1165/1213 1049/1150/1213
f 1039/1181/915 1087/1182/915 1041/1159/915
f 1041/1159/904 1088/1170/904 1043/1162/904
f 448/2222/2491 1065/2223/2491 1020/2221/2491
f 1048/1165/2492 1088/1170/2492 1095/1172/2492
f 1020/2221/2493 1067/2224/2493 1022/723/2493
f 1049/1150/907 1095/1172/907 1096/1173/907
f 1022/723/2494 1069/2225/2494 1027/2218/2494
f 1055/1151/908 1096/1173/908 1102/1174/908
f 1027/2218/2495 1075/1175/2495 1031/1556/2495
f 4435/2226/2496 1055/1151/2496 4472/2227/2496
f 1031/1556/911 1077/1184/911 1036/1153/911
f 1058/1152/2497 4436/2228/2497 4473/2219/2497
f 1036/1153/913 1081/1180/913 1039/1181/913
f 1096/1173/927 1153/1196/927 1102/1174/927
f 1075/1175/1216 1122/2229/1216 1124/1185/1216
f 4439/2230/2498 1102/1174/2498 4438/2231/2498
f 1077/1184/917 1124/1185/917 1130/1186/917
f 1081/1180/919 1130/1186/919 1132/1188/919
f 1087/1182/921 1132/1188/921 1136/1190/921
f 1088/1170/923 1136/1190/923 1141/1192/923
f 1113/2232/2499 1065/2223/2499 448/865/2499
f 1088/1170/2500 1143/1194/2500 1095/1172/2500
f 1067/2224/2501 1113/2232/2501 1117/710/2501
f 1095/1172/926 1147/1195/926 1096/1173/926
f 1069/2225/2502 1117/710/2502 1122/2229/2502
f 1141/1192/2503 1184/1213/2503 1186/1214/2503
f 1163/2233/2504 1113/2232/2504 448/2234/2504
f 1141/1192/930 1189/1200/930 1143/1194/930
f 1117/710/2505 1163/2233/2505 1168/2235/2505
f 1143/1194/931 1191/1201/931 1147/1195/931
f 1122/2229/2506 1168/2235/2506 1173/1203/2506
f 1147/1195/1217 1193/1205/1217 1153/1196/1217
f 4408/2236/934 1122/2229/934 1173/1203/934
f 4440/2237/2507 1153/1196/2507 4471/2238/2507
f 4410/2239/2508 1179/1209/2508 1124/1185/2508
f 1132/1188/2509 1179/1209/2509 1182/1211/2509
f 1136/1190/940 1182/1211/940 1184/1213/940
f 1193/1205/2510 4442/2240/2510 4471/2238/2510
f 4412/2241/2511 1179/1209/2511 4411/2242/2511
f 1182/1211/945 1204/1216/945 1206/1218/945
f 1184/1213/947 1206/1218/947 1209/1220/947
f 1186/1214/949 1209/1220/949 1210/1222/949
f 1199/2243/2512 1163/2233/2512 448/706/2512
f 1186/1214/2513 1212/1224/2513 1189/1200/2513
f 1168/2235/2514 1199/2243/2514 1200/2244/2514
f 1189/1200/952 1215/1225/952 1191/1201/952
f 1173/1203/953 1200/2244/953 1202/1228/953
f 4443/2245/954 1193/1205/954 1215/1225/954
f 1173/1203/2515 4407/2246/2515 4409/2247/2515
f 1221/2248/2516 1199/2243/2516 448/2249/2516
f 1210/1222/957 1234/1230/957 1212/1224/957
f 1200/2244/2517 1221/2248/2517 1223/2250/2517
f 1212/1224/958 1237/1231/958 1215/1225/958
f 4397/2251/959 1200/2244/959 1223/2250/959
f 4470/2252/2518 1237/1231/2518 4445/2253/2518
f 4399/2254/2519 1202/1228/2519 4397/2251/2519
f 4404/2255/963 1204/1216/963 4412/2241/963
f 1206/1218/965 1227/1237/965 1228/1239/965
f 1209/1220/967 1228/1239/967 1230/1241/967
f 1210/1222/2520 1230/1241/2520 1233/1243/2520
f 4406/2256/984 1227/1237/984 4404/2255/984
f 1228/1239/972 1248/1246/972 1251/1247/972
f 1230/1241/974 1251/1247/974 1252/1249/974
f 1233/1243/2521 1252/1249/2521 1254/1251/2521
f 1243/2257/2522 1221/2248/2522 448/696/2522
f 1233/1243/2523 1255/1253/2523 1234/1230/2523
f 1223/2250/2524 1243/2257/2524 1245/2258/2524
f 1234/1230/979 1257/1254/979 1237/1231/979
f 1245/2258/2525 4398/2259/2525 1223/2250/2525
f 4446/2260/2526 1237/1231/2526 4469/2261/2526
f 1254/1251/998 1277/1274/998 1255/1253/998
f 1245/2258/2527 1264/2262/2527 1266/2263/2527
f 1255/1253/985 1278/1260/985 1257/1254/985
f 1266/2263/2528 4400/2264/2528 1245/2258/2528
f 1257/1254/2529 4468/2265/2529 4448/2266/2529
f 1248/1246/990 4405/2267/990 1269/1266/990
f 1251/1247/992 1269/1266/992 1271/1268/992
f 1252/1249/994 1271/1268/994 1273/1270/994
f 1254/1251/2530 1273/1270/2530 1275/1272/2530
f 1264/2262/2531 1243/2257/2531 448/691/2531
f 1271/1268/2532 1291/1275/2532 1293/1276/2532
f 1273/1270/1001 1293/1276/1001 1295/1278/1001
f 1275/1272/1003 1295/1278/1003 1296/1280/1003
f 1284/2268/2533 1264/2262/2533 448/2269/2533
f 1275/1272/1005 1297/1282/1005 1277/1274/1005
f 1266/2263/2534 1284/2268/2534 1286/2270/2534
f 1277/1274/1006 1299/1283/1006 1278/1260/1006
f 1266/2263/2535 1287/1285/2535 4401/2271/2535
f 4468/2265/2536 1299/1283/2536 4450/2272/2536
f 1287/1285/2537 4389/2273/2537 4401/2271/2537
f 4396/2274/2538 1291/1275/2538 1269/1266/2538
f 1286/2270/2539 1305/2275/2539 1308/2276/2539
f 1297/1282/1013 1322/1290/1013 1299/1283/1013
f 1287/1285/2540 1308/2276/2540 1310/2277/2540
f 4451/2278/2541 1299/1283/2541 4467/2279/2541
f 4390/2280/2542 1310/2277/2542 4391/2281/2542
f 1313/1295/1018 4394/2282/1018 4395/2283/1018
f 1293/1276/1020 1313/1295/1020 1315/1297/1020
f 1295/1278/1022 1315/1297/1022 1317/1299/1022
f 1296/1280/1024 1317/1299/1024 1319/1301/1024
f 1305/2275/2543 1284/2268/2543 448/2284/2543
f 1296/1280/1026 1321/1303/1026 1297/1282/1026
f 1313/1327/1039 1338/1329/1039 1315/1307/1039
f 1315/1307/1028 1339/1308/1028 1317/1309/1028
f 1317/1309/2544 1341/1312/2544 1319/1313/2544
f 1328/2285/2545 1305/2286/2545 448/2287/2545
f 1321/1315/2546 1341/1312/2546 1343/1316/2546
f 1305/2286/2547 1329/2288/2547 1308/2289/2547
f 1322/1317/1033 1343/1316/1033 1345/1318/1033
f 1308/2289/2548 1331/2290/2548 1310/2291/2548
f 1345/1318/1034 4453/2292/1034 4467/2293/1034
f 4391/2294/2549 1331/2290/2549 1333/1323/2549
f 4393/2295/2550 1333/1323/2550 1313/1327/2550
f 1345/1318/1052 1366/1344/1052 1368/1330/1052
f 1329/2288/2551 1355/2296/2551 1331/2290/2551
f 4465/2297/1040 1368/1330/1040 1370/1331/1040
f 1331/2290/2552 1357/2298/2552 1333/1323/2552
f 1370/1331/2553 4454/2299/2553 4466/2300/2553
f 1333/1323/1043 1358/1334/1043 1335/1326/1043
f 1335/1326/2554 1361/1336/2554 1338/1329/2554
f 1338/1329/1047 1362/1338/1047 1339/1308/1047
f 1339/1308/1049 1365/1340/1049 1341/1312/1049
f 1350/2301/2555 1328/2285/2555 448/2302/2555
f 1343/1316/1051 1365/1340/1051 1366/1344/1051
f 1328/2285/2556 1353/2303/2556 1329/2288/2556
f 1361/1336/1064 1388/1360/1064 1362/1338/1064
f 1362/1338/2557 1389/1348/2557 1365/1340/2557
f 1376/2304/2558 1350/2301/2558 448/964/2558
f 1366/1344/2559 1389/1348/2559 1390/1352/2559
f 1350/2301/2560 1378/2305/2560 1353/2303/2560
f 1368/1330/1057 1390/1352/1057 1392/1353/1057
f 1353/2303/2561 1379/2306/2561 1355/2296/2561
f 1370/1331/1058 1392/1353/1058 1394/1354/1058
f 1355/2296/2562 1382/2307/2562 1357/2298/2562
f 4456/2308/2563 1370/1331/2563 4464/2309/2563
f 1357/2298/1060 1383/2310/1060 1358/1334/1060
f 1358/1334/1062 1385/1359/1062 1361/1336/1062
f 1394/1354/1074 1417/1375/1074 1419/1361/1074
f 1379/2306/2564 1406/2311/2564 1382/2307/2564
f 1419/1361/2565 4458/2312/2565 4464/2309/2565
f 1382/2307/2566 1407/2313/2566 1383/2310/2566
f 4462/2314/2567 1421/1362/2567 4463/2315/2567
f 1383/2310/1067 1409/1785/1067 1385/1359/1067
f 1385/1359/1069 1411/1788/1069 1388/1360/1069
f 1388/1360/1070 1413/1369/1070 1389/1348/1070
f 1401/2316/2568 1376/2304/2568 448/963/2568
f 1390/1352/1072 1413/1369/1072 1416/1374/1072
f 1376/2304/2569 1403/2317/2569 1378/2305/2569
f 1392/1353/1073 1416/1374/1073 1417/1375/1073
f 1378/2305/2570 1405/2318/2570 1379/2306/2570
f 1411/1788/2571 1439/1789/2571 1413/1369/2571
f 1427/2319/2572 1401/2316/2572 448/2320/2572
f 1416/1374/1077 1439/1789/1077 1442/1790/1077
f 1401/2316/2573 1428/2321/2573 1403/2317/2573
f 1417/1375/1078 1442/1790/1078 1443/1382/1078
f 1403/2317/2574 1429/2322/2574 1405/2318/2574
f 1419/1361/1079 1443/1382/1079 1445/1384/1079
f 1405/2318/2575 1431/2323/2575 1406/2311/2575
f 1421/1362/2576 1445/1384/2576 1446/1385/2576
f 1406/2311/2577 1434/2324/2577 1407/2313/2577
f 4463/2325/2578 1446/1385/2578 4460/2326/2578
f 1407/2313/2579 1436/1792/2579 1409/1785/2579
f 1409/1785/2580 1437/1793/2580 1411/1788/2580
f 1429/2322/2581 1457/2327/2581 1431/2323/2581
f 1446/1385/1083 1471/1718/1083 1473/1711/1083
f 1431/2323/2582 1460/2328/2582 1434/2324/2582
f 4460/2326/2583 1473/1711/2583 4483/2329/2583
f 1434/2324/2584 1461/2330/2584 1436/1792/2584
f 4483/2329/2585 1474/1712/2585 4484/2331/2585
f 1436/1792/2586 1464/1796/2586 1437/1793/2586
f 1437/1793/2587 1465/1797/2587 1439/1789/2587
f 1452/2332/2588 1427/2319/2588 448/960/2588
f 1442/1790/2589 1465/1797/2589 1468/1715/2589
f 1427/2319/2590 1454/2333/2590 1428/2321/2590
f 1443/1382/1086 1468/1715/1086 1469/1722/1086
f 1428/2321/2591 1455/2334/2591 1429/2322/2591
f 1445/1384/1087 1469/1722/1087 1471/1718/1087
f 1464/1796/2592 1491/1720/2592 1465/1797/2592
f 1478/2335/2593 1452/2332/2593 448/957/2593
f 1468/1715/2594 1491/1720/2594 1493/1730/2594
f 1452/2332/2595 1480/2336/2595 1454/2333/2595
f 1469/1722/2596 1493/1730/2596 1496/1721/2596
f 1454/2333/2597 1482/2337/2597 1455/2334/2597
f 1471/1718/2598 1496/1721/2598 1497/1723/2598
f 1455/2334/2599 1485/2338/2599 1457/2327/2599
f 1473/1711/2600 1497/1723/2600 1500/1724/2600
f 1457/2327/2601 1486/2339/2601 1460/2328/2601
f 1474/1712/2602 1500/1724/2602 1501/1725/2602
f 1460/2328/2603 1487/2340/2603 1461/2330/2603
f 4413/2341/2604 1474/1712/2604 4414/2342/2604
f 1461/2330/2605 1489/1799/2605 1464/1796/2605
f 1500/1724/2606 1513/1631/2606 1515/1612/2606
f 1485/2338/2607 1511/2130/2607 1486/2339/2607
f 1501/1725/2608 1515/1612/2608 81/1615/2608
f 1486/2339/2609 42/515/2609 1487/2340/2609
f 4414/2342/2610 81/1615/2610 4482/2343/2610
f 1487/2340/2611 50/2134/2611 1489/1799/2611
f 1489/1799/2612 62/1624/2612 1491/1720/2612
f 1478/2335/2613 448/2344/2613 1506/2136/2613
f 1493/1730/2614 62/1624/2614 68/1626/2614
f 1478/2335/2615 1508/2139/2615 1480/2336/2615
f 1496/1721/2616 68/1626/2616 70/1629/2616
f 1480/2336/2617 16/2140/2617 1482/2337/2617
f 1497/1723/2618 70/1629/2618 1513/1631/2618
f 1482/2337/2619 1509/2127/2619 1485/2338/2619
f 1174/2127/2370 69/2128/2370 71/2129/2370
f 1178/1631/2371 95/1614/2371 1181/1612/2371
f 1176/2130/2372 71/2129/2372 73/2131/2372
f 1181/1612/2373 97/1616/2373 59/1615/2373
f 33/515/2374 73/2131/2374 78/512/2374
f 59/1615/2620 100/1618/2620 1183/1617/2620
f 39/2134/2376 78/512/2376 80/1619/2376
f 1183/1617/2621 103/1623/2621 1185/1622/2621
f 44/1624/2378 80/1619/2378 84/1627/2378
f 1170/2136/2379 299/2137/2379 64/2138/2379
f 4563/2345/2622 103/1623/2622 4582/2346/2622
f 44/1624/2380 86/1628/2380 54/1626/2380
f 1172/2139/2381 64/2138/2381 67/807/2381
f 54/1626/2382 91/1630/2382 57/1629/2382
f 2/2140/2383 67/807/2383 69/2128/2383
f 57/1629/2384 93/1613/2384 1178/1631/2384
f 69/2128/2385 112/800/2385 116/2141/2385
f 91/1630/2386 139/1633/2386 93/1613/2386
f 71/2129/2387 116/2141/2387 117/2142/2387
f 93/1613/2388 141/1634/2388 95/1614/2388
f 73/2131/2389 117/2142/2389 119/2143/2389
f 95/1614/2390 145/1635/2390 97/1616/2390
f 78/512/2391 119/2143/2391 124/509/2391
f 97/1616/2392 146/1636/2392 100/1618/2392
f 80/1619/2393 124/509/2393 127/1638/2393
f 100/1618/2623 149/1639/2623 103/1623/2623
f 84/1627/2395 127/1638/2395 131/1640/2395
f 64/2138/2396 299/2146/2396 107/2147/2396
f 4584/2347/2624 103/1623/2624 149/1639/2624
f 84/1627/2397 134/1641/2397 86/1628/2397
f 67/807/2398 107/2147/2398 112/800/2398
f 86/1628/2399 136/1632/2399 91/1630/2399
f 127/1638/2400 168/506/2400 173/1644/2400
f 146/1636/2625 200/1643/2625 149/1639/2625
f 131/1640/2402 173/1644/2402 175/1645/2402
f 107/2147/2403 299/803/2403 153/2150/2403
f 4583/2348/2626 149/1639/2626 200/1643/2626
f 131/1640/2404 178/1646/2404 134/1641/2404
f 112/800/2405 153/2150/2405 156/795/2405
f 134/1641/1093 181/1409/1093 136/1632/1093
f 116/2141/2406 156/795/2406 162/2151/2406
f 136/1632/1094 188/1412/1094 139/1633/1094
f 117/2142/2407 162/2151/2407 165/2152/2407
f 139/1633/1095 191/1416/1095 141/1634/1095
f 119/2143/2408 165/2152/2408 166/2153/2408
f 141/1634/2409 193/1647/2409 145/1635/2409
f 124/509/2410 166/2153/2410 168/506/2410
f 145/1635/2411 195/1642/2411 146/1636/2411
f 181/1409/1104 237/1431/1104 188/1412/1104
f 165/2152/2412 210/2154/2412 213/2155/2412
f 188/1412/2413 240/1418/2413 191/1416/2413
f 166/2153/2414 213/2155/2414 217/2349/2414
f 191/1416/1098 243/1419/1098 193/1647/1098
f 168/506/2415 217/2349/2415 219/503/2415
f 193/1647/2416 247/1651/2416 195/1642/2416
f 173/1644/2417 219/503/2417 221/1652/2417
f 4576/2350/2627 195/1642/2627 4581/2351/2627
f 175/1645/2419 221/1652/2419 224/1422/2419
f 153/2150/2420 299/797/2420 201/2164/2420
f 200/1643/2628 4575/2352/2628 4583/2353/2628
f 175/1645/2629 228/1428/2629 178/1646/2629
f 156/795/2421 201/2164/2421 208/789/2421
f 178/1646/1103 233/1438/1103 181/1409/1103
f 162/2151/2422 208/789/2422 210/2154/2422
f 4580/2354/2630 4581/2351/2630 247/1651/2630
f 224/1422/1105 272/1446/1105 276/1433/1105
f 201/2164/2424 299/791/2424 253/2167/2424
f 224/1422/1107 281/1436/1107 228/1428/1107
f 208/789/2426 253/2167/2426 254/782/2426
f 228/1428/1108 284/1437/1108 233/1438/1108
f 210/2154/2427 254/782/2427 258/2169/2427
f 233/1438/1109 288/1439/1109 237/1431/1109
f 213/2155/2428 258/2169/2428 260/2170/2428
f 237/1431/1110 291/1440/1110 240/1418/1110
f 217/2349/2631 260/2170/2631 267/2355/2631
f 4602/2356/2632 240/1418/2632 291/1440/2632
f 219/503/2633 267/2355/2633 269/500/2633
f 4578/2357/2634 247/1651/2634 4602/2356/2634
f 221/1652/1114 269/500/1114 272/1446/1114
f 260/2170/2431 309/2172/2431 314/2173/2431
f 291/1440/2635 288/1439/2635 4599/2358/2635
f 267/2355/1116 314/2173/1116 317/1448/1116
f 291/1440/2636 4530/2359/2636 4529/2360/2636
f 269/500/2637 317/1448/2637 322/497/2637
f 272/1446/1119 322/497/1119 326/1453/1119
f 276/1433/2638 326/1453/2638 330/1457/2638
f 253/2167/2436 299/785/2436 302/2177/2436
f 276/1433/1123 332/1460/1123 281/1436/1123
f 254/782/2438 302/2177/2438 305/775/2438
f 281/1436/1124 334/1461/1124 284/1437/1124
f 258/2169/2439 305/775/2439 309/2172/2439
f 284/1437/1125 338/1462/1125 288/1439/1125
f 330/1457/2639 362/1474/2639 364/1476/2639
f 302/2177/2440 299/2182/2440 344/2183/2440
f 330/1457/1127 365/1465/1127 332/1460/1127
f 305/775/2442 344/2183/2442 348/770/2442
f 332/1460/1128 368/1466/1128 334/1461/1128
f 309/2172/2443 348/770/2443 350/2184/2443
f 334/1461/1129 371/1467/1129 338/1462/1129
f 314/2173/1130 350/2184/1130 354/1468/1130
f 4531/2361/2640 338/1462/2640 4598/2362/2640
f 317/1448/2444 354/1468/2444 358/1473/2444
f 322/497/2641 358/1473/2641 360/494/2641
f 326/1453/1135 360/494/1135 362/1474/1135
f 371/1467/2642 4534/2363/2642 4598/2362/2642
f 4525/2364/2643 387/1478/2643 354/1468/2643
f 360/494/1139 387/1478/1139 393/491/1139
f 362/1474/1141 393/491/1141 395/1480/1141
f 364/1476/1142 395/1480/1142 398/601/1142
f 344/2183/2449 299/2192/2449 380/2193/2449
f 364/1476/1143 400/1481/1143 365/1465/1143
f 348/770/2450 380/2193/2450 381/765/2450
f 365/1465/1144 401/1482/1144 368/1466/1144
f 350/2184/2451 381/765/2451 383/2194/2451
f 4533/2365/2644 368/1466/2644 4597/2366/2644
f 354/1468/2645 383/2194/2645 4526/2367/2645
f 400/1481/1159 427/1497/1159 429/1487/1159
f 380/2193/2452 416/758/2452 381/765/2452
f 401/1482/1149 429/1487/1149 435/1488/1149
f 381/765/1150 419/1489/1150 383/2194/1150
f 401/1482/2646 435/1488/2646 4537/2368/2646
f 383/2194/2647 4523/2369/2647 4526/2367/2647
f 4528/2370/1154 387/1478/1154 4527/2371/1154
f 387/1478/1156 423/488/1156 393/491/1156
f 393/491/1157 425/1496/1157 395/1480/1157
f 395/1480/1158 427/1497/1158 398/601/1158
f 299/2197/2456 411/2198/2456 380/2193/2456
f 421/1494/1160 453/1498/1160 423/488/1160
f 423/488/1161 455/1500/1161 425/1496/1161
f 425/1496/1162 460/1501/1162 427/1497/1162
f 299/2200/2458 444/2201/2458 411/2198/2458
f 429/1487/1163 460/1501/1163 463/1502/1163
f 411/2198/2459 445/752/2459 416/758/2459
f 435/1488/1164 463/1502/1164 464/1503/1164
f 419/1489/2648 445/752/2648 4514/2372/2648
f 435/1488/2649 4539/2373/2649 4538/2374/2649
f 4515/2375/2650 419/1489/2650 4513/2376/2650
f 4520/2377/2651 450/1510/2651 421/1494/2651
f 444/2201/2461 475/746/2461 445/752/2461
f 464/1503/1171 491/1511/1171 495/1512/1171
f 445/752/2652 4518/2378/2652 4514/2372/2652
f 4541/2379/2653 464/1503/2653 4596/2380/2653
f 483/1518/2654 4519/2381/2654 4522/2382/2654
f 450/1510/1178 485/1520/1178 453/1498/1178
f 453/1498/1180 487/1521/1180 455/1500/1180
f 455/1500/2465 489/1522/2465 460/1501/2465
f 299/2203/2466 471/2204/2466 444/2201/2466
f 463/1502/2467 489/1522/2467 491/1511/2467
f 483/1518/1193 517/1535/1193 485/1520/1193
f 485/1520/1183 518/1524/1183 487/1521/1183
f 487/1521/2470 525/1525/2470 489/1522/2470
f 299/2208/2471 505/2209/2471 471/2204/2471
f 491/1511/1185 525/1525/1185 528/1526/1185
f 471/2204/2472 507/740/2472 475/746/2472
f 495/1512/1186 528/1526/1186 533/1527/1186
f 475/746/2655 4517/2383/2655 4518/2378/2655
f 495/1512/2656 533/1527/2656 4543/2384/2656
f 513/1534/2657 4522/2382/2657 4521/2385/2657
f 533/1527/1202 569/1546/1202 575/1538/1202
f 507/740/2658 552/1536/2658 4516/2386/2658
f 4595/2387/2659 575/1538/2659 4544/2388/2659
f 552/1536/2660 4505/2389/2660 4516/2386/2660
f 4511/2390/2661 553/1542/2661 513/1534/2661
f 513/1534/1199 557/1543/1199 517/1535/1199
f 517/1535/878 563/1544/878 518/1524/878
f 518/1524/2476 565/1545/2476 525/1525/2476
f 299/2211/2477 543/2212/2477 505/2209/2477
f 528/1526/2478 565/1545/2478 569/1546/2478
f 505/2209/2479 548/735/2479 507/740/2479
f 557/1543/881 607/1160/881 563/1544/881
f 563/1544/2481 608/924/2481 565/1545/2481
f 299/2215/2482 583/2216/2482 543/2212/2482
f 569/1546/885 608/924/885 612/1547/885
f 543/2212/2483 588/729/2483 548/735/2483
f 575/1538/1205 612/1547/1205 617/1548/1205
f 548/735/1206 593/1549/1206 552/1536/1206
f 4546/2391/2662 575/1538/2662 4594/2392/2662
f 4506/2393/2663 593/1549/2663 4509/2394/2663
f 598/1552/1209 4512/2395/1209 4510/2396/1209
f 553/1542/1211 603/1130/1211 557/1543/1211
f 588/729/2485 635/2218/2485 593/1549/2485
f 617/1548/891 660/1150/891 4548/2397/891
f 593/1549/2664 636/1556/2664 4508/2398/2664
f 4507/2399/2665 636/1556/2665 598/1552/2665
f 598/1552/895 646/1181/895 603/1130/895
f 603/1130/897 648/1159/897 607/1160/897
f 607/1160/899 654/1162/899 608/924/899
f 299/2220/2488 630/2221/2488 583/2216/2488
f 612/1547/2489 654/1162/2489 656/1165/2489
f 583/2216/2490 632/723/2490 588/729/2490
f 617/1548/1213 656/1165/1213 660/1150/1213
f 646/1181/915 691/1182/915 648/1159/915
f 648/1159/904 694/1170/904 654/1162/904
f 299/2222/2491 673/2223/2491 630/2221/2491
f 656/1165/2492 694/1170/2492 701/1172/2492
f 630/2221/2493 674/2224/2493 632/723/2493
f 660/1150/907 701/1172/907 705/1173/907
f 632/723/2494 679/2225/2494 635/2218/2494
f 4593/2400/908 705/1173/908 4550/2401/908
f 635/2218/2495 685/1175/2495 636/1556/2495
f 636/1556/911 687/1184/911 640/1153/911
f 640/1153/913 689/1180/913 646/1181/913
f 705/1173/927 749/1196/927 4592/2402/927
f 685/1175/1216 723/2229/1216 725/1185/1216
f 749/1196/916 4552/2403/916 4592/2402/916
f 687/1184/917 725/1185/917 729/1186/917
f 689/1180/919 729/1186/919 734/1188/919
f 691/1182/921 734/1188/921 735/1190/921
f 694/1170/923 735/1190/923 738/1192/923
f 713/2232/2499 673/2223/2499 299/865/2499
f 694/1170/2500 742/1194/2500 701/1172/2500
f 674/2224/2501 713/2232/2501 717/710/2501
f 701/1172/926 745/1195/926 705/1173/926
f 679/2225/2502 717/710/2502 723/2229/2502
f 738/1192/2503 779/1213/2503 781/1214/2503
f 758/2233/2504 713/2232/2504 299/2234/2504
f 738/1192/930 783/1200/930 742/1194/930
f 717/710/2505 758/2233/2505 760/2235/2505
f 742/1194/931 786/1201/931 745/1195/931
f 723/2229/2506 760/2235/2506 765/1203/2506
f 745/1195/1217 790/1205/1217 749/1196/1217
f 725/1185/934 765/1203/934 767/1208/934
f 4551/2404/2666 790/1205/2666 4590/2405/2666
f 729/1186/936 767/1208/936 772/1209/936
f 4590/2405/2667 4554/2406/2667 4555/2407/2667
f 734/1188/2509 772/1209/2509 775/1211/2509
f 735/1190/940 775/1211/940 779/1213/940
f 790/1205/956 829/1229/956 794/1207/956
f 772/1209/2668 810/1215/2668 814/1216/2668
f 4556/2408/2669 794/1207/2669 831/1217/2669
f 775/1211/945 814/1216/945 818/1218/945
f 4589/2409/2670 833/1219/2670 4558/2410/2670
f 779/1213/947 818/1218/947 819/1220/947
f 833/1219/2671 4588/2411/2671 4587/2412/2671
f 781/1214/949 819/1220/949 822/1222/949
f 804/2243/2512 758/2233/2512 299/706/2512
f 781/1214/2513 823/1224/2513 783/1200/2513
f 760/2235/2514 804/2243/2514 806/2244/2514
f 783/1200/952 825/1225/952 786/1201/952
f 765/1203/953 806/2244/953 808/1228/953
f 786/1201/954 828/1227/954 790/1205/954
f 767/1208/955 808/1228/955 810/1215/955
f 835/2248/2516 804/2243/2516 299/2249/2516
f 822/1222/957 852/1230/957 823/1224/957
f 806/2244/2517 835/2248/2517 837/2250/2517
f 823/1224/958 854/1231/958 825/1225/958
f 808/1228/2672 837/2250/2672 840/1234/2672
f 825/1225/960 855/1233/960 828/1227/960
f 810/1215/961 840/1234/961 842/1235/961
f 828/1227/2673 857/1236/2673 829/1229/2673
f 814/1216/963 842/1235/963 844/1237/963
f 829/1229/964 858/1238/964 831/1217/964
f 818/1218/965 844/1237/965 845/1239/965
f 831/1217/2674 861/1240/2674 833/1219/2674
f 819/1220/967 845/1239/967 847/1241/967
f 4588/2413/2675 861/1240/2675 4561/2414/2675
f 822/1222/2520 847/1241/2520 849/1243/2520
f 844/1237/984 869/1258/984 872/1246/984
f 857/1236/2676 886/1245/2676 858/1238/2676
f 845/1239/972 872/1246/972 873/1247/972
f 858/1238/2677 888/1248/2677 861/1240/2677
f 847/1241/974 873/1247/974 875/1249/974
f 861/1240/2678 888/1248/2678 4585/2415/2678
f 849/1243/2521 875/1249/2521 877/1251/2521
f 864/2257/2522 835/2248/2522 299/696/2522
f 891/1250/2679 4586/2416/2679 4585/2417/2679
f 849/1243/2523 878/1253/2523 852/1230/2523
f 837/2250/2524 864/2257/2524 865/2258/2524
f 852/1230/979 880/1254/979 854/1231/979
f 840/1234/980 865/2258/980 867/1257/980
f 854/1231/981 882/1256/981 855/1233/981
f 842/1235/982 867/1257/982 869/1258/982
f 855/1233/983 885/1259/983 857/1236/983
f 877/1251/998 907/1274/998 878/1253/998
f 865/2258/2527 893/2262/2527 895/2263/2527
f 878/1253/985 909/1260/985 880/1254/985
f 867/1257/2680 895/2263/2680 896/1262/2680
f 880/1254/987 911/1263/987 882/1256/987
f 869/1258/988 896/1262/988 898/1264/988
f 882/1256/2681 914/1265/2681 885/1259/2681
f 872/1246/2682 898/1264/2682 899/1266/2682
f 885/1259/991 915/1267/991 886/1245/991
f 873/1247/992 899/1266/992 902/1268/992
f 886/1245/2683 917/1269/2683 888/1248/2683
f 875/1249/994 902/1268/994 904/1270/994
f 888/1248/995 919/1271/995 891/1250/995
f 877/1251/2530 904/1270/2530 905/1272/2530
f 893/2262/2531 864/2257/2531 299/691/2531
f 4586/2418/2684 919/1271/2684 4569/2419/2684
f 914/1265/2685 945/1289/2685 915/1267/2685
f 902/1268/2532 929/1275/2532 931/1276/2532
f 915/1267/2686 946/1277/2686 917/1269/2686
f 904/1270/1001 931/1276/1001 932/1278/1001
f 917/1269/2687 947/1279/2687 919/1271/2687
f 905/1272/1003 932/1278/1003 934/1280/1003
f 921/2268/2533 893/2262/2533 299/2269/2533
f 947/1279/2688 4569/2420/2688 919/1271/2688
f 905/1272/1005 937/1282/1005 907/1274/1005
f 895/2263/2534 921/2268/2534 922/2270/2534
f 907/1274/1006 938/1283/1006 909/1260/1006
f 896/1262/2689 922/2270/2689 924/1285/2689
f 909/1260/1008 941/1286/1008 911/1263/1008
f 898/1264/1009 924/1285/1009 927/1287/1009
f 911/1263/2690 943/1288/2690 914/1265/2690
f 899/1266/2538 927/1287/2538 929/1275/2538
f 922/2270/2539 949/2275/2539 952/2276/2539
f 937/1282/1013 968/1290/1013 938/1283/1013
f 924/1285/2540 952/2276/2540 953/2277/2540
f 938/1283/1015 970/1292/1015 941/1286/1015
f 927/1287/1016 953/2277/1016 956/1293/1016
f 941/1286/2691 972/1294/2691 943/1288/2691
f 929/1275/2692 956/1293/2692 958/1295/2692
f 943/1288/1019 974/1296/1019 945/1289/1019
f 931/1276/1020 958/1295/1020 959/1297/1020
f 945/1289/2693 976/1298/2693 946/1277/2693
f 932/1278/1022 959/1297/1022 961/1299/1022
f 946/1277/2694 977/1300/2694 947/1279/2694
f 934/1280/1024 961/1299/1024 963/1301/1024
f 949/2275/2543 921/2268/2543 299/2284/2543
f 977/1300/2695 4570/2421/2695 947/1279/2695
f 934/1280/1026 966/1303/1026 937/1282/1026
f 958/1327/1039 988/1329/1039 959/1307/1039
f 976/1304/2696 1001/1305/2696 1003/1306/2696
f 959/1307/1028 990/1308/1028 961/1309/1028
f 977/1310/1029 1003/1306/1029 1005/1311/1029
f 961/1309/2544 992/1312/2544 963/1313/2544
f 980/2285/2545 949/2286/2545 299/2287/2545
f 1005/1311/2697 4571/2422/2697 977/1310/2697
f 966/1315/2546 992/1312/2546 994/1316/2546
f 949/2286/2547 982/2288/2547 952/2289/2547
f 968/1317/1033 994/1316/1033 996/1318/1033
f 952/2289/2548 983/2290/2548 953/2291/2548
f 970/1319/1034 996/1318/1034 997/1320/1034
f 953/2291/2549 985/1323/2549 956/1321/2549
f 972/1324/2698 997/1320/2698 999/1325/2698
f 956/1321/2699 987/1326/2699 958/1327/2699
f 974/1328/1038 999/1325/1038 1001/1305/1038
f 996/1318/1052 1018/1344/1052 1021/1330/1052
f 982/2288/2700 1011/2296/2700 983/2290/2700
f 997/1320/1040 1021/1330/1040 1023/1331/1040
f 983/2290/2552 1013/2298/2552 985/1323/2552
f 999/1325/2701 1023/1331/2701 1024/1333/2701
f 4494/2423/2702 985/1323/2702 1013/2298/2702
f 1001/1305/1044 1024/1333/1044 1025/1335/1044
f 4488/2424/2703 988/1329/2703 4494/2423/2703
f 1003/1306/1046 1025/1335/1046 1028/1337/1046
f 4486/2425/1047 988/1329/1047 4487/2426/1047
f 1005/1311/2704 1028/1337/2704 1030/1697/2704
f 4485/2427/1049 992/1312/1049 4486/2425/1049
f 1008/2301/2555 980/2285/2555 299/2302/2555
f 1030/1697/2705 4572/2428/2705 1005/1311/2705
f 4490/2429/1051 994/1316/1051 992/1312/1051
f 980/2285/2556 1009/2303/2556 982/2288/2556
f 1028/1337/2706 1051/1358/2706 1054/1700/2706
f 1030/1697/2707 1054/1700/2707 1056/1698/2707
f 1032/2304/2558 1008/2301/2558 299/964/2558
f 1056/1698/2708 4573/2430/2708 1030/1697/2708
f 4493/2431/2709 1044/1352/2709 4490/2429/2709
f 1008/2301/2560 1033/2305/2560 1009/2303/2560
f 1021/1330/1057 1044/1352/1057 1046/1353/1057
f 1009/2303/2561 1035/2306/2561 1011/2296/2561
f 1023/1331/1058 1046/1353/1058 1047/1354/1058
f 1011/2296/2562 1038/2307/2562 1013/2298/2562
f 1024/1333/2710 1047/1354/2710 1050/1355/2710
f 4491/2432/2711 1013/2298/2711 4501/2433/2711
f 1025/1335/1061 1050/1355/1061 1051/1358/1061
f 1047/1354/1074 1071/1375/1074 1073/1361/1074
f 1035/2306/2564 1063/2311/2564 1038/2307/2564
f 1050/1355/2712 1073/1361/2712 1074/1362/2712
f 4501/2433/2713 1063/2311/2713 4495/2434/2713
f 1051/1358/2714 1074/1362/2714 1076/1363/2714
f 1054/1700/2715 1076/1363/2715 1078/1702/2715
f 1056/1698/2716 1078/1702/2716 1080/1703/2716
f 1057/2316/2568 1032/2304/2568 299/963/2568
f 1080/1703/2717 4566/2435/2717 1056/1698/2717
f 1068/1374/1072 4502/2436/1072 4499/2437/1072
f 1032/2304/2569 1059/2317/2569 1033/2305/2569
f 1046/1353/1073 1068/1374/1073 1071/1375/1073
f 1033/2305/2570 1062/2318/2570 1035/2306/2570
f 1080/1703/2718 1107/1710/2718 1109/1704/2718
f 4498/2438/2571 1094/1793/2571 4497/2439/2571
f 1082/2319/2572 1057/2316/2572 299/2320/2572
f 1109/1704/2719 4565/2440/2719 1080/1703/2719
f 4497/2439/1077 1098/1790/1077 1068/1374/1077
f 1057/2316/2573 1084/2321/2573 1059/2317/2573
f 1071/1375/1078 1098/1790/1078 1101/1382/1078
f 1059/2317/2574 1086/2322/2574 1062/2318/2574
f 1073/1361/1079 1101/1382/1079 1103/1384/1079
f 1062/2318/2575 1089/2323/2575 1063/2311/2575
f 1074/1362/2576 1103/1384/2576 1104/1385/2576
f 1063/2311/2577 1090/2324/2577 4496/2441/2577
f 1076/1363/2720 1104/1385/2720 1106/1709/2720
f 4500/2442/2579 1090/2324/2579 4503/2443/2579
f 1078/1702/2721 1106/1709/2721 1107/1710/2721
f 4503/2443/2580 1094/1793/2580 4504/2444/2580
f 1086/2322/2581 1118/2327/2581 1089/2323/2581
f 1104/1385/1083 1131/1718/1083 1133/1711/1083
f 1089/2323/2582 1120/2328/2582 1090/2324/2582
f 1106/1709/2722 1133/1711/2722 1135/1712/2722
f 1090/2324/2584 1121/2330/2584 1093/1792/2584
f 1107/1710/2723 1135/1712/2723 1137/1713/2723
f 1093/1792/2586 1123/1796/2586 1094/1793/2586
f 1109/1704/2724 1137/1713/2724 1139/1714/2724
f 1094/1793/2587 1125/1797/2587 1097/1789/2587
f 1112/2332/2588 1082/2319/2588 299/960/2588
f 1139/1714/2725 4567/2445/2725 1109/1704/2725
f 1098/1790/2589 1125/1797/2589 1128/1715/2589
f 1082/2319/2590 1114/2333/2590 1084/2321/2590
f 1101/1382/1086 1128/1715/1086 1129/1722/1086
f 1084/2321/2591 1115/2334/2591 1086/2322/2591
f 1103/1384/1087 1129/1722/1087 1131/1718/1087
f 1123/1796/2592 1154/1720/2592 1125/1797/2592
f 1142/2335/2593 1112/2332/2593 299/957/2593
f 4568/2446/2726 1169/1719/2726 4564/2447/2726
f 1128/1715/2594 1154/1720/2594 1156/1730/2594
f 1112/2332/2595 1144/2336/2595 1114/2333/2595
f 1129/1722/2596 1156/1730/2596 1158/1721/2596
f 1114/2333/2597 1145/2337/2597 1115/2334/2597
f 1131/1718/2598 1158/1721/2598 1161/1723/2598
f 1115/2334/2599 1146/2338/2599 1118/2327/2599
f 1133/1711/2600 1161/1723/2600 1162/1724/2600
f 1118/2327/2601 1148/2339/2601 1120/2328/2601
f 1135/1712/2602 1162/1724/2602 1165/1725/2602
f 1120/2328/2603 1151/2340/2603 1121/2330/2603
f 1137/1713/2727 1165/1725/2727 1167/1726/2727
f 1121/2330/2605 1152/1799/2605 1123/1796/2605
f 1139/1714/2728 1167/1726/2728 1169/1719/2728
f 1162/1724/2606 1178/1631/2606 1181/1612/2606
f 1146/2338/2607 1176/2130/2607 1148/2339/2607
f 1165/1725/2608 1181/1612/2608 59/1615/2608
f 1148/2339/2609 33/515/2609 1151/2340/2609
f 1167/1726/2729 59/1615/2729 1183/1617/2729
f 1151/2340/2611 39/2134/2611 1152/1799/2611
f 1169/1719/2730 1183/1617/2730 1185/1622/2730
f 1152/1799/2612 44/1624/2612 1154/1720/2612
f 1142/2335/2613 299/2344/2613 1170/2136/2613
f 1185/1622/2731 4564/2448/2731 1169/1719/2731
f 1156/1730/2614 44/1624/2614 54/1626/2614
f 1142/2335/2615 1172/2139/2615 1144/2336/2615
f 1158/1721/2616 54/1626/2616 57/1629/2616
f 1144/2336/2617 2/2140/2617 1145/2337/2617
f 1161/1723/2618 57/1629/2618 1178/1631/2618
f 1145/2337/2619 1174/2127/2619 1146/2338/2619
f 815/2127/2370 53/2128/2370 56/2129/2370
f 817/2130/2372 56/2129/2372 58/2131/2372
f 27/515/2374 58/2131/2374 60/512/2374
f 31/2134/2376 60/512/2376 61/1619/2376
f 38/1624/2378 61/1619/2378 63/1627/2378
f 811/2136/2379 169/2137/2379 48/2138/2379
f 38/1624/2380 65/1628/2380 40/1626/2380
f 812/2139/2381 48/2138/2381 52/807/2381
f 40/1626/2382 66/1630/2382 43/1629/2382
f 7/2140/2383 52/807/2383 53/2128/2383
f 4721/2449/2384 66/1630/2384 4648/2450/2384
f 53/2128/2732 76/800/2732 77/2141/2732
f 4650/2451/2733 66/1630/2733 4720/2452/2733
f 56/2129/2387 77/2141/2387 79/2142/2387
f 58/2131/2389 79/2142/2389 82/2143/2389
f 60/512/2734 82/2143/2734 83/509/2734
f 61/1619/2393 83/509/2393 85/1638/2393
f 63/1627/2735 85/1638/2735 87/1640/2735
f 48/2138/2736 169/2146/2736 74/2147/2736
f 63/1627/2397 88/1641/2397 65/1628/2397
f 52/807/2737 74/2147/2737 76/800/2737
f 65/1628/2399 90/1632/2399 66/1630/2399
f 85/1638/2400 105/506/2400 108/1644/2400
f 87/1640/2738 108/1644/2738 109/1645/2738
f 74/2147/2403 169/803/2403 96/2150/2403
f 87/1640/2739 111/1646/2739 88/1641/2739
f 76/800/2405 96/2150/2405 98/795/2405
f 88/1641/1093 113/1409/1093 90/1632/1093
f 77/2141/2740 98/795/2740 101/2151/2740
f 4720/2452/2741 113/1409/2741 4652/2453/2741
f 79/2142/2407 101/2151/2407 102/2152/2407
f 82/2143/2408 102/2152/2408 104/2153/2408
f 83/509/2742 104/2153/2742 105/506/2742
f 4719/2454/1104 138/1438/1104 4654/2455/1104
f 102/2152/2412 123/2154/2412 125/2155/2412
f 104/2153/2414 125/2155/2414 128/2349/2414
f 105/506/2415 128/2349/2415 130/503/2415
f 108/1644/2417 130/503/2417 132/1652/2417
f 109/1645/2743 132/1652/2743 133/1422/2743
f 96/2150/2420 169/797/2420 121/2164/2420
f 109/1645/1102 135/1428/1102 111/1646/1102
f 98/795/2744 121/2164/2744 122/789/2744
f 111/1646/1103 138/1438/1103 113/1409/1103
f 101/2151/2422 122/789/2422 123/2154/2422
f 133/1422/2745 155/1446/2745 157/1433/2745
f 121/2164/2424 169/791/2424 144/2167/2424
f 133/1422/2746 158/1436/2746 135/1428/2746
f 122/789/2426 144/2167/2426 147/782/2426
f 135/1428/1108 161/1437/1108 138/1438/1108
f 123/2154/2427 147/782/2427 148/2169/2427
f 4654/2455/1109 161/1437/1109 163/1439/1109
f 125/2155/2428 148/2169/2428 150/2170/2428
f 4655/2456/2747 4657/2457/2747 4658/2458/2747
f 128/2349/2748 150/2170/2748 152/2355/2748
f 130/503/2633 152/2355/2633 154/500/2633
f 132/1652/1114 154/500/1114 155/1446/1114
f 150/2170/2431 174/2172/2431 176/2173/2431
f 4657/2457/2749 189/1462/2749 4717/2459/2749
f 152/2355/2433 176/2173/2433 177/1448/2433
f 4717/2459/2750 192/1447/2750 4718/2460/2750
f 154/500/2637 177/1448/2637 179/497/2637
f 155/1446/1119 179/497/1119 182/1453/1119
f 157/1433/2751 182/1453/2751 183/1457/2751
f 144/2167/2752 169/785/2752 171/2177/2752
f 157/1433/2753 185/1460/2753 158/1436/2753
f 147/782/2438 171/2177/2438 172/775/2438
f 158/1436/1124 187/1461/1124 161/1437/1124
f 148/2169/2439 172/775/2439 174/2172/2439
f 161/1437/1125 189/1462/1125 163/1439/1125
f 183/1457/1137 207/1474/1137 209/1476/1137
f 171/2177/2754 169/2182/2754 197/2183/2754
f 183/1457/1127 211/1465/1127 185/1460/1127
f 172/775/2755 197/2183/2755 198/770/2755
f 185/1460/1128 214/1466/1128 187/1461/1128
f 174/2172/2756 198/770/2756 199/2184/2756
f 187/1461/1129 216/1467/1129 189/1462/1129
f 176/2173/1130 199/2184/1130 202/1468/1130
f 189/1462/2757 218/1471/2757 192/1447/2757
f 177/1448/2444 202/1468/2444 204/1473/2444
f 218/1471/2758 4661/2461/2758 4660/2462/2758
f 179/497/2641 204/1473/2641 205/494/2641
f 182/1453/1135 205/494/1135 207/1474/1135
f 216/1467/1147 244/1486/1147 218/1471/1147
f 204/1473/1148 229/1484/1148 230/1478/1148
f 218/1471/2759 244/1486/2759 4715/2463/2759
f 205/494/1139 230/1478/1139 232/491/1139
f 245/1477/2760 4662/2464/2760 4715/2463/2760
f 207/1474/1141 232/491/1141 234/1480/1141
f 209/1476/1142 234/1480/1142 235/601/1142
f 197/2183/2449 169/2192/2449 222/2193/2449
f 209/1476/1143 238/1481/1143 211/1465/1143
f 198/770/2450 222/2193/2450 225/765/2450
f 211/1465/1144 239/1482/1144 214/1466/1144
f 199/2184/2451 225/765/2451 226/2194/2451
f 214/1466/1145 242/1483/1145 216/1467/1145
f 202/1468/1146 226/2194/1146 229/1484/1146
f 238/1481/1159 262/1497/1159 264/1487/1159
f 222/2193/2452 251/758/2452 225/765/2452
f 239/1482/1149 264/1487/1149 266/1488/1149
f 225/765/2761 252/1489/2761 226/2194/2761
f 242/1483/1151 266/1488/1151 268/1492/1151
f 226/2194/1152 255/1508/1152 229/1484/1152
f 244/1486/2453 268/1492/2453 270/1493/2453
f 229/1484/1154 256/1494/1154 230/1478/1154
f 245/1477/1155 270/1493/1155 273/1495/1155
f 230/1478/1156 259/488/1156 232/491/1156
f 245/1477/2762 273/1495/2762 4714/2465/2762
f 232/491/1157 261/1496/1157 234/1480/1157
f 274/1105/2763 4667/2466/2763 4714/2465/2763
f 234/1480/1158 262/1497/1158 235/601/1158
f 169/2197/2456 249/2198/2456 222/2193/2456
f 273/1495/1170 298/1509/1170 300/1499/1170
f 256/1494/1160 287/1498/1160 259/488/1160
f 274/1105/2764 300/1499/2764 301/1109/2764
f 259/488/1161 289/1500/1161 261/1496/1161
f 4668/2467/2765 301/1109/2765 4665/2468/2765
f 261/1496/2766 290/1501/2766 262/1497/2766
f 169/2200/2767 278/2201/2767 249/2198/2767
f 264/1487/1163 290/1501/1163 293/1502/1163
f 249/2198/2459 279/752/2459 251/758/2459
f 266/1488/1164 293/1502/1164 295/1503/1164
f 251/758/2648 282/1504/2648 252/1489/2648
f 268/1492/1166 295/1503/1166 297/1506/1166
f 252/1489/1167 283/1507/1167 255/1508/1167
f 270/1493/2460 297/1506/2460 298/1509/2460
f 255/1508/1169 285/1510/1169 256/1494/1169
f 278/2201/2461 307/746/2461 279/752/2461
f 295/1503/1171 321/1511/1171 323/1512/1171
f 279/752/2462 308/1514/2462 282/1504/2462
f 297/1506/1173 323/1512/1173 325/1515/1173
f 282/1504/1174 310/1516/1174 283/1507/1174
f 298/1509/2463 325/1515/2463 327/1517/2463
f 283/1507/1176 313/1518/1176 285/1510/1176
f 300/1499/1177 327/1517/1177 329/1519/1177
f 285/1510/1178 315/1520/1178 287/1498/1178
f 301/1109/1179 329/1519/1179 331/1113/1179
f 287/1498/1180 316/1521/1180 289/1500/1180
f 4665/2468/2768 331/1113/2768 4713/2469/2768
f 289/1500/1181 319/1522/1181 290/1501/1181
f 169/2203/2769 304/2204/2769 278/2201/2769
f 293/1502/2467 319/1522/2467 321/1511/2467
f 4610/2470/1193 313/1518/1193 4611/2471/1193
f 331/1113/2770 351/1523/2770 353/1118/2770
f 4607/2472/1183 315/1520/1183 4610/2470/1183
f 4713/2469/2771 353/1118/2771 355/1119/2771
f 342/1525/2470 316/1521/2470 4607/2472/2470
f 169/2208/2471 333/2209/2471 304/2204/2471
f 355/1119/2772 4674/2473/2772 4712/2474/2772
f 321/1511/2773 342/1525/2773 343/1526/2773
f 304/2204/2472 335/740/2472 307/746/2472
f 323/1512/1186 343/1526/1186 345/1527/1186
f 4612/2475/2774 308/1514/2774 335/740/2774
f 325/1515/1188 345/1527/1188 347/1531/1188
f 4613/2476/1189 308/1514/1189 4615/2477/1189
f 327/1517/1190 347/1531/1190 349/1533/1190
f 4606/2478/2775 313/1518/2775 4613/2476/2775
f 329/1519/2474 349/1533/2474 351/1523/2474
f 345/1527/1202 4605/2479/1202 4603/2480/1202
f 4617/2481/2658 335/740/2658 4618/2482/2658
f 4604/2483/1195 367/1539/1195 345/1527/1195
f 349/1533/1197 367/1539/1197 369/1541/1197
f 351/1523/876 369/1541/876 370/1121/876
f 353/1118/2776 370/1121/2776 372/1124/2776
f 355/1119/2777 372/1124/2777 374/1128/2777
f 4608/2484/1200 342/1525/1200 4609/2485/1200
f 169/2211/2477 357/2212/2477 333/2209/2477
f 4672/2486/2778 374/1128/2778 4673/2487/2778
f 343/1526/1201 4608/2484/1201 4605/2479/1201
f 4618/2482/2479 333/2209/2479 357/2212/2479
f 372/1124/2779 390/1148/2779 392/1132/2779
f 374/1128/2780 392/1132/2780 394/1133/2780
f 169/2215/2482 376/2216/2482 357/2212/2482
f 4673/2488/2781 394/1133/2781 4671/2489/2781
f 357/2212/2483 4622/2490/2483 4621/2491/2483
f 4614/2492/886 386/1139/886 367/1539/886
f 369/1541/1208 386/1139/1208 388/1144/1208
f 370/1121/888 388/1144/888 390/1148/888
f 4645/2493/2486 386/1139/2486 4646/2494/2486
f 388/1144/892 407/1151/892 410/1152/892
f 390/1148/2782 410/1152/2782 412/1156/2782
f 392/1132/2783 412/1156/2783 413/1158/2783
f 394/1133/2784 413/1158/2784 415/1161/2784
f 169/2220/2488 397/2221/2488 376/2216/2488
f 4671/2495/2785 415/1161/2785 4670/2496/2785
f 376/2216/2786 4619/2497/2786 4622/2490/2786
f 415/1161/903 434/1168/903 436/1169/903
f 169/2222/2491 417/2223/2491 397/2221/2491
f 4670/2498/2787 436/1169/2787 4708/2499/2787
f 4620/2500/1781 397/2221/1781 4624/2501/1781
f 4647/2502/2788 407/1151/2788 4645/2493/2788
f 410/1152/910 428/1174/910 430/1178/910
f 412/1156/912 430/1178/912 432/1179/912
f 413/1158/2789 432/1179/2789 434/1168/2789
f 451/1196/927 4647/2502/927 4644/2503/927
f 428/1174/916 452/1183/916 430/1178/916
f 430/1178/2790 454/1187/2790 432/1179/2790
f 432/1179/2791 456/1189/2791 434/1168/2791
f 434/1168/922 458/1191/922 436/1169/922
f 439/2232/2499 417/2223/2499 169/865/2499
f 436/1169/2792 4709/2504/2792 4708/2505/2792
f 4624/2501/2793 439/2232/2793 4623/2506/2793
f 456/1189/2794 480/1199/2794 458/1191/2794
f 461/2233/2504 439/2232/2504 169/2234/2504
f 458/1191/2795 4711/2507/2795 4709/2508/2795
f 461/2233/2796 4623/2506/2796 439/2232/2796
f 472/1205/1217 4644/2503/1217 4643/2509/1217
f 451/1196/935 474/1207/935 452/1183/935
f 452/1183/937 476/1210/937 454/1187/937
f 454/1187/939 477/1212/939 456/1189/939
f 472/1205/956 494/1229/956 474/1207/956
f 474/1207/944 496/1217/944 476/1210/944
f 476/1210/946 498/1219/946 477/1212/946
f 477/1212/2797 499/1221/2797 480/1199/2797
f 481/2243/2512 461/2233/2512 169/706/2512
f 480/1199/2798 4710/2510/2798 4711/2511/2798
f 481/2243/2799 4626/2512/2799 461/2233/2799
f 4633/2513/954 493/1227/954 4643/2509/954
f 502/2248/2516 481/2243/2516 169/2249/2516
f 499/1221/2800 4707/2514/2800 4710/2515/2800
f 4638/2516/957 512/1230/957 4641/2517/957
f 481/2243/2801 503/2250/2801 4629/2518/2801
f 4641/2517/958 514/1231/958 4642/2519/958
f 4629/2518/2672 503/2250/2672 4627/2520/2672
f 4634/2521/960 514/1231/960 493/1227/960
f 493/1227/2802 519/1236/2802 494/1229/2802
f 494/1229/964 520/1238/964 496/1217/964
f 496/1217/966 522/1240/966 498/1219/966
f 498/1219/2803 524/1242/2803 499/1221/2803
f 4639/2522/969 510/1243/969 4638/2516/969
f 4630/2523/2804 532/1258/2804 4636/2524/2804
f 519/1236/971 549/1245/971 520/1238/971
f 534/1246/972 4640/2525/972 4636/2524/972
f 520/1238/973 551/1248/973 522/1240/973
f 536/1247/974 4637/2526/974 4640/2525/974
f 524/1242/2805 522/1240/2805 4678/2527/2805
f 4637/2526/976 540/1251/976 510/1243/976
f 527/2257/2522 502/2248/2522 169/696/2522
f 524/1242/2806 4677/2528/2806 4707/2529/2806
f 510/1243/2523 542/1253/2523 512/1230/2523
f 503/2250/2524 527/2257/2524 529/2258/2524
f 512/1230/979 544/1254/979 514/1231/979
f 4628/2530/2525 503/2250/2525 531/1257/2525
f 514/1231/981 546/1256/981 516/1233/981
f 531/1257/982 4631/2531/982 4635/2532/982
f 516/1233/2807 547/1259/2807 519/1236/2807
f 540/1251/2808 570/1274/2808 542/1253/2808
f 529/2258/2527 554/2262/2527 556/2263/2527
f 542/1253/985 571/1260/985 544/1254/985
f 531/1257/2680 556/2263/2680 558/1262/2680
f 544/1254/987 572/1263/987 546/1256/987
f 532/1258/988 558/1262/988 560/1264/988
f 546/1256/2809 574/1265/2809 547/1259/2809
f 534/1246/2682 560/1264/2682 562/1266/2682
f 547/1259/991 576/1267/991 549/1245/991
f 536/1247/992 562/1266/992 564/1268/992
f 549/1245/2810 579/1269/2810 551/1248/2810
f 537/1249/994 564/1268/994 566/1270/994
f 4678/2533/2811 551/1248/2811 4705/2534/2811
f 540/1251/2530 566/1270/2530 568/1272/2530
f 554/2262/2531 527/2257/2531 169/691/2531
f 574/1265/2685 604/1289/2685 576/1267/2685
f 564/1268/999 589/1275/999 592/1276/999
f 576/1267/1000 606/1277/1000 579/1269/1000
f 566/1270/1001 592/1276/1001 594/1278/1001
f 579/1269/2812 4706/2535/2812 4705/2534/2812
f 568/1272/1003 594/1278/1003 595/1280/1003
f 582/2268/2813 554/2262/2813 169/2269/2813
f 568/1272/1005 597/1282/1005 570/1274/1005
f 556/2263/2534 582/2268/2534 584/2270/2534
f 570/1274/1006 599/1283/1006 571/1260/1006
f 558/1262/2535 584/2270/2535 586/1285/2535
f 571/1260/1008 601/1286/1008 572/1263/1008
f 560/1264/1009 586/1285/1009 587/1287/1009
f 572/1263/2690 602/1288/2690 574/1265/2690
f 562/1266/2538 587/1287/2538 589/1275/2538
f 584/2270/2814 609/2275/2814 611/2276/2814
f 597/1282/1013 627/1290/1013 599/1283/1013
f 586/1285/2540 611/2276/2540 614/2277/2540
f 599/1283/1015 629/1292/1015 601/1286/1015
f 587/1287/1016 614/2277/1016 616/1293/1016
f 601/1286/2691 631/1294/2691 602/1288/2691
f 589/1275/1018 616/1293/1018 618/1295/1018
f 602/1288/1019 633/1296/1019 604/1289/1019
f 592/1276/1020 618/1295/1020 620/1297/1020
f 4679/2536/2815 604/1289/2815 633/1296/2815
f 594/1278/1022 620/1297/1022 622/1299/1022
f 606/1277/2816 4680/2537/2816 4706/2535/2816
f 595/1280/1024 622/1299/1024 623/1301/1024
f 609/2275/2543 582/2268/2543 169/2284/2543
f 595/1280/1026 625/1303/1026 597/1282/1026
f 618/1327/1039 647/1329/1039 620/1307/1039
f 633/1328/2817 4683/2538/2817 4704/2539/2817
f 620/1307/1028 649/1308/1028 622/1309/1028
f 622/1309/2818 651/1312/2818 623/1313/2818
f 637/2285/2545 609/2286/2545 169/2287/2545
f 625/1315/2546 651/1312/2546 653/1316/2546
f 609/2286/2547 639/2288/2547 611/2289/2547
f 627/1317/1033 653/1316/1033 655/1318/1033
f 611/2289/2819 641/2290/2819 614/2291/2819
f 629/1319/1034 655/1318/1034 657/1320/1034
f 614/2291/2549 643/1323/2549 616/1321/2549
f 631/1324/2698 657/1320/2698 658/1325/2698
f 616/1321/1037 645/1326/1037 618/1327/1037
f 631/1324/2820 658/1325/2820 4684/2540/2820
f 655/1318/1052 678/1344/1052 680/1330/1052
f 639/2288/2700 667/2296/2700 641/2290/2700
f 657/1320/2821 680/1330/2821 682/1331/2821
f 641/2290/2552 668/2298/2552 643/1323/2552
f 658/1325/2553 682/1331/2553 684/1333/2553
f 643/1323/1043 670/1334/1043 645/1326/1043
f 658/1325/2822 4687/2541/2822 4688/2542/2822
f 645/1326/2554 672/1336/2554 647/1329/2554
f 647/1329/1047 675/1338/1047 649/1308/1047
f 649/1308/1049 677/1340/1049 651/1312/1049
f 663/2301/2823 637/2285/2823 169/2302/2823
f 653/1316/1051 677/1340/1051 678/1344/1051
f 637/2285/2824 664/2303/2824 639/2288/2824
f 672/1336/1064 700/1360/1064 675/1338/1064
f 675/1338/2557 702/1348/2557 677/1340/2557
f 690/2304/2825 663/2301/2825 169/964/2825
f 678/1344/2826 702/1348/2826 704/1352/2826
f 663/2301/2560 692/2305/2560 664/2303/2560
f 680/1330/1057 704/1352/1057 707/1353/1057
f 664/2303/2561 693/2306/2561 667/2296/2561
f 682/1331/1058 707/1353/1058 709/1354/1058
f 667/2296/2562 695/2307/2562 668/2298/2562
f 4686/2543/2827 682/1331/2827 4703/2544/2827
f 668/2298/2828 697/2310/2828 670/1334/2828
f 4686/2543/2829 4687/2541/2829 684/1333/2829
f 670/1334/1062 699/1359/1062 672/1336/1062
f 4701/2545/1074 707/1353/1074 731/1375/1074
f 693/2306/2830 720/2311/2830 695/2307/2830
f 4703/2544/2831 4701/2545/2831 4691/2546/2831
f 695/2307/2713 722/2313/2713 697/2310/2713
f 697/2310/1067 724/1785/1067 699/1359/1067
f 699/1359/1069 726/1788/1069 700/1360/1069
f 700/1360/2832 728/1369/2832 702/1348/2832
f 714/2316/2568 690/2304/2568 169/963/2568
f 704/1352/1072 728/1369/1072 730/1374/1072
f 690/2304/2833 716/2317/2833 692/2305/2833
f 707/1353/1073 730/1374/1073 731/1375/1073
f 692/2305/2834 718/2318/2834 693/2306/2834
f 726/1788/2835 752/1789/2835 728/1369/2835
f 737/2319/2836 714/2316/2836 169/2320/2836
f 730/1374/1077 752/1789/1077 754/1790/1077
f 714/2316/2573 740/2321/2573 716/2317/2573
f 731/1375/1078 754/1790/1078 756/1382/1078
f 716/2317/2837 741/2322/2837 718/2318/2837
f 4693/2547/2838 731/1375/2838 4692/2548/2838
f 718/2318/2575 743/2323/2575 720/2311/2575
f 720/2311/2577 746/2324/2577 722/2313/2577
f 722/2313/2579 748/1792/2579 724/1785/2579
f 724/1785/2580 750/1793/2580 726/1788/2580
f 741/2322/2581 768/2327/2581 743/2323/2581
f 743/2323/2582 770/2328/2582 746/2324/2582
f 746/2324/2584 773/2330/2584 748/1792/2584
f 748/1792/2586 774/1796/2586 750/1793/2586
f 750/1793/2587 776/1797/2587 752/1789/2587
f 763/2332/2588 737/2319/2588 169/960/2588
f 754/1790/2839 776/1797/2839 777/1715/2839
f 737/2319/2590 764/2333/2590 740/2321/2590
f 756/1382/1086 777/1715/1086 780/1722/1086
f 740/2321/2591 766/2334/2591 741/2322/2591
f 756/1382/2840 4695/2549/2840 4696/2550/2840
f 774/1796/2841 801/1720/2841 776/1797/2841
f 787/2335/2593 763/2332/2593 169/957/2593
f 777/1715/2594 801/1720/2594 803/1730/2594
f 763/2332/2595 788/2336/2595 764/2333/2595
f 780/1722/2596 803/1730/2596 805/1721/2596
f 764/2333/2597 791/2337/2597 766/2334/2597
f 4697/2551/2842 780/1722/2842 4700/2552/2842
f 766/2334/2843 792/2338/2843 768/2327/2843
f 768/2327/2601 795/2339/2601 770/2328/2601
f 770/2328/2603 796/2340/2603 773/2330/2603
f 773/2330/2605 799/1799/2605 774/1796/2605
f 792/2338/2607 817/2130/2607 795/2339/2607
f 795/2339/2844 27/515/2844 796/2340/2844
f 796/2340/2611 31/2134/2611 799/1799/2611
f 799/1799/2612 38/1624/2612 801/1720/2612
f 787/2335/2613 169/2344/2613 811/2136/2613
f 803/1730/2614 38/1624/2614 40/1626/2614
f 787/2335/2845 812/2139/2845 788/2336/2845
f 805/1721/2616 40/1626/2616 43/1629/2616
f 788/2336/2846 7/2140/2846 791/2337/2846
f 43/1629/2618 4699/2449/2618 4700/2552/2618
f 791/2337/2619 815/2127/2619 792/2338/2619
f 4/2553/2847 51/1178/2847 5/2554/2847
f 4722/2555/2848 5/2554/2848 51/1178/2848
f 4724/2556/2849 51/1178/2849 4727/2557/2849
f 4734/2558/2849 22/1874/2849 4738/2559/2849
f 51/1178/2850 4726/2560/2850 4727/2561/2850
f 4726/2562/2851 51/1178/2851 4730/2563/2851
f 4731/2564/2852 4730/2565/2852 51/1178/2852
f 4729/2566/2853 4731/2567/2853 51/1178/2853
f 4732/2568/2854 4729/2569/2854 51/1178/2854
f 4787/2570/2855 4732/2568/2855 4786/2571/2855
f 51/1178/2856 4788/2572/2856 4786/2573/2856
f 51/1178/2857 4791/2574/2857 4789/2575/2857
f 51/1178/2858 4792/2576/2858 4790/2577/2858
f 4728/2578/2859 4793/2579/2859 51/1178/2859
f 4725/2580/2860 4728/2581/2860 51/1178/2860
f 47/2582/2860 4741/2583/2860 4742/2584/2860
f 4/439/2369 4736/2585/2369 4737/2586/2369
f 4723/2587/2861 49/2588/2861 4742/2589/2861
f 49/2588/2862 51/1178/2862 4/2553/2862
f 4757/2590/2847 45/1178/2847 4756/2591/2847
f 4756/2592/2848 45/1178/2848 4755/2556/2848
f 4755/2556/2849 45/1178/2849 4748/2557/2849
f 4765/2593/2863 11/2594/2863 4764/2595/2863
f 4748/2561/2850 45/1178/2850 4746/2596/2850
f 4745/2597/2851 20/2598/2851 4762/2599/2851
f 25/2600/2852 20/2598/2852 45/1178/2852
f 29/2601/2853 25/2600/2853 45/1178/2853
f 4744/2602/2854 29/2601/2854 45/1178/2854
f 4747/2603/2855 45/1178/2855 4754/2604/2855
f 45/1178/2856 4753/2605/2856 4754/2606/2856
f 45/1178/2864 4751/2607/2864 4753/2605/2864
f 4749/2608/2858 4751/2607/2858 45/1178/2858
f 4750/2581/2859 4749/2608/2859 45/1178/2859
f 4752/2580/2860 4750/2581/2860 45/1178/2860
f 4763/2609/2369 20/2610/2369 25/2611/2369
f 4752/2580/2861 45/1178/2861 4758/2612/2861
f 45/1178/2862 4757/2613/2862 4758/2612/2862
f 4793/2614/2865 4771/2615/2865 4792/2616/2865
f 41/1178/2866 4790/2617/2866 4792/2616/2866
f 41/1178/2867 4789/2618/2867 4791/2619/2867
f 4786/2620/2850 41/1178/2850 4787/2621/2850
f 4787/2621/2851 4766/2622/2851 4767/2623/2851
f 4766/2622/2852 41/1178/2852 4778/2564/2852
f 4777/2624/2853 4778/2567/2853 41/1178/2853
f 4776/2568/2854 4777/2625/2854 41/1178/2854
f 41/1178/2855 4779/2626/2855 4776/2568/2855
f 41/1178/2856 4775/2627/2856 4779/2626/2856
f 41/1178/2864 4773/2628/2864 4775/2627/2864
f 4773/2628/2858 41/1178/2858 4772/2629/2858
f 32/2630/2858 4782/2631/2858 4783/2632/2858
f 4780/2633/2868 34/2634/2868 4783/2635/2868
f 41/1178/2859 4769/2581/2859 4772/2629/2859
f 34/2634/2869 4785/2636/2869 4784/2637/2869
f 41/1178/2860 4768/2580/2860 4769/2581/2860
f 4781/2638/2369 32/2639/2369 4784/2640/2369
f 4768/2580/2861 41/1178/2861 4774/2641/2861
f 4774/2642/2862 41/1178/2862 4771/2615/2862
f 4851/2643/2847 4801/2613/2847 4852/2644/2847
f 37/1178/2870 4853/2645/2870 4852/2644/2870
f 37/1178/2849 4855/2646/2849 4854/2647/2849
f 4857/2648/2871 37/1178/2871 4858/2649/2871
f 4858/2650/2851 4804/2622/2851 4839/2651/2851
f 4805/2564/2852 4804/2622/2852 37/1178/2852
f 4803/2566/2853 4805/2567/2853 37/1178/2853
f 4802/2652/2854 4803/2653/2854 37/1178/2854
f 37/1178/2855 4799/2654/2855 4802/2655/2855
f 37/1178/2856 4798/2656/2856 4799/2626/2856
f 37/1178/2864 4795/2657/2864 4798/2605/2864
f 4794/2629/2858 4795/2657/2858 37/1178/2858
f 4794/2629/2859 37/1178/2859 4800/2578/2859
f 4796/2580/2860 4800/2578/2860 37/1178/2860
f 4797/2658/2861 4796/2580/2861 37/1178/2861
f 4797/2659/2862 37/1178/2862 4801/2615/2862
f 4816/2615/2847 36/1178/2847 4817/2592/2847
f 4817/2592/2848 36/1178/2848 4811/2660/2848
f 4811/2660/2849 36/1178/2849 4810/2561/2849
f 4807/2661/2871 10/2594/2871 4824/2662/2871
f 10/2594/2872 36/1178/2872 14/2598/2872
f 18/2600/2852 14/2598/2852 36/1178/2852
f 21/2601/2853 18/2600/2853 36/1178/2853
f 23/2663/2854 21/2601/2854 36/1178/2854
f 4806/2664/2855 23/2663/2855 36/1178/2855
f 36/1178/2856 4808/2665/2856 4809/2666/2856
f 36/1178/2864 4812/2628/2864 4808/2667/2864
f 4812/2628/2858 36/1178/2858 4813/2668/2858
f 4813/2669/2859 36/1178/2859 4814/2670/2859
f 4814/2671/2860 36/1178/2860 4818/2672/2860
f 4823/2673/2369 18/2611/2369 4820/2674/2369
f 4818/2675/2861 36/1178/2861 4815/2676/2861
f 36/1178/2862 4816/2613/2862 4815/2612/2862
f 4826/2613/2847 30/1178/2847 4827/2677/2847
f 4843/2678/2847 3/2554/2847 1/2553/2847
f 4827/2679/2848 30/1178/2848 4829/2556/2848
f 4840/2680/2866 3/2554/2866 4842/2681/2866
f 4829/2556/2849 30/1178/2849 4828/2561/2849
f 4828/2561/2850 30/1178/2850 4833/2682/2850
f 4833/2596/2851 30/1178/2851 4834/2565/2851
f 4834/2622/2852 30/1178/2852 4836/2683/2852
f 4836/2683/2853 30/1178/2853 4837/2684/2853
f 4837/2685/2854 30/1178/2854 4838/2568/2854
f 4858/2686/2855 4838/2568/2855 4857/2687/2855
f 30/1178/2856 4856/2688/2856 4857/2689/2856
f 30/1178/2864 4854/2690/2864 4855/2691/2864
f 30/1178/2873 4852/2692/2873 4853/2693/2873
f 4831/2578/2859 4851/2694/2859 30/1178/2859
f 30/1178/2860 4830/2695/2860 4831/2696/2860
f 28/2697/2369 1/439/2369 4844/2698/2369
f 28/2588/2874 4846/2699/2874 4849/2700/2874
f 4830/2675/2861 30/1178/2861 4835/2701/2861
f 4835/2701/2862 30/1178/2862 4826/2702/2862
f 1/2553/2862 4849/2700/2862 4850/2703/2862
f 26/1178/2875 4912/2704/2875 4914/2705/2875
f 26/1178/2876 4915/2706/2876 4913/2707/2876
f 26/1178/2877 4918/2708/2877 4916/2709/2877
f 4920/2710/2878 26/1178/2878 4919/2711/2878
f 4869/2712/2879 4919/2713/2879 26/1178/2879
f 4868/2714/2880 4869/2715/2880 26/1178/2880
f 4867/2716/2881 4868/2714/2881 26/1178/2881
f 4866/2717/2882 4867/2718/2882 26/1178/2882
f 4864/2719/2883 4866/2720/2883 26/1178/2883
f 4864/2721/2884 26/1178/2884 4863/2722/2884
f 19/2723/2885 4873/2724/2885 4872/2725/2885
f 4863/2722/2886 26/1178/2886 4860/2726/2886
f 4860/2727/2887 26/1178/2887 4859/2728/2887
f 19/2723/2888 4871/2729/2888 4874/2730/2888
f 4859/2731/2889 26/1178/2889 4865/2732/2889
f 4865/2733/2890 26/1178/2890 4861/2734/2890
f 19/870/2891 4870/2735/2891 4873/2736/2891
f 4862/2737/2892 4861/2738/2892 26/1178/2892
f 4862/2737/2893 4914/2739/2893 4903/2740/2893
f 4885/2741/2894 24/1178/2894 4886/2742/2894
f 4886/2742/2895 24/1178/2895 4880/2743/2895
f 4879/2744/2896 4880/2743/2896 24/1178/2896
f 4876/2745/2897 24/1178/2897 6/2594/2897
f 8/2598/2879 6/2594/2879 24/1178/2879
f 9/2600/2880 8/2598/2880 24/1178/2880
f 12/2601/2881 9/2600/2881 24/1178/2881
f 13/2663/2882 12/2601/2882 24/1178/2882
f 15/2746/2883 13/2663/2883 4875/2747/2883
f 24/1178/2884 4878/2748/2884 4877/2749/2884
f 15/2746/2884 4888/2750/2884 4893/2751/2884
f 24/1178/2886 4881/2752/2886 4878/2753/2886
f 24/1178/2887 4882/2754/2887 4881/2755/2887
f 4882/2756/2889 24/1178/2889 4883/2757/2889
f 4883/2758/2890 24/1178/2890 4887/2759/2890
f 6/2760/2898 13/2007/2898 4891/2761/2898
f 4884/2762/2892 4887/2763/2892 24/1178/2892
f 4884/2764/2899 24/1178/2899 4885/2765/2899
f 4898/2766/2894 17/1178/2894 4899/2767/2894
f 4899/2767/2895 17/1178/2895 4901/2768/2895
f 17/1178/2900 4900/2769/2900 4901/2768/2900
f 4900/2769/2878 17/1178/2878 4905/2770/2878
f 17/1178/2879 4906/2771/2879 4905/2770/2879
f 4906/2771/2880 17/1178/2880 4908/2772/2880
f 4908/2772/2881 17/1178/2881 4909/2773/2881
f 4909/2774/2882 17/1178/2882 4910/2775/2882
f 17/1178/2901 4919/2776/2901 4911/2777/2901
f 17/1178/2902 4917/2778/2902 4920/2779/2902
f 17/1178/2903 4916/2780/2903 4918/2781/2903
f 17/1178/2904 4913/2782/2904 4915/2783/2904
f 4904/2784/2889 4914/2785/2889 4912/2786/2889
f 17/1178/2890 4902/2787/2890 4904/2788/2890
f 4902/2787/2892 17/1178/2892 4907/2789/2892
f 4907/2790/2899 17/1178/2899 4898/2766/2899
f 5113/864/2905 3766/859/2905 4953/2791/2905
f 1134/971/470 5113/864/470 5043/2792/470
f 5114/858/2906 3765/853/2906 5040/2793/2906
f 1268/341/2908 5114/858/2908 5010/342/2908
f 5115/852/2909 3764/846/2909 5093/849/2909
f 1544/344/2911 5115/852/2911 5102/345/2911
f 5116/845/2912 3763/841/2912 4951/2794/2912
f 1659/347/2914 5116/845/2914 4965/348/2914
f 5117/840/2915 3762/836/2915 5004/2795/2915
f 1675/350/2917 5117/840/2917 4966/351/2917
f 5118/835/2918 3761/830/2918 5029/2796/2918
f 1728/353/2920 5118/835/2920 5095/354/2920
f 5119/829/2921 3760/823/2921 5085/826/2921
f 1734/356/2923 5119/829/2923 5067/357/2923
f 5120/822/2924 3759/817/2924 5098/2797/2924
f 1755/359/449 5120/822/449 4967/360/449
f 5121/816/2926 3758/812/2926 4939/2798/2926
f 1794/362/446 5121/816/446 4958/363/446
f 5122/811/2928 3757/805/2928 4992/808/2928
f 1800/365/2930 5122/811/2930 5103/366/2930
f 5038/801/2931 5091/804/2931 3756/799/2931
f 1812/368/2933 5123/802/2933 5011/369/2933
f 5106/2799/2934 4964/798/2934 3755/793/2934
f 1869/371/2936 5124/796/2936 5025/372/2936
f 4932/2800/2937 4970/792/2937 3754/787/2937
f 1891/374/2939 5125/790/2939 4988/375/2939
f 4984/783/2940 5016/786/2940 3753/780/2940
f 1950/377/2942 5126/784/2942 5052/378/2942
f 5027/776/2943 4949/778/2943 3752/774/2943
f 1974/380/2944 5127/779/2944 5068/381/2944
f 5128/773/2945 3751/769/2945 5096/2801/2945
f 2030/383/425 5128/773/425 5053/384/425
f 5129/768/2946 3750/763/2946 4962/2802/2946
f 2124/386/422 5129/768/422 4996/387/422
f 5130/762/2947 3749/756/2947 5014/759/2947
f 2206/389/2949 5130/762/2949 5054/390/2949
f 5131/755/2950 3748/751/2950 5036/2803/2950
f 2297/392/2952 5131/755/2952 4925/393/2952
f 5132/750/2953 3747/745/2953 5089/747/2953
f 2380/395/2955 5132/750/2955 4997/396/2955
f 5133/744/2956 3746/739/2956 4929/741/2956
f 2491/398/2958 5133/744/2958 4968/399/2958
f 5134/738/2959 3745/734/2959 5000/2804/2959
f 2538/401/2961 5134/738/2961 4944/402/2961
f 5135/733/2962 3744/727/2962 5058/730/2962
f 2635/404/2964 5135/733/2964 4969/405/2964
f 5136/726/2965 3743/722/2965 5082/2805/2965
f 2671/407/401 5136/726/401 5077/408/401
f 5137/721/2967 3742/715/2967 4937/2806/2967
f 2729/410/398 5137/721/398 4926/411/398
f 5138/714/2969 3741/708/2969 4990/711/2969
f 2733/413/2971 5138/714/2971 5026/414/2971
f 5070/2807/2972 4936/707/2972 3740/703/2972
f 2790/416/2974 5139/705/2974 5069/417/2974
f 5104/2808/2975 5035/702/2975 3739/698/2975
f 2815/419/2977 5140/700/2977 5078/420/2977
f 4946/2809/2978 4927/697/2978 3738/693/2978
f 2837/422/2980 5141/695/2980 5034/423/2980
f 4998/689/2981 5050/692/2981 3737/687/2981
f 2883/425/2983 5142/690/2983 4989/426/2983
f 5055/2810/2984 4960/685/2984 3736/681/2984
f 2927/428/2985 5143/686/2985 5079/429/2985
f 5144/680/2986 3735/673/2986 5080/677/2986
f 2962/434/377 5144/680/377 4959/435/377
f 4945/2811/2987 5043/438/2987 3338/674/2987
f 5012/679/327 5051/2812/327 5145/436/327
f 5081/682/2988 4959/435/2988 3663/676/2988
f 4960/685/2990 4956/2813/2990 5146/433/2990
f 5056/2814/2991 5079/429/2991 3662/683/2991
f 5050/692/2993 5075/2815/2993 5147/427/2993
f 4999/2816/2994 4989/426/2994 3660/688/2994
f 4927/697/2996 4986/2817/2996 5148/424/2996
f 4947/2818/2997 5034/423/2997 3658/694/2997
f 5035/702/2999 5032/2819/2999 5149/421/2999
f 5105/2820/3000 5078/420/3000 3656/699/3000
f 4936/707/3002 5073/2821/3002 5150/418/3002
f 5071/709/3003 5069/417/3003 3654/704/3003
f 5057/713/3005 5065/2822/3005 5151/415/3005
f 4991/716/3006 5026/414/3006 3651/710/3006
f 4928/720/319 5023/2823/319 5152/412/319
f 4938/2824/3007 4926/411/3007 3649/717/3007
f 5072/725/318 4923/2825/318 5153/409/318
f 5083/728/3009 5077/408/3009 3647/723/3009
f 4961/732/3011 5087/2826/3011 5154/406/3011
f 5059/2827/3012 4969/405/3012 3646/729/3012
f 3567/2215/3014 5155/403/3014 5084/737/3014
f 5001/2828/3015 4944/402/3015 3644/735/3015
f 3562/2211/3017 5156/400/3017 4948/743/3017
f 4930/2829/3018 4968/399/3018 3641/740/3018
f 3556/2208/3020 5157/397/3020 5013/749/3020
f 5090/2830/3021 4997/396/3021 3639/746/3021
f 3548/2203/3023 5158/394/3023 5002/754/3023
f 5037/757/3024 4925/393/3024 3637/752/3024
f 5031/761/3026 4921/2831/3026 5159/391/3026
f 5015/764/3027 5054/390/3027 3636/758/3027
f 4931/767/311 5048/2832/311 5160/388/311
f 4963/2833/3028 4996/387/3028 3634/765/3028
f 4941/772/310 5006/2834/310 5161/385/310
f 5097/2835/3029 5053/384/3029 3632/770/3029
f 4949/778/309 5046/2836/309 5162/382/309
f 5028/781/3031 5068/381/3031 3629/775/3031
f 5016/786/3033 5063/2837/3033 5163/379/3033
f 4971/788/3034 5052/378/3034 3627/782/3034
f 4970/792/3036 5044/2838/3036 5164/376/3036
f 4933/794/3037 4988/375/3037 3625/789/3037
f 4964/798/3039 4994/2839/3039 5165/373/3039
f 5107/2840/3040 5025/372/3040 3624/795/3040
f 5091/804/3042 5021/2841/3042 5166/370/3042
f 5039/806/3043 5011/369/3043 3621/800/3043
f 5003/810/3045 5019/2842/3045 5167/367/3045
f 4993/2843/3046 5103/366/3046 3619/807/3046
f 4985/815/303 5111/2844/303 5168/364/303
f 4940/818/3047 4958/363/3047 3617/813/3047
f 4950/821/302 4954/2845/302 5169/361/302
f 5099/824/3049 4967/360/3049 3616/819/3049
f 4972/828/3051 4977/2846/3051 5170/358/3051
f 5086/831/3052 5067/357/3052 3615/825/3052
f 3415/960/3054 5171/355/3054 5092/834/3054
f 5030/2847/3055 5095/354/3055 3613/832/3055
f 3401/962/3057 5172/352/3057 4934/839/3057
f 5005/2848/3058 4966/351/3058 3612/837/3058
f 3387/963/3060 5173/349/3060 4973/844/3060
f 4952/847/3061 4965/348/3061 3610/842/3061
f 3374/964/3063 5174/346/3063 5060/851/3063
f 5094/854/3064 5102/345/3064 3607/848/3064
f 4935/857/3066 5109/2849/3066 5175/343/3066
f 5041/860/3067 5010/342/3067 3605/855/3067
f 5108/863/295 5017/2850/295 5176/340/295
f 3896/2851/3068 3895/2852/3068 1850/1/3068
f 1850/1/1 75/4/1 3891/2853/1
f 3890/2854/3069 3892/2855/3069 3893/2/3069
f 1850/1/1 3891/2853/1 3890/2854/1
f 3897/2856/1 3896/2851/1 1850/1/1
f 3893/2/3070 3898/2857/3070 3894/3/3070
f 3894/3/3068 3897/2856/3068 1850/1/3068
f 1850/1/1 3890/2854/1 3893/2/1
f 4076/2858/3071 4075/2859/3071 75/4/3071
f 2587/5/3072 4074/2860/3072 4073/2861/3072
f 4077/12/5 4076/2858/5 75/4/5
f 2587/5/5 4073/2861/5 4077/12/5
f 3960/2862/3073 3961/2863/3073 3767/13/3073
f 3767/13/6 3768/2864/6 3958/14/6
f 3959/15/3073 3960/2862/3073 3767/13/3073
f 4259/2865/3074 4258/111/3074 3054/17/3074
f 3054/17/3075 1399/10/3075 4255/9/3075
f 3054/17/3076 4255/9/3076 4260/2866/3076
f 4257/19/3076 4259/2865/3076 3054/17/3076
f 3054/17/3074 4260/2866/3074 4261/18/3074
f 2603/20/3077 4188/210/3077 4189/21/3077
f 4192/2867/99 4193/102/99 3444/97/99
f 3444/97/99 2603/20/99 4190/22/99
f 3444/97/99 4190/22/99 4191/99/99
f 4194/100/99 4192/2867/99 3444/97/99
f 4195/2868/100 4196/2869/100 3034/101/100
f 3034/101/100 3444/97/100 4193/102/100
f 4197/103/100 4195/2868/100 3034/101/100
f 4262/110/114 4263/2870/114 3455/108/114
f 3455/108/114 3054/17/114 4258/111/114
f 4267/2871/3078 4264/2872/3078 2920/112/3078
f 3455/108/3079 4263/2870/3079 4266/2873/3079
f 4265/113/3078 4267/2871/3078 2920/112/3078
f 3455/108/3080 4266/2873/3080 4265/113/3080
f 3962/2874/3081 3963/2875/3081 3476/125/3081
f 3476/125/3082 2862/123/3082 3966/2876/3082
f 3476/125/3083 3966/2876/3083 3965/2877/3083
f 3964/127/3082 3962/2874/3082 3476/125/3082
f 3476/125/3082 3965/2877/3082 3967/126/3082
f 3968/2878/3084 3958/14/3084 3768/2864/3084
f 3968/2878/3084 3768/2864/3084 3769/2879/3084
f 3476/125/3085 3963/2875/3085 3969/131/3085
f 3969/131/3086 3968/2878/3086 3769/2879/3086
f 3969/131/3087 3769/2879/3087 3772/2880/3087
f 3770/130/3088 3476/125/3088 3969/131/3088
f 3969/131/3087 3772/2880/3087 3771/129/3087
f 3774/2881/3089 3776/2882/3089 2716/132/3089
f 2716/132/3090 3476/125/3090 3770/130/3090
f 2716/132/3091 3770/130/3091 3773/2883/3091
f 3775/134/145 3774/2881/145 2716/132/145
f 3778/133/3092 3777/2884/3092 3775/134/3092
f 2716/132/3093 3773/2883/3093 3778/133/3093
f 4080/2885/3094 4081/143/3094 3485/139/3094
f 3485/139/3094 2762/137/3094 4078/2886/3094
f 3485/139/3095 4078/2886/3095 4079/2887/3095
f 4083/2888/3094 4080/2885/3094 3485/139/3094
f 4082/2889/3094 4083/2888/3094 3485/139/3094
f 3485/139/3094 4079/2887/3094 4084/2890/3094
f 3485/139/3094 4084/2890/3094 4085/140/3094
f 4086/141/3094 4082/2889/3094 3485/139/3094
f 4088/2891/3096 4074/2860/3096 2587/5/3096
f 2587/5/3096 3485/139/3096 4081/143/3096
f 4087/144/3096 4088/2891/3096 2587/5/3096
f 4200/2892/167 4199/2893/167 3034/101/167
f 3034/101/167 4196/2869/167 4198/148/167
f 4201/149/3097 4200/2892/3097 3034/101/3097
f 4203/2894/3098 4202/154/3098 3492/147/3098
f 3492/147/170 3034/101/170 4199/2893/170
f 3492/147/170 4199/2893/170 4205/150/170
f 4204/151/170 4203/2894/170 3492/147/170
f 4206/152/171 4207/2895/171 3496/153/171
f 3496/153/171 3492/147/171 4202/154/171
f 4215/2896/175 4208/155/175 2434/157/175
f 3496/153/3099 4207/2895/3099 4214/2897/3099
f 3496/153/3100 4214/2897/3100 4213/2898/3100
f 4215/2896/3101 2434/157/3101 3496/153/3101
f 4211/2899/175 4215/2896/175 3496/153/175
f 3496/153/175 4213/2898/175 4212/158/175
f 4210/159/175 4211/2899/175 3496/153/175
f 4268/2900/3102 4269/164/3102 2920/112/3102
f 2920/112/181 4264/2872/181 4270/162/181
f 4271/163/181 4268/2900/181 2920/112/181
f 4273/2901/184 4272/2902/184 3502/161/184
f 3502/161/184 2920/112/184 4269/164/184
f 4274/165/184 4273/2901/184 3502/161/184
f 4276/166/3103 4275/169/3103 3506/168/3103
f 3502/161/185 4272/2902/185 4279/2903/185
f 3502/161/185 4279/2903/185 4278/2904/185
f 4276/166/185 3506/168/185 3502/161/185
f 3502/161/185 4278/2904/185 4277/167/185
f 4282/2905/3104 4281/2906/3104 2247/171/3104
f 3506/168/3104 4280/170/3104 4284/2907/3104
f 3506/168/3104 4284/2907/3104 4285/2908/3104
f 4283/172/3105 4282/2905/3105 2247/171/3105
f 3506/168/3106 4285/2908/3106 4283/172/3106
f 3970/2909/198 3971/2910/198 3510/174/198
f 3510/174/198 3511/175/198 3972/2911/198
f 3510/174/198 3972/2911/198 3973/177/198
f 3974/178/198 3970/2909/198 3510/174/198
f 3976/2912/3107 3975/2913/3107 2862/176/3107
f 3510/174/3108 3971/2910/3108 3979/2914/3108
f 3510/174/3107 3979/2914/3107 3981/2915/3107
f 3976/2912/3108 2862/176/3108 3510/174/3108
f 3978/2916/3108 3976/2912/3108 3510/174/3108
f 3510/174/3108 3981/2915/3108 3980/2917/3108
f 3510/174/3108 3980/2917/3108 3982/179/3108
f 3977/180/3109 3978/2916/3109 3510/174/3109
f 3987/2918/200 3966/2919/200 2862/176/200
f 2862/176/3110 3975/2913/3110 3984/2920/3110
f 2862/176/200 3984/2920/200 3983/2921/200
f 3985/2922/200 3987/2918/200 2862/176/200
f 3986/182/200 3985/2922/200 2862/176/200
f 2862/176/200 3983/2921/200 3988/181/200
f 3990/2923/203 3972/2911/203 3511/175/203
f 3511/175/3111 2014/183/3111 3991/2924/3111
f 3511/175/3111 3991/2924/3111 3992/184/3111
f 3989/185/3111 3990/2923/3111 3511/175/3111
f 3993/2925/3112 3991/2924/3112 2014/183/3112
f 2014/183/204 3994/275/204 3995/186/204
f 3996/187/204 3993/2925/204 2014/183/204
f 2716/132/3113 3776/2882/3113 3779/2926/3113
f 2716/132/3113 3779/2926/3113 3782/189/3113
f 3780/190/207 3781/2927/207 2716/132/207
f 3785/192/3114 3787/2928/3114 3786/2929/3114
f 3786/2929/3115 3517/188/3115 2716/132/3115
f 2716/132/3116 3781/2927/3116 3783/2930/3116
f 3783/2930/3117 3784/2931/3117 3788/191/3117
f 3785/192/3118 3786/2929/3118 2716/132/3118
f 2716/132/3119 3783/2930/3119 3788/191/3119
f 4093/2932/3120 4094/2933/3120 3517/188/3120
f 3517/188/3121 3786/2929/3121 3790/2934/3121
f 3517/188/3122 3790/2934/3122 3789/2935/3122
f 4092/2936/3120 4093/2932/3120 3517/188/3120
f 4091/2937/3123 4092/2936/3123 3517/188/3123
f 3517/188/3124 3789/2935/3124 3793/2938/3124
f 3793/2938/3125 3792/2939/3125 3791/193/3125
f 3791/193/3126 4089/200/3126 4090/194/3126
f 4090/194/3127 4091/2937/3127 3517/188/3127
f 3517/188/3128 3793/2938/3128 3791/193/3128
f 4098/2940/212 4097/2941/212 2762/137/212
f 2762/137/212 3517/188/212 4094/2933/212
f 2762/137/3129 4094/2933/3129 4095/2942/3129
f 4099/196/212 4098/2940/212 2762/137/212
f 2762/137/212 4095/2942/212 4096/195/212
f 4105/2943/213 4078/2886/213 2762/137/213
f 2762/137/213 4097/2941/213 4100/2944/213
f 2762/137/213 4100/2944/213 4102/2945/213
f 4104/2946/3130 4105/2943/3130 2762/137/3130
f 4103/198/213 4104/2946/213 2762/137/213
f 2762/137/213 4102/2945/213 4101/197/213
f 4108/201/3131 4107/2947/3131 75/4/3131
f 75/4/3132 4075/2859/3132 4109/202/3132
f 4216/207/3133 4217/2948/3133 3531/205/3133
f 3531/205/228 1845/206/228 4218/208/228
f 4220/2949/3134 4221/211/3134 2603/20/3134
f 3531/205/229 4217/2948/229 4219/2950/229
f 4222/209/229 4220/2949/229 2603/20/229
f 3531/205/229 4219/2950/229 4222/209/229
f 4322/215/232 4323/2951/232 3536/216/232
f 3536/216/3135 1912/212/3135 4321/217/3135
f 4231/2952/3136 4223/213/3136 1912/212/3136
f 3536/216/234 4226/2953/234 4227/2954/234
f 3536/216/234 4227/2954/234 4229/2955/234
f 4231/2952/234 1912/212/234 3536/216/234
f 4230/220/3136 4231/2952/3136 3536/216/3136
f 3536/216/234 4229/2955/234 4228/219/234
f 4234/2956/235 4226/2953/235 3536/216/235
f 3536/216/235 3538/223/235 4233/221/235
f 4232/222/235 4234/2956/235 3536/216/235
f 4236/2957/236 4233/221/236 3538/223/236
f 3538/223/3137 2434/157/3137 4225/218/3137
f 3538/223/236 4225/218/236 4239/2958/236
f 4237/2959/236 4236/2957/236 3538/223/236
f 4235/225/236 4237/2959/236 3538/223/236
f 3538/223/236 4239/2958/236 4238/224/236
f 4324/2960/238 4325/230/238 3536/216/238
f 3536/216/3138 4323/2951/3138 4327/226/3138
f 4326/227/3139 4324/2960/3139 3536/216/3139
f 4329/228/239 4328/2961/239 2143/229/239
f 2143/229/239 3536/216/239 4325/230/239
f 4288/232/3140 4287/2962/3140 1399/10/3140
f 2389/160/243 2128/231/243 4286/2963/243
f 2389/160/243 4286/2963/243 4289/2964/243
f 4288/232/243 1399/10/243 2389/160/243
f 2389/160/3141 4289/2964/3141 4290/233/3141
f 4292/235/3142 4286/2965/3142 2128/236/3142
f 2128/236/3143 4293/244/3143 4291/237/3143
f 4297/2966/3144 4298/2967/3144 2128/236/3144
f 2143/238/246 4294/2968/246 4295/2969/246
f 4296/239/3145 4297/2966/3145 2128/236/3145
f 2143/238/246 4295/2969/246 4296/239/246
f 4330/240/247 4331/2970/247 3546/241/247
f 3546/241/247 2143/238/247 4328/242/247
f 2128/236/3146 4298/2967/3146 4299/243/3146
f 4304/2971/3147 4294/2968/3147 2143/238/3147
f 2143/238/3147 3546/241/3147 4301/2972/3147
f 2143/238/3148 4301/2972/3148 4300/2973/3148
f 4303/246/3147 4304/2971/3147 2143/238/3147
f 2143/238/3147 4300/2973/3147 4302/245/3147
f 4306/2974/3149 4301/2972/3149 3546/241/3149
f 3546/241/250 4305/2975/250 4308/247/250
f 4307/248/3150 4306/2974/3150 3546/241/3150
f 2247/171/251 4281/2906/251 4310/249/251
f 4333/251/3151 4332/2976/3151 3546/241/3151
f 3546/241/3152 4331/2970/3152 4334/252/3152
f 4335/2977/253 4336/2978/253 1965/253/253
f 3546/241/253 4332/2976/253 4338/2979/253
f 4337/254/253 4335/2977/253 1965/253/253
f 3546/241/253 4338/2979/253 4337/254/253
f 4313/2980/254 4305/2975/254 3546/241/254
f 1965/253/254 4312/2981/254 4311/2982/254
f 4314/255/254 4313/2980/254 3546/241/254
f 1965/253/254 4311/2982/254 4314/255/254
f 4317/2983/255 4312/2981/255 1965/253/255
f 1965/253/255 1956/258/255 4315/256/255
f 4316/257/255 4317/2983/255 1965/253/255
f 4318/2984/256 4315/256/256 1956/258/256
f 1956/258/256 2247/171/256 4309/250/256
f 1956/258/256 4309/250/256 4320/259/256
f 4319/260/3153 4318/2984/3153 1956/258/3153
f 4341/2985/260 4342/2986/260 3554/264/260
f 1965/262/260 4336/2987/260 4340/2988/260
f 4339/265/260 4341/2985/260 3554/264/260
f 1965/262/260 4340/2988/260 4339/265/260
f 3819/271/262 2014/183/262 2046/7/262
f 2046/7/262 3551/263/262 3830/2989/262
f 3829/2990/3154 3831/2991/3154 3828/2992/3154
f 2046/7/262 3830/2989/262 3829/2990/262
f 3820/2993/3155 3819/271/3155 2046/7/3155
f 3824/2994/3156 3821/2995/3156 3820/2993/3156
f 3824/2994/262 3820/2993/262 2046/7/262
f 2046/7/262 3829/2990/262 3828/2992/262
f 2046/7/262 3828/2992/262 3826/2996/262
f 3823/2997/3157 3824/2994/3157 2046/7/3157
f 3822/2998/262 3823/2997/262 2046/7/262
f 2046/7/262 3826/2996/262 3827/2999/262
f 2046/7/262 3827/2999/262 3825/266/262
f 3832/267/262 3822/2998/262 2046/7/262
f 3833/3000/264 3551/263/264 3554/264/264
f 3554/264/264 3838/3001/264 3837/3002/264
f 3837/3002/3158 3836/3003/3158 3840/3004/3158
f 3840/3004/3159 3839/3005/3159 3842/268/3159
f 3842/268/3160 3841/3006/3160 3835/269/3160
f 3835/269/3161 3834/3007/3161 3833/3000/3161
f 3554/264/3162 3837/3002/3162 3840/3004/3162
f 3554/264/264 3840/3004/264 3842/268/264
f 3835/269/264 3833/3000/264 3554/264/264
f 3844/270/3163 2014/183/3163 3819/271/3163
f 3845/3008/3163 3830/2989/3163 3551/263/3163
f 3551/263/3164 3833/3000/3164 3848/3009/3164
f 3551/263/3165 3848/3009/3165 3849/3010/3165
f 3850/3011/3163 3845/3008/3163 3551/263/3163
f 3846/274/3165 3850/3011/3165 3551/263/3165
f 3551/263/3163 3849/3010/3163 3847/273/3163
f 2014/183/3166 3844/270/3166 3851/3012/3166
f 2014/183/3167 3851/3012/3167 3853/276/3167
f 3855/3013/3168 3997/3014/3168 3994/275/3168
f 3854/3015/3169 3855/3013/3169 3994/275/3169
f 3994/275/3168 2014/183/3168 3853/276/3168
f 3852/277/3170 3854/3015/3170 3994/275/3170
f 4344/278/3171 4345/3016/3171 3554/264/3171
f 3554/264/3171 4342/2986/3171 4343/279/3171
f 4347/280/269 4346/3017/269 3797/3018/269
f 4347/280/269 3797/3018/269 3796/3019/269
f 3554/264/269 4345/3016/269 4347/280/269
f 3795/281/3172 3794/3020/3172 3554/264/3172
f 4347/280/269 3796/3019/269 3795/281/269
f 3856/3021/3173 3838/3001/3173 3554/264/3173
f 3554/264/3174 3794/3020/3174 3800/3022/3174
f 3800/3022/3175 3799/3023/3175 3798/282/3175
f 3798/282/3174 3860/3024/3174 3859/3025/3174
f 3861/3026/3176 3862/3027/3176 3863/283/3176
f 3798/282/270 3859/3025/270 3861/3026/270
f 3554/264/270 3800/3022/270 3798/282/270
f 3858/284/270 3856/3021/270 3554/264/270
f 3863/283/3177 3857/3028/3177 3858/284/3177
f 3798/282/270 3861/3026/270 3863/283/270
f 3858/284/3174 3554/264/3174 3798/282/3174
f 3864/285/271 3860/3024/271 3798/282/271
f 3802/286/3178 3801/3029/3178 3866/287/3178
f 3864/285/3179 3798/282/3179 3802/286/3179
f 3866/287/3180 3865/3030/3180 3864/285/3180
f 4243/3031/3181 4218/208/3181 1845/206/3181
f 1845/206/3181 3559/294/3181 4241/296/3181
f 1845/206/273 4241/296/273 4240/3032/273
f 4244/292/3181 4243/3031/3181 1845/206/3181
f 1845/206/3182 4240/3032/3182 4242/291/3182
f 4248/297/277 4247/3033/277 1912/298/277
f 1912/298/277 4224/3034/277 4246/299/277
f 4250/3035/277 4245/295/277 3559/294/277
f 3559/294/3183 4252/3036/3183 4251/300/3183
f 4249/301/277 4250/3035/277 3559/294/277
f 4348/302/3184 4350/3037/3184 3559/294/3184
f 3559/294/3185 3561/293/3185 4349/303/3185
f 4254/304/3186 4252/3036/3186 3559/294/3186
f 3559/294/3187 4350/3037/3187 4351/305/3187
f 4351/305/280 4352/3038/280 1912/298/280
f 1912/298/3188 4247/3033/3188 4253/306/3188
f 4254/304/3187 3559/294/3187 4351/305/3187
f 4351/305/3187 1912/298/3187 4253/306/3187
f 4353/3039/3189 4321/3040/3189 1912/298/3189
f 1912/298/3190 4352/3038/3190 4355/307/3190
f 4354/308/3189 4353/3039/3189 1912/298/3189
f 3902/3041/282 3561/293/282 1850/1/282
f 1850/1/282 3895/2852/282 3899/3042/282
f 3901/3043/3191 3900/3044/3191 3905/309/3191
f 1850/1/282 3899/3042/282 3901/3043/282
f 3903/310/3192 3902/3041/3192 1850/1/3192
f 3905/309/3193 3904/3045/3193 3903/310/3193
f 1850/1/282 3901/3043/282 3905/309/282
f 3907/3046/283 3906/3047/283 1764/311/283
f 1764/311/283 3561/293/283 3902/3041/283
f 3902/3041/3194 3911/3048/3194 3912/3049/3194
f 3912/3049/3195 3910/3050/3195 3913/312/3195
f 1764/311/3196 3902/3041/3196 3912/3049/3196
f 3908/3051/283 3907/3046/283 1764/311/283
f 3909/313/283 3908/3051/283 1764/311/283
f 1764/311/283 3912/3049/283 3913/312/283
f 4356/314/284 4349/303/284 3561/293/284
f 3561/293/284 1764/311/284 4357/315/284
f 4361/3052/285 4357/315/285 1764/311/285
f 1764/311/285 4359/3053/285 4358/316/285
f 4360/317/3197 4361/3052/3197 1764/311/3197
f 3810/318/3198 3811/3054/3198 3806/319/3198
f 3807/3055/3199 3804/3056/3199 3805/3057/3199
f 3805/3057/3200 3803/3058/3200 3797/3059/3200
f 3797/3059/3201 4346/3060/3201 4362/320/3201
f 4362/320/3201 4363/3061/3201 3565/322/3201
f 3565/322/3202 3809/321/3202 3808/3062/3202
f 3565/322/3201 3808/3062/3201 3810/318/3201
f 3805/3057/286 3797/3059/286 4362/320/286
f 3807/3055/3201 3805/3057/3201 4362/320/3201
f 4362/320/3203 3565/322/3203 3810/318/3203
f 3806/319/3204 3807/3055/3204 4362/320/3204
f 4366/3063/3205 4367/332/3205 3565/322/3205
f 3565/322/3206 4363/3061/3206 4364/328/3206
f 4365/329/3207 4366/3063/3207 3565/322/3207
f 4368/330/291 4359/3064/291 1764/331/291
f 1764/331/291 3565/322/291 4367/332/291
f 3813/324/292 3565/322/292 1764/331/292
f 1764/331/3208 3917/3065/3208 3916/3066/3208
f 1764/331/292 3916/3066/292 3915/3067/292
f 3814/3068/3209 3813/324/3209 1764/331/3209
f 3815/3069/3210 3814/3068/3210 1764/331/3210
f 1764/331/3208 3915/3067/3208 3919/3070/3208
f 1764/331/3211 3919/3070/3211 3918/3071/3211
f 3816/3072/3208 3815/3069/3208 1764/331/3208
f 3818/334/3212 3817/3073/3212 3816/3072/3212
f 3920/3074/3210 3921/3075/3210 3818/334/3210
f 3923/333/325 3924/3076/325 3922/3077/325
f 3922/3077/3208 3920/3074/3208 3818/334/3208
f 3818/334/292 3816/3072/292 1764/331/292
f 1764/331/3210 3918/3071/3210 3923/333/3210
f 3923/333/3208 3922/3077/3208 3818/334/3208
f 3925/3078/3213 3917/3065/3213 1764/331/3213
f 1764/331/293 3906/3079/293 3929/3080/293
f 1764/331/3214 3929/3080/3214 3928/3081/3214
f 3926/336/293 3925/3078/293 1764/331/293
f 3927/335/3215 3930/3082/3215 3926/336/3215
f 1764/331/293 3928/3081/293 3927/335/293
f 3934/338/3216 3933/3083/3216 3935/3084/3216
f 3935/3084/3217 3936/3085/3217 3891/3086/3217
f 3891/3086/294 75/4/294 4107/2947/294
f 3891/3086/3218 4107/2947/3218 4114/3087/3218
f 3935/3084/294 3891/3086/294 4114/3087/294
f 4113/339/294 4112/3088/294 3932/3089/294
f 3935/3084/3218 4114/3087/3218 4113/339/3218
f 3934/338/3219 3935/3084/3219 4113/339/3219
f 4113/339/294 3932/3089/294 3931/337/294
f 5176/340/3220 5017/2850/3220 1268/341/3220
f 5175/343/3221 5109/2849/3221 1544/344/3221
f 5174/346/3222 4974/3090/3222 1659/347/3222
f 5173/349/3223 4975/3091/3223 1675/350/3223
f 5172/352/3224 5100/3092/3224 1728/353/3224
f 5171/355/3225 5061/3093/3225 1734/356/3225
f 5170/358/3226 4977/2846/3226 1755/359/3226
f 5169/361/3227 4954/2845/3227 1794/362/3227
f 5168/364/3228 5111/2844/3228 1800/365/3228
f 5167/367/3229 5019/2842/3229 1812/368/3229
f 5166/370/3230 5021/2841/3230 1869/371/3230
f 5165/373/3231 4994/2839/3231 1891/374/3231
f 5164/376/3232 5044/2838/3232 1950/377/3232
f 5163/379/3233 5063/2837/3233 1974/380/3233
f 5162/382/3234 5046/2836/3234 2030/383/3234
f 5161/385/3235 5006/2834/3235 2124/386/3235
f 5160/388/3236 5048/2832/3236 2206/389/3236
f 5159/391/3237 4921/2831/3237 2297/392/3237
f 5158/394/3238 5008/3094/3238 2380/395/3238
f 5157/397/3239 4980/3095/3239 2491/398/3239
f 5156/400/3240 4942/3096/3240 2538/401/3240
f 5155/403/3241 4982/3097/3241 2635/404/3241
f 5154/406/3242 5087/2826/3242 2671/407/3242
f 5153/409/3243 4923/2825/3243 2729/410/3243
f 5152/412/3244 5023/2823/3244 2733/413/3244
f 5151/415/3245 5065/2822/3245 2790/416/3245
f 5150/418/3246 5073/2821/3246 2815/419/3246
f 5149/421/3247 5032/2819/3247 2837/422/3247
f 5148/424/3248 4986/2817/3248 2883/425/3248
f 5147/427/3249 5075/2815/3249 2927/428/3249
f 5146/433/3262 4956/2813/3262 2962/434/3262
f 5145/436/3263 5051/2812/3263 1134/437/3263
f 3665/442/329 2978/675/329 3782/443/329
f 3324/447/330 3774/3148/330 3775/445/330
f 3775/445/3264 3734/670/3264 3667/446/3264
f 3669/448/331 3321/671/331 3599/449/331
f 3671/451/332 3312/668/332 3595/452/332
f 3673/454/333 3302/664/333 3591/455/333
f 3676/457/334 3289/661/334 3587/458/334
f 3677/460/335 3283/656/335 3583/461/335
f 3728/463/336 3679/718/336 3274/464/336
f 3681/466/337 3255/649/337 3575/467/337
f 3682/469/338 3252/645/338 3572/470/338
f 3683/472/339 3242/640/339 3568/473/339
f 3684/475/340 3229/632/340 3564/476/340
f 3685/478/341 3210/627/341 3560/479/341
f 3686/481/342 3206/619/342 3552/482/342
f 3687/484/343 3187/615/343 3544/485/343
f 3688/487/344 3172/611/344 3533/488/344
f 3689/490/345 3164/607/345 3524/491/345
f 3690/493/346 3150/603/346 3519/494/346
f 3691/496/347 3136/599/347 3509/497/347
f 3692/499/348 3128/595/348 3500/500/348
f 3693/502/349 3116/592/349 3493/503/349
f 3694/505/350 3112/590/350 3483/506/350
f 3695/508/351 3101/585/351 3474/509/351
f 3696/511/352 3099/580/352 3461/512/352
f 3697/514/353 3079/571/353 3454/515/353
f 3698/517/354 3074/566/354 3440/518/354
f 3699/520/355 3065/562/355 3424/521/355
f 3700/523/356 3053/557/356 3406/524/356
f 3701/526/357 3040/553/357 3390/527/357
f 3702/529/358 3024/550/358 3376/530/358
f 3703/532/359 3021/547/359 3358/533/359
f 3781/535/360 3780/539/360 3704/536/360
f 3704/536/360 2999/543/360 3783/537/360
f 3782/538/360 2978/1924/360 3704/536/360
f 3788/540/359 3705/534/359 3358/533/359
f 3784/542/3265 3783/537/3265 2999/543/3265
f 2999/543/359 3703/532/359 3705/534/359
f 3786/544/3266 3787/546/3266 3706/531/3266
f 3706/531/358 3376/530/358 3790/545/358
f 3785/541/358 3358/533/358 3706/531/358
f 3021/547/358 3702/529/358 3706/531/358
f 3789/548/357 3707/528/357 3390/527/357
f 3790/545/357 3376/530/357 3707/528/357
f 3024/550/357 3701/526/357 3707/528/357
f 3791/551/356 3792/3149/356 3708/525/356
f 3708/525/356 3406/524/356 4115/552/356
f 4115/552/3267 4106/3150/3267 3791/551/3267
f 3708/525/356 3792/3149/356 3793/549/356
f 3040/553/356 3700/523/356 3708/525/356
f 3709/522/355 3424/521/355 4116/554/355
f 4119/3151/355 4115/552/355 3406/524/355
f 3406/524/355 3709/522/355 4117/555/355
f 4118/556/3268 4119/3151/3268 3406/524/3268
f 3053/557/355 3699/520/355 3709/522/355
f 4121/3152/354 4123/561/354 3710/519/354
f 3710/519/354 3440/518/354 4122/558/354
f 4120/559/354 4121/3152/354 3710/519/354
f 4124/560/354 4116/554/354 3424/521/354
f 3424/521/354 3710/519/354 4123/561/354
f 3065/562/354 3698/517/354 3710/519/354
f 4127/563/353 4126/565/353 3711/516/353
f 3711/516/353 3454/515/353 4125/564/353
f 4122/558/353 3440/518/353 3711/516/353
f 3074/566/353 3697/514/353 3711/516/353
f 4129/567/352 4130/569/352 3712/513/352
f 3712/513/352 3461/512/352 4128/568/352
f 4132/3153/3269 4125/564/3269 3454/515/3269
f 3454/515/352 3712/513/352 4130/569/352
f 4131/570/352 4132/3153/352 3454/515/352
f 3079/571/352 3696/511/352 3712/513/352
f 4133/3154/362 4134/3155/362 3713/510/362
f 3713/510/351 3474/509/351 3937/3156/351
f 3938/572/351 3939/575/351 4138/577/351
f 3713/510/351 3937/3156/351 3938/572/351
f 4136/3157/351 4133/3154/351 3713/510/351
f 4135/3158/361 4136/3157/361 3713/510/361
f 3938/572/351 4138/577/351 4139/3159/351
f 3938/572/351 4139/3159/351 4140/3160/351
f 4135/3158/362 3713/510/362 3938/572/362
f 4141/574/361 4135/3158/361 3938/572/361
f 3938/572/351 4140/3160/351 4137/573/351
f 3939/575/361 3914/3161/361 4110/576/361
f 4142/3162/3270 4128/568/3270 3461/512/3270
f 3461/512/351 3713/510/351 4134/3155/351
f 3461/512/361 4134/3155/361 4144/578/361
f 4143/579/351 4142/3162/351 3461/512/351
f 3099/580/351 3695/508/351 3713/510/351
f 3943/582/3271 3944/3163/3271 3940/583/3271
f 3940/583/350 3714/507/350 3483/506/350
f 3483/506/363 3941/3164/363 3942/581/363
f 3943/582/350 3940/583/350 3483/506/350
f 3946/3165/350 3937/3156/350 3474/509/350
f 3474/509/350 3714/507/350 3940/583/350
f 3945/584/3272 3946/3165/3272 3474/509/3272
f 3101/585/350 3694/505/350 3714/507/350
f 3949/3166/349 3715/504/349 3493/503/349
f 3818/586/349 3921/3167/349 3952/3168/349
f 3818/586/364 3952/3168/364 3951/3169/364
f 3948/3170/3273 3949/3166/3273 3493/503/3273
f 3947/3171/3274 3948/3170/3274 3493/503/3274
f 3818/586/3273 3951/3169/3273 3953/3172/3273
f 3950/587/364 3947/3171/364 3493/503/364
f 3818/586/364 3953/3172/364 3950/587/364
f 3954/3173/349 3941/3164/349 3483/506/349
f 3483/506/349 3715/504/349 3949/3166/349
f 3949/3166/3275 3955/3174/3275 3956/588/3275
f 3957/589/349 3954/3173/349 3483/506/349
f 3483/506/349 3949/3166/349 3956/588/349
f 3112/590/349 3693/502/349 3715/504/349
f 3500/500/348 3816/594/348 3817/591/348
f 3716/501/348 3817/591/348 3818/586/348
f 3116/592/348 3692/499/348 3716/501/348
f 3509/497/347 3814/3175/347 3815/593/347
f 3717/498/347 3815/593/347 3816/594/347
f 3128/595/347 3691/496/347 3717/498/347
f 3519/494/346 3810/602/346 3808/596/346
f 3813/3176/3276 3814/3175/3276 3509/497/3276
f 3509/497/346 3718/495/346 3808/596/346
f 3509/497/365 3808/596/365 3809/597/365
f 3812/598/346 3813/3176/346 3509/497/346
f 3136/599/346 3690/493/346 3718/495/346
f 2066/601/3277 3806/3177/3277 3811/600/3277
f 3811/600/345 3719/492/345 3524/491/345
f 3719/492/345 3811/600/345 3810/602/345
f 3150/603/345 3689/490/345 3719/492/345
f 3720/489/3278 3533/488/3278 3805/604/3278
f 3720/489/344 3804/605/344 3807/606/344
f 3807/606/344 2066/601/344 3524/491/344
f 3164/607/344 3688/487/344 3720/489/344
f 3797/608/343 3803/610/343 3721/486/343
f 3721/486/3279 3544/485/3279 3796/609/3279
f 3533/488/343 3721/486/343 3803/610/343
f 3172/611/343 3687/484/343 3721/486/343
f 3794/612/3280 3795/614/3280 3722/483/3280
f 3722/483/342 3552/482/342 3800/613/342
f 3544/485/342 3722/483/342 3795/614/342
f 3187/615/342 3686/481/342 3722/483/342
f 3798/616/341 3799/618/341 3723/480/341
f 3723/480/341 3560/479/341 3802/617/341
f 3552/482/341 3723/480/341 3799/618/341
f 3206/619/341 3685/478/341 3723/480/341
f 3868/3178/3281 3871/3179/3281 3724/477/3281
f 3724/477/340 3564/476/340 3874/3180/340
f 3724/477/340 3874/3180/340 3873/3181/340
f 3869/621/3282 3868/3178/3282 3724/477/3282
f 3724/477/340 3873/3181/340 3872/620/340
f 3878/3182/3283 3870/624/3283 3801/623/3283
f 3802/617/340 3560/479/340 3724/477/340
f 3724/477/3284 3871/3179/3284 3875/3183/3284
f 3724/477/3285 3875/3183/3285 3876/3184/3285
f 3878/3182/340 3801/623/340 3802/617/340
f 3880/3185/3282 3878/3182/3282 3802/617/3282
f 3802/617/340 3724/477/340 3876/3184/340
f 3802/617/368 3876/3184/368 3877/625/368
f 3879/626/340 3880/3185/340 3802/617/340
f 3210/627/340 3684/475/340 3724/477/340
f 3883/3186/339 3881/630/339 3725/474/339
f 3725/474/339 3568/473/339 3882/628/339
f 3884/629/339 3883/3186/339 3725/474/339
f 3885/3187/3286 3874/3180/3286 3564/476/3286
f 3564/476/339 3725/474/339 3881/630/339
f 3881/630/3159 3887/3188/3159 3886/631/3159
f 3886/631/339 3885/3187/339 3564/476/339
f 3229/632/339 3683/472/339 3725/474/339
f 3888/633/3287 4003/3189/3287 3998/634/3287
f 4004/3190/3287 4002/3191/3287 3726/471/3287
f 3726/471/338 3572/470/338 4001/3192/338
f 3726/471/3287 4001/3192/3287 4000/636/3287
f 4005/637/3288 4004/3190/3288 3726/471/3288
f 4008/3193/370 4003/3189/370 3888/633/370
f 3888/633/3289 3889/3194/3289 3882/628/3289
f 3882/628/338 3568/473/338 3726/471/338
f 3726/471/370 4002/3191/370 4007/3195/370
f 3726/471/3287 4007/3195/3287 4006/3196/3287
f 4008/3193/338 3888/633/338 3882/628/338
f 4012/3197/338 4008/3193/338 3882/628/338
f 3882/628/338 3726/471/338 4006/3196/338
f 3882/628/3290 4006/3196/3290 4009/3198/3290
f 4011/639/338 4012/3197/338 3882/628/338
f 3882/628/370 4009/3198/370 4010/638/370
f 3242/640/338 3682/469/338 3726/471/338
f 4014/3199/337 4013/644/337 3727/468/337
f 3727/468/337 3575/467/337 4015/641/337
f 4016/642/337 4014/3199/337 3727/468/337
f 4017/643/337 4001/3192/337 3572/470/337
f 3572/470/337 3727/468/337 4013/644/337
f 3252/645/337 3681/466/337 3727/468/337
f 3728/463/336 3579/465/336 4019/646/336
f 4020/648/336 4015/641/336 3575/467/336
f 3575/467/336 3728/463/336 4018/647/336
f 3255/649/336 3679/718/336 3728/463/336
f 4022/650/335 4021/652/335 3729/462/335
f 3729/462/335 3583/461/335 4023/651/335
f 4025/3200/335 4019/646/335 3579/465/335
f 3579/465/335 3729/462/335 4021/652/335
f 4024/653/3291 4025/3200/3291 3579/465/3291
f 3579/465/335 3274/464/335 3677/460/335
f 4027/3201/334 4026/3202/334 3730/459/334
f 3730/459/334 3587/458/334 4029/654/334
f 4028/655/334 4027/3201/334 3730/459/334
f 3730/459/334 4026/3202/334 4023/651/334
f 3283/656/334 3676/457/334 3730/459/334
f 3768/657/3292 3767/659/3292 3731/456/3292
f 3731/456/333 3591/455/333 3769/658/333
f 3961/660/333 4029/654/333 3587/458/333
f 3587/458/333 3731/456/333 3767/659/333
f 3289/661/333 3673/454/333 3731/456/333
f 3732/453/332 3595/452/332 3771/662/332
f 3591/455/332 3732/453/332 3772/663/332
f 3302/664/332 3671/451/332 3732/453/332
f 3733/450/331 3599/449/331 3778/665/331
f 3770/667/3293 3771/662/3293 3595/452/3293
f 3595/452/331 3733/450/331 3773/666/331
f 3312/668/331 3669/448/331 3733/450/331
f 3599/449/330 3734/670/330 3777/669/330
f 3321/671/330 3667/446/330 3734/670/330
f 3776/672/3294 3774/3148/3294 3324/447/3294
f 3324/447/329 3665/442/329 3779/444/329
f 2978/675/3295 3665/442/3295 3735/673/3295
f 3735/673/325 4945/2811/325 3338/674/325
f 3665/442/3296 3324/447/3296 3663/676/3296
f 5080/677/3297 3735/673/3297 3665/442/3297
f 4957/678/3298 3604/2284/3298 5012/679/3298
f 3324/447/3299 3667/446/3299 3736/681/3299
f 5081/682/378 3663/676/378 3324/447/378
f 3667/446/3300 3321/671/3300 3662/683/3300
f 3662/683/3301 5055/2810/3301 3736/681/3301
f 5076/684/3302 3602/3203/3302 4960/685/3302
f 3321/671/3303 3669/448/3303 3737/687/3303
f 3737/687/2369 5056/2814/2369 3662/683/2369
f 3669/448/3304 3312/668/3304 3660/688/3304
f 4998/689/382 3737/687/382 3669/448/382
f 5142/690/3305 4987/3204/3305 3598/691/3305
f 3312/668/3306 3671/451/3306 3738/693/3306
f 3738/693/328 4999/2816/328 3660/688/328
f 3671/451/3307 3302/664/3307 3658/694/3307
f 3658/694/325 4946/2809/325 3738/693/325
f 5141/695/3308 5033/3205/3308 3593/696/3308
f 3302/664/3309 3673/454/3309 3739/698/3309
f 3739/698/3310 4947/2818/3310 3658/694/3310
f 3673/454/3311 3289/661/3311 3656/699/3311
f 3656/699/3312 5104/2808/3312 3739/698/3312
f 5140/700/3313 5074/3206/3313 3589/701/3313
f 3289/661/3314 3676/457/3314 3740/703/3314
f 3740/703/325 5105/2820/325 3656/699/325
f 3676/457/3315 3283/656/3315 3654/704/3315
f 3654/704/2369 5070/2807/2369 3740/703/2369
f 5139/705/3316 5066/3207/3316 3585/706/3316
f 3283/656/3317 3677/460/3317 3741/708/3317
f 5071/709/393 3654/704/393 3283/656/393
f 3677/460/3318 3274/464/3318 3651/710/3318
f 4990/711/394 3741/708/394 3677/460/394
f 5024/712/3319 3582/866/3319 5057/713/3319
f 3274/464/3320 3679/718/3320 3742/715/3320
f 4991/716/396 3651/710/396 3274/464/396
f 3679/718/3321 3255/649/3321 3649/717/3321
f 3649/717/2369 4937/2806/2369 3742/715/2369
f 4924/719/3322 3577/865/3322 4928/720/3322
f 3255/649/3323 3681/466/3323 3743/722/3323
f 3743/722/1781 4938/2824/1781 3649/717/1781
f 3681/466/3324 3252/645/3324 3647/723/3324
f 3647/723/3325 5082/2805/3325 3743/722/3325
f 5088/724/3326 3574/2222/3326 5072/725/3326
f 3252/645/3327 3682/469/3327 3744/727/3327
f 5083/728/402 3647/723/402 3252/645/402
f 3682/469/3328 3242/640/3328 3646/729/3328
f 5058/730/403 3744/727/403 3682/469/403
f 4983/731/3329 3570/2220/3329 4961/732/3329
f 3242/640/3330 3683/472/3330 3745/734/3330
f 3745/734/2369 5059/2827/2369 3646/729/2369
f 3683/472/3331 3229/632/3331 3644/735/3331
f 3644/735/325 5000/2804/325 3745/734/325
f 4943/736/3332 3567/2215/3332 5084/737/3332
f 3229/632/3333 3684/475/3333 3746/739/3333
f 3746/739/3334 5001/2828/3334 3644/735/3334
f 3684/475/3335 3210/627/3335 3641/740/3335
f 4929/741/409 3746/739/409 3684/475/409
f 4981/742/3336 3562/2211/3336 4948/743/3336
f 3210/627/3337 3685/478/3337 3747/745/3337
f 3747/745/325 4930/2829/325 3641/740/325
f 3685/478/3338 3206/619/3338 3639/746/3338
f 5089/747/412 3747/745/412 3685/478/412
f 5009/748/3339 3556/2208/3339 5013/749/3339
f 3206/619/3340 3686/481/3340 3748/751/3340
f 3748/751/2369 5090/2830/2369 3639/746/2369
f 3686/481/3341 3187/615/3341 3637/752/3341
f 3637/752/2369 5036/2803/2369 3748/751/2369
f 4922/753/3342 3548/2203/3342 5002/754/3342
f 3187/615/3343 3687/484/3343 3749/756/3343
f 5037/757/417 3637/752/417 3187/615/417
f 3687/484/3344 3172/611/3344 3636/758/3344
f 5014/759/418 3749/756/418 3687/484/418
f 5049/760/3345 3541/2200/3345 5031/761/3345
f 3172/611/3346 3688/487/3346 3750/763/3346
f 5015/764/420 3636/758/420 3172/611/420
f 3688/487/3347 3164/607/3347 3634/765/3347
f 3634/765/325 4962/2802/325 3750/763/325
f 5007/766/3236 3529/2197/3236 4931/767/3236
f 3164/607/3348 3689/490/3348 3751/769/3348
f 3751/769/325 4963/2833/325 3634/765/325
f 3689/490/3349 3150/603/3349 3632/770/3349
f 3632/770/328 5096/2801/328 3751/769/328
f 5047/771/3350 3522/2192/3350 4941/772/3350
f 3150/603/3351 3690/493/3351 3752/774/3351
f 3752/774/2369 5097/2835/2369 3632/770/2369
f 3690/493/3352 3136/599/3352 3629/775/3352
f 5027/776/427 3752/774/427 3690/493/427
f 5064/777/3353 3514/2182/3353 4949/778/3353
f 3136/599/3354 3691/496/3354 3753/780/3354
f 5028/781/429 3629/775/429 3136/599/429
f 3691/496/3355 3128/595/3355 3627/782/3355
f 4984/783/3356 3753/780/3356 3691/496/3356
f 5126/784/3357 5045/3208/3357 3508/785/3357
f 3128/595/3358 3692/499/3358 3754/787/3358
f 4971/788/3359 3627/782/3359 3128/595/3359
f 3692/499/3360 3116/592/3360 3625/789/3360
f 3625/789/325 4932/2800/325 3754/787/325
f 5125/790/3361 4995/3209/3361 3499/791/3361
f 3116/592/3362 3693/502/3362 3755/793/3362
f 4933/794/435 3625/789/435 3116/592/435
f 3693/502/3363 3112/590/3363 3624/795/3363
f 3624/795/325 5106/2799/325 3755/793/325
f 5124/796/3364 5022/3210/3364 3490/797/3364
f 3112/590/3365 3694/505/3365 3756/799/3365
f 3756/799/325 5107/2840/325 3624/795/325
f 3694/505/3366 3101/585/3366 3621/800/3366
f 5038/801/439 3756/799/439 3694/505/439
f 5123/802/3367 5020/3211/3367 3479/803/3367
f 3101/585/3368 3695/508/3368 3757/805/3368
f 5039/806/441 3621/800/441 3101/585/441
f 3695/508/3369 3099/580/3369 3619/807/3369
f 4992/808/442 3757/805/442 3695/508/442
f 5112/809/3370 3468/2146/3370 5003/810/3370
f 3099/580/3371 3696/511/3371 3758/812/3371
f 3758/812/1781 4993/2843/1781 3619/807/1781
f 3696/511/3372 3079/571/3372 3617/813/3372
f 3617/813/3373 4939/2798/3373 3758/812/3373
f 4955/814/3374 3459/2137/3374 4985/815/3374
f 3079/571/3375 3697/514/3375 3759/817/3375
f 4940/818/3376 3617/813/3376 3079/571/3376
f 3697/514/3377 3074/566/3377 3616/819/3377
f 3616/819/2369 5098/2797/2369 3759/817/2369
f 4978/820/3378 3450/956/3378 4950/821/3378
f 3074/566/3379 3698/517/3379 3760/823/3379
f 5099/824/450 3616/819/450 3074/566/450
f 3698/517/3380 3065/562/3380 3615/825/3380
f 5085/826/451 3760/823/451 3698/517/451
f 5062/827/3381 3435/957/3381 4972/828/3381
f 3065/562/3382 3699/520/3382 3761/830/3382
f 5086/831/3383 3615/825/3383 3065/562/3383
f 3699/520/3384 3053/557/3384 3613/832/3384
f 3613/832/325 5029/2796/325 3761/830/325
f 5101/833/3385 3415/960/3385 5092/834/3385
f 3053/557/3386 3700/523/3386 3762/836/3386
f 3762/836/325 5030/2847/325 3613/832/325
f 3700/523/3387 3040/553/3387 3612/837/3387
f 3612/837/325 5004/2795/325 3762/836/325
f 4976/838/3388 3401/962/3388 4934/839/3388
f 3040/553/3389 3701/526/3389 3763/841/3389
f 3763/841/325 5005/2848/325 3612/837/325
f 3701/526/3390 3024/550/3390 3610/842/3390
f 3610/842/1781 4951/2794/1781 3763/841/1781
f 4979/843/3391 3387/963/3391 4973/844/3391
f 3024/550/3392 3702/529/3392 3764/846/3392
f 4952/847/462 3610/842/462 3024/550/462
f 3702/529/3393 3021/547/3393 3607/848/3393
f 5093/849/463 3764/846/463 3702/529/463
f 5110/850/3394 3374/964/3394 5060/851/3394
f 3021/547/3395 3703/532/3395 3765/853/3395
f 5094/854/465 3607/848/465 3021/547/465
f 3703/532/3396 2999/543/3396 3605/855/3396
f 3605/855/2369 5040/2793/2369 3765/853/2369
f 5018/856/3397 3353/3212/3397 4935/857/3397
f 2999/543/3398 3704/536/3398 3766/859/3398
f 5041/860/468 3605/855/468 2999/543/468
f 3704/536/3399 2978/1924/3399 3338/861/3399
f 3338/861/325 4953/2791/325 3766/859/325
f 5042/862/3400 3336/2287/3400 5108/863/3400
f 3680/859/3401 3025/2287/3401 1256/341/3401
f 3678/853/3402 3049/3212/3402 1336/344/3402
f 3675/846/3403 3064/964/3403 1534/347/3403
f 3674/841/3404 3082/963/3404 1601/350/3404
f 3672/836/3405 3091/962/3405 1670/353/3405
f 3670/830/3406 3109/960/3406 1693/356/3406
f 3668/823/3407 3118/957/3407 1711/359/3407
f 3666/817/3408 3141/956/3408 1732/362/3408
f 3664/812/3409 3160/2137/3409 1753/365/3409
f 3661/805/3410 3177/2146/3410 1790/368/3410
f 3659/799/3411 3197/803/3411 1796/371/3411
f 3657/793/3412 3214/797/3412 1807/374/3412
f 3655/787/3413 3228/791/3413 1820/377/3413
f 3653/780/3414 3245/785/3414 1866/380/3414
f 3652/774/3415 3257/2182/3415 1879/383/3415
f 3650/769/3416 3277/2192/3416 1899/386/3416
f 3648/763/3417 3294/2197/3417 1925/389/3417
f 3645/756/3418 3305/2200/3418 1970/392/3418
f 3643/751/3419 3320/2203/3419 1983/395/3419
f 3642/745/3420 3331/2208/3420 2016/398/3420
f 3640/739/3421 3340/2211/3421 2058/401/3421
f 3638/734/3422 3351/2215/3422 2096/404/3422
f 3635/727/3423 3360/2220/3423 2167/407/3423
f 3633/722/3424 3371/2222/3424 2225/410/3424
f 3380/865/3425 2255/413/3425 3497/710/3425
f 3385/866/3426 2361/416/3426 3498/704/3426
f 3393/706/3427 2401/419/3427 3501/699/3427
f 3403/701/3428 2441/422/3428 3503/694/3428
f 3414/696/3429 2534/425/3429 3504/688/3429
f 3425/691/3430 2582/428/3430 3505/683/3430
f 3620/681/3452 3432/3203/3452 2616/434/3452
f 3618/673/3453 3442/2284/3453 449/437/3453
f 4031/873/3454 4030/943/3454 3614/450/3454
f 3614/450/505 3512/448/505 3012/671/505
f 3012/671/3455 4032/948/3455 4031/873/3455
f 3611/453/563 3513/451/563 2992/668/563
f 3609/456/3456 3515/454/3456 2984/664/3456
f 3608/459/508 3516/457/508 2970/661/508
f 3606/462/3457 3518/460/3457 2965/656/3457
f 3603/463/510 3520/718/510 2959/464/510
f 3601/468/511 3521/466/511 2934/649/511
f 3600/471/512 3523/469/512 2929/645/512
f 3597/474/513 3526/472/513 2908/640/513
f 3596/477/514 3528/475/514 2901/632/514
f 3594/480/554 3530/478/554 2888/627/554
f 3592/483/516 3532/481/516 2876/619/516
f 3590/486/551 3534/484/551 2869/615/551
f 3588/489/518 3535/487/518 2855/611/518
f 3537/490/547 2847/607/547 3281/491/547
f 3539/493/3458 2831/603/3458 3266/494/3458
f 3540/496/3459 2823/599/3459 3250/497/3459
f 3542/499/3460 2806/595/3460 3238/500/3460
f 3543/502/523 2802/592/523 3219/503/523
f 3545/505/540 2791/590/540 3202/506/540
f 3547/508/538 2783/585/538 3183/509/538
f 3549/511/526 2751/580/526 3167/512/526
f 3550/514/527 2745/571/527 3146/515/527
f 3875/875/3461 3871/3235/3461 3868/874/3461
f 3868/874/536 3553/517/536 2734/566/536
f 2734/566/536 3125/518/536 3875/875/536
f 3557/526/3462 2706/553/3462 3088/527/3462
f 3558/529/533 2691/550/533 3070/530/533
f 4036/3236/3463 4035/882/3463 3563/531/3463
f 3563/531/3464 3070/530/3464 4038/880/3464
f 4037/881/3465 4036/3236/3465 3563/531/3465
f 4040/884/3466 4034/879/3466 2669/547/3466
f 2669/547/3464 3558/529/3464 3563/531/3464
f 3563/531/3467 4039/883/3467 4040/884/3467
f 3882/885/530 3889/3237/530 3566/528/530
f 3566/528/534 3088/527/534 3884/886/534
f 3999/888/3468 4038/880/3468 3070/530/3468
f 3070/530/530 3566/528/530 3889/3237/530
f 3888/887/3469 3867/3238/3469 3999/888/3469
f 3070/530/530 3889/3237/530 3888/887/530
f 2691/550/530 3557/526/530 3566/528/530
f 3881/890/3470 3883/889/3470 3088/527/3470
f 3088/527/529 2706/553/529 3555/523/529
f 3555/523/3471 3887/877/3471 3881/890/3471
f 3146/515/527 3879/895/527 3877/893/527
f 3876/891/527 3125/518/527 3569/516/527
f 2734/566/527 3550/514/527 3569/516/527
f 3167/512/526 3878/898/526 3880/894/526
f 3571/513/526 3880/894/526 3879/895/526
f 2745/571/526 3549/511/526 3571/513/526
f 3573/510/525 3183/509/525 3864/896/525
f 3866/899/1781 3870/3239/1781 3878/898/1781
f 3878/898/538 3167/512/538 3573/510/538
f 3573/510/525 3865/897/525 3866/899/525
f 2751/580/525 3547/508/525 3573/510/525
f 3202/506/524 3861/903/524 3859/900/524
f 3860/901/524 3864/896/524 3183/509/524
f 3183/509/524 3576/507/524 3859/900/524
f 2783/585/524 3545/505/524 3576/507/524
f 3219/503/523 3863/905/523 3862/902/523
f 3578/504/523 3862/902/523 3861/903/523
f 2791/590/541 3543/502/541 3578/504/541
f 3238/500/543 3858/908/543 3857/904/543
f 3580/501/3460 3857/904/3460 3863/905/3460
f 2802/592/3472 3542/499/3472 3580/501/3472
f 3838/906/3473 3856/3240/3473 3581/498/3473
f 3581/498/544 3250/497/544 3837/907/544
f 3581/498/544 3856/3240/544 3858/908/544
f 2806/595/3474 3540/496/3474 3581/498/3474
f 3266/494/520 3840/911/520 3836/909/520
f 3584/495/520 3836/909/520 3837/907/520
f 2823/599/520 3539/493/520 3584/495/520
f 3281/491/519 3842/913/519 3839/910/519
f 3586/492/3475 3839/910/3475 3840/911/3475
f 2831/603/547 3537/490/547 3586/492/547
f 3300/488/548 3835/916/548 3841/912/548
f 3588/489/518 3841/912/518 3842/913/518
f 3281/491/518 2847/607/518 3535/487/518
f 3833/914/550 3834/3241/550 3590/486/550
f 3590/486/3476 3315/485/3476 3848/915/3476
f 3590/486/3477 3834/3241/3477 3835/916/3477
f 3300/488/551 2855/611/551 3534/484/551
f 3325/482/516 3847/919/516 3849/917/516
f 3592/483/516 3849/917/516 3848/915/516
f 3315/485/516 2869/615/516 3532/481/516
f 3333/479/515 3850/922/515 3846/918/515
f 3594/480/555 3846/918/555 3847/919/555
f 3325/482/555 2876/619/555 3530/478/555
f 3830/920/3478 3845/3242/3478 3596/477/3478
f 3596/477/514 3342/476/514 3829/921/514
f 3596/477/557 3845/3242/557 3850/922/557
f 3333/479/557 2888/627/557 3528/475/557
f 2088/924/3479 3828/3243/3479 3831/923/3479
f 3831/923/513 3597/474/513 3354/473/513
f 3597/474/513 3831/923/513 3829/921/513
f 3342/476/558 2901/632/558 3526/472/558
f 3364/470/559 3825/927/559 3827/925/559
f 3827/925/3480 3826/3244/3480 2088/924/3480
f 2088/924/559 3354/473/559 3600/471/559
f 3354/473/559 2908/640/559 3523/469/559
f 3372/467/511 3822/930/511 3832/926/511
f 3601/468/511 3832/926/511 3825/927/511
f 3364/470/511 2929/645/511 3521/466/511
f 3823/928/510 3603/463/510 3382/465/510
f 3822/930/510 3372/467/510 3603/463/510
f 3372/467/510 2934/649/510 3520/718/510
f 3606/462/509 3388/461/509 3820/931/509
f 3382/465/560 3606/462/560 3821/932/560
f 3382/465/509 2959/464/509 3518/460/509
f 3844/933/508 3843/936/508 3608/459/508
f 3608/459/508 3397/458/508 3851/934/508
f 3819/935/3481 3820/931/3481 3388/461/3481
f 3388/461/508 3608/459/508 3843/936/508
f 3388/461/3482 2965/656/3482 3516/457/3482
f 3609/456/3456 3407/455/3456 3852/937/3456
f 3397/458/507 3609/456/507 3853/938/507
f 3397/458/507 2970/661/507 3515/454/507
f 4043/3245/563 4046/947/563 3855/946/563
f 3854/939/563 3611/453/563 3418/452/563
f 3418/452/3483 4045/3246/3483 4044/3247/3483
f 3418/452/563 4044/3247/563 4042/940/563
f 4043/3245/563 3855/946/563 3854/939/563
f 4041/941/3484 4043/3245/3484 3854/939/3484
f 3854/939/3485 3418/452/3485 4042/940/3485
f 3407/455/563 3611/453/563 3854/939/563
f 3407/455/3486 2984/664/3486 3513/451/3486
f 4049/3248/505 4045/3246/505 3418/452/505
f 3418/452/505 3614/450/505 4047/942/505
f 4048/944/3487 4049/3248/3487 3418/452/3487
f 4050/945/3488 3997/3249/3488 3855/946/3488
f 3418/452/505 2992/668/505 3512/448/505
f 4053/3250/3489 4052/952/3489 3618/673/3489
f 3618/673/3490 3033/674/3490 4056/3251/3490
f 3618/673/3491 4056/3251/3491 4055/3252/3491
f 4054/951/3492 4053/3250/3492 3618/673/3492
f 3618/673/3493 4055/3252/3493 4057/950/3493
f 4059/3253/3494 4058/955/3494 3507/676/3494
f 3507/676/3495 3618/673/3495 4052/952/3495
f 4060/953/568 4059/3253/568 3507/676/568
f 2616/434/3496 3442/2284/3496 3618/673/3496
f 4062/954/3497 4061/3254/3497 3620/681/3497
f 3620/681/620 3507/676/620 4058/955/620
f 3620/681/3498 4061/3254/3498 4051/949/3498
f 4051/949/3499 3012/671/3499 3505/683/3499
f 2582/428/3500 3432/3203/3500 3620/681/3500
f 3622/687/3501 3505/683/3501 3012/671/3501
f 3504/688/3502 3622/687/3502 3512/448/3502
f 2534/425/3503 3425/691/3503 3622/687/3503
f 3623/693/3504 3504/688/3504 2992/668/3504
f 3503/694/3505 3623/693/3505 3513/451/3505
f 2441/422/3506 3414/696/3506 3623/693/3506
f 3626/698/3507 3503/694/3507 2984/664/3507
f 3501/699/3508 3626/698/3508 3515/454/3508
f 2401/419/3509 3403/701/3509 3626/698/3509
f 3628/703/3510 3501/699/3510 2970/661/3510
f 3498/704/3511 3628/703/3511 3516/457/3511
f 2361/416/3512 3393/706/3512 3628/703/3512
f 3518/460/3513 3630/708/3513 3498/704/3513
f 3497/710/3513 3630/708/3513 3518/460/3513
f 2255/413/3514 3385/866/3514 3630/708/3514
f 3520/718/3515 3631/715/3515 3497/710/3515
f 3495/717/3515 3631/715/3515 3520/718/3515
f 2225/410/3516 3380/865/3516 3631/715/3516
f 3521/466/3517 3633/722/3517 3495/717/3517
f 2929/645/3518 3494/723/3518 3633/722/3518
f 2167/407/3519 3371/2222/3519 3633/722/3519
f 3523/469/3520 3635/727/3520 3494/723/3520
f 2908/640/3521 3491/729/3521 3635/727/3521
f 2096/404/3522 3360/2220/3522 3635/727/3522
f 3526/472/3523 3638/734/3523 3491/729/3523
f 2901/632/3524 3489/735/3524 3638/734/3524
f 2058/401/3525 3351/2215/3525 3638/734/3525
f 3528/475/3526 3640/739/3526 3489/735/3526
f 2888/627/3527 3488/740/3527 3640/739/3527
f 2016/398/3421 3340/2211/3421 3640/739/3421
f 3530/478/3528 3642/745/3528 3488/740/3528
f 2876/619/3529 3486/746/3529 3642/745/3529
f 1983/395/3420 3331/2208/3420 3642/745/3420
f 3532/481/3530 3643/751/3530 3486/746/3530
f 2869/615/3531 3484/752/3531 3643/751/3531
f 1970/392/3532 3320/2203/3532 3643/751/3532
f 3534/484/3533 3645/756/3533 3484/752/3533
f 2855/611/3534 3482/758/3534 3645/756/3534
f 1925/389/3535 3305/2200/3535 3645/756/3535
f 3535/487/3536 3648/763/3536 3482/758/3536
f 3480/765/3537 3648/763/3537 3535/487/3537
f 1899/386/3538 3294/2197/3538 3648/763/3538
f 3537/490/3539 3650/769/3539 3480/765/3539
f 3477/770/3540 3650/769/3540 3537/490/3540
f 1879/383/3541 3277/2192/3541 3650/769/3541
f 3652/774/3542 3477/770/3542 2831/603/3542
f 3475/775/3543 3652/774/3543 3539/493/3543
f 1866/380/3544 3257/2182/3544 3652/774/3544
f 3653/780/3545 3475/775/3545 2823/599/3545
f 3473/782/3546 3653/780/3546 3540/496/3546
f 1820/377/3547 3245/785/3547 3653/780/3547
f 3655/787/3548 3473/782/3548 2806/595/3548
f 3472/789/3549 3655/787/3549 3542/499/3549
f 1807/374/3550 3228/791/3550 3655/787/3550
f 3657/793/3551 3472/789/3551 2802/592/3551
f 3470/795/3552 3657/793/3552 3543/502/3552
f 1796/371/3412 3214/797/3412 3657/793/3412
f 3659/799/3553 3470/795/3553 2791/590/3553
f 3467/800/3554 3659/799/3554 3545/505/3554
f 1790/368/3555 3197/803/3555 3659/799/3555
f 3661/805/3556 3467/800/3556 2783/585/3556
f 3466/807/3557 3661/805/3557 3547/508/3557
f 1753/365/3558 3177/2146/3558 3661/805/3558
f 3664/812/3559 3466/807/3559 2751/580/3559
f 3463/813/3560 3664/812/3560 3549/511/3560
f 1732/362/3561 3160/2137/3561 3664/812/3561
f 3550/514/3562 3666/817/3562 3463/813/3562
f 3462/819/3562 3666/817/3562 3550/514/3562
f 3462/819/3563 1711/359/3563 3141/956/3563
f 3553/517/3564 3668/823/3564 3462/819/3564
f 3869/892/3565 3872/3255/3565 3460/825/3565
f 3460/825/3564 3668/823/3564 3553/517/3564
f 3460/825/3566 1693/356/3566 3118/957/3566
f 3460/825/3567 3872/3255/3567 3873/958/3567
f 3874/959/3568 3885/3256/3568 3457/832/3568
f 3457/832/3569 3670/830/3569 3873/958/3569
f 3457/832/3570 1670/353/3570 3109/960/3570
f 3457/832/3571 3885/3256/3571 3886/961/3571
f 3886/961/3572 3555/523/3572 3672/836/3572
f 2706/553/3573 3456/837/3573 3672/836/3573
f 3456/837/3574 1601/350/3574 3091/962/3574
f 3557/526/3575 3674/841/3575 3456/837/3575
f 2691/550/3576 3453/842/3576 3674/841/3576
f 3453/842/3577 1534/347/3577 3082/963/3577
f 3558/529/3578 3675/846/3578 3453/842/3578
f 2669/547/3579 3451/848/3579 3675/846/3579
f 3451/848/3580 1336/344/3580 3064/964/3580
f 2669/547/3581 4033/878/3581 4063/965/3581
f 4063/965/3582 3678/853/3582 3451/848/3582
f 4065/966/3583 4064/967/3583 3448/855/3583
f 3448/855/3582 3678/853/3582 4063/965/3582
f 1256/341/3584 3049/3212/3584 3678/853/3584
f 4067/3257/3585 4066/3258/3585 3680/859/3585
f 3680/859/3586 3448/855/3586 4064/967/3586
f 4068/968/3587 4067/3257/3587 3680/859/3587
f 4069/3259/3588 4056/3260/3588 3033/861/3588
f 3033/861/3589 3680/859/3589 4066/3258/3589
f 3033/861/3590 4066/3258/3590 4072/3261/3590
f 4070/970/3591 4069/3259/3591 3033/861/3591
f 3033/861/3592 4072/3261/3592 4071/969/3592
f 449/971/3593 3025/2287/3593 3680/859/3593
f 3449/859/3594 2653/2287/3594 906/341/3594
f 3446/853/3595 2667/3212/3595 1294/344/3595
f 3445/846/3596 2685/964/3596 1367/347/3596
f 3443/841/3597 2719/963/3597 1463/350/3597
f 3441/836/3598 2737/962/3598 1555/353/3598
f 3439/830/3599 2756/960/3599 1590/356/3599
f 3438/823/3600 2780/957/3600 1649/359/3600
f 3436/817/3601 2792/956/3601 1674/362/3601
f 3434/812/3602 2811/2137/3602 1680/365/3602
f 3433/805/3603 2829/2146/3603 1698/368/3603
f 3431/799/3604 2842/803/3604 1717/371/3604
f 3429/793/3605 2858/797/3605 1730/374/3605
f 3427/787/3606 2874/791/3606 1735/377/3606
f 3426/780/3607 2895/785/3607 1745/380/3607
f 3423/774/3608 2913/2182/3608 1769/383/3608
f 3421/769/3609 2930/2192/3609 1791/386/3609
f 3420/763/3610 2947/2197/3610 1798/389/3610
f 3417/756/3611 2968/2200/3611 1803/392/3611
f 3416/751/3612 2985/2203/3612 1817/395/3612
f 3413/745/3613 3003/2208/3613 1838/398/3613
f 3412/739/3614 3017/2211/3614 1858/401/3614
f 3410/734/3615 3028/2215/3615 1875/404/3615
f 3408/727/3616 3037/2220/3616 1883/407/3616
f 3405/722/3617 3045/2222/3617 1906/410/3617
f 3055/865/3618 1917/413/3618 3217/710/3618
f 3068/866/3619 1939/416/3619 3220/704/3619
f 3076/706/3620 1958/419/3620 3224/699/3620
f 3085/701/3621 1972/422/3621 3226/694/3621
f 3093/696/3622 1976/425/3622 3231/688/3622
f 3106/691/3623 1993/428/3623 3234/683/3623
f 3391/681/3649 3115/3203/3649 2023/434/3649
f 3389/673/3650 3120/2284/3650 275/437/3650
f 4146/975/3651 4145/1050/3651 3386/450/3651
f 3386/450/751 3247/448/751 2585/671/751
f 2585/671/750 4147/1052/750 4146/975/750
f 3383/453/3652 3251/451/3652 2577/668/3652
f 3940/976/698 3944/1044/698 3253/454/698
f 3253/454/747 2547/664/747 3086/455/747
f 3086/455/698 3945/1043/698 3940/976/698
f 3379/463/700 3262/718/700 2529/464/700
f 3377/468/701 3268/466/701 2513/649/701
f 3375/471/702 3272/469/702 2475/645/702
f 3373/474/744 3273/472/744 2446/640/744
f 3370/477/704 3275/475/704 2440/632/704
f 3369/480/3653 3278/478/3653 2412/627/3653
f 3366/483/741 3280/481/741 2383/619/741
f 3365/486/707 3286/484/707 2368/615/707
f 3363/489/739 3288/487/739 2342/611/739
f 3292/490/737 2318/607/737 2942/491/737
f 3295/493/710 2302/603/710 2928/494/710
f 3297/496/3654 2283/599/3654 2904/497/3654
f 3299/499/712 2266/595/712 2886/500/712
f 3301/502/732 2237/592/732 2867/503/732
f 3303/505/3655 2230/590/3655 2849/506/3655
f 3307/508/715 2214/585/715 2833/509/715
f 3310/511/716 2187/580/716 2818/512/716
f 3316/514/717 2180/571/717 2800/515/717
f 3318/517/718 2160/566/718 2789/518/718
f 3319/520/3656 2135/562/3656 2768/521/3656
f 3322/523/730 2104/557/730 2741/524/730
f 3323/526/3657 2092/553/3657 2725/527/3657
f 3326/529/724 2084/550/724 2695/530/724
f 4151/3262/3658 4150/986/3658 3334/531/3658
f 3334/531/3659 2695/530/3659 4155/981/3659
f 4152/982/3660 4151/3262/3660 3334/531/3660
f 3932/983/3661 4112/3263/3661 4153/984/3661
f 4157/988/3662 4149/980/3662 2064/547/3662
f 2064/547/722 3326/529/722 3334/531/722
f 3334/531/3663 4156/987/3663 4157/988/3663
f 3931/989/3664 3337/528/3664 2725/527/3664
f 4159/3264/3665 4155/981/3665 2695/530/3665
f 2695/530/3664 3337/528/3664 3931/989/3664
f 3931/989/728 3932/983/728 4154/985/728
f 3931/989/3657 4154/985/3657 4161/3265/3657
f 4158/992/3664 4159/3264/3664 2695/530/3664
f 3931/989/3666 4161/3265/3666 4160/991/3666
f 4158/992/3667 2695/530/3667 3931/989/3667
f 2084/550/3657 3323/526/3657 3337/528/3657
f 2741/524/730 3935/996/730 3933/993/730
f 3339/525/730 3933/993/730 3934/990/730
f 2092/553/3668 3322/523/3668 3339/525/3668
f 3891/994/3669 3936/3266/3669 3341/522/3669
f 3341/522/3656 2768/521/3656 3890/995/3656
f 3341/522/3656 3936/3266/3656 3935/996/3656
f 2104/557/3656 3319/520/3656 3341/522/3656
f 2789/518/718 3893/1000/718 3892/997/718
f 3343/519/718 3892/997/718 3890/995/718
f 2135/562/718 3318/517/718 3343/519/718
f 3345/516/717 2800/515/717 3894/998/717
f 2789/518/717 3345/516/717 3898/999/717
f 2160/566/717 3316/514/717 3345/516/717
f 3346/513/716 2818/512/716 3896/1001/716
f 2800/515/716 3346/513/716 3897/1002/716
f 2180/571/716 3310/511/716 3346/513/716
f 3348/510/715 2833/509/715 3901/1003/715
f 3895/1005/715 3896/1001/715 2818/512/715
f 2818/512/715 3348/510/715 3899/1004/715
f 2187/580/715 3307/508/715 3348/510/715
f 3350/507/3655 2849/506/3655 3905/1006/3655
f 2833/509/3655 3350/507/3655 3900/1007/3655
f 2214/585/3655 3303/505/3655 3350/507/3655
f 3352/504/732 2867/503/732 3903/1008/732
f 2849/506/732 3352/504/732 3904/1009/732
f 2230/590/732 3301/502/732 3352/504/732
f 3355/501/3670 2886/500/3670 3912/1010/3670
f 3902/1012/712 3903/1008/712 2867/503/712
f 2867/503/712 3355/501/712 3911/1011/712
f 2237/592/712 3299/499/712 3355/501/712
f 3357/498/3671 2904/497/3671 3913/1013/3671
f 2886/500/711 3357/498/711 3910/1014/711
f 2266/595/3671 3297/496/3671 3357/498/3671
f 3359/495/710 2928/494/710 3908/1015/710
f 2904/497/710 3359/495/710 3909/1016/710
f 2283/599/710 3295/493/710 3359/495/710
f 3906/1017/737 3907/1019/737 3361/492/737
f 3361/492/737 2942/491/737 3929/1018/737
f 2928/494/709 3361/492/709 3907/1019/709
f 2302/603/737 3292/490/737 3361/492/737
f 3363/489/739 2961/488/739 3927/1020/739
f 2942/491/739 3363/489/739 3928/1021/739
f 2942/491/739 2318/607/739 3288/487/739
f 3365/486/707 2973/485/707 3926/1022/707
f 2961/488/707 3365/486/707 3930/1023/707
f 2961/488/707 2342/611/707 3286/484/707
f 3917/1024/3672 3925/1026/3672 3366/483/3672
f 3366/483/706 2989/482/706 3916/1025/706
f 2973/485/3672 3366/483/3672 3925/1026/3672
f 2973/485/741 2368/615/741 3280/481/741
f 3369/480/705 3005/479/705 3919/1027/705
f 2989/482/705 3369/480/705 3915/1028/705
f 2989/482/705 2383/619/705 3278/478/705
f 3370/477/704 3023/476/704 3923/1029/704
f 3005/479/704 3370/477/704 3918/1030/704
f 3005/479/704 2412/627/704 3275/475/704
f 3373/474/744 3030/473/744 3922/1031/744
f 3023/476/703 3373/474/703 3924/1032/703
f 3023/476/744 2440/632/744 3273/472/744
f 3041/470/702 3952/1037/702 3921/1033/702
f 3921/1033/702 3920/1034/702 3375/471/702
f 3030/473/702 3375/471/702 3920/1034/702
f 3030/473/702 2446/640/702 3272/469/702
f 3377/468/701 3051/467/701 3953/1035/701
f 3041/470/701 3377/468/701 3951/1036/701
f 3041/470/701 2475/645/701 3268/466/701
f 3379/463/700 3060/465/700 3947/1038/700
f 3051/467/700 3379/463/700 3950/1039/700
f 3051/467/700 2513/649/700 3262/718/700
f 3949/1041/3673 3948/1040/3673 3060/465/3673
f 3060/465/3674 2529/464/3674 3260/460/3674
f 3260/460/745 3955/978/745 3949/1041/745
f 4162/3267/3675 4111/3268/3675 3914/1046/3675
f 3914/1046/3676 3939/3269/3676 3938/1047/3676
f 3938/1047/748 3383/453/748 3097/452/748
f 3097/452/748 4162/3267/748 3914/1046/748
f 3937/1048/3677 3946/1042/3677 3086/455/3677
f 3383/453/748 3938/1047/748 3937/1048/748
f 3086/455/3678 2547/664/3678 3251/451/3678
f 4165/3270/751 4162/3267/751 3097/452/751
f 3097/452/3679 3386/450/3679 4163/1049/3679
f 4164/1051/3680 4165/3270/3680 3097/452/3680
f 3097/452/750 2577/668/750 3247/448/750
f 4168/3271/3681 4167/1056/3681 3389/673/3681
f 3389/673/3682 2660/674/3682 4171/3272/3682
f 3389/673/3683 4171/3272/3683 4170/3273/3683
f 4169/1055/3684 4168/3271/3684 3389/673/3684
f 3389/673/3684 4170/3273/3684 4172/1054/3684
f 4174/3274/3685 4173/1059/3685 3239/676/3685
f 3239/676/3686 3389/673/3686 4167/1056/3686
f 4175/1057/3687 4174/3274/3687 3239/676/3687
f 2023/434/3650 3120/2284/3650 3389/673/3650
f 4177/1058/3688 4176/1060/3688 3391/681/3688
f 3391/681/3689 3239/676/3689 4173/1059/3689
f 4176/1060/757 4166/1053/757 2585/671/757
f 2585/671/3690 3234/683/3690 3391/681/3690
f 1993/428/3691 3115/3203/3691 3391/681/3691
f 3394/687/3692 3234/683/3692 2585/671/3692
f 3231/688/3693 3394/687/3693 3247/448/3693
f 1976/425/3694 3106/691/3694 3394/687/3694
f 3396/693/3695 3231/688/3695 2577/668/3695
f 3226/694/3696 3396/693/3696 3251/451/3696
f 1972/422/3697 3093/696/3697 3396/693/3697
f 3398/698/3698 3226/694/3698 2547/664/3698
f 3253/454/3699 3943/1045/3699 3942/1061/3699
f 3942/1061/3700 3224/699/3700 3398/698/3700
f 1958/419/3701 3085/701/3701 3398/698/3701
f 3941/1062/3702 3954/1063/3702 3400/703/3702
f 3400/703/3703 3224/699/3703 3942/1061/3703
f 3220/704/3704 3400/703/3704 3954/1063/3704
f 1939/416/3705 3076/706/3705 3400/703/3705
f 3957/1064/3706 3956/977/3706 3260/460/3706
f 3260/460/3707 3402/708/3707 3220/704/3707
f 3217/710/3707 3402/708/3707 3260/460/3707
f 1917/413/3708 3068/866/3708 3402/708/3708
f 3262/718/3709 3404/715/3709 3217/710/3709
f 3213/717/3710 3404/715/3710 3262/718/3710
f 1906/410/3711 3055/865/3711 3404/715/3711
f 3268/466/3712 3405/722/3712 3213/717/3712
f 2475/645/3713 3209/723/3713 3405/722/3713
f 1883/407/3617 3045/2222/3617 3405/722/3617
f 3272/469/3714 3408/727/3714 3209/723/3714
f 2446/640/3715 3204/729/3715 3408/727/3715
f 1875/404/3716 3037/2220/3716 3408/727/3716
f 3273/472/3717 3410/734/3717 3204/729/3717
f 2440/632/3718 3200/735/3718 3410/734/3718
f 1858/401/3719 3028/2215/3719 3410/734/3719
f 3275/475/3720 3412/739/3720 3200/735/3720
f 2412/627/3721 3199/740/3721 3412/739/3721
f 1838/398/3722 3017/2211/3722 3412/739/3722
f 3278/478/3723 3413/745/3723 3199/740/3723
f 2383/619/3724 3196/746/3724 3413/745/3724
f 1817/395/3613 3003/2208/3613 3413/745/3613
f 3280/481/3725 3416/751/3725 3196/746/3725
f 2368/615/3726 3192/752/3726 3416/751/3726
f 1803/392/3727 2985/2203/3727 3416/751/3727
f 3286/484/3728 3417/756/3728 3192/752/3728
f 2342/611/3729 3190/758/3729 3417/756/3729
f 1798/389/3730 2968/2200/3730 3417/756/3730
f 3288/487/3731 3420/763/3731 3190/758/3731
f 3186/765/3731 3420/763/3731 3288/487/3731
f 1791/386/3732 2947/2197/3732 3420/763/3732
f 3292/490/3733 3421/769/3733 3186/765/3733
f 3179/770/3733 3421/769/3733 3292/490/3733
f 1769/383/3734 2930/2192/3734 3421/769/3734
f 3423/774/3735 3179/770/3735 2302/603/3735
f 3175/775/3736 3423/774/3736 3295/493/3736
f 1745/380/3737 2913/2182/3737 3423/774/3737
f 3426/780/3738 3175/775/3738 2283/599/3738
f 3173/782/3739 3426/780/3739 3297/496/3739
f 1735/377/3740 2895/785/3740 3426/780/3740
f 3427/787/3741 3173/782/3741 2266/595/3741
f 3170/789/3742 3427/787/3742 3299/499/3742
f 1730/374/3606 2874/791/3606 3427/787/3606
f 3429/793/3743 3170/789/3743 2237/592/3743
f 3166/795/3744 3429/793/3744 3301/502/3744
f 1717/371/3745 2858/797/3745 3429/793/3745
f 3431/799/3746 3166/795/3746 2230/590/3746
f 3162/800/3747 3431/799/3747 3303/505/3747
f 1698/368/3748 2842/803/3748 3431/799/3748
f 3433/805/3749 3162/800/3749 2214/585/3749
f 3158/807/3750 3433/805/3750 3307/508/3750
f 1680/365/3751 2829/2146/3751 3433/805/3751
f 3434/812/3752 3158/807/3752 2187/580/3752
f 3156/813/3753 3434/812/3753 3310/511/3753
f 1674/362/3602 2811/2137/3602 3434/812/3602
f 3316/514/3754 3436/817/3754 3156/813/3754
f 3152/819/3755 3436/817/3755 3316/514/3755
f 3152/819/3756 1649/359/3756 2792/956/3756
f 3318/517/3757 3438/823/3757 3152/819/3757
f 3147/825/3757 3438/823/3757 3318/517/3757
f 3147/825/3758 1590/356/3758 2780/957/3758
f 3319/520/3759 3439/830/3759 3147/825/3759
f 2104/557/3760 3142/832/3760 3439/830/3760
f 3142/832/3761 1555/353/3761 2756/960/3761
f 3322/523/3762 3441/836/3762 3142/832/3762
f 2092/553/3763 3139/837/3763 3441/836/3763
f 3139/837/3764 1463/350/3764 2737/962/3764
f 3323/526/3765 3443/841/3765 3139/837/3765
f 2084/550/3766 3137/842/3766 3443/841/3766
f 3137/842/3767 1367/347/3767 2719/963/3767
f 3326/529/3768 3445/846/3768 3137/842/3768
f 2064/547/3769 3133/848/3769 3445/846/3769
f 3133/848/3770 1294/344/3770 2685/964/3770
f 4148/979/3771 4178/1066/3771 3446/853/3771
f 3446/853/3772 3133/848/3772 2064/547/3772
f 4180/1065/3773 4179/1067/3773 3130/855/3773
f 3130/855/3774 3446/853/3774 4178/1066/3774
f 906/341/3775 2667/3212/3775 3446/853/3775
f 4182/3275/3776 4181/3276/3776 3449/859/3776
f 3449/859/3777 3130/855/3777 4179/1067/3777
f 4183/1068/3778 4182/3275/3778 3449/859/3778
f 4184/3277/3779 4171/3278/3779 2660/861/3779
f 2660/861/3780 3449/859/3780 4181/3276/3780
f 2660/861/3781 4181/3276/3781 4187/3279/3781
f 4185/1070/3782 4184/3277/3782 2660/861/3782
f 2660/861/3781 4187/3279/3781 4186/1069/3781
f 275/971/3594 2653/2287/3594 3449/859/3594
f 2981/1083/3783 4072/3280/3783 4066/1084/3783
f 4038/1086/3784 3999/3281/3784 3998/3282/3784
f 4003/1087/854 4008/3283/854 4037/1088/854
f 4038/1086/3785 3998/3282/3785 4003/1087/3785
f 2051/1090/3786 4036/1091/3786 4037/1088/3786
f 4037/1088/855 4008/3283/855 4012/1089/855
f 4039/1092/3787 4035/3284/3787 4036/1091/3787
f 2051/1090/3788 4040/3285/3788 4039/1092/3788
f 4064/1096/3789 4065/3286/3789 2176/1097/3789
f 2176/1097/3789 2981/1660/3789 4068/1098/3789
f 4011/1099/3790 2166/1100/3790 2051/1090/3790
f 4034/3287/3791 4040/3285/3791 2051/1090/3791
f 2176/1097/3792 4065/3286/3792 4063/3288/3792
f 4033/1101/3793 4034/3287/3793 2051/1090/3793
f 2176/1097/3794 4063/3288/3794 4033/1101/3794
f 4033/1101/3795 2051/1090/3795 2166/1100/3795
f 4010/1102/861 2304/1479/861 2166/1100/861
f 2166/1100/3796 2304/1479/3796 2316/1103/3796
f 2459/1105/2454 2304/1479/2454 4010/1102/2454
f 2316/1103/865 2304/1479/865 2459/1105/865
f 2609/1109/867 2459/1105/867 4009/1106/867
f 2477/1107/3797 2459/1105/3797 2609/1109/3797
f 2692/1113/3798 2609/1109/3798 4006/1110/3798
f 2631/1111/3799 2609/1109/3799 2692/1113/3799
f 4002/1117/873 4004/3289/873 2758/1118/873
f 2758/1118/873 2692/1113/873 4007/1114/873
f 2697/1115/874 2692/1113/874 2758/1118/874
f 2758/1118/3800 4004/3289/3800 4005/1122/3800
f 4005/1122/2776 2813/1121/2776 2816/1124/2776
f 3960/1125/878 4028/3290/878 4029/1126/878
f 2765/1119/3801 2758/1118/3801 2816/1124/3801
f 4027/1131/881 4028/3290/881 3960/1125/881
f 3960/1125/881 3959/1146/881 2834/1130/881
f 2834/1130/881 2838/1160/881 4027/1131/881
f 2821/1128/3802 2816/1124/3802 2864/1132/3802
f 4023/1134/3803 4026/3291/3803 4027/1131/3803
f 4027/1131/3804 2838/1160/3804 2845/924/3804
f 2845/924/883 4022/1137/883 4023/1134/883
f 2845/924/885 4024/1164/885 4021/1136/885
f 4013/1141/1208 4014/1140/1208 2852/1139/1208
f 2852/1139/1208 2854/1144/1208 4017/1142/1208
f 4001/1143/888 4017/1142/888 2854/1144/888
f 2854/1144/1210 2860/1148/1210 2813/1121/1210
f 2813/1121/1210 4000/1123/1210 4001/1143/1210
f 3958/1147/1211 3968/3292/1211 3969/1145/1211
f 3969/1145/1211 2834/1130/1211 3959/1146/1211
f 2816/1124/890 2813/1121/890 2860/1148/890
f 4015/1149/891 4020/1166/891 2902/1150/891
f 2902/1150/891 2907/1151/891 2852/1139/891
f 2852/1139/3805 4016/1138/3805 4015/1149/3805
f 2854/1144/892 2852/1139/892 2907/1151/892
f 2860/1148/894 2854/1144/894 2911/1152/894
f 3963/1157/3806 3962/1154/3806 2879/1153/3806
f 2879/1153/895 2885/1181/895 2834/1130/895
f 2834/1130/895 3969/1145/895 3963/1157/895
f 2864/1132/896 2860/1148/896 2918/1156/896
f 2834/1130/897 2885/1181/897 2890/1159/897
f 2866/1133/3807 2864/1132/3807 2922/1158/3807
f 2838/1160/899 2890/1159/899 2894/1162/899
f 2899/1165/2489 4025/3293/2489 4024/1164/2489
f 4024/1164/2489 2845/924/2489 2894/1162/2489
f 4019/3294/1213 4025/3293/1213 2899/1165/1213
f 2899/1165/1213 2902/1150/1213 4020/1166/1213
f 4018/1167/1213 4019/3294/1213 2899/1165/1213
f 2924/1161/903 2922/1158/903 2972/1168/903
f 2890/1159/3808 2945/1182/3808 2950/1170/3808
f 2899/1165/906 2894/1162/906 2950/1170/906
f 2902/1150/907 2899/1165/907 2954/1172/907
f 2907/1151/908 2902/1150/908 2960/1173/908
f 2911/1152/910 2907/1151/910 2963/1174/910
f 3964/1155/911 3967/1176/911 2932/1175/911
f 2932/1175/911 2937/1184/911 2879/1153/911
f 2918/1156/912 2911/1152/912 2964/1178/912
f 2879/1153/913 2937/1184/913 2940/1180/913
f 2922/1158/2789 2918/1156/2789 2966/1179/2789
f 2885/1181/915 2940/1180/915 2945/1182/915
f 2963/1174/916 3014/1196/916 3016/1183/916
f 2937/1184/917 2932/1175/917 2987/1185/917
f 2964/1178/918 3016/1183/918 3018/1187/918
f 2940/1180/919 2937/1184/919 2991/1186/919
f 2966/1179/2791 3018/1187/2791 3020/1189/2791
f 2945/1182/921 2940/1180/921 2995/1188/921
f 2972/1168/3809 3020/1189/3809 3022/1191/3809
f 2950/1170/3810 2945/1182/3810 3000/1190/3810
f 2950/1170/925 3004/1192/925 3007/1194/925
f 2954/1172/926 3007/1194/926 3008/1195/926
f 3966/1197/1216 3987/1206/1216 2987/1185/1216
f 2987/1185/928 2932/1175/928 3965/1177/928
f 3004/1192/930 3038/1214/930 3039/1200/930
f 3007/1194/931 3039/1200/931 3042/1201/931
f 3008/1195/933 3042/1201/933 3043/1205/933
f 3987/1206/3811 3985/1204/3811 3026/1203/3811
f 3026/1203/934 3031/1208/934 2987/1185/934
f 3014/1196/935 3043/1205/935 3047/1207/935
f 2991/1186/936 2987/1185/936 3031/1208/936
f 3016/1183/937 3047/1207/937 3048/1210/937
f 2995/1188/938 2991/1186/938 3032/1209/938
f 3018/1187/939 3048/1210/939 3050/1212/939
f 3000/1190/940 2995/1188/940 3035/1211/940
f 3020/1189/941 3050/1212/941 3052/1199/941
f 3004/1192/2503 3000/1190/2503 3036/1213/2503
f 3032/1209/2668 3031/1208/2668 3057/1215/2668
f 3047/1207/944 3075/1229/944 3077/1217/944
f 3035/1211/945 3032/1209/945 3059/1216/945
f 3048/1210/946 3077/1217/946 3081/1219/946
f 3036/1213/947 3035/1211/947 3063/1218/947
f 3050/1212/948 3081/1219/948 3083/1221/948
f 3038/1214/3812 3036/1213/3812 3066/1220/3812
f 3038/1214/2513 3067/1222/2513 3069/1224/2513
f 3039/1200/952 3069/1224/952 3071/1225/952
f 3988/1226/953 3056/1228/953 3026/1203/953
f 3042/1201/954 3071/1225/954 3073/1227/954
f 3031/1208/955 3026/1203/955 3056/1228/955
f 3043/1205/956 3073/1227/956 3075/1229/956
f 3067/1222/957 3100/1243/957 3102/1230/957
f 3069/1224/958 3102/1230/958 3103/1231/958
f 3983/1232/959 3087/1234/959 3056/1228/959
f 3071/1225/960 3103/1231/960 3105/1233/960
f 3057/1215/961 3056/1228/961 3087/1234/961
f 3073/1227/962 3105/1233/962 3107/1236/962
f 3059/1216/3813 3057/1215/3813 3090/1235/3813
f 3075/1229/964 3107/1236/964 3108/1238/964
f 3063/1218/965 3059/1216/965 3092/1237/965
f 3077/1217/966 3108/1238/966 3111/1240/966
f 3066/1220/967 3063/1218/967 3095/1239/967
f 3081/1219/3814 3111/1240/3814 3114/1242/3814
f 3067/1222/969 3066/1220/969 3098/1241/969
f 3107/1236/971 3134/1259/971 3135/1245/971
f 3095/1239/972 3092/1237/972 3121/1246/972
f 3108/1238/2677 3135/1245/2677 3138/1248/2677
f 3098/1241/974 3095/1239/974 3122/1247/974
f 3111/1240/3815 3138/1248/3815 3140/1250/3815
f 3100/1243/976 3098/1241/976 3124/1249/976
f 3100/1243/2523 3126/1251/2523 3127/1253/2523
f 3102/1230/979 3127/1253/979 3129/1254/979
f 3984/1255/980 3117/1257/980 3087/1234/980
f 3103/1231/981 3129/1254/981 3132/1256/981
f 3090/1235/982 3087/1234/982 3117/1257/982
f 3105/1233/983 3132/1256/983 3134/1259/983
f 3092/1237/984 3090/1235/984 3119/1258/984
f 3127/1253/985 3155/1274/985 3157/1260/985
f 3975/1261/2528 3976/3295/2528 3144/1262/2528
f 3144/1262/2528 3117/1257/2528 3984/1255/2528
f 3129/1254/987 3157/1260/987 3159/1263/987
f 3119/1258/988 3117/1257/988 3144/1262/988
f 3132/1256/2809 3159/1263/2809 3161/1265/2809
f 3121/1246/2682 3119/1258/2682 3145/1264/2682
f 3134/1259/991 3161/1265/991 3163/1267/991
f 3122/1247/992 3121/1246/992 3148/1266/992
f 3135/1245/1222 3163/1267/1222 3165/1269/1222
f 3124/1249/994 3122/1247/994 3149/1268/994
f 3138/1248/995 3165/1269/995 3168/1271/995
f 3126/1251/3816 3124/1249/3816 3151/1270/3816
f 3126/1251/3817 3153/1272/3817 3155/1274/3817
f 3149/1268/2532 3148/1266/2532 3176/1275/2532
f 3163/1267/1000 3191/1289/1000 3194/1277/1000
f 3151/1270/1001 3149/1268/1001 3178/1276/1001
f 3165/1269/3818 3194/1277/3818 3195/1279/3818
f 3153/1272/3819 3151/1270/3819 3180/1278/3819
f 3153/1272/1005 3181/1280/1005 3184/1282/1005
f 3155/1274/1006 3184/1282/1006 3185/1283/1006
f 3144/1262/3820 3976/3295/3820 3978/1284/3820
f 3157/1260/3821 3185/1283/3821 3188/1286/3821
f 3145/1264/1009 3144/1262/1009 3171/1285/1009
f 3159/1263/1010 3188/1286/1010 3189/1288/1010
f 3148/1266/1011 3145/1264/1011 3174/1287/1011
f 3161/1265/1012 3189/1288/1012 3191/1289/1012
f 3184/1282/1013 3211/1303/1013 3212/1290/1013
f 3185/1283/1015 3212/1290/1015 3215/1292/1015
f 3977/1291/3822 3982/3296/3822 3201/1293/3822
f 3201/1293/1016 3174/1287/1016 3171/1285/1016
f 3188/1286/1017 3215/1292/1017 3216/1294/1017
f 3176/1275/1018 3174/1287/1018 3201/1293/1018
f 3189/1288/1019 3216/1294/1019 3218/1296/1019
f 3178/1276/1020 3176/1275/1020 3203/1295/1020
f 3191/1289/1021 3218/1296/1021 3221/1298/1021
f 3180/1278/1022 3178/1276/1022 3205/1297/1022
f 3194/1277/2694 3221/1298/2694 3223/1300/2694
f 3181/1280/3823 3180/1278/3823 3207/1299/3823
f 3181/1280/3824 3208/1301/3824 3211/1303/3824
f 3221/1304/1027 3218/1328/1027 3244/1305/1027
f 3205/1307/1028 3232/1329/1028 3233/1308/1028
f 3223/1310/1029 3221/1304/1029 3246/1306/1029
f 3207/1309/1030 3233/1308/1030 3235/1312/1030
f 3211/1315/2546 3208/1313/2546 3235/1312/2546
f 3212/1317/1033 3211/1315/1033 3237/1316/1033
f 3215/1319/1034 3212/1317/1034 3240/1318/1034
f 3201/1321/1035 3982/3297/1035 3980/1322/1035
f 3216/1324/1036 3215/1319/1036 3241/1320/1036
f 3201/1321/1037 3227/1323/1037 3230/1326/1037
f 3218/1328/1038 3216/1324/1038 3243/1325/1038
f 3203/1327/1039 3230/1326/1039 3232/1329/1039
f 3241/1320/2821 3240/1318/2821 3264/1330/2821
f 3243/1325/2553 3241/1320/2553 3265/1331/2553
f 3981/1332/2702 3979/3298/2702 3254/1334/2702
f 3254/1334/1043 3230/1326/1043 3227/1323/1043
f 3244/1305/1044 3243/1325/1044 3267/1333/1044
f 3230/1326/2554 3254/1334/2554 3256/1336/2554
f 3246/1306/1046 3244/1305/1046 3269/1335/1046
f 3232/1329/1047 3256/1336/1047 3258/1338/1047
f 4051/1339/3825 4061/3299/3825 4062/1343/3825
f 3246/1306/2704 3271/1337/2704 4031/1345/2704
f 3246/1306/3826 4031/1345/3826 4032/3300/3826
f 4051/1339/3827 4062/1343/3827 3248/1311/3827
f 3246/1306/2704 4032/3300/2704 4051/1339/2704
f 3233/1308/1049 3258/1338/1049 3259/1340/1049
f 4058/1341/3828 4059/3301/3828 2981/1342/3828
f 2981/1342/3829 3248/1311/3829 4062/1343/3829
f 3237/1316/1051 3235/1312/1051 3259/1340/1051
f 3240/1318/1052 3237/1316/1052 3261/1344/1052
f 4047/1347/3830 4030/3302/3830 4031/1345/3830
f 4031/1345/3831 3271/1337/3831 4048/1346/3831
f 3258/1338/2557 3282/1360/2557 3284/1348/2557
f 3261/1344/2559 3259/1340/2559 3284/1348/2559
f 3264/1330/1057 3261/1344/1057 3285/1352/1057
f 3265/1331/1058 3264/1330/1058 3287/1353/1058
f 3267/1333/1059 3265/1331/1059 3290/1354/1059
f 3254/1334/2828 3979/3298/2828 3971/1356/2828
f 3269/1335/1061 3267/1333/1061 3291/1355/1061
f 3970/1357/1062 3974/1364/1062 3279/1359/1062
f 3279/1359/1062 3256/1336/1062 3254/1334/1062
f 3293/1358/3832 4049/3303/3832 4048/1346/3832
f 4048/1346/1063 3271/1337/1063 3269/1335/1063
f 3256/1336/1064 3279/1359/1064 3282/1360/1064
f 3291/1355/1065 3290/1354/1065 3311/1361/1065
f 3293/1358/1066 3291/1355/1066 3313/1362/1066
f 4045/1366/3833 4049/3303/3833 3293/1358/3833
f 3293/1358/2715 3314/1363/2715 4044/1367/2715
f 3972/1368/3834 3990/1370/3834 3282/1360/3834
f 3282/1360/1069 3279/1359/1069 3973/1365/1069
f 3990/1370/2832 3989/1377/2832 3304/1369/2832
f 3304/1369/1070 3284/1348/1070 3282/1360/1070
f 2981/1371/3835 4060/3304/3835 4052/1372/3835
f 3285/1352/1072 3284/1348/1072 3304/1369/1072
f 3287/1353/1073 3285/1352/1073 3306/1374/1073
f 3290/1354/1074 3287/1353/1074 3308/1375/1074
f 3991/1381/3836 3993/1383/3836 3306/1374/3836
f 3306/1374/1077 3304/1369/1077 3992/1376/1077
f 3993/1383/1078 3996/1394/1078 3327/1382/1078
f 3327/1382/1078 3308/1375/1078 3306/1374/1078
f 3311/1361/1079 3308/1375/1079 3327/1382/1079
f 3313/1362/1080 3311/1361/1080 3328/1384/1080
f 3330/1385/3837 4041/1389/3837 4042/1386/3837
f 4042/1386/2720 3314/1363/2720 3313/1362/2720
f 4046/1387/3838 4043/1388/3838 3330/1385/3838
f 3328/1384/1083 4050/1395/1083 4046/1387/1083
f 3994/1396/2840 3997/3305/2840 4050/1395/2840
f 4050/1395/1087 3328/1384/1087 3327/1382/1087
f 3327/1382/1087 3995/1393/1087 3994/1396/1087
f 4153/1413/1094 4112/3306/1094 4113/1410/1094
f 4113/1410/1094 1760/1409/1094 1774/1412/1094
f 4154/1414/1095 4153/1413/1095 1774/1412/1095
f 1774/1412/3839 1783/1416/3839 4161/1415/3839
f 1774/1412/3840 1848/1431/3840 1854/1418/3840
f 1860/1419/3841 4158/1420/3841 4160/1417/3841
f 4160/1417/3842 1783/1416/3842 1854/1418/3842
f 1829/1422/3843 4109/1427/3843 4075/1423/3843
f 4109/1427/3844 1829/1422/3844 1831/1428/3844
f 4107/1430/1103 4108/1429/1103 1831/1428/1103
f 1831/1428/1103 1842/1438/1103 1760/1409/1103
f 1760/1409/1103 4114/1411/1103 4107/1430/1103
f 1760/1409/1104 1842/1438/1104 1848/1431/1104
f 1829/1422/3845 4076/1424/3845 4077/1432/3845
f 4077/1432/2745 1907/1446/2745 1909/1433/2745
f 2892/1083/3846 4187/3307/3846 4181/1434/3846
f 1829/1422/2425 1909/1433/2425 1913/1436/2425
f 1831/1428/1108 1913/1436/1108 1921/1437/1108
f 1842/1438/1109 1921/1437/1109 1933/1439/1109
f 1848/1431/1110 1933/1439/1110 1943/1440/1110
f 1854/1418/1111 1943/1440/1111 1945/1441/1111
f 4074/1442/3847 4088/1452/3847 1904/500/3847
f 4155/1444/3848 4159/1421/3848 1860/1419/3848
f 1860/1419/3849 1945/1441/3849 4152/1445/3849
f 4073/1443/1114 1904/500/1114 1907/1446/1114
f 1933/1439/2432 2033/1462/2432 2038/1447/2432
f 1980/1448/1116 4087/3308/1116 4081/1449/1116
f 1943/1440/1117 2038/1447/1117 2041/1451/1117
f 4088/1452/2637 4087/3308/2637 1980/1448/2637
f 1980/1448/2637 1989/497/2637 1904/500/2637
f 2054/1090/3786 4151/1454/3786 4152/1445/3786
f 4152/1445/2434 1945/1441/2434 2041/1451/2434
f 1907/1446/1119 1904/500/1119 1989/497/1119
f 4156/1456/3850 4150/3309/3850 4151/1454/3850
f 4151/1454/856 2054/1090/856 4157/1455/856
f 1909/1433/2638 1907/1446/2638 2003/1453/2638
f 1909/1433/1123 2007/1457/1123 2020/1460/1123
f 1913/1436/1124 2020/1460/1124 2025/1461/1124
f 1921/1437/1125 2025/1461/1125 2033/1462/1125
f 4179/1463/3789 4180/3310/3789 2171/1097/3789
f 2171/1097/3789 2892/1660/3789 4183/1464/3789
f 2007/1457/2441 2105/1476/2441 2113/1465/2441
f 2020/1460/1128 2113/1465/1128 2132/1466/1128
f 2025/1461/3851 2132/1466/3851 2137/1467/3851
f 2033/1462/1131 2137/1467/1131 2156/1471/1131
f 4080/1450/2444 4083/1469/2444 2080/1468/2444
f 2080/1468/3852 2090/1473/3852 1980/1448/3852
f 2038/1447/1133 2156/1471/1133 2161/1472/1133
f 1989/497/1134 1980/1448/1134 2090/1473/1134
f 2041/1451/859 2161/1472/859 2164/1100/859
f 2003/1453/1135 1989/497/1135 2094/494/1135
f 4149/3311/3853 4157/1455/3853 2054/1090/3853
f 2171/1097/3854 4180/3310/3854 4178/3312/3854
f 4148/1475/3855 4149/3311/3855 2054/1090/3855
f 2171/1097/3856 4178/3312/3856 4148/1475/3856
f 4148/1475/3795 2054/1090/3795 2164/1100/3795
f 2007/1457/2639 2003/1453/2639 2098/1474/2639
f 2156/1471/1138 2274/1486/1138 2289/1477/1138
f 2094/494/1139 2090/1473/1139 2208/1478/1139
f 2161/1472/1140 2289/1477/1140 2295/1479/1140
f 2098/1474/1141 2094/494/1141 2218/491/1141
f 2164/1100/3796 2295/1479/3796 2300/1103/3796
f 2105/1476/3857 2098/1474/3857 2221/1480/3857
f 2105/1476/3858 2232/601/3858 2242/1481/3858
f 2113/1465/1144 2242/1481/1144 2250/1482/1144
f 2132/1466/1145 2250/1482/1145 2259/1483/1145
f 2202/1484/1146 2080/1468/1146 4082/1470/1146
f 2137/1467/3859 2259/1483/3859 2274/1486/3859
f 2090/1473/1148 2080/1468/1148 2202/1484/1148
f 2250/1482/1149 2242/1481/1149 2375/1487/1149
f 2259/1483/1151 2250/1482/1151 2385/1488/1151
f 4086/1485/3860 4085/1490/3860 2306/1489/3860
f 2306/1489/1152 2325/1508/1152 2202/1484/1152
f 2274/1486/1153 2259/1483/1153 2388/1492/1153
f 2202/1484/1154 2325/1508/1154 2337/1494/1154
f 2289/1477/1155 2274/1486/1155 2397/1493/1155
f 2208/1478/1156 2337/1494/1156 2345/488/1156
f 2295/1479/864 2289/1477/864 2419/1495/864
f 2218/491/1157 2345/488/1157 2353/1496/1157
f 2300/1103/865 2295/1479/865 2428/1105/865
f 2221/1480/3861 2353/1496/3861 2372/1497/3861
f 2242/1481/3862 2232/601/3862 2372/1497/3862
f 2337/1494/1160 2467/1510/1160 2483/1498/1160
f 2428/1105/867 2419/1495/867 2540/1499/867
f 2345/488/1161 2483/1498/1161 2488/1500/1161
f 2436/1107/3797 2428/1105/3797 2553/1109/3797
f 2353/1496/2766 2488/1500/2766 2504/1501/2766
f 2375/1487/1163 2372/1497/1163 2504/1501/1163
f 2385/1488/1164 2375/1487/1164 2515/1502/1164
f 2452/1504/3863 2306/1489/3863 4084/1491/3863
f 2388/1492/1166 2385/1488/1166 2523/1503/1166
f 2306/1489/1167 2452/1504/1167 2454/1507/1167
f 2397/1493/2460 2388/1492/2460 2531/1506/2460
f 2325/1508/1169 2454/1507/1169 2467/1510/1169
f 2419/1495/3864 2397/1493/3864 2536/1509/3864
f 2523/1503/1171 2515/1502/1171 2643/1511/1171
f 4078/1513/2462 4105/1529/2462 2591/1514/2462
f 2591/1514/3865 2452/1504/3865 4079/1505/3865
f 2531/1506/1173 2523/1503/1173 2649/1512/1173
f 2452/1504/1174 2591/1514/1174 2595/1516/1174
f 2536/1509/1175 2531/1506/1175 2658/1515/1175
f 2454/1507/2654 2595/1516/2654 2599/1518/2654
f 2540/1499/1177 2536/1509/1177 2662/1517/1177
f 2467/1510/1178 2599/1518/1178 2606/1520/1178
f 2553/1109/870 2540/1499/870 2664/1519/870
f 2483/1498/1180 2606/1520/1180 2622/1521/1180
f 2570/1111/3799 2553/1109/3799 2666/1113/3799
f 2488/1500/1181 2622/1521/1181 2629/1522/1181
f 2515/1502/3866 2504/1501/3866 2629/1522/3866
f 2666/1113/2770 2664/1519/2770 2723/1523/2770
f 2606/1520/1183 2693/1535/1183 2694/1524/1183
f 2668/1115/874 2666/1113/874 2726/1118/874
f 2622/1521/1184 2694/1524/1184 2699/1525/1184
f 2643/1511/1185 2629/1522/1185 2699/1525/1185
f 2649/1512/1186 2643/1511/1186 2702/1526/1186
f 2679/1528/1187 2591/1514/1187 4105/1529/1187
f 2658/1515/1188 2649/1512/1188 2709/1527/1188
f 2591/1514/1189 2679/1528/1189 2682/1532/1189
f 2662/1517/1190 2658/1515/1190 2714/1531/1190
f 2595/1516/1191 2682/1532/1191 2690/1534/1191
f 2664/1519/1192 2662/1517/1192 2718/1533/1192
f 2599/1518/1193 2690/1534/1193 2693/1535/1193
f 2739/1536/1194 2679/1528/1194 4104/1530/1194
f 2714/1531/1195 2709/1527/1195 2766/1538/1195
f 2679/1528/1196 2739/1536/1196 2740/1540/1196
f 2718/1533/3867 2714/1531/3867 2767/1539/3867
f 2682/1532/1198 2740/1540/1198 2743/1542/1198
f 2723/1523/876 2718/1533/876 2769/1541/876
f 2690/1534/1199 2743/1542/1199 2746/1543/1199
f 2726/1118/2776 2723/1523/2776 2777/1121/2776
f 2693/1535/878 2746/1543/878 2755/1544/878
f 2731/1119/3801 2726/1118/3801 2787/1124/3801
f 2694/1524/2476 2755/1544/2476 2761/1545/2476
f 2702/1526/3868 2699/1525/3868 2761/1545/3868
f 2709/1527/1202 2702/1526/1202 2764/1546/1202
f 2746/1543/881 2805/1130/881 2809/1160/881
f 2788/1128/3802 2787/1124/3802 2824/1132/3802
f 2755/1544/3804 2809/1160/3804 2810/924/3804
f 2764/1546/885 2761/1545/885 2810/924/885
f 2766/1538/1205 2764/1546/1205 2812/1547/1205
f 2795/1549/3869 2739/1536/3869 4103/1537/3869
f 2767/1539/886 2766/1538/886 2814/1548/886
f 2739/1536/1207 2795/1549/1207 2796/1551/1207
f 2769/1541/1208 2767/1539/1208 2817/1139/1208
f 2740/1540/3870 2796/1551/3870 2801/1552/3870
f 2777/1121/1210 2769/1541/1210 2819/1144/1210
f 2743/1542/1211 2801/1552/1211 2805/1130/1211
f 2787/1124/890 2777/1121/890 2820/1148/890
f 2817/1139/891 2814/1548/891 2848/1150/891
f 2795/1549/3871 4102/1554/3871 4100/1553/3871
f 4100/1553/1212 2832/1556/1212 2796/1551/1212
f 2819/1144/892 2817/1139/892 2850/1151/892
f 2796/1551/893 2832/1556/893 2835/1153/893
f 2820/1148/894 2819/1144/894 2851/1152/894
f 2801/1552/3872 2835/1153/3872 2836/1181/3872
f 2824/1132/896 2820/1148/896 2853/1156/896
f 2805/1130/897 2836/1181/897 2839/1159/897
f 2827/1133/3807 2824/1132/3807 2856/1158/3807
f 2809/1160/899 2839/1159/899 2840/1162/899
f 2812/1547/901 2810/924/901 2840/1162/901
f 2814/1548/1213 2812/1547/1213 2846/1165/1213
f 2857/1161/903 2856/1158/903 2889/1168/903
f 2839/1159/3808 2872/1182/3808 2873/1170/3808
f 2846/1165/906 2840/1162/906 2873/1170/906
f 2848/1150/907 2846/1165/907 2875/1172/907
f 4097/1555/909 4098/1558/909 2865/1175/909
f 2865/1175/909 2832/1556/909 4100/1553/909
f 2851/1152/910 2850/1151/910 2882/1174/910
f 2832/1556/911 2865/1175/911 2868/1184/911
f 2853/1156/912 2851/1152/912 2884/1178/912
f 2835/1153/913 2868/1184/913 2870/1180/913
f 2856/1158/2789 2853/1156/2789 2887/1179/2789
f 2836/1181/915 2870/1180/915 2872/1182/915
f 2882/1174/916 2916/1196/916 2921/1183/916
f 4099/1557/917 4096/1563/917 2903/1186/917
f 2903/1186/917 2868/1184/917 2865/1175/917
f 2884/1178/918 2921/1183/918 2923/1187/918
f 2870/1180/919 2868/1184/919 2903/1186/919
f 2887/1179/2791 2923/1187/2791 2925/1189/2791
f 2872/1182/921 2870/1180/921 2905/1188/921
f 2889/1168/3809 2925/1189/3809 2926/1191/3809
f 2873/1170/3810 2872/1182/3810 2906/1190/3810
f 2873/1170/925 2909/1192/925 2910/1194/925
f 2875/1172/926 2910/1194/926 2915/1195/926
f 2881/1173/927 2915/1195/927 2916/1196/927
f 4121/1559/3873 4120/1560/3873 2910/1194/3873
f 2910/1194/930 2909/1192/930 2941/1214/930
f 4126/3313/3874 4127/3314/3874 2915/1195/3874
f 2915/1195/931 2910/1194/931 4120/1560/931
f 4122/1561/931 4126/3313/931 2915/1195/931
f 4125/1562/3875 4132/1574/3875 2944/1205/3875
f 2944/1205/933 2916/1196/933 2915/1195/933
f 2915/1195/933 4127/3314/933 4125/1562/933
f 2916/1196/935 2944/1205/935 2946/1207/935
f 2921/1183/937 2946/1207/937 2952/1210/937
f 4094/1565/3876 4093/1568/3876 2935/1211/3876
f 2935/1211/938 2905/1188/938 2903/1186/938
f 2903/1186/2509 4095/1564/2509 4094/1565/2509
f 2923/1187/939 2952/1210/939 2955/1212/939
f 2906/1190/940 2905/1188/940 2935/1211/940
f 2925/1189/941 2955/1212/941 2958/1199/941
f 2909/1192/2503 2906/1190/2503 2939/1213/2503
f 4128/1566/1218 4142/1577/1218 2979/1217/1218
f 2979/1217/944 2952/1210/944 2946/1207/944
f 2946/1207/1218 4129/3315/1218 4128/1566/1218
f 4092/1567/3877 4091/3316/3877 2935/1211/3877
f 2952/1210/946 2979/1217/946 2982/1219/946
f 4090/1570/947 4119/3317/947 4118/1569/947
f 4118/1569/947 2939/1213/947 2935/1211/947
f 2935/1211/947 4091/3316/947 4090/1570/947
f 2955/1212/948 2982/1219/948 2983/1221/948
f 4116/3318/3878 4124/3319/3878 2941/1214/3878
f 2941/1214/949 2939/1213/949 4118/1569/949
f 4117/1571/949 4116/3318/949 2941/1214/949
f 2941/1214/2513 4124/3319/2513 4123/1572/2513
f 4130/1575/956 4129/3315/956 2946/1207/956
f 2946/1207/1221 2944/1205/1221 4131/1573/1221
f 4143/1576/3879 4144/1580/3879 3006/1240/3879
f 3006/1240/966 2982/1219/966 2979/1217/966
f 4115/1578/3880 4119/3317/3880 4090/1570/3880
f 4089/1579/967 4106/3320/967 4115/1578/967
f 2982/1219/3814 3006/1240/3814 3010/1242/3814
f 4134/1581/3881 4133/1583/3881 3027/1248/3881
f 3027/1248/973 3006/1240/973 4144/1580/973
f 3006/1240/3815 3027/1248/3815 3029/1250/3815
f 4136/1582/2683 3044/1269/2683 3027/1248/2683
f 3027/1248/995 3044/1269/995 3046/1271/995
f 4135/1584/2686 3061/1277/2686 3044/1269/2686
f 3044/1269/3818 3061/1277/3818 3062/1279/3818
f 4141/1586/1223 3078/1298/1223 3061/1277/1223
f 3061/1277/2694 3078/1298/2694 3080/1300/2694
f 3094/1306/2696 3078/1304/2696 4141/1587/2696
f 3080/1310/1029 3078/1304/1029 3094/1306/1029
f 3110/1337/1046 3094/1306/1046 4137/1588/1046
f 4166/1590/3882 4176/3321/3882 4177/1592/3882
f 3094/1306/1048 3110/1337/1048 4146/3322/1048
f 3094/1306/2704 4146/3322/2704 4147/3323/2704
f 4166/1590/3883 4177/1592/3883 3096/1311/3883
f 3094/1306/1048 4147/3323/1048 4166/1590/1048
f 4173/1591/3884 4174/3324/3884 2892/1342/3884
f 2892/1342/3829 3096/1311/3829 4177/1592/3829
f 4163/1594/3885 4145/3325/3885 4146/1593/3885
f 3110/1337/3886 4164/1597/3886 4163/1594/3886
f 4139/1598/3887 4165/3326/3887 4164/1597/3887
f 4164/1597/1063 3110/1337/1063 4140/1589/1063
f 4162/1599/2715 4165/3326/2715 4139/1598/2715
f 4138/1600/3888 4110/3327/3888 4111/1601/3888
f 4162/1599/3889 4139/1598/3889 4138/1600/3889
f 2892/1371/3890 4175/3328/3890 4167/1602/3890
f 3011/1612/1233 3009/1631/1233 1562/1613/1233
f 1208/1615/1234 3011/1612/1234 1570/1614/1234
f 3013/1617/3891 1208/1615/3891 1580/1616/3891
f 3015/1622/3892 3013/1617/3892 1606/1618/3892
f 4203/1625/3893 4204/1620/3893 1507/1619/3893
f 1507/1619/1238 1519/1627/1238 659/1624/1238
f 936/1626/1240 659/1624/1240 1519/1627/1240
f 1188/1629/1241 936/1626/1241 1527/1628/1241
f 3009/1631/1242 1188/1629/1242 1554/1630/1242
f 1726/1639/3897 1721/1636/3897 1779/1642/3897
f 1686/1640/1254 1682/1638/1254 1750/1644/1254
f 1692/1641/1256 1686/1640/1256 1752/1645/1256
f 1696/1632/3898 1692/1641/3898 1757/1646/3898
f 1707/1633/1258 1696/1632/1258 1762/1409/1258
f 1716/1634/1259 1707/1633/1259 1765/1412/1259
f 1719/1635/1260 1716/1634/1260 1767/1416/1260
f 1721/1636/1262 1719/1635/1262 1771/1647/1262
f 1682/1638/3899 4200/3329/3899 4201/1648/3899
f 4201/1648/3900 1740/506/3900 1750/1644/3900
f 1810/1422/1275 1805/1652/1275 1867/1446/1275
f 1813/1428/1277 1810/1422/1277 1871/1433/1277
f 1825/1438/1278 1813/1428/1278 1873/1436/1278
f 1828/1431/1279 1825/1438/1279 1877/1437/1279
f 1834/1418/1280 1828/1431/1280 1881/1439/1280
f 1836/1419/3905 1834/1418/3905 1886/1440/3905
f 4197/1655/1282 1863/500/1282 1801/503/1282
f 1840/1651/1283 1836/1419/1283 1896/1441/1283
f 1805/1652/1284 1801/503/1284 1863/500/1284
f 1844/1653/1285 1840/1651/1285 1898/1657/1285
f 1935/1460/3908 1932/1457/3908 1985/1476/3908
f 1938/1461/1299 1935/1460/1299 1988/1465/1299
f 1942/1462/3909 1938/1461/3909 1999/1466/3909
f 1948/1447/3910 1942/1462/3910 2005/1467/3910
f 1952/1451/3911 1948/1447/3911 2009/1471/3911
f 4194/1661/1303 1978/494/1303 1916/497/1303
f 1954/1090/1304 1952/1451/1304 2012/1472/1304
f 1920/1453/3912 1916/497/3912 1978/494/3912
f 1964/1659/1306 1954/1090/1306 2017/1100/1306
f 1932/1457/1307 1920/1453/1307 1981/1474/1307
f 2060/1482/1319 2055/1481/1319 2122/1487/1319
f 2062/1483/1320 2060/1482/1320 2125/1488/1320
f 2070/1486/1321 2062/1483/1321 2130/1492/1321
f 2073/1477/3916 2070/1486/3916 2133/1493/3916
f 4191/1663/3917 4190/3330/3917 4189/1664/3917
f 4189/1664/1323 2099/488/1323 2043/491/1323
f 2082/1479/3918 2073/1477/3918 2140/1495/3918
f 2048/1480/1325 2043/491/1325 2099/488/1325
f 2085/1103/1326 2082/1479/1326 2148/1105/1326
f 2050/601/3919 2048/1480/3919 2112/1496/3919
f 2055/1481/1329 2050/601/1329 2118/1497/1329
f 2191/1503/1341 2183/1502/1341 2254/1511/1341
f 2197/1506/1342 2191/1503/1342 2257/1512/1342
f 2205/1509/1343 2197/1506/1343 2261/1515/1343
f 2211/1499/3923 2205/1509/3923 2269/1517/3923
f 2213/1109/3924 2211/1499/3924 2278/1519/3924
f 4222/1666/1347 4219/1669/1347 2245/1521/1347
f 2245/1521/1347 2173/1500/1347 2170/1498/1347
f 2216/1111/1348 2213/1109/1348 2287/1113/1348
f 2177/1501/1349 2173/1500/1349 2245/1521/1349
f 2183/1502/1351 2177/1501/1351 2251/1522/1351
f 2340/1531/1362 2334/1527/1362 2406/1538/1362
f 2344/1533/1363 2340/1531/1363 2410/1539/1363
f 2349/1523/1364 2344/1533/1364 2415/1541/1364
f 2357/1118/1365 2349/1523/1365 2426/1121/1365
f 2310/1524/3931 4216/3332/3931 4218/1670/3931
f 2365/1119/1367 2357/1118/1367 2431/1124/1367
f 4243/1671/1368 4244/3333/1368 2391/1545/1368
f 2391/1545/1368 2323/1525/1368 2310/1524/1368
f 2330/1526/1370 2323/1525/1370 2391/1545/1370
f 2334/1527/1371 2330/1526/1371 2393/1546/1371
f 2486/1139/1381 2481/1548/1381 2549/1150/1381
f 2490/1144/3934 2486/1139/3934 2557/1151/3934
f 2495/1148/1383 2490/1144/1383 2564/1152/1383
f 2499/1132/3935 2495/1148/3935 2572/1156/3935
f 2509/1133/1385 2499/1132/1385 2579/1158/1385
f 4245/3334/3936 4250/1676/3936 2542/1165/3936
f 2542/1165/1388 2470/1547/1388 2463/924/1388
f 2463/924/1388 4240/1673/1388 4241/1674/1388
f 4241/1674/1388 4245/3334/1388 2542/1165/1388
f 2481/1548/1389 2470/1547/1389 2542/1165/1389
f 2626/1174/1398 2674/1196/1398 2676/1183/1398
f 2633/1178/3939 2676/1183/3939 2680/1187/3939
f 2637/1179/3940 2680/1187/3940 2686/1189/3940
f 2640/1168/3941 2686/1189/3941 2688/1191/3941
f 2617/1173/3942 4251/3335/3942 4252/1677/3942
f 2617/1173/3943 4254/1678/3943 4253/1679/3943
f 4253/1679/1404 2674/1196/1404 2626/1174/1404
f 2711/1207/1411 2742/1229/1411 2744/1217/1411
f 2715/1210/3950 2744/1217/3950 2748/1219/3950
f 2717/1212/1413 2748/1219/1413 2753/1221/1413
f 4223/3336/3951 4231/1684/3951 2742/1229/3951
f 2742/1229/3952 2711/1207/3952 2707/1205/3952
f 2707/1205/3953 4246/1681/3953 4224/1683/3953
f 4224/1683/3951 4223/3336/3951 2742/1229/3951
f 2773/1236/3954 2742/1229/3954 4231/1684/3954
f 2742/1229/1418 2773/1236/1418 2775/1238/1418
f 2744/1217/1419 2775/1238/1419 2779/1240/1419
f 2748/1219/3955 2779/1240/3955 2784/1242/3955
f 2773/1236/1422 2803/1259/1422 2804/1245/1422
f 2775/1238/3956 2804/1245/3956 2807/1248/3956
f 2779/1240/1424 2807/1248/1424 2808/1250/1424
f 2803/1259/3957 2773/1236/3957 4230/1685/3957
f 2803/1259/3958 4229/1687/3958 4227/1688/3958
f 4227/1688/3959 2822/1267/3959 2804/1245/3959
f 2804/1245/3960 2822/1267/3960 2825/1269/3960
f 2807/1248/1430 2825/1269/1430 2826/1271/1430
f 2822/1267/3961 2841/1289/3961 2843/1277/3961
f 2825/1269/3962 2843/1277/3962 2844/1279/3962
f 4226/1689/1435 4234/1690/1435 2841/1289/1435
f 2841/1289/3963 2822/1267/3963 4227/1688/3963
f 2859/1296/1436 2841/1289/1436 4234/1690/1436
f 2841/1289/1437 2859/1296/1437 2861/1298/1437
f 2843/1277/3964 2861/1298/3964 2863/1300/3964
f 2859/1328/3965 2877/1305/3965 2878/1306/3965
f 2861/1304/3966 2878/1306/3966 2880/1311/3966
f 4233/1692/1443 4236/1696/1443 2877/1305/1443
f 2877/1305/3967 2859/1328/3967 4232/1693/3967
f 4236/1696/1445 4237/1695/1445 2893/1333/1445
f 2893/1333/1445 2896/1335/1445 2877/1305/1445
f 2877/1305/1446 2896/1335/1446 2898/1337/1446
f 2878/1306/1447 2898/1337/1447 2900/1697/1447
f 2898/1337/1449 2917/1700/1449 2919/1698/1449
f 2912/1355/1451 2893/1333/1451 4235/1694/1451
f 2893/1333/1452 2912/1355/1452 2914/1358/1452
f 2896/1335/1453 2914/1358/1453 2917/1700/1453
f 2931/1362/1454 2912/1355/1454 4238/1699/1454
f 2912/1355/1455 2931/1362/1455 2933/1363/1455
f 2914/1358/1456 2933/1363/1456 2936/1702/1456
f 2917/1700/1457 2936/1702/1457 2938/1703/1457
f 4211/1706/1461 2948/1382/1461 2949/1384/1461
f 4208/3337/3968 4215/1707/3968 2949/1384/3968
f 2949/1384/3969 2951/1385/3969 2931/1362/3969
f 2931/1362/1462 4239/1701/1462 4225/3338/1462
f 4209/1708/3970 4208/3337/3970 2949/1384/3970
f 2931/1362/3968 4225/3338/3968 4209/1708/3968
f 2931/1362/1463 2951/1385/1463 2953/1709/1463
f 2933/1363/1464 2953/1709/1464 2956/1710/1464
f 2936/1702/1465 2956/1710/1465 2957/1704/1465
f 2949/1384/1466 2971/1718/1466 2974/1711/1466
f 2951/1385/1467 2974/1711/1467 2976/1712/1467
f 2953/1709/1468 2976/1712/1468 2977/1713/1468
f 2956/1710/1469 2977/1713/1469 2980/1714/1469
f 4210/1705/1472 4212/1716/1472 2967/1715/1472
f 2967/1715/1472 2969/1722/1472 2948/1382/1472
f 2948/1382/1473 2969/1722/1473 2971/1718/1473
f 4213/1717/3971 4214/3339/3971 2988/1720/3971
f 2988/1720/1475 2990/1730/1475 2967/1715/1475
f 2967/1715/1476 2990/1730/1476 2993/1721/1476
f 2969/1722/1477 2993/1721/1477 2994/1723/1477
f 2971/1718/1478 2994/1723/1478 2997/1724/1478
f 2974/1711/1479 2997/1724/1479 2998/1725/1479
f 2976/1712/1480 2998/1725/1480 3001/1726/1480
f 2977/1713/3972 3001/1726/3972 3002/1719/3972
f 2988/1720/3973 4214/3339/3973 4207/1727/3973
f 1444/1613/1501 1420/1630/1501 1613/1632/1501
f 1490/1614/1502 1444/1613/1502 1619/1633/1502
f 1516/1616/1503 1490/1614/1503 1630/1634/1503
f 1531/1618/1504 1516/1616/1504 1641/1635/1504
f 1540/1623/3978 1531/1618/3978 1652/1636/3978
f 4258/1733/1506 4259/1735/1506 1330/1627/1506
f 4259/1735/3979 4257/1737/3979 1594/1641/3979
f 1594/1641/1508 1380/1628/1508 1330/1627/1508
f 1420/1630/1509 1380/1628/1509 1594/1641/1509
f 1668/1639/1510 1652/1636/1510 1709/1642/1510
f 1613/1632/1513 1594/1641/1513 4261/1736/1513
f 4287/3340/3980 4288/1741/3980 1700/1412/3980
f 1700/1412/3981 1619/1633/3981 1613/1632/3981
f 1613/1632/1514 4260/1738/1514 4255/3341/1514
f 4256/1739/1514 4287/3340/1514 1700/1412/1514
f 1613/1632/3982 4255/3341/3982 4256/1739/3982
f 1630/1634/1515 1619/1633/1515 1700/1412/1515
f 1641/1635/1516 1630/1634/1516 1704/1416/1516
f 1652/1636/1517 1641/1635/1517 1705/1647/1517
f 4290/1740/1518 4289/1743/1518 1737/1418/1518
f 1737/1418/1518 1704/1416/1518 1700/1412/1518
f 1705/1647/1519 1704/1416/1519 1737/1418/1519
f 1709/1642/1520 1705/1647/1520 1741/1419/1520
f 1713/1643/1521 1709/1642/1521 1743/1651/1521
f 4286/1742/3983 4292/1744/3983 1775/1440/3983
f 1775/1440/1525 1737/1418/1525 4289/1743/1525
f 1741/1419/1526 1737/1418/1526 1775/1440/1526
f 1743/1651/1527 1741/1419/1527 1778/1441/1527
f 1747/1653/3984 1743/1651/3984 1782/1657/3984
f 4293/1746/3985 4299/1748/3985 1815/1451/3985
f 1815/1451/1530 1778/1441/1530 1775/1440/1530
f 1775/1440/3986 4291/1745/3986 4293/1746/3986
f 1782/1657/1531 1778/1441/1531 1815/1451/1531
f 1787/1654/1532 1782/1657/1532 1821/1090/1532
f 4298/1747/1535 4297/1750/1535 1852/1472/1535
f 1852/1472/1535 1815/1451/1535 4299/1748/1535
f 1821/1090/1536 1815/1451/1536 1852/1472/1536
f 1823/1659/1537 1821/1090/1537 1856/1100/1537
f 4296/1749/3987 1887/1477/3987 1852/1472/3987
f 1856/1100/3988 1852/1472/3988 1887/1477/3988
f 1862/1097/1540 1856/1100/1540 1890/1479/1540
f 4295/1751/1542 1923/1495/1542 1887/1477/1542
f 1890/1479/1543 1887/1477/1543 1923/1495/1543
f 1894/1103/3989 1890/1479/3989 1928/1105/3989
f 1928/1105/1546 1923/1495/1546 1960/1499/1546
f 1929/1107/3990 1928/1105/3990 1962/1109/3990
f 4294/1752/3991 4304/1755/3991 1960/1499/3991
f 1960/1499/1549 1923/1495/1549 4295/1751/1549
f 4304/1755/3992 4303/1753/3992 1991/1517/3992
f 1991/1517/3993 1995/1519/3993 1960/1499/3993
f 1962/1109/3994 1960/1499/3994 1995/1519/3994
f 1968/1111/3995 1962/1109/3995 1997/1113/3995
f 1997/1113/3996 1995/1519/3996 2032/1523/3996
f 2001/1115/1556 1997/1113/1556 2036/1118/1556
f 1991/1517/3997 4302/1754/3997 4300/1756/3997
f 1995/1519/1559 1991/1517/1559 2027/1533/1559
f 4301/1757/3998 4306/1760/3998 2068/1541/3998
f 2068/1541/3998 2027/1533/3998 4300/1756/3998
f 2032/1523/1561 2027/1533/1561 2068/1541/1561
f 2036/1118/1562 2032/1523/1562 2072/1121/1562
f 2040/1119/3999 2036/1118/3999 2076/1124/3999
f 2077/1128/4000 2076/1124/4000 2116/1132/4000
f 4306/1760/4001 4307/1758/4001 2102/1139/4001
f 2102/1139/4001 2108/1144/4001 2068/1541/4001
f 2072/1121/4002 2068/1541/4002 2108/1144/4002
f 2076/1124/4003 2072/1121/4003 2110/1148/4003
f 4305/1761/4004 4313/1764/4004 2142/1151/4004
f 2142/1151/4004 2102/1139/4004 4308/1759/4004
f 2108/1144/1572 2102/1139/1572 2142/1151/1572
f 2110/1148/4005 2108/1144/4005 2146/1152/4005
f 2116/1132/4006 2110/1148/4006 2149/1156/4006
f 2120/1133/1575 2116/1132/1575 2154/1158/1575
f 2158/1161/4007 2154/1158/4007 2195/1168/4007
f 4313/1764/4008 4314/1763/4008 2182/1173/4008
f 2182/1173/4009 2186/1174/4009 2142/1151/4009
f 2146/1152/1581 2142/1151/1581 2186/1174/1581
f 2149/1156/4010 2146/1152/4010 2190/1178/4010
f 2154/1158/1583 2149/1156/1583 2193/1179/1583
f 4315/1768/1593 4318/1770/1593 2264/1214/1593
f 2264/1214/1593 2268/1200/1593 2220/1194/1593
f 2220/1194/4013 4316/1765/4013 4315/1768/4013
f 2220/1194/1594 2268/1200/1594 2271/1201/1594
f 2224/1195/4014 2271/1201/4014 2276/1205/4014
f 2228/1196/4015 2276/1205/4015 2280/1207/4015
f 2234/1183/1597 2280/1207/1597 2281/1210/1597
f 2235/1187/1598 2281/1210/1598 2286/1212/1598
f 2240/1189/4016 2286/1212/4016 2291/1199/4016
f 2308/1222/4021 2351/1243/4021 2355/1230/4021
f 2312/1224/1611 2355/1230/1611 2359/1231/1611
f 2314/1225/1612 2359/1231/1612 2364/1233/1612
f 2320/1227/1613 2364/1233/1613 2370/1236/1613
f 2321/1229/4022 2370/1236/4022 2373/1238/4022
f 2327/1217/1615 2373/1238/1615 2377/1240/1615
f 2348/1241/4023 4310/3342/4023 4281/1772/4023
f 2332/1219/4024 2377/1240/4024 2381/1242/4024
f 4309/1774/1618 4310/3342/1618 2348/1241/1618
f 2348/1241/1618 2351/1243/1618 2308/1222/1618
f 2308/1222/1618 4320/1771/1618 4309/1774/1618
f 2404/1253/1630 2455/1274/1630 2457/1260/1630
f 2408/1254/1631 2457/1260/1631 2462/1263/1631
f 2414/1256/1632 2462/1263/1632 2465/1265/1632
f 2418/1259/4028 2465/1265/4028 2472/1267/4028
f 2421/1245/4029 2472/1267/4029 2473/1269/4029
f 2395/1249/4030 4283/1775/4030 4285/1777/4030
f 4285/1777/4030 2443/1268/4030 2447/1270/4030
f 2424/1248/1637 2473/1269/1637 2479/1271/1637
f 2395/1249/1638 2447/1270/1638 2449/1272/1638
f 2400/1251/1640 2449/1272/1640 2455/1274/1640
f 2505/1282/1652 2554/1303/1652 2559/1290/1652
f 2507/1283/1653 2559/1290/1653 2560/1292/1653
f 2511/1286/1654 2560/1292/1654 2567/1294/1654
f 2518/1288/1655 2567/1294/1655 2569/1296/1655
f 2543/1297/1656 2493/1276/1656 4276/1779/1656
f 2521/1289/4034 2569/1296/4034 2573/1298/4034
f 2493/1276/1658 2543/1297/1658 2545/1299/1658
f 2526/1277/1659 2573/1298/1659 2575/1300/1659
f 2497/1278/1660 2545/1299/1660 2550/1301/1660
f 2501/1280/1662 2550/1301/1662 2554/1303/1662
f 2607/1318/4037 2654/1330/4037 2656/1331/4037
f 2611/1320/1675 2656/1331/1675 2657/1333/1675
f 2613/1325/1676 2657/1333/1676 2659/1335/1676
f 2642/1336/1677 2589/1329/1677 4278/1782/1677
f 2619/1305/1678 2659/1335/1678 2661/1337/1678
f 2589/1329/4038 2642/1336/4038 2646/1338/4038
f 2624/1306/1680 2661/1337/1680 2663/1697/1680
f 2594/1308/4039 2646/1338/4039 2647/1340/4039
f 2597/1312/4040 2647/1340/4040 2652/1344/4040
f 2602/1316/4041 2652/1344/4041 2654/1330/4041
f 2681/1354/1696 2705/1361/1696 2708/1362/1696
f 2683/1355/1697 2708/1362/1697 2710/1363/1697
f 2696/1785/4045 2670/1359/4045 4273/1786/4045
f 2684/1358/1699 2710/1363/1699 2712/1702/1699
f 2670/1359/4046 2696/1785/4046 2698/1788/4046
f 2687/1700/1701 2712/1702/1701 2713/1703/1701
f 2672/1360/1702 2698/1788/1702 2700/1369/1702
f 2675/1348/1704 2700/1369/1704 2701/1374/1704
f 2677/1352/1705 2701/1374/1705 2704/1375/1705
f 2678/1353/1706 2704/1375/1706 2705/1361/1706
f 2730/1384/1718 2754/1718/1718 2757/1711/1718
f 2732/1385/1719 2757/1711/1719 2759/1712/1719
f 2735/1709/1721 2759/1712/1721 2760/1713/1721
f 4271/1795/4051 4270/1800/4051 2747/1796/4051
f 2747/1796/4052 2722/1793/4052 2720/1792/4052
f 2736/1710/4053 2760/1713/4053 2763/1714/4053
f 2722/1793/1724 2747/1796/1724 2749/1797/1724
f 2724/1789/1726 2749/1797/1726 2750/1715/1726
f 2727/1790/1727 2750/1715/1727 2752/1722/1727
f 2728/1382/1728 2752/1722/1728 2754/1718/1728
f 2781/1724/1739 2794/1612/1739 1060/1615/1739
f 2782/1725/4058 1060/1615/4058 2797/1617/4058
f 2785/1726/4059 2797/1617/4059 2799/1622/4059
f 4265/1801/4060 4266/1732/4060 422/1624/4060
f 422/1624/4061 2772/1720/4061 2771/1799/4061
f 2772/1720/1745 422/1624/1745 628/1626/1745
f 2774/1730/1746 628/1626/1746 727/1629/1746
f 2776/1721/1747 727/1629/1747 2793/1631/1747
f 2778/1723/1748 2793/1631/1748 2794/1612/1748
f 4364/1803/1749 164/971/1749 375/341/1749
f 490/344/1750 4366/3344/1750 4365/1804/1750
f 4367/1805/4062 4366/3344/4062 490/344/4062
f 490/344/1751 841/347/1751 4368/1806/1751
f 4487/3345/4063 4488/1810/4063 4358/3346/4063
f 4359/1807/1752 4368/1806/1752 841/347/1752
f 4487/3345/1752 4358/3346/1752 4359/1807/1752
f 1002/350/1752 4485/3347/1752 4486/1808/1752
f 4486/1808/4064 4487/3345/4064 4359/1807/4064
f 841/347/1752 1002/350/1752 4486/1808/1752
f 4492/3348/1753 4491/3349/1753 4360/1809/1753
f 4360/1809/1753 4358/3346/1753 4488/1810/1753
f 4494/1811/1753 4492/3348/1753 4360/1809/1753
f 4489/3350/1753 4485/3347/1753 1002/350/1753
f 1002/350/1753 1072/353/1753 4493/1812/1753
f 4490/1813/1753 4489/3350/1753 1002/350/1753
f 4496/3351/1754 4500/3352/1754 4361/1814/1754
f 4361/1814/1754 4360/1809/1754 4491/3349/1754
f 4361/1814/4065 4491/3349/4065 4501/1815/4065
f 4495/1816/1754 4496/3351/1754 4361/1814/1754
f 4502/3353/4066 4493/1812/4066 1072/353/4066
f 1235/356/1754 4498/3354/1754 4497/3355/1754
f 4499/1817/1754 4502/3353/1754 1072/353/1754
f 1235/356/4067 4497/3355/4067 4499/1817/4067
f 4498/3354/1755 1235/356/1755 1280/359/1755
f 1280/359/4068 4356/3356/4068 4357/1818/4068
f 4357/1818/1755 4361/1814/1755 4500/3352/1755
f 4357/1818/1755 4500/3352/1755 4503/3357/1755
f 4504/1819/1755 4498/3354/1755 1280/359/1755
f 4357/1818/4069 4503/3357/4069 4504/1819/4069
f 4349/1820/1756 4356/3356/1756 1280/359/1756
f 1280/359/1756 1309/362/1756 4348/1821/1756
f 4350/1822/1757 4348/1821/1757 1309/362/1757
f 1309/362/1757 1347/365/1757 4351/1823/1757
f 4352/1824/1758 4351/1823/1758 1347/365/1758
f 1347/365/1758 1386/368/1758 4355/1825/1758
f 1386/368/1759 1430/371/1759 4354/1826/1759
f 1430/371/1760 1475/374/1760 4353/1827/1760
f 4321/1828/1761 4353/1827/1761 1475/374/1761
f 1475/374/1761 1502/377/1761 4322/1829/1761
f 4611/3358/4070 4606/1833/4070 4327/3359/4070
f 4323/3360/4070 4322/1829/4070 1502/377/4070
f 4611/3358/4070 4327/3359/4070 4323/3360/4070
f 4610/3361/4071 4611/3358/4071 4323/3360/4071
f 1502/377/4072 1522/380/4072 4604/1836/4072
f 1502/377/4071 4604/1836/4071 4603/3362/4071
f 4607/3363/4073 4610/3361/4073 4323/3360/4073
f 4607/3363/4070 4323/3360/4070 1502/377/4070
f 1502/377/4070 4603/3362/4070 4605/3364/4070
f 1502/377/4070 4605/3364/4070 4608/1830/4070
f 4609/1831/4071 4607/3363/4071 1502/377/4071
f 4615/3365/1764 4612/3366/1764 4326/1832/1764
f 4326/1832/1763 4327/3359/1763 4606/1833/1763
f 4613/1834/1764 4615/3365/1764 4326/1832/1764
f 1522/380/4074 4614/3367/4074 4616/1835/4074
f 4619/3368/4075 4620/3369/4075 4324/1837/4075
f 4324/1837/1765 4326/1832/1765 4612/3366/1765
f 4324/1837/1765 4612/3366/1765 4617/3370/1765
f 4622/3371/4076 4619/3368/4076 4324/1837/4076
f 4621/1839/1765 4622/3371/1765 4324/1837/1765
f 4324/1837/4075 4617/3370/4075 4618/1838/4075
f 4627/3372/1766 4628/3373/1766 4329/3374/1766
f 4325/1840/1766 4324/1837/1766 4620/3369/1766
f 4627/3372/1766 4329/3374/1766 4325/1840/1766
f 4629/3375/4077 4627/3372/4077 4325/1840/4077
f 4325/1840/4078 4620/3369/4078 4624/3369/4078
f 4325/1840/1766 4624/3369/1766 4623/3376/1766
f 4625/1842/4079 4629/3375/4079 4325/1840/4079
f 4325/1840/1766 4623/3376/1766 4626/1841/1766
f 4631/1843/4080 4630/3377/4080 4330/3378/4080
f 4328/1844/4081 4329/3374/4081 4628/3373/4081
f 4631/1843/4081 4330/3378/4081 4328/1844/4081
f 4328/1844/4080 4628/3373/4080 4635/1845/4080
f 4632/1846/4082 4633/3379/4082 1564/392/4082
f 4642/3380/4083 4634/1847/4083 1564/392/4083
f 1578/395/4084 4334/1850/4084 4331/1848/4084
f 4331/1848/1769 4330/3378/1769 4630/3377/1769
f 4331/1848/1769 4630/3377/1769 4636/3381/1769
f 4642/3380/4085 1564/392/4085 1578/395/4085
f 4641/3382/1769 4642/3380/1769 1578/395/1769
f 4331/1848/1769 4636/3381/1769 4640/3383/1769
f 4331/1848/1769 4640/3383/1769 4637/3384/1769
f 4638/3385/1769 4641/3382/1769 1578/395/1769
f 4331/1848/4086 4637/3384/4086 4639/1849/4086
f 4639/1849/4083 4638/3385/4083 1578/395/4083
f 4334/1850/1770 1578/395/1770 1586/398/1770
f 4332/1852/1771 4333/1851/1771 1586/398/1771
f 1586/398/1771 1596/401/1771 4338/1853/1771
f 1607/404/1772 4337/1854/1772 4338/1853/1772
f 4337/1854/1773 1607/404/1773 1625/407/1773
f 4335/1855/1774 1625/407/1774 1637/410/1774
f 1637/410/1775 1645/413/1775 4340/1857/1775
f 4370/3386/4087 4369/3387/4087 4339/1858/4087
f 4339/1858/4087 4340/1857/4087 1645/413/4087
f 1645/413/4087 1658/416/4087 4372/3388/4087
f 4371/1859/4088 4370/3386/4088 4339/1858/4088
f 1645/413/4087 4372/3388/4087 4371/1859/4087
f 4374/3389/4089 4373/3390/4089 4341/1860/4089
f 4341/1860/1777 4339/1858/1777 4369/3387/1777
f 4341/1860/1777 4369/3387/1777 4380/1861/1777
f 4376/1862/1777 4374/3389/1777 4341/1860/1777
f 4377/3391/1777 4372/3388/1777 1658/416/1777
f 1658/416/1777 1666/419/1777 4375/3392/1777
f 1658/416/4090 4375/3392/4090 4379/1863/4090
f 4378/1864/4091 4377/3391/4091 1658/416/4091
f 4385/3393/1778 4375/3392/1778 1666/419/1778
f 1671/422/1778 4384/3394/1778 4383/1865/1778
f 4383/1865/4092 4385/3393/4092 1666/419/4092
f 4382/1866/1778 4386/3395/1778 4343/3396/1778
f 4342/1867/1778 4341/1860/1778 4373/3390/1778
f 4382/1866/1778 4343/3396/1778 4342/1867/1778
f 4342/1867/1778 4373/3390/1778 4381/1868/1778
f 4388/1869/4093 4384/3394/4093 1671/422/4093
f 1671/422/1779 1677/425/1779 4344/1870/1779
f 4344/1870/1779 4343/3396/1779 4386/3395/1779
f 4344/1870/1779 4386/3395/1779 4387/1871/1779
f 4388/1869/1779 1671/422/1779 4344/1870/1779
f 4345/1872/1780 4344/1870/1780 1677/425/1780
f 1677/425/1780 1683/428/1780 4347/1873/1780
f 4646/3397/4094 4614/3398/4094 1522/2601/4094
f 1522/2601/4095 1502/3109/4095 1475/2600/4095
f 1475/2600/1781 1430/3120/1781 1386/2598/1781
f 1386/2598/1781 1347/3132/1781 1309/2594/1781
f 1309/2594/4096 1280/3214/4096 1235/3219/4096
f 1235/3219/4096 1072/3221/4096 1002/1874/4096
f 1002/1874/4097 841/3223/4097 490/2554/4097
f 490/2554/1781 375/3102/1781 164/2553/1781
f 164/2553/1781 1690/3116/1781 1683/2588/1781
f 1683/2588/1781 1677/3128/1781 1671/2582/1781
f 1671/2582/4095 1666/3138/4095 1658/2634/4095
f 1658/2634/4095 1645/3144/4095 1637/2630/4095
f 1637/2630/1781 1625/3226/1781 1607/2723/1781
f 1607/2723/1781 1596/3229/1781 1586/1875/1781
f 1586/1875/4094 1578/3231/4094 1564/2746/4094
f 1564/2746/1781 4633/3399/1781 4643/3400/1781
f 1586/1875/1781 1564/2746/1781 4643/3400/1781
f 1637/2630/1781 1607/2723/1781 1586/1875/1781
f 1671/2582/1781 1658/2634/1781 1637/2630/1781
f 164/2553/1781 1683/2588/1781 1671/2582/1781
f 1002/1874/1781 490/2554/1781 164/2553/1781
f 1309/2594/1781 1235/3219/1781 1002/1874/1781
f 1475/2600/1781 1386/2598/1781 1309/2594/1781
f 4646/3397/1781 1522/2601/1781 1475/2600/1781
f 4645/3401/1781 4646/3397/1781 1475/2600/1781
f 1475/2600/1781 1309/2594/1781 1002/1874/1781
f 1002/1874/1781 164/2553/1781 1671/2582/1781
f 1671/2582/1781 1637/2630/1781 1586/1875/1781
f 1586/1875/1781 4643/3400/1781 4644/3402/1781
f 4647/1876/1781 4645/3401/1781 1475/2600/1781
f 1586/1875/1781 4644/3402/1781 4647/1876/1781
f 1002/1874/1781 1671/2582/1781 1586/1875/1781
f 4647/1876/1781 1475/2600/1781 1002/1874/1781
f 4346/1877/1782 4347/1873/1782 1683/428/1782
f 1683/428/4098 1690/434/4098 4362/1878/4098
f 4363/1879/1783 4362/1878/1783 1690/434/1783
f 1690/434/1783 164/437/1783 4364/1880/1783
f 971/1881/1784 1016/1881/1784 223/1881/1784
f 1016/1881/2073 1037/1881/2073 257/1881/2073
f 1037/1881/2072 1110/1881/2072 328/1881/2072
f 1110/1881/1787 1164/1881/1787 378/1881/1787
f 1164/1881/4099 1198/1881/4099 473/1881/4099
f 1198/1881/1789 1220/1881/1789 550/1881/1789
f 550/1881/1790 1220/1881/1790 1250/1881/1790
f 578/1881/1791 1250/1881/1791 1260/1881/1791
f 698/1881/1792 1260/1881/1792 1262/1881/1792
f 800/1881/1793 1262/1881/1793 1279/1881/1793
f 813/1881/1794 1279/1881/1794 1285/1881/1794
f 871/1881/1795 1285/1881/1795 971/1881/1795
f 1303/1881/1796 1316/1881/1796 1016/1881/1796
f 1316/1881/1797 1324/1881/1797 1037/1881/1797
f 1324/1881/2075 1342/1881/2075 1110/1881/2075
f 1342/1881/2074 1349/1881/2074 1164/1881/2074
f 1349/1881/1800 1363/1881/1800 1198/1881/1800
f 1363/1881/1801 1371/1881/1801 1220/1881/1801
f 1220/1881/1802 1371/1881/1802 1393/1881/1802
f 1250/1881/1803 1393/1881/1803 1404/1881/1803
f 1260/1881/1804 1404/1881/1804 1412/1881/1804
f 1262/1881/1805 1412/1881/1805 1425/1881/1805
f 1279/1881/1806 1425/1881/1806 1448/1881/1806
f 1285/1881/1807 1448/1881/1807 1303/1881/1807
f 1453/1881/1808 1466/1881/1808 1316/1881/1808
f 1466/1881/2079 1479/1881/2079 1324/1881/2079
f 1479/1881/2078 1495/1881/2078 1342/1881/2078
f 1495/1881/1811 1512/1881/1811 1349/1881/1811
f 1512/1881/2077 1517/1881/2077 1363/1881/2077
f 1517/1881/1813 1520/1881/1813 1371/1881/1813
f 1371/1881/1814 1520/1881/1814 1524/1881/1814
f 1393/1881/4100 1524/1881/4100 1525/1881/4100
f 1404/1881/1816 1525/1881/1816 1528/1881/1816
f 1412/1881/1817 1528/1881/1817 1533/1881/1817
f 1425/1881/1818 1533/1881/1818 1536/1881/1818
f 1448/1881/1819 1536/1881/1819 1453/1881/1819
f 1538/1881/1820 1542/1881/1820 1466/1881/1820
f 1542/1881/4101 1547/1881/4101 1479/1881/4101
f 1547/1881/4102 1549/1881/4102 1495/1881/4102
f 1549/1881/1823 1552/1881/1823 1512/1881/1823
f 1552/1881/1824 1558/1881/1824 1517/1881/1824
f 1558/1881/1825 1559/1881/1825 1520/1881/1825
f 1520/1881/1826 1559/1881/1826 1565/1881/1826
f 1524/1881/1827 1565/1881/1827 1567/1881/1827
f 1525/1881/1828 1567/1881/1828 1572/1881/1828
f 1528/1881/2081 1572/1881/2081 1576/1881/2081
f 1533/1881/1830 1576/1881/1830 1582/1881/1830
f 1536/1881/1831 1582/1881/1831 1538/1881/1831
f 1583/1881/1832 1588/1881/1832 1542/1881/1832
f 1588/1881/2084 1591/1881/2084 1547/1881/2084
f 1591/1881/1834 1598/1881/1834 1549/1881/1834
f 1598/1881/1835 1599/1881/1835 1552/1881/1835
f 1599/1881/2083 1603/1881/2083 1558/1881/2083
f 1603/1881/1837 1610/1881/1837 1559/1881/1837
f 1559/1881/1838 1610/1881/1838 1612/1881/1838
f 1565/1881/1839 1612/1881/1839 1618/1881/1839
f 1567/1881/1840 1618/1881/1840 1621/1881/1840
f 1572/1881/1841 1621/1881/1841 1624/1881/1841
f 1576/1881/1842 1624/1881/1842 1627/1881/1842
f 1582/1881/1843 1627/1881/1843 1583/1881/1843
f 1632/1881/1844 1636/1881/1844 1588/1881/1844
f 1636/1881/2086 1640/1881/2086 1591/1881/2086
f 1640/1881/1846 1644/1881/1846 1598/1881/1846
f 1644/1881/1847 1647/1881/1847 1599/1881/1847
f 1647/1881/1848 1654/1881/1848 1603/1881/1848
f 1654/1881/1849 1656/1881/1849 1610/1881/1849
f 1610/1881/1850 1656/1881/1850 1661/1881/1850
f 1612/1881/1851 1661/1881/1851 1663/1881/1851
f 1618/1881/1852 1663/1881/1852 1665/1881/1852
f 1621/1881/1853 1665/1881/1853 1667/1881/1853
f 1624/1881/1854 1667/1881/1854 1669/1881/1854
f 1627/1881/1855 1669/1881/1855 1632/1881/1855
f 1672/1881/1856 1673/1881/1856 1636/1881/1856
f 1673/1881/4103 1676/1881/4103 1640/1881/4103
f 1676/1881/1858 1678/1881/1858 1644/1881/1858
f 1678/1881/1859 1679/1881/1859 1647/1881/1859
f 1679/1881/2087 1681/1881/2087 1654/1881/2087
f 1681/1881/1861 1684/1881/1861 1656/1881/1861
f 1656/1881/1862 1684/1881/1862 1685/1881/1862
f 1661/1881/4104 1685/1881/4104 1687/1881/4104
f 1663/1881/4105 1687/1881/4105 1689/1881/4105
f 1665/1881/2089 1689/1881/2089 1691/1881/2089
f 1667/1881/1866 1691/1881/1866 1694/1881/1866
f 1669/1881/1867 1694/1881/1867 1672/1881/1867
f 1695/1881/1868 1697/1881/1868 1673/1881/1868
f 1697/1881/1869 1699/1881/1869 1676/1881/1869
f 1699/1881/1870 1702/1881/1870 1678/1881/1870
f 1702/1881/1871 1703/1881/1871 1679/1881/1871
f 1703/1881/2090 1706/1881/2090 1681/1881/2090
f 1706/1881/1873 1708/1881/1873 1684/1881/1873
f 1684/1881/1874 1708/1881/1874 1710/1881/1874
f 1685/1881/1875 1710/1881/1875 1712/1881/1875
f 1687/1881/4106 1712/1881/4106 1714/1881/4106
f 1689/1881/2092 1714/1881/2092 1715/1881/2092
f 1691/1881/1878 1715/1881/1878 1718/1881/1878
f 1694/1881/1879 1718/1881/1879 1695/1881/1879
f 1720/1881/1880 1722/1881/1880 1697/1881/1880
f 1722/1881/4107 1724/1881/4107 1699/1881/4107
f 1724/1881/1882 1725/1881/1882 1702/1881/1882
f 1725/1881/4108 1727/1881/4108 1703/1881/4108
f 1727/1881/4109 1729/1881/4109 1706/1881/4109
f 1729/1881/1885 1731/1881/1885 1708/1881/1885
f 1708/1881/1886 1731/1881/1886 1733/1881/1886
f 1710/1881/1887 1733/1881/1887 1736/1881/1887
f 1712/1881/4110 1736/1881/4110 1738/1881/4110
f 1714/1881/2093 1738/1881/2093 1739/1881/2093
f 1715/1881/1890 1739/1881/1890 1742/1881/1890
f 1718/1881/1891 1742/1881/1891 1720/1881/1891
f 1744/1881/1892 1746/1881/1892 1722/1881/1892
f 1746/1881/1893 1748/1881/1893 1724/1881/1893
f 1748/1881/1894 1749/1881/1894 1725/1881/1894
f 1749/1881/1895 1751/1881/1895 1727/1881/1895
f 1751/1881/1896 1754/1881/1896 1729/1881/1896
f 1754/1881/1897 1756/1881/1897 1731/1881/1897
f 1731/1881/1898 1756/1881/1898 1758/1881/1898
f 1733/1881/1899 1758/1881/1899 1759/1881/1899
f 1736/1881/1900 1759/1881/1900 1761/1881/1900
f 1738/1881/1901 1761/1881/1901 1763/1881/1901
f 1739/1881/1902 1763/1881/1902 1766/1881/1902
f 1742/1881/1903 1766/1881/1903 1744/1881/1903
f 1768/1881/1904 1770/1881/1904 1746/1881/1904
f 1770/1881/1905 1772/1881/1905 1748/1881/1905
f 1772/1881/1906 1773/1881/1906 1749/1881/1906
f 1773/1881/1907 1776/1881/1907 1751/1881/1907
f 1776/1881/1908 1777/1881/1908 1754/1881/1908
f 1777/1881/1909 1780/1881/1909 1756/1881/1909
f 1756/1881/1910 1780/1881/1910 1781/1881/1910
f 1758/1881/1911 1781/1881/1911 1784/1881/1911
f 1759/1881/1912 1784/1881/1912 1786/1881/1912
f 1761/1881/1913 1786/1881/1913 1788/1881/1913
f 1763/1881/1914 1788/1881/1914 1789/1881/1914
f 1766/1881/1915 1789/1881/1915 1768/1881/1915
f 1792/1881/1916 1793/1881/1916 1770/1881/1916
f 1793/1881/1917 1795/1881/1917 1772/1881/1917
f 1795/1881/4111 1797/1881/4111 1773/1881/4111
f 1797/1881/4112 1799/1881/4112 1776/1881/4112
f 1799/1881/1920 1802/1881/1920 1777/1881/1920
f 1802/1881/1921 1804/1881/1921 1780/1881/1921
f 1780/1881/1922 1804/1881/1922 1806/1881/1922
f 1781/1881/1923 1806/1881/1923 1808/1881/1923
f 1784/1881/1924 1808/1881/1924 1809/1881/1924
f 1786/1881/4113 1809/1881/4113 1811/1881/4113
f 1788/1881/1926 1811/1881/1926 1814/1881/1926
f 1789/1881/1927 1814/1881/1927 1792/1881/1927
f 1792/1881/1928 1816/1881/1928 1818/1881/1928
f 1793/1881/1929 1818/1881/1929 1819/1881/1929
f 1795/1881/4114 1819/1881/4114 1822/1881/4114
f 1797/1881/1931 1822/1881/1931 1824/1881/1931
f 1799/1881/1932 1824/1881/1932 1826/1881/1932
f 1802/1881/1933 1826/1881/1933 1827/1881/1933
f 1827/1881/1934 1830/1881/1934 1806/1881/1934
f 1830/1881/1935 1832/1881/1935 1808/1881/1935
f 1832/1881/4115 1833/1881/4115 1809/1881/4115
f 1833/1881/2095 1835/1881/2095 1811/1881/2095
f 1835/1881/1938 1837/1881/1938 1814/1881/1938
f 1837/1881/1939 1816/1881/1939 1792/1881/1939
f 1816/1881/1940 1839/1881/1940 1841/1881/1940
f 1818/1881/1941 1841/1881/1941 1843/1881/1941
f 1819/1881/1942 1843/1881/1942 1846/1881/1942
f 1822/1881/1943 1846/1881/1943 1847/1881/1943
f 1824/1881/1944 1847/1881/1944 1849/1881/1944
f 1826/1881/1945 1849/1881/1945 1851/1881/1945
f 1851/1881/1946 1853/1881/1946 1830/1881/1946
f 1853/1881/1947 1855/1881/1947 1832/1881/1947
f 1855/1881/1948 1857/1881/1948 1833/1881/1948
f 1857/1881/1949 1859/1881/1949 1835/1881/1949
f 1859/1881/1950 1861/1881/1950 1837/1881/1950
f 1861/1881/1951 1839/1881/1951 1816/1881/1951
f 1839/1881/1952 1864/1881/1952 1865/1881/1952
f 1841/1881/1953 1865/1881/1953 1868/1881/1953
f 1843/1881/1954 1868/1881/1954 1870/1881/1954
f 1846/1881/1955 1870/1881/1955 1872/1881/1955
f 1847/1881/4116 1872/1881/4116 1874/1881/4116
f 1849/1881/1957 1874/1881/1957 1876/1881/1957
f 1876/1881/1958 1878/1881/1958 1853/1881/1958
f 1878/1881/1959 1880/1881/1959 1855/1881/1959
f 1880/1881/2096 1882/1881/2096 1857/1881/2096
f 1882/1881/1961 1884/1881/1961 1859/1881/1961
f 1884/1881/1962 1885/1881/1962 1861/1881/1962
f 1885/1881/1963 1864/1881/1963 1839/1881/1963
f 1864/1881/1964 1888/1881/1964 1889/1881/1964
f 1865/1881/2098 1889/1881/2098 1892/1881/2098
f 1868/1881/4117 1892/1881/4117 1893/1881/4117
f 1870/1881/2097 1893/1881/2097 1895/1881/2097
f 1872/1881/1968 1895/1881/1968 1897/1881/1968
f 1874/1881/1969 1897/1881/1969 1900/1881/1969
f 1900/1881/1970 1901/1881/1970 1878/1881/1970
f 1901/1881/1971 1903/1881/1971 1880/1881/1971
f 1903/1881/2099 1905/1881/2099 1882/1881/2099
f 1905/1881/4118 1908/1881/4118 1884/1881/4118
f 1908/1881/1974 1910/1881/1974 1885/1881/1974
f 1910/1881/1975 1888/1881/1975 1864/1881/1975
f 1888/1881/1976 1911/1881/1976 1914/1881/1976
f 1889/1881/1977 1914/1881/1977 1915/1881/1977
f 1892/1881/1978 1915/1881/1978 1918/1881/1978
f 1893/1881/4119 1918/1881/4119 1919/1881/4119
f 1895/1881/4120 1919/1881/4120 1922/1881/4120
f 1897/1881/1981 1922/1881/1981 1924/1881/1981
f 1924/1881/1982 1926/1881/1982 1901/1881/1982
f 1926/1881/1983 1927/1881/1983 1903/1881/1983
f 1927/1881/2101 1930/1881/2101 1905/1881/2101
f 1930/1881/1985 1931/1881/1985 1908/1881/1985
f 1931/1881/1986 1934/1881/1986 1910/1881/1986
f 1934/1881/1987 1911/1881/1987 1888/1881/1987
f 1911/1881/1988 1936/1881/1988 1937/1881/1988
f 1914/1881/4121 1937/1881/4121 1940/1881/4121
f 1915/1881/1990 1940/1881/1990 1941/1881/1990
f 1918/1881/1991 1941/1881/1991 1944/1881/1991
f 1919/1881/4122 1944/1881/4122 1946/1881/4122
f 1922/1881/1993 1946/1881/1993 1947/1881/1993
f 1947/1881/1994 1949/1881/1994 1926/1881/1994
f 1949/1881/1995 1951/1881/1995 1927/1881/1995
f 1951/1881/1996 1953/1881/1996 1930/1881/1996
f 1953/1881/2105 1955/1881/2105 1931/1881/2105
f 1955/1881/1998 1957/1881/1998 1934/1881/1998
f 1957/1881/1999 1936/1881/1999 1911/1881/1999
f 1936/1881/2000 1959/1881/2000 1961/1881/2000
f 1937/1881/4123 1961/1881/4123 1963/1881/4123
f 1940/1881/2002 1963/1881/2002 1966/1881/2002
f 1941/1881/2003 1966/1881/2003 1967/1881/2003
f 1944/1881/2004 1967/1881/2004 1969/1881/2004
f 1946/1881/2005 1969/1881/2005 1971/1881/2005
f 1971/1881/2006 1973/1881/2006 1949/1881/2006
f 1973/1881/2007 1975/1881/2007 1951/1881/2007
f 1975/1881/2008 1977/1881/2008 1953/1881/2008
f 1977/1881/2009 1979/1881/2009 1955/1881/2009
f 1979/1881/2010 1982/1881/2010 1957/1881/2010
f 1982/1881/2011 1959/1881/2011 1936/1881/2011
f 1959/1881/2012 1984/1881/2012 1986/1881/2012
f 1961/1881/2110 1986/1881/2110 1987/1881/2110
f 1963/1881/2014 1987/1881/2014 1990/1881/2014
f 1966/1881/2015 1990/1881/2015 1992/1881/2015
f 1967/1881/2109 1992/1881/2109 1994/1881/2109
f 1969/1881/2017 1994/1881/2017 1996/1881/2017
f 1996/1881/2018 1998/1881/2018 1973/1881/2018
f 1998/1881/2019 2000/1881/2019 1975/1881/2019
f 2000/1881/2020 2002/1881/2020 1977/1881/2020
f 2002/1881/2021 2004/1881/2021 1979/1881/2021
f 2004/1881/2022 2006/1881/2022 1982/1881/2022
f 2006/1881/2023 1984/1881/2023 1959/1881/2023
f 1984/1881/2024 2008/1881/2024 2010/1881/2024
f 1986/1881/2115 2010/1881/2115 2011/1881/2115
f 1987/1881/2026 2011/1881/2026 2013/1881/2026
f 1990/1881/2027 2013/1881/2027 2015/1881/2027
f 1992/1881/2112 2015/1881/2112 2018/1881/2112
f 1994/1881/2029 2018/1881/2029 2019/1881/2029
f 2019/1881/2030 2022/1881/2030 1998/1881/2030
f 2022/1881/2031 2024/1881/2031 2000/1881/2031
f 2024/1881/2032 2026/1881/2032 2002/1881/2032
f 2026/1881/2033 2028/1881/2033 2004/1881/2033
f 2028/1881/2034 2029/1881/2034 2006/1881/2034
f 2029/1881/2035 2008/1881/2035 1984/1881/2035
f 2008/1881/2036 2031/1881/2036 2034/1881/2036
f 2010/1881/2037 2034/1881/2037 2035/1881/2037
f 2011/1881/2038 2035/1881/2038 2037/1881/2038
f 2013/1881/2118 2037/1881/2118 2039/1881/2118
f 2015/1881/2117 2039/1881/2117 2042/1881/2117
f 2018/1881/2041 2042/1881/2041 2044/1881/2041
f 2044/1881/2042 2045/1881/2042 2022/1881/2042
f 2045/1881/2043 2047/1881/2043 2024/1881/2043
f 2047/1881/2044 2049/1881/2044 2026/1881/2044
f 2049/1881/2045 2052/1881/2045 2028/1881/2045
f 2052/1881/2046 2053/1881/2046 2029/1881/2046
f 2053/1881/2047 2031/1881/2047 2008/1881/2047
f 2031/1881/2048 2056/1881/2048 2057/1881/2048
f 2034/1881/2049 2057/1881/2049 2059/1881/2049
f 2035/1881/2121 2059/1881/2121 2061/1881/2121
f 2037/1881/2120 2061/1881/2120 2063/1881/2120
f 2039/1881/2119 2063/1881/2119 2065/1881/2119
f 2042/1881/2053 2065/1881/2053 2067/1881/2053
f 2067/1881/2054 2069/1881/2054 2045/1881/2054
f 2069/1881/2055 2071/1881/2055 2047/1881/2055
f 2071/1881/2056 2074/1881/2056 2049/1881/2056
f 2074/1881/2057 2075/1881/2057 2052/1881/2057
f 2075/1881/2058 2078/1881/2058 2053/1881/2058
f 2078/1881/2059 2056/1881/2059 2031/1881/2059
f 2056/1881/2060 2079/1881/2060 2081/1881/2060
f 2057/1881/2124 2081/1881/2124 2083/1881/2124
f 2059/1881/4124 2083/1881/4124 2086/1881/4124
f 2061/1881/2063 2086/1881/2063 2087/1881/2063
f 2063/1881/2123 2087/1881/2123 2089/1881/2123
f 2065/1881/2065 2089/1881/2065 2091/1881/2065
f 2091/1881/2066 2093/1881/2066 2069/1881/2066
f 2093/1881/4125 2095/1881/4125 2071/1881/4125
f 2095/1881/2068 2097/1881/2068 2074/1881/2068
f 2097/1881/2069 2100/1881/2069 2075/1881/2069
f 2100/1881/2070 2101/1881/2070 2078/1881/2070
f 2101/1881/2071 2079/1881/2071 2056/1881/2071
f 2103/1881/1789 2106/1881/1789 2081/1881/1789
f 2106/1881/4099 2107/1881/4099 2083/1881/4099
f 2107/1881/1787 2109/1881/1787 2086/1881/1787
f 2109/1881/2072 2111/1881/2072 2087/1881/2072
f 2111/1881/2073 2114/1881/2073 2089/1881/2073
f 2114/1881/1784 2115/1881/1784 2091/1881/1784
f 2091/1881/1795 2115/1881/1795 2117/1881/1795
f 2093/1881/1794 2117/1881/1794 2119/1881/1794
f 2095/1881/1793 2119/1881/1793 2121/1881/1793
f 2097/1881/1792 2121/1881/1792 2123/1881/1792
f 2100/1881/1791 2123/1881/1791 2126/1881/1791
f 2101/1881/1790 2126/1881/1790 2103/1881/1790
f 2127/1881/1801 2129/1881/1801 2106/1881/1801
f 2129/1881/1800 2131/1881/1800 2107/1881/1800
f 2131/1881/1799 2134/1881/1799 2109/1881/1799
f 2134/1881/2075 2136/1881/2075 2111/1881/2075
f 2136/1881/1797 2138/1881/1797 2114/1881/1797
f 2138/1881/1796 2139/1881/1796 2115/1881/1796
f 2115/1881/1807 2139/1881/1807 2141/1881/1807
f 2117/1881/1806 2141/1881/1806 2144/1881/1806
f 2119/1881/1805 2144/1881/1805 2145/1881/1805
f 2121/1881/1804 2145/1881/1804 2147/1881/1804
f 2123/1881/1803 2147/1881/1803 2150/1881/1803
f 2126/1881/1802 2150/1881/1802 2127/1881/1802
f 2151/1881/1813 2153/1881/1813 2129/1881/1813
f 2153/1881/1812 2155/1881/1812 2131/1881/1812
f 2155/1881/1811 2157/1881/1811 2134/1881/1811
f 2157/1881/2078 2159/1881/2078 2136/1881/2078
f 2159/1881/1809 2162/1881/1809 2138/1881/1809
f 2162/1881/1808 2163/1881/1808 2139/1881/1808
f 2139/1881/1819 2163/1881/1819 2165/1881/1819
f 2141/1881/1818 2165/1881/1818 2168/1881/1818
f 2144/1881/1817 2168/1881/1817 2169/1881/1817
f 2145/1881/1816 2169/1881/1816 2172/1881/1816
f 2147/1881/1815 2172/1881/1815 2174/1881/1815
f 2150/1881/1814 2174/1881/1814 2151/1881/1814
f 2175/1881/1825 2178/1881/1825 2153/1881/1825
f 2178/1881/2080 2179/1881/2080 2155/1881/2080
f 2179/1881/1823 2181/1881/1823 2157/1881/1823
f 2181/1881/1822 2184/1881/1822 2159/1881/1822
f 2184/1881/1821 2185/1881/1821 2162/1881/1821
f 2185/1881/1820 2188/1881/1820 2163/1881/1820
f 2163/1881/1831 2188/1881/1831 2189/1881/1831
f 4392/1881/4126 4393/1881/4126 2168/1881/4126
f 2168/1881/1830 2165/1881/1830 2189/1881/1830
f 2189/1881/4127 4389/1881/4127 4390/1881/4127
f 4391/1881/4128 4392/1881/4128 2168/1881/4128
f 2189/1881/1830 4390/1881/1830 4391/1881/1830
f 4394/1881/1829 4396/1881/1829 2192/1881/1829
f 2192/1881/2081 2169/1881/2081 2168/1881/2081
f 2168/1881/2081 4393/1881/2081 4395/1881/2081
f 4395/1881/1829 4394/1881/1829 2192/1881/1829
f 2169/1881/1828 2192/1881/1828 2194/1881/1828
f 2172/1881/1827 2194/1881/1827 2196/1881/1827
f 2174/1881/1826 2196/1881/1826 2175/1881/1826
f 2198/1881/1837 2201/1881/1837 2178/1881/1837
f 2201/1881/1836 2203/1881/1836 2179/1881/1836
f 2203/1881/1835 2204/1881/1835 2181/1881/1835
f 2204/1881/1834 2207/1881/1834 2184/1881/1834
f 2207/1881/1833 2209/1881/1833 2185/1881/1833
f 2209/1881/1832 2210/1881/1832 2188/1881/1832
f 2188/1881/1843 2210/1881/1843 2212/1881/1843
f 4401/1881/4129 4389/1881/4129 2189/1881/4129
f 2189/1881/1842 2212/1881/1842 4399/1881/1842
f 2189/1881/4130 4399/1881/4130 4397/1881/4130
f 4402/1881/1842 4401/1881/1842 2189/1881/1842
f 4400/1881/1842 4402/1881/1842 2189/1881/1842
f 2189/1881/4131 4397/1881/4131 4398/1881/4131
f 4404/1881/1841 4403/1881/1841 2215/1881/1841
f 2192/1881/4132 4396/1881/4132 4405/1881/4132
f 4406/1881/1841 4404/1881/1841 2215/1881/1841
f 2192/1881/4133 4405/1881/4133 4406/1881/4133
f 2192/1881/1840 2215/1881/1840 2217/1881/1840
f 2194/1881/1839 2217/1881/1839 2219/1881/1839
f 2196/1881/1838 2219/1881/1838 2198/1881/1838
f 2222/1881/1849 2223/1881/1849 2201/1881/1849
f 2223/1881/1848 2226/1881/1848 2203/1881/1848
f 2226/1881/1847 2227/1881/1847 2204/1881/1847
f 2227/1881/1846 2229/1881/1846 2207/1881/1846
f 2229/1881/1845 2231/1881/1845 2209/1881/1845
f 2231/1881/1844 2233/1881/1844 2210/1881/1844
f 2210/1881/1855 2233/1881/1855 2236/1881/1855
f 4407/1881/1854 4399/1881/1854 2212/1881/1854
f 2212/1881/1854 2236/1881/1854 2238/1881/1854
f 2238/1881/4134 4410/1881/4134 4408/1881/4134
f 4409/1881/1854 4407/1881/1854 2212/1881/1854
f 2238/1881/1854 4408/1881/1854 4409/1881/1854
f 4411/1881/1853 4410/1881/1853 2238/1881/1853
f 2238/1881/1853 2239/1881/1853 2215/1881/1853
f 2215/1881/4135 4403/1881/4135 4412/1881/4135
f 4412/1881/4135 4411/1881/4135 2238/1881/4135
f 2215/1881/1852 2239/1881/1852 2241/1881/1852
f 2217/1881/1851 2241/1881/1851 2243/1881/1851
f 2219/1881/1850 2243/1881/1850 2222/1881/1850
f 2246/1881/1861 2248/1881/1861 2223/1881/1861
f 2248/1881/1860 2249/1881/1860 2226/1881/1860
f 2249/1881/4136 2252/1881/4136 2227/1881/4136
f 2252/1881/1858 2253/1881/1858 2229/1881/1858
f 2253/1881/4103 2256/1881/4103 2231/1881/4103
f 2256/1881/1856 2258/1881/1856 2233/1881/1856
f 2233/1881/1867 2258/1881/1867 2260/1881/1867
f 2236/1881/1866 2260/1881/1866 2262/1881/1866
f 2238/1881/2089 2262/1881/2089 2263/1881/2089
f 2239/1881/4105 2263/1881/4105 2265/1881/4105
f 2241/1881/1863 2265/1881/1863 2267/1881/1863
f 2243/1881/1862 2267/1881/1862 2246/1881/1862
f 2270/1881/1873 2272/1881/1873 2248/1881/1873
f 2272/1881/2090 2273/1881/2090 2249/1881/2090
f 2273/1881/1871 2275/1881/1871 2252/1881/1871
f 2275/1881/1870 2277/1881/1870 2253/1881/1870
f 2277/1881/1869 2279/1881/1869 2256/1881/1869
f 2279/1881/1868 2282/1881/1868 2258/1881/1868
f 2258/1881/1879 2282/1881/1879 2284/1881/1879
f 2260/1881/1878 2284/1881/1878 2285/1881/1878
f 2262/1881/1877 2285/1881/1877 2288/1881/1877
f 2263/1881/4106 2288/1881/4106 2290/1881/4106
f 2265/1881/1875 2290/1881/1875 2292/1881/1875
f 2267/1881/1874 2292/1881/1874 2270/1881/1874
f 2293/1881/1885 2296/1881/1885 2272/1881/1885
f 2296/1881/1884 2298/1881/1884 2273/1881/1884
f 2298/1881/1883 2299/1881/1883 2275/1881/1883
f 2299/1881/4137 2301/1881/4137 2277/1881/4137
f 2301/1881/1881 2303/1881/1881 2279/1881/1881
f 2303/1881/1880 2305/1881/1880 2282/1881/1880
f 2282/1881/1891 2305/1881/1891 2307/1881/1891
f 2284/1881/1890 2307/1881/1890 2309/1881/1890
f 2285/1881/1889 2309/1881/1889 2311/1881/1889
f 2288/1881/4110 2311/1881/4110 2313/1881/4110
f 2290/1881/1887 2313/1881/1887 2315/1881/1887
f 2292/1881/1886 2315/1881/1886 2293/1881/1886
f 2317/1881/1897 2319/1881/1897 2296/1881/1897
f 2319/1881/1896 2322/1881/1896 2298/1881/1896
f 2322/1881/1895 2324/1881/1895 2299/1881/1895
f 2324/1881/1894 2326/1881/1894 2301/1881/1894
f 2326/1881/1893 2328/1881/1893 2303/1881/1893
f 2328/1881/1892 2329/1881/1892 2305/1881/1892
f 2305/1881/1903 2329/1881/1903 2331/1881/1903
f 2307/1881/1902 2331/1881/1902 2333/1881/1902
f 2309/1881/1901 2333/1881/1901 2335/1881/1901
f 2311/1881/1900 2335/1881/1900 2338/1881/1900
f 2313/1881/1899 2338/1881/1899 2339/1881/1899
f 2315/1881/1898 2339/1881/1898 2317/1881/1898
f 2341/1881/1909 2343/1881/1909 2319/1881/1909
f 2343/1881/1908 2346/1881/1908 2322/1881/1908
f 2346/1881/1907 2347/1881/1907 2324/1881/1907
f 2347/1881/1906 2350/1881/1906 2326/1881/1906
f 2350/1881/1905 2352/1881/1905 2328/1881/1905
f 2352/1881/1904 2354/1881/1904 2329/1881/1904
f 2329/1881/1915 2354/1881/1915 2356/1881/1915
f 2331/1881/1914 2356/1881/1914 2358/1881/1914
f 2333/1881/1913 2358/1881/1913 2360/1881/1913
f 2335/1881/1912 2360/1881/1912 2362/1881/1912
f 2338/1881/1911 2362/1881/1911 2363/1881/1911
f 2339/1881/1910 2363/1881/1910 2341/1881/1910
f 2366/1881/1921 2367/1881/1921 2343/1881/1921
f 2367/1881/1920 2369/1881/1920 2346/1881/1920
f 2369/1881/4112 2371/1881/4112 2347/1881/4112
f 2371/1881/1918 2374/1881/1918 2350/1881/1918
f 2374/1881/1917 2376/1881/1917 2352/1881/1917
f 2376/1881/1916 2378/1881/1916 2354/1881/1916
f 2354/1881/1927 2378/1881/1927 2379/1881/1927
f 2356/1881/1926 2379/1881/1926 2382/1881/1926
f 2358/1881/4113 2382/1881/4113 2384/1881/4113
f 2360/1881/4138 2384/1881/4138 2386/1881/4138
f 2362/1881/1923 2386/1881/1923 2387/1881/1923
f 2363/1881/1922 2387/1881/1922 2366/1881/1922
f 2366/1881/1933 2390/1881/1933 2392/1881/1933
f 2367/1881/1932 2392/1881/1932 2394/1881/1932
f 2369/1881/1931 2394/1881/1931 2396/1881/1931
f 2371/1881/4114 2396/1881/4114 2398/1881/4114
f 2374/1881/1929 2398/1881/1929 2399/1881/1929
f 2376/1881/1928 2399/1881/1928 2402/1881/1928
f 2402/1881/1939 2403/1881/1939 2379/1881/1939
f 2403/1881/1938 2405/1881/1938 2382/1881/1938
f 2405/1881/2095 2407/1881/2095 2384/1881/2095
f 2407/1881/1936 2409/1881/1936 2386/1881/1936
f 2409/1881/1935 2411/1881/1935 2387/1881/1935
f 2411/1881/1934 2390/1881/1934 2366/1881/1934
f 2390/1881/1945 2413/1881/1945 2416/1881/1945
f 2392/1881/1944 2416/1881/1944 2417/1881/1944
f 2394/1881/1943 2417/1881/1943 2420/1881/1943
f 2396/1881/1942 2420/1881/1942 2422/1881/1942
f 2398/1881/1941 2422/1881/1941 2423/1881/1941
f 2399/1881/1940 2423/1881/1940 2425/1881/1940
f 2425/1881/1951 2427/1881/1951 2403/1881/1951
f 2427/1881/1950 2429/1881/1950 2405/1881/1950
f 2429/1881/1949 2432/1881/1949 2407/1881/1949
f 2432/1881/1948 2433/1881/1948 2409/1881/1948
f 2433/1881/1947 2435/1881/1947 2411/1881/1947
f 2435/1881/1946 2413/1881/1946 2390/1881/1946
f 2413/1881/1957 2438/1881/1957 2439/1881/1957
f 2416/1881/1956 2439/1881/1956 2442/1881/1956
f 2417/1881/1955 2442/1881/1955 2444/1881/1955
f 2420/1881/1954 2444/1881/1954 2445/1881/1954
f 2422/1881/1953 2445/1881/1953 2448/1881/1953
f 2423/1881/1952 2448/1881/1952 2450/1881/1952
f 2450/1881/1963 2451/1881/1963 2427/1881/1963
f 2451/1881/1962 2453/1881/1962 2429/1881/1962
f 2453/1881/1961 2456/1881/1961 2432/1881/1961
f 2456/1881/2096 2458/1881/2096 2433/1881/2096
f 2458/1881/1959 2460/1881/1959 2435/1881/1959
f 2460/1881/1958 2438/1881/1958 2413/1881/1958
f 2438/1881/1969 2461/1881/1969 2464/1881/1969
f 2439/1881/1968 2464/1881/1968 2466/1881/1968
f 2442/1881/2097 2466/1881/2097 2468/1881/2097
f 2444/1881/4117 2468/1881/4117 2469/1881/4117
f 2445/1881/1965 2469/1881/1965 2471/1881/1965
f 2448/1881/1964 2471/1881/1964 2474/1881/1964
f 2474/1881/1975 2476/1881/1975 2451/1881/1975
f 2476/1881/1974 2478/1881/1974 2453/1881/1974
f 2478/1881/4118 2480/1881/4118 2456/1881/4118
f 2480/1881/1972 2482/1881/1972 2458/1881/1972
f 2482/1881/1971 2484/1881/1971 2460/1881/1971
f 2484/1881/1970 2461/1881/1970 2438/1881/1970
f 2461/1881/1981 2485/1881/1981 2487/1881/1981
f 2464/1881/1980 2487/1881/1980 2489/1881/1980
f 2466/1881/1979 2489/1881/1979 2492/1881/1979
f 2468/1881/4139 2492/1881/4139 2494/1881/4139
f 2469/1881/1977 2494/1881/1977 2496/1881/1977
f 2471/1881/1976 2496/1881/1976 2498/1881/1976
f 2498/1881/1987 2500/1881/1987 2476/1881/1987
f 2500/1881/1986 2502/1881/1986 2478/1881/1986
f 2502/1881/4140 2503/1881/4140 2480/1881/4140
f 2503/1881/2101 2506/1881/2101 2482/1881/2101
f 2506/1881/1983 2508/1881/1983 2484/1881/1983
f 2508/1881/1982 2485/1881/1982 2461/1881/1982
f 2485/1881/1993 2510/1881/1993 2512/1881/1993
f 2487/1881/1992 2512/1881/1992 2514/1881/1992
f 2489/1881/1991 2514/1881/1991 2516/1881/1991
f 2492/1881/4141 2516/1881/4141 2517/1881/4141
f 2494/1881/1989 2517/1881/1989 2520/1881/1989
f 2496/1881/1988 2520/1881/1988 2522/1881/1988
f 2522/1881/1999 2524/1881/1999 2500/1881/1999
f 2524/1881/1998 2525/1881/1998 2502/1881/1998
f 2525/1881/2105 2527/1881/2105 2503/1881/2105
f 2527/1881/4142 2530/1881/4142 2506/1881/4142
f 2530/1881/1995 2532/1881/1995 2508/1881/1995
f 2532/1881/1994 2510/1881/1994 2485/1881/1994
f 2510/1881/2005 2533/1881/2005 2535/1881/2005
f 2512/1881/2004 2535/1881/2004 2537/1881/2004
f 2514/1881/2003 2537/1881/2003 2539/1881/2003
f 2516/1881/2002 2539/1881/2002 2541/1881/2002
f 2517/1881/4123 2541/1881/4123 2544/1881/4123
f 2520/1881/2000 2544/1881/2000 2546/1881/2000
f 2546/1881/2011 2548/1881/2011 2524/1881/2011
f 4508/1881/4143 4507/1881/4143 2525/1881/4143
f 2525/1881/2010 2524/1881/2010 2548/1881/2010
f 2548/1881/2010 4505/1881/2010 4506/1881/2010
f 4509/1881/2107 4508/1881/2107 2525/1881/2107
f 2548/1881/2010 4506/1881/2010 4509/1881/2010
f 4512/1881/4144 4511/1881/4144 2551/1881/4144
f 2551/1881/2009 2527/1881/2009 2525/1881/2009
f 2525/1881/2009 4507/1881/2009 4510/1881/2009
f 4510/1881/2009 4512/1881/2009 2551/1881/2009
f 2551/1881/2008 2552/1881/2008 2530/1881/2008
f 2552/1881/2007 2555/1881/2007 2532/1881/2007
f 2555/1881/2006 2533/1881/2006 2510/1881/2006
f 2533/1881/2017 2556/1881/2017 2558/1881/2017
f 2535/1881/2016 2558/1881/2016 2561/1881/2016
f 2537/1881/2015 2561/1881/2015 2562/1881/2015
f 2539/1881/2014 2562/1881/2014 2565/1881/2014
f 2541/1881/2013 2565/1881/2013 2566/1881/2013
f 2544/1881/2012 2566/1881/2012 2568/1881/2012
f 2568/1881/2023 2571/1881/2023 2548/1881/2023
f 4516/1881/4145 4505/1881/4145 2548/1881/4145
f 2548/1881/2022 2571/1881/2022 4515/1881/2022
f 2548/1881/4146 4515/1881/4146 4513/1881/4146
f 4517/1881/2022 4516/1881/2022 2548/1881/2022
f 4518/1881/2022 4517/1881/2022 2548/1881/2022
f 2548/1881/2022 4513/1881/2022 4514/1881/2022
f 4519/1881/2021 4520/1881/2021 2574/1881/2021
f 2551/1881/2021 4511/1881/2021 4521/1881/2021
f 4522/1881/4147 4519/1881/4147 2574/1881/4147
f 2551/1881/4147 4521/1881/4147 4522/1881/4147
f 2574/1881/2020 2576/1881/2020 2552/1881/2020
f 2576/1881/2019 2578/1881/2019 2555/1881/2019
f 2578/1881/2018 2556/1881/2018 2533/1881/2018
f 2556/1881/2029 2580/1881/2029 2581/1881/2029
f 2558/1881/2028 2581/1881/2028 2583/1881/2028
f 2561/1881/2027 2583/1881/2027 2586/1881/2027
f 2562/1881/2026 2586/1881/2026 2588/1881/2026
f 2565/1881/2115 2588/1881/2115 2590/1881/2115
f 2566/1881/2024 2590/1881/2024 2592/1881/2024
f 2592/1881/2035 2593/1881/2035 2571/1881/2035
f 4523/1881/4148 4515/1881/4148 2571/1881/4148
f 2571/1881/2034 2593/1881/2034 2596/1881/2034
f 2596/1881/4149 4525/1881/4149 4524/1881/4149
f 4526/1881/2034 4523/1881/2034 2571/1881/2034
f 2596/1881/4148 4524/1881/4148 4526/1881/4148
f 4527/1881/4150 4525/1881/4150 2596/1881/4150
f 2596/1881/2033 2598/1881/2033 2574/1881/2033
f 2574/1881/2033 4520/1881/2033 4528/1881/2033
f 4528/1881/4151 4527/1881/4151 2596/1881/4151
f 2598/1881/2032 2600/1881/2032 2576/1881/2032
f 2600/1881/2031 2601/1881/2031 2578/1881/2031
f 2601/1881/2030 2580/1881/2030 2556/1881/2030
f 2580/1881/2041 2604/1881/2041 2605/1881/2041
f 2581/1881/2040 2605/1881/2040 2608/1881/2040
f 2583/1881/2118 2608/1881/2118 2610/1881/2118
f 2586/1881/2038 2610/1881/2038 2612/1881/2038
f 2588/1881/2037 2612/1881/2037 2614/1881/2037
f 2590/1881/2036 2614/1881/2036 2615/1881/2036
f 2615/1881/2047 2618/1881/2047 2593/1881/2047
f 2618/1881/2046 2620/1881/2046 2596/1881/2046
f 2620/1881/2045 2621/1881/2045 2598/1881/2045
f 2621/1881/2044 2623/1881/2044 2600/1881/2044
f 2623/1881/4152 2625/1881/4152 2601/1881/4152
f 2625/1881/2042 2604/1881/2042 2580/1881/2042
f 2604/1881/2053 2628/1881/2053 2630/1881/2053
f 2605/1881/2052 2630/1881/2052 2632/1881/2052
f 2608/1881/2051 2632/1881/2051 2634/1881/2051
f 2610/1881/2050 2634/1881/2050 2636/1881/2050
f 2612/1881/2049 2636/1881/2049 2638/1881/2049
f 2614/1881/2048 2638/1881/2048 2639/1881/2048
f 2639/1881/2059 2641/1881/2059 2618/1881/2059
f 2641/1881/4153 2644/1881/4153 2620/1881/4153
f 2644/1881/2057 2645/1881/2057 2621/1881/2057
f 2645/1881/2056 2648/1881/2056 2623/1881/2056
f 2648/1881/2055 2650/1881/2055 2625/1881/2055
f 2650/1881/2054 2628/1881/2054 2604/1881/2054
f 2628/1881/2065 114/1881/2065 223/1881/2065
f 2630/1881/2064 223/1881/2064 257/1881/2064
f 2632/1881/4154 257/1881/4154 328/1881/4154
f 2634/1881/2062 328/1881/2062 378/1881/2062
f 2636/1881/2061 378/1881/2061 473/1881/2061
f 2638/1881/2060 473/1881/2060 550/1881/2060
f 550/1881/2071 578/1881/2071 2641/1881/2071
f 578/1881/2070 698/1881/2070 2644/1881/2070
f 698/1881/2069 800/1881/2069 2645/1881/2069
f 800/1881/2068 813/1881/2068 2648/1881/2068
f 813/1881/2067 871/1881/2067 2650/1881/2067
f 871/1881/2066 114/1881/2066 2628/1881/2066
f 4414/1882/2125 4415/1973/2125 1539/848/2125
f 1539/848/2125 1662/855/2125 4413/1883/2125
f 4418/3403/2207 4419/1970/2207 1541/837/2207
f 1541/837/2207 1660/842/2207 4417/1884/2207
f 4416/1885/2207 4418/3403/2207 1541/837/2207
f 4423/3404/4155 4424/1968/4155 1543/825/4155
f 1543/825/4156 1657/832/4156 4422/3405/4156
f 1543/825/4157 4422/3405/4157 4421/1886/4157
f 4420/1887/4156 4423/3404/4156 1543/825/4156
f 4425/3406/4158 4428/1966/4158 1545/813/4158
f 1545/813/4159 1655/819/4159 4426/1888/4159
f 4427/1889/4159 4425/3406/4159 1545/813/4159
f 4429/1890/2201 4431/1964/2201 1546/800/2201
f 1546/800/2201 1653/807/2201 4430/1891/2201
f 4432/1892/2199 4434/1963/2199 1548/789/2199
f 1548/789/2199 1651/795/2199 4433/1893/2199
f 4435/1894/2197 4437/1961/2197 1550/775/2197
f 1550/775/2197 1650/782/2197 4436/1895/2197
f 4438/1896/2194 4440/1959/2194 1551/765/2194
f 1551/765/4160 1648/770/4160 4439/1897/4160
f 4441/1898/2133 4443/1957/2133 1553/752/2133
f 1553/752/2133 1646/758/2133 4442/1899/2133
f 4445/1900/2134 4446/1955/2134 1556/740/2134
f 1556/740/2134 1643/746/2134 4444/1901/2134
f 1642/735/2188 4447/3407/2188 4448/1902/2188
f 4450/1903/4161 4451/1952/4161 1560/717/4161
f 1560/717/4161 1639/723/4161 4449/1904/4161
f 1561/704/2137 1638/710/2137 4452/1905/2137
f 4455/1907/2138 4456/1949/2138 1563/694/2138
f 1563/694/2138 1635/699/2138 4454/1908/2138
f 1566/683/2139 1633/688/2139 4457/1909/2139
f 4460/1911/2140 4461/3408/2140 1312/674/2140
f 1312/674/2140 1631/676/2140 4459/1912/2140
f 4810/3409/1781 4807/3410/1781 337/3411/1781
f 1356/3412/1781 404/2760/1781 1377/3413/1781
f 4810/3409/1781 337/3411/1781 1356/3412/1781
f 4811/3414/1781 4810/3409/1781 1356/3412/1781
f 1356/3412/1781 1377/3413/1781 443/2610/1781
f 1397/1913/1781 509/2611/1781 1423/3415/1781
f 1356/3412/1781 443/2610/1781 1397/1913/1781
f 4817/3416/1781 4811/3414/1781 1356/3412/1781
f 4817/3416/1781 1356/3412/1781 1397/1913/1781
f 1397/1913/1781 1423/3415/1781 590/3417/1781
f 1440/1914/1781 686/2007/1781 1458/3418/1781
f 1397/1913/1781 590/3417/1781 1440/1914/1781
f 4816/3419/1781 4817/3416/1781 1397/1913/1781
f 4815/3420/1781 4816/3419/1781 1397/1913/1781
f 1440/1914/1781 1458/3418/1781 757/3421/1781
f 1483/3422/1781 827/3423/1781 1505/2081/1781
f 4818/3424/1781 4815/3420/1781 1397/1913/1781
f 757/3421/1781 1483/3422/1781 1505/2081/1781
f 1505/2081/1781 881/870/1781 1514/1917/1781
f 1514/1917/1781 4800/3425/1781 4796/3426/1781
f 1505/2081/1781 1514/1917/1781 4796/3426/1781
f 142/3427/1781 4806/3428/1781 4809/3429/1781
f 1535/3430/1781 46/439/1781 1298/3431/1781
f 1298/3431/1781 142/3427/1781 4809/3429/1781
f 1298/3431/1781 4809/3429/1781 4808/3432/1781
f 1091/2697/1781 1535/3430/1781 1298/3431/1781
f 1526/3433/1781 1029/3434/1781 1530/3435/1781
f 1530/3435/1781 1091/2697/1781 1298/3431/1781
f 1298/3431/1781 4808/3432/1781 4812/3436/1781
f 1530/3435/1781 1298/3431/1781 4812/3436/1781
f 975/3437/1781 1526/3433/1781 1530/3435/1781
f 4795/3438/1781 1521/1918/1781 975/3437/1781
f 4798/3439/1781 4795/3438/1781 975/3437/1781
f 975/3437/1781 1530/3435/1781 4812/3436/1781
f 4799/3440/1781 4798/3439/1781 975/3437/1781
f 4802/3441/1781 4799/3440/1781 975/3437/1781
f 757/3421/1781 1505/2081/1781 4796/3426/1781
f 757/3421/1781 4796/3426/1781 4797/3442/1781
f 4802/3441/1781 975/3437/1781 4812/3436/1781
f 4803/3443/1781 4802/3441/1781 4812/3436/1781
f 4803/3443/1781 4812/3436/1781 4813/3444/1781
f 4805/3445/1781 4803/3443/1781 4813/3444/1781
f 4805/3445/1781 4813/3444/1781 4814/3446/1781
f 4838/3447/4097 4839/3448/4097 4804/3449/4097
f 4804/3449/1781 4805/3445/1781 4814/3446/1781
f 4804/3449/1781 4814/3446/1781 4818/3424/1781
f 4837/3450/1781 4838/3447/1781 4804/3449/1781
f 4836/3451/1781 4837/3450/1781 4804/3449/1781
f 4804/3449/1781 4818/3424/1781 1397/1913/1781
f 757/3421/1781 4797/3442/1781 4801/3452/1781
f 4801/3452/4094 4832/3453/4094 4831/3454/4094
f 757/3421/1781 4801/3452/1781 4831/3454/1781
f 4836/3451/1781 4804/3449/1781 1397/1913/1781
f 4834/3455/1781 4836/3451/1781 1397/1913/1781
f 757/3421/1781 4831/3454/1781 4830/3456/1781
f 757/3421/1781 4830/3456/1781 4835/3457/1781
f 4833/3458/1781 4834/3455/1781 1397/1913/1781
f 4828/3459/1781 4833/3458/1781 1397/1913/1781
f 757/3421/1781 4835/3457/1781 4826/3460/1781
f 1440/1914/1781 757/3421/1781 4826/3460/1781
f 4829/3461/1781 4828/3459/1781 1397/1913/1781
f 1440/1914/1781 4826/3460/1781 4827/1915/1781
f 4827/1915/1781 4829/3461/1781 1397/1913/1781
f 4794/1916/1781 4800/3425/1781 1514/1917/1781
f 1514/1917/1781 918/2639/1781 1521/1918/1781
f 1521/1918/1781 4795/3438/1781 4794/1916/1781
f 1568/447/2141 1138/675/2141 1537/1919/2141
f 1569/668/2142 1290/671/2142 1532/449/2142
f 1571/661/2143 1289/664/2143 1529/455/2143
f 1623/465/4162 1573/464/4162 1282/656/4162
f 1622/470/2145 1575/645/2145 1276/649/2145
f 1620/476/2146 1577/632/2146 1272/640/2146
f 1617/482/2147 1579/619/2147 1267/627/2147
f 1615/488/2148 1581/611/2148 1261/615/2148
f 1614/494/2149 1584/603/2149 1253/607/2149
f 1611/500/2150 1585/595/2150 1241/599/2150
f 1609/506/2151 1587/590/2151 1238/592/2151
f 1589/580/2152 1225/585/2152 1396/509/2152
f 1592/566/2153 1214/571/2153 1373/515/2153
f 1593/557/2154 1197/562/2154 1352/521/2154
f 1595/550/2155 1177/553/2155 1332/527/2155
f 1597/543/2156 1159/547/2156 1318/533/2156
f 1298/1922/2157 1600/1921/2157 1318/533/2157
f 46/1313/2157 1537/1925/2157 1600/1921/2157
f 1138/1924/2156 1597/543/2156 1600/1921/2156
f 1332/527/2158 4820/1931/2158 4819/1926/2158
f 4821/1927/4163 4806/3462/4163 142/1923/4163
f 142/1923/2158 1318/533/2158 1602/530/2158
f 1602/530/2158 4819/1926/2158 4821/1927/2158
f 1159/547/2155 1595/550/2155 1602/530/2155
f 1352/521/2159 4823/3463/2159 4822/1928/2159
f 1604/524/2159 4822/1928/2159 4820/1931/2159
f 1177/553/2154 1593/557/2154 1604/524/2154
f 1356/1932/2160 1605/518/2160 1373/515/2160
f 4825/1933/2160 4823/3463/2160 1352/521/2160
f 1352/521/2160 1605/518/2160 1356/1932/2160
f 1356/1932/2160 337/1797/2160 4824/1930/2160
f 4825/1933/2160 1352/521/2160 1356/1932/2160
f 1197/562/2153 1592/566/2153 1605/518/2153
f 1377/1627/2162 1608/512/2162 1396/509/2162
f 404/1624/2162 1373/515/2162 1608/512/2162
f 1214/571/2163 1589/580/2163 1608/512/2163
f 1397/1645/2164 1609/506/2164 1414/503/2164
f 443/1640/2164 1396/509/2164 1609/506/2164
f 1396/509/2151 1225/585/2151 1587/590/2151
f 1423/1433/4164 1611/500/4164 1433/497/4164
f 509/1422/2165 1414/503/2165 1611/500/2165
f 1414/503/2150 1238/592/2150 1585/595/2150
f 1614/494/2166 1451/491/2166 4844/1934/2166
f 4842/1936/2166 4843/3464/2166 686/601/2166
f 1440/1476/4165 4840/3465/4165 4842/1936/4165
f 4845/1937/4166 4840/3465/4166 1440/1476/4166
f 590/1457/2166 1433/497/2166 1614/494/2166
f 1614/494/4166 4841/1935/4166 4845/1937/4166
f 4845/1937/2166 1440/1476/2166 590/1457/2166
f 1433/497/2149 1241/599/2149 1584/603/2149
f 4848/1938/2167 4847/1940/2167 1615/488/2167
f 1615/488/2167 1476/485/2167 757/1501/2167
f 757/1501/2167 1458/1497/2167 4846/1939/2167
f 4848/1938/2167 1615/488/2167 757/1501/2167
f 1451/491/2167 1615/488/2167 4847/1940/2167
f 4849/3466/4167 4846/1939/4167 1458/1497/4167
f 686/601/4168 4843/3464/4168 4850/1941/4168
f 4850/1941/2167 4849/3466/2167 1458/1497/2167
f 1451/491/2148 1253/607/2148 1581/611/2148
f 1617/482/2168 1499/479/2168 827/1525/2168
f 1476/485/2168 1617/482/2168 1483/1522/2168
f 1476/485/2147 1261/615/2147 1579/619/2147
f 1620/476/2169 1510/473/2169 881/924/2169
f 1499/479/2169 1620/476/2169 1505/1545/2169
f 1499/479/2146 1267/627/2146 1577/632/2146
f 1622/470/2170 1518/467/2170 918/1942/2170
f 1510/473/2170 1622/470/2170 1514/1162/2170
f 1510/473/2145 1272/640/2145 1575/645/2145
f 1623/465/2171 1523/461/2171 975/1943/2171
f 1518/467/2171 1623/465/2171 1521/1192/2171
f 1518/467/4162 1276/649/4162 1573/464/4162
f 1626/458/2172 1529/455/2172 1029/1944/2172
f 1523/461/2172 1626/458/2172 1526/1945/2172
f 1282/656/2143 1571/661/2143 1626/458/2143
f 1628/452/2173 1532/449/2173 1091/1272/2173
f 1529/455/2173 1628/452/2173 1530/1251/2173
f 1289/664/2142 1569/668/2142 1628/452/2142
f 1535/1946/2175 1629/1920/2175 1537/1919/2175
f 1091/1272/2175 1532/449/2175 1629/1920/2175
f 1290/671/2141 1568/447/2141 1629/1920/2141
f 1631/676/2176 1312/674/2176 1138/675/2176
f 1566/683/2176 1631/676/2176 1568/447/2176
f 4463/3467/2140 4459/1912/2140 1631/676/2140
f 1631/676/2140 1566/683/2140 4458/1910/2140
f 4462/1947/4169 4463/3467/4169 1631/676/4169
f 1633/688/2178 1566/683/2178 1290/671/2178
f 1563/694/4170 1633/688/4170 1569/668/4170
f 4464/1948/4171 4457/1909/4171 1633/688/4171
f 1633/688/4172 1563/694/4172 4456/1949/4172
f 1635/699/2181 1563/694/2181 1289/664/2181
f 1561/704/2181 1635/699/2181 1571/661/2181
f 4466/3468/2138 4454/1908/2138 1635/699/2138
f 1635/699/2138 1561/704/2138 4453/1906/2138
f 4465/1950/4173 4466/3468/4173 1635/699/4173
f 1638/710/2183 1561/704/2183 1282/656/2183
f 1560/717/2183 1638/710/2183 1573/464/2183
f 4467/1951/2184 4452/1905/2184 1638/710/2184
f 1638/710/2137 1560/717/2137 4451/1952/2137
f 1639/723/2185 1560/717/2185 1276/649/2185
f 1557/729/2185 1639/723/2185 1575/645/2185
f 4468/1953/4161 4449/1904/4161 1639/723/4161
f 1639/723/4161 1557/729/4161 4448/1902/4161
f 1577/632/4174 1642/735/4174 1557/729/4174
f 1267/627/2187 1556/740/2187 1642/735/2187
f 4469/1954/2135 4447/3407/2135 1642/735/2135
f 1642/735/2188 1556/740/2188 4446/1955/2188
f 1579/619/2189 1643/746/2189 1556/740/2189
f 1261/615/2189 1553/752/2189 1643/746/2189
f 4470/1956/2134 4444/1901/2134 1643/746/2134
f 1643/746/2134 1553/752/2134 4443/1957/2134
f 1581/611/2191 1646/758/2191 1553/752/2191
f 1253/607/2191 1551/765/2191 1646/758/2191
f 4471/1958/4175 4442/1899/4175 1646/758/4175
f 1646/758/2133 1551/765/2133 4440/1959/2133
f 1584/603/4176 1648/770/4176 1551/765/4176
f 1241/599/2193 1550/775/2193 1648/770/2193
f 4472/1960/2194 4439/1897/2194 1648/770/2194
f 1648/770/2194 1550/775/2194 4437/1961/2194
f 1585/595/2195 1650/782/2195 1550/775/2195
f 1238/592/2195 1548/789/2195 1650/782/2195
f 4473/1962/2197 4436/1895/2197 1650/782/2197
f 1650/782/2197 1548/789/2197 4434/1963/2197
f 1587/590/2198 1651/795/2198 1548/789/2198
f 1225/585/2198 1546/800/2198 1651/795/2198
f 4475/3469/4177 4433/1893/4177 1651/795/4177
f 1651/795/2199 1546/800/2199 4431/1964/2199
f 4474/1965/2199 4475/3469/2199 1651/795/2199
f 1589/580/2200 1653/807/2200 1546/800/2200
f 1214/571/2200 1545/813/2200 1653/807/2200
f 4477/3470/2201 4430/1891/2201 1653/807/2201
f 1653/807/2201 1545/813/2201 4428/1966/2201
f 4476/1967/2129 4477/3470/2129 1653/807/2129
f 1592/566/2203 1655/819/2203 1545/813/2203
f 1197/562/2202 1543/825/2202 1655/819/2202
f 4478/3471/4159 4426/1888/4159 1655/819/4159
f 1655/819/4159 1543/825/4159 4424/1968/4159
f 4479/1969/4158 4478/3471/4158 1655/819/4158
f 1657/832/2205 1543/825/2205 1197/562/2205
f 1541/837/4178 1657/832/4178 1593/557/4178
f 4481/3472/4156 4422/3405/4156 1657/832/4156
f 1657/832/4156 1541/837/4156 4419/1970/4156
f 4480/1971/4156 4481/3472/4156 1657/832/4156
f 1660/842/2206 1541/837/2206 1177/553/2206
f 1539/848/2206 1660/842/2206 1595/550/2206
f 4482/1972/2207 4417/1884/2207 1660/842/2207
f 1660/842/2207 1539/848/2207 4415/1973/2207
f 1662/855/2208 1539/848/2208 1159/547/2208
f 1312/861/2208 1662/855/2208 1597/543/2208
f 4484/3473/2125 4413/1883/2125 1662/855/2125
f 1662/855/2125 1312/861/2125 4461/1974/2125
f 4483/1975/4179 4484/3473/4179 1662/855/4179
f 4530/1976/2209 1301/848/2209 1504/855/2209
f 4532/1978/4180 1304/837/4180 1503/842/4180
f 4533/1980/4181 4535/2042/4181 1306/825/4181
f 1306/825/4182 1498/832/4182 4534/1981/4182
f 4537/1983/4183 4536/3474/4183 4538/1982/4183
f 4538/1982/2212 1307/813/2212 1494/819/2212
f 4539/1984/4184 4541/2040/4184 1311/800/4184
f 1311/800/2282 1492/807/2282 4540/1985/2282
f 1314/789/2214 1488/795/2214 4542/1986/2214
f 4544/1988/4185 4546/2037/4185 1320/775/4185
f 1320/775/4185 1484/782/4185 4545/1989/4185
f 1323/765/4186 1481/770/4186 4547/1990/4186
f 1325/752/2217 1477/758/2217 4549/1992/2217
f 4551/1994/4187 4553/2033/4187 1326/740/4187
f 1326/740/4188 1472/746/4188 4552/1995/4188
f 4554/1996/2219 4556/2032/2219 1327/729/2219
f 1327/729/2219 1470/735/2219 4555/1997/2219
f 4557/1998/4189 4558/2029/4189 1334/717/4189
f 4561/1999/4190 4560/2027/4190 1337/704/4190
f 1337/704/2221 1462/710/2221 4559/2000/2221
f 4563/3475/4191 4574/3476/4191 1340/694/4191
f 1340/694/4192 1459/699/4192 4562/3477/4192
f 1340/694/4193 4562/3477/4193 4569/3478/4193
f 4564/3479/4193 4563/3475/4193 1340/694/4193
f 4568/3480/4194 4564/3479/4194 1340/694/4194
f 1340/694/4195 4569/3478/4195 4570/3481/4195
f 1340/694/4196 4570/3481/4196 4571/3482/4196
f 4567/3483/4197 4568/3480/4197 1340/694/4197
f 4565/3484/4198 4567/3483/4198 1340/694/4198
f 1340/694/4199 4571/3482/4199 4572/3485/4199
f 1340/694/4200 4572/3485/4200 4573/2001/4200
f 4566/2002/4201 4565/3484/4201 1340/694/4201
f 4576/2003/2266 4577/2023/2266 1344/683/2266
f 1344/683/2266 1456/688/2266 4575/2004/2266
f 4579/2005/2224 954/674/2224 1450/676/2224
f 4863/3486/1781 4860/3487/1781 1265/1918/1781
f 1265/1918/1781 530/3437/1781 1274/3433/1781
f 1274/3433/1781 559/3434/1781 1283/3435/1781
f 1283/3435/1781 613/2697/1781 1292/3430/1781
f 1292/3430/1781 55/439/1781 926/3431/1781
f 926/3431/1781 99/3427/1781 4875/3488/1781
f 926/3431/1781 4875/3488/1781 4877/3489/1781
f 1283/3435/1781 1292/3430/1781 926/3431/1781
f 1265/1918/1781 1274/3433/1781 1283/3435/1781
f 4863/3486/1781 1265/1918/1781 1283/3435/1781
f 1283/3435/1781 926/3431/1781 4877/3489/1781
f 1283/3435/1781 4877/3489/1781 4878/3490/1781
f 4864/3491/1781 4863/3486/1781 1283/3435/1781
f 4866/3492/1781 4864/3491/1781 1283/3435/1781
f 1283/3435/1781 4878/3490/1781 4881/3493/1781
f 1283/3435/1781 4881/3493/1781 4882/3494/1781
f 4867/3495/1781 4866/3492/1781 1283/3435/1781
f 4868/3496/1781 4867/3495/1781 1283/3435/1781
f 1283/3435/1781 4882/3494/1781 4883/3497/1781
f 1283/3435/1781 4883/3497/1781 4887/3498/1781
f 4868/3496/1781 1283/3435/1781 4887/3498/1781
f 4868/3496/1781 4887/3498/1781 4884/3499/1781
f 4910/3500/1781 4911/3501/1781 4869/3502/1781
f 4869/3502/1781 4868/3496/1781 4884/3499/1781
f 4910/3500/1781 4869/3502/1781 4884/3499/1781
f 4909/3503/1781 4910/3500/1781 4884/3499/1781
f 4909/3503/1781 4884/3499/1781 4885/3504/1781
f 4908/3505/1781 4909/3503/1781 4885/3504/1781
f 4908/3505/1781 4885/3504/1781 4886/3506/1781
f 4906/3507/1781 4908/3505/1781 4886/3506/1781
f 4906/3507/1781 4886/3506/1781 4880/3508/1781
f 4905/3509/1781 4906/3507/1781 4880/3508/1781
f 4879/3510/1781 4876/3511/1781 194/3411/1781
f 4905/3509/1781 4880/3508/1781 4879/3510/1781
f 4900/3512/1781 4905/3509/1781 4879/3510/1781
f 4879/3510/1781 194/3411/1781 1053/3412/1781
f 1053/3412/1781 236/2760/1781 1099/3413/1781
f 1099/3413/1781 280/2610/1781 1126/1913/1781
f 1126/1913/1781 312/2611/1781 1171/3415/1781
f 1171/3415/1781 361/3417/1781 1195/1914/1781
f 1217/3418/1781 418/3421/1781 1229/3422/1781
f 1229/3422/1781 437/3423/1781 1246/2081/1781
f 1246/2081/1781 469/870/1781 1259/1917/1781
f 1259/1917/1781 4865/3513/1781 4861/3514/1781
f 4862/3515/1781 4903/3516/1781 4904/3517/1781
f 1246/2081/1781 1259/1917/1781 4861/3514/1781
f 4861/3514/1781 4862/3515/1781 4904/3517/1781
f 4861/3514/1781 4904/3517/1781 4902/3518/1781
f 1229/3422/1781 1246/2081/1781 4861/3514/1781
f 1126/1913/1781 1171/3415/1781 1195/1914/1781
f 1053/3412/1781 1099/3413/1781 1126/1913/1781
f 4900/3512/1781 4879/3510/1781 1053/3412/1781
f 4900/3512/1781 1053/3412/1781 1126/1913/1781
f 1229/3422/1781 4861/3514/1781 4902/3518/1781
f 1229/3422/1781 4902/3518/1781 4907/3519/1781
f 4901/3520/1781 4900/3512/1781 1126/1913/1781
f 4899/3521/1781 4901/3520/1781 1126/1913/1781
f 1217/3418/1781 1229/3422/1781 4907/3519/1781
f 1217/3418/1781 4907/3519/1781 4898/2008/1781
f 4899/3521/1781 1126/1913/1781 1195/1914/1781
f 391/2007/1781 1217/3418/1781 4898/2008/1781
f 4898/2008/1781 4899/3521/1781 1195/1914/1781
f 4859/2009/1781 4865/3513/1781 1259/1917/1781
f 1259/1917/1781 492/2639/1781 1265/1918/1781
f 1265/1918/1781 4860/3487/1781 4859/2009/1781
f 1449/1920/2225 1346/447/2225 661/675/2225
f 1447/452/2226 1348/668/2226 913/671/2226
f 1441/458/2261 1351/661/2261 894/664/2261
f 1438/465/2228 1354/464/2228 884/656/2228
f 1435/470/2229 1359/645/2229 868/649/2229
f 1432/476/2230 1360/632/2230 851/640/2230
f 1364/619/2254 848/627/2254 1242/479/2254
f 1369/611/2232 832/615/2232 1222/485/2232
f 1372/603/2233 802/607/2233 1205/491/2233
f 1374/595/2234 784/599/2234 1190/497/2234
f 1375/590/2235 769/592/2235 1150/503/2235
f 1381/580/2236 744/585/2236 1116/509/2236
f 1384/566/2237 736/571/2237 1083/515/2237
f 1387/557/2238 719/562/2238 1042/521/2238
f 1400/530/2239 1391/550/2239 708/553/2239
f 1398/1921/2240 1395/543/2240 671/547/2240
f 1398/1921/2241 967/533/2241 4891/2010/2241
f 4890/2012/4202 4892/2017/4202 99/1923/4202
f 926/1922/2241 4888/3522/2241 4890/2012/2241
f 4893/2013/2241 4888/3522/2241 926/1922/2241
f 55/1313/2241 1300/1925/2241 1398/1921/2241
f 1398/1921/2241 4889/2011/2241 4893/2013/2241
f 4893/2013/2241 926/1922/2241 55/1313/2241
f 1300/1925/2240 661/1924/2240 1395/543/2240
f 4895/2014/2242 4894/2015/2242 1400/530/2242
f 4894/2015/2242 4891/2010/2242 967/533/2242
f 967/533/2239 671/547/2239 1391/550/2239
f 4897/2018/4203 4896/2019/4203 1402/524/4203
f 1402/524/2245 1042/521/2245 194/1797/2245
f 194/1797/2245 4876/3523/2245 4897/2018/2245
f 4896/2019/2245 4895/2014/2245 1007/527/2245
f 708/553/2238 1387/557/2238 1402/524/2238
f 1408/518/2246 1083/515/2246 236/1624/2246
f 1042/521/2246 1408/518/2246 1053/1932/2246
f 719/562/2237 1384/566/2237 1408/518/2237
f 1410/512/2247 1116/509/2247 280/1640/2247
f 1083/515/2247 1410/512/2247 1099/1627/2247
f 736/571/2236 1381/580/2236 1410/512/2236
f 1415/506/2249 1150/503/2249 312/1422/2249
f 1116/509/2249 1415/506/2249 1126/1645/2249
f 744/585/2235 1375/590/2235 1415/506/2235
f 1418/500/2250 1190/497/2250 361/1457/2250
f 1150/503/2250 1418/500/2250 1171/1433/2250
f 769/592/2234 1374/595/2234 1418/500/2234
f 1195/1476/2251 1422/494/2251 1205/491/2251
f 361/1457/2251 1190/497/2251 1422/494/2251
f 784/599/2233 1372/603/2233 1422/494/2233
f 1217/1497/2252 1424/488/2252 1222/485/2252
f 391/601/2252 1205/491/2252 1424/488/2252
f 802/607/2232 1369/611/2232 1424/488/2232
f 1229/1522/2253 1426/482/2253 1242/479/2253
f 418/1501/2253 1222/485/2253 1426/482/2253
f 832/615/2231 1364/619/2231 1426/482/2231
f 1246/1545/2255 1432/476/2255 1258/473/2255
f 437/1525/2255 1242/479/2255 1432/476/2255
f 1242/479/2230 848/627/2230 1360/632/2230
f 1259/1162/2256 1435/470/2256 1263/467/2256
f 469/924/2256 1258/473/2256 1435/470/2256
f 1258/473/2229 851/640/2229 1359/645/2229
f 4873/2021/2258 4870/3524/2258 1438/465/2258
f 1438/465/2258 1270/461/2258 530/1943/2258
f 530/1943/2258 1265/1192/2258 4871/3525/2258
f 530/1943/2258 4871/3525/2258 4872/2020/2258
f 4873/2021/2258 1438/465/2258 530/1943/2258
f 4874/2022/4204 4871/3525/4204 1265/1192/4204
f 492/1942/2258 1263/467/2258 1438/465/2258
f 1438/465/4205 4870/3524/4205 4874/2022/4205
f 4874/2022/2258 1265/1192/2258 492/1942/2258
f 1263/467/2228 868/649/2228 1354/464/2228
f 1274/1945/2260 1441/458/2260 1281/455/2260
f 530/1943/2260 1270/461/2260 1441/458/2260
f 1270/461/2227 884/656/2227 1351/661/2227
f 1283/1251/2262 1447/452/2262 1288/449/2262
f 559/1944/2262 1281/455/2262 1447/452/2262
f 1281/455/2226 894/664/2226 1348/668/2226
f 1449/1920/2263 1300/1919/2263 55/1301/2263
f 1288/449/2263 1449/1920/2263 1292/1946/2263
f 1288/449/2225 913/671/2225 1346/447/2225
f 1346/447/2264 1450/676/2264 954/674/2264
f 913/671/2264 1344/683/2264 1450/676/2264
f 4580/3526/2224 4578/2006/2224 1450/676/2224
f 1450/676/2224 1344/683/2224 4577/2023/2224
f 4581/2024/4206 4580/3526/4206 1450/676/4206
f 1348/668/2265 1456/688/2265 1344/683/2265
f 894/664/2265 1340/694/2265 1456/688/2265
f 4583/3527/4207 4575/2004/4207 1456/688/4207
f 1456/688/2266 1340/694/2266 4574/3476/2266
f 1456/688/2266 4574/3476/2266 4582/2025/2266
f 4584/2026/2266 4583/3527/2266 1456/688/2266
f 1459/699/2267 1340/694/2267 894/664/2267
f 1337/704/2267 1459/699/2267 1351/661/2267
f 4586/3528/4208 4562/3477/4208 1459/699/4208
f 1459/699/4192 1337/704/4192 4560/2027/4192
f 4585/2028/4192 4586/3528/4192 1459/699/4192
f 1462/710/2269 1337/704/2269 884/656/2269
f 1334/717/2269 1462/710/2269 1354/464/2269
f 4588/3529/4209 4559/2000/4209 1462/710/4209
f 1462/710/2221 1334/717/2221 4558/2029/2221
f 4587/2030/4210 4588/3529/4210 1462/710/4210
f 1467/723/2270 1334/717/2270 868/649/2270
f 1327/729/2270 1467/723/2270 1359/645/2270
f 4589/2031/2271 4557/1998/2271 1467/723/2271
f 1467/723/4211 1327/729/4211 4556/2032/4211
f 1470/735/2272 1327/729/2272 851/640/2272
f 848/627/4212 1326/740/4212 1470/735/4212
f 4553/2033/4213 4590/3530/4213 4555/1997/4213
f 4555/1997/4214 1470/735/4214 1326/740/4214
f 1472/746/4215 1326/740/4215 848/627/4215
f 1325/752/4216 1472/746/4216 1364/619/4216
f 4592/3531/4217 4552/1995/4217 1472/746/4217
f 1472/746/4217 1325/752/4217 4550/1993/4217
f 4591/2034/4218 4592/3531/4218 1472/746/4218
f 1477/758/2276 1325/752/2276 832/615/2276
f 1323/765/2276 1477/758/2276 1369/611/2276
f 4593/2035/2217 4549/1992/2217 1477/758/2217
f 1477/758/2217 1323/765/2217 4548/1991/2217
f 1481/770/2278 1323/765/2278 802/607/2278
f 1320/775/2278 1481/770/2278 1372/603/2278
f 4594/2036/4219 4547/1990/4219 1481/770/4219
f 1481/770/2216 1320/775/2216 4546/2037/2216
f 1484/782/2279 1320/775/2279 784/599/2279
f 1314/789/2279 1484/782/2279 1374/595/2279
f 4595/2038/4185 4545/1989/4185 1484/782/4185
f 1484/782/4185 1314/789/4185 4543/1987/4185
f 1375/590/2280 1488/795/2280 1314/789/2280
f 744/585/2280 1311/800/2280 1488/795/2280
f 4596/2039/4220 4542/1986/4220 1488/795/4220
f 1488/795/2214 1311/800/2214 4541/2040/2214
f 1381/580/2281 1492/807/2281 1311/800/2281
f 736/571/2281 1307/813/2281 1492/807/2281
f 1307/813/2282 4538/1982/2282 4540/1985/2282
f 1384/566/4221 1494/819/4221 1307/813/4221
f 719/562/4222 1306/825/4222 1494/819/4222
f 4597/2041/4223 4537/1983/4223 1494/819/4223
f 1494/819/4224 1306/825/4224 4535/2042/4224
f 1387/557/2286 1498/832/2286 1306/825/2286
f 708/553/2286 1304/837/2286 1498/832/2286
f 4598/2043/4182 4534/1981/4182 1498/832/4182
f 1498/832/4182 1304/837/4182 4532/1978/4182
f 1391/550/2288 1503/842/2288 1304/837/2288
f 671/547/2288 1301/848/2288 1503/842/2288
f 4599/3532/2210 4531/1979/2210 1503/842/2210
f 1503/842/4180 1301/848/4180 4530/1976/4180
f 4600/2044/2289 4599/3532/2289 1503/842/2289
f 1395/543/4225 1504/855/4225 1301/848/4225
f 661/1924/4225 954/861/4225 1504/855/4225
f 4601/3533/2209 4529/1977/2209 1504/855/2209
f 1504/855/2209 954/861/2209 4579/2045/2209
f 4602/2046/4226 4601/3533/4226 1504/855/4226
f 4648/2047/2291 4650/2125/2291 930/848/2291
f 930/848/2291 1249/855/2291 4649/2048/2291
f 935/837/2367 1247/842/2367 4651/2049/2367
f 4655/3534/4227 4656/3535/4227 942/825/4227
f 942/825/4228 1244/832/4228 4653/2051/4228
f 4654/2052/4229 4655/3534/4229 942/825/4229
f 4657/2053/2363 4659/2121/2363 948/813/2363
f 948/813/2363 1240/819/2363 4658/2054/2363
f 957/800/2295 1239/807/2295 4660/2055/2295
f 4663/2057/4230 4664/2119/4230 964/789/4230
f 964/789/2296 1236/795/2296 4662/2058/2296
f 4665/3536/2297 4666/2116/2297 969/775/2297
f 969/775/2358 1232/782/2358 4667/2059/2358
f 4668/2060/2358 4665/3536/2358 969/775/2358
f 4670/3537/4231 4669/2114/4231 978/765/4231
f 978/765/2356 1231/770/2356 4674/3538/2356
f 978/765/4232 4674/3538/4232 4672/3539/4232
f 4671/2062/4233 4670/3537/4233 978/765/4233
f 978/765/4231 4672/3539/4231 4673/2061/4231
f 4678/3540/4234 4675/2112/4234 986/752/4234
f 986/752/4234 1226/758/4234 4677/2063/4234
f 4676/2064/4235 4678/3540/4235 986/752/4235
f 4679/2065/4236 4681/2111/4236 991/740/4236
f 991/740/4236 1224/746/4236 4680/2066/4236
f 4684/3541/4237 4685/2109/4237 995/729/4237
f 995/729/2350 1219/735/2350 4683/2067/2350
f 4682/2068/2350 4684/3541/2350 995/729/2350
f 4686/3542/4238 4689/2108/4238 1004/717/4238
f 1004/717/2302 1218/723/2302 4688/2069/2302
f 4687/2070/2302 4686/3542/2302 1004/717/2302
f 1012/704/2303 1216/710/2303 4690/2071/2303
f 4692/2073/4239 4694/3543/4239 1017/694/4239
f 1017/694/4240 1213/699/4240 4693/2074/4240
f 4695/2075/4241 4697/2105/4241 1019/683/4241
f 1019/683/2344 1211/688/2344 4696/2076/2344
f 501/674/2306 1207/676/2306 4698/2077/2306
f 4746/3544/1781 4745/3545/1781 118/3411/1781
f 581/3412/1781 140/2760/1781 619/3413/1781
f 4746/3544/1781 118/3411/1781 581/3412/1781
f 4748/3546/1781 4746/3544/1781 581/3412/1781
f 581/3412/1781 619/3413/1781 167/2610/1781
f 650/1913/1781 184/2611/1781 681/3415/1781
f 581/3412/1781 167/2610/1781 650/1913/1781
f 4755/3547/1781 4748/3546/1781 581/3412/1781
f 4755/3547/1781 581/3412/1781 650/1913/1781
f 650/1913/1781 681/3415/1781 206/3417/1781
f 206/3417/1781 4722/3548/1781 4724/3549/1781
f 206/3417/1781 4724/3549/1781 4727/3550/1781
f 4755/3547/1781 650/1913/1781 206/3417/1781
f 4756/3551/1781 4755/3547/1781 206/3417/1781
f 4756/3551/1781 206/3417/1781 4727/3550/1781
f 4756/3551/1781 4727/3550/1781 4726/3552/1781
f 4756/3551/1781 4726/3552/1781 4730/3553/1781
f 4757/3554/1781 4756/3551/1781 4730/3553/1781
f 4757/3554/1781 4730/3553/1781 4731/3555/1781
f 4758/3556/1781 4757/3554/1781 4731/3555/1781
f 4758/3556/1781 4731/3555/1781 4729/3557/1781
f 4752/3558/1781 4758/3556/1781 4729/3557/1781
f 4732/3559/4097 4767/3560/4097 4766/3561/4097
f 4752/3558/1781 4729/3557/1781 4732/3559/1781
f 4750/3562/1781 4752/3558/1781 4732/3559/1781
f 4750/3562/1781 4732/3559/1781 4766/3561/1781
f 4749/3563/1781 4750/3562/1781 4766/3561/1781
f 4749/3563/1781 4766/3561/1781 4778/3564/1781
f 4751/3565/1781 4749/3563/1781 4778/3564/1781
f 4751/3565/1781 4778/3564/1781 4777/3566/1781
f 4753/3567/1781 4751/3565/1781 4777/3566/1781
f 4753/3567/1781 4777/3566/1781 4776/3568/1781
f 4754/3569/1781 4753/3567/1781 4776/3568/1781
f 4754/3569/1781 4776/3568/1781 4779/3570/1781
f 515/3571/1781 4744/3572/1781 4747/3573/1781
f 72/3427/1781 515/3571/1781 4747/3573/1781
f 908/3430/1781 35/439/1781 484/3431/1781
f 484/3431/1781 72/3427/1781 4747/3573/1781
f 484/3431/1781 4747/3573/1781 4754/3569/1781
f 366/2697/1781 908/3430/1781 484/3431/1781
f 352/3434/2369 890/3435/2369 366/2697/2369
f 843/1918/1781 341/3437/1781 863/3433/1781
f 863/3433/1781 352/3434/1781 366/2697/1781
f 366/2697/1781 484/3431/1781 4754/3569/1781
f 366/2697/1781 4754/3569/1781 4779/3570/1781
f 843/1918/1781 863/3433/1781 366/2697/1781
f 824/1917/1781 320/2639/1781 843/1918/1781
f 797/2081/1781 296/870/1781 824/1917/1781
f 762/3422/1781 265/3423/1781 797/2081/1781
f 4723/3574/1781 248/3421/1781 762/3422/1781
f 4725/3575/1781 4723/3574/1781 762/3422/1781
f 843/1918/1781 366/2697/1781 4779/3570/1781
f 843/1918/1781 4779/3570/1781 4775/3576/1781
f 4725/3575/1781 762/3422/1781 797/2081/1781
f 4771/3577/4094 4770/3578/4094 4728/3579/4094
f 4728/3579/1781 4725/3575/1781 797/2081/1781
f 843/1918/1781 4775/3576/1781 4773/3580/1781
f 843/1918/1781 4773/3580/1781 4772/3581/1781
f 4771/3577/1781 4728/3579/1781 797/2081/1781
f 4774/3582/1781 4771/3577/1781 797/2081/1781
f 824/1917/1781 843/1918/1781 4772/3581/1781
f 824/1917/1781 4772/3581/1781 4769/2079/1781
f 4768/2080/1781 4774/3582/1781 797/2081/1781
f 797/2081/1781 824/1917/1781 4769/2079/1781
f 1026/447/4242 382/675/4242 923/1919/4242
f 1034/668/2308 479/671/2308 901/449/2308
f 1040/661/2309 470/664/2309 879/455/2309
f 1045/464/2310 468/656/2310 859/461/2310
f 1052/645/2311 466/649/2311 838/467/2311
f 1061/632/2312 462/640/2312 820/473/2312
f 1064/619/2313 447/627/2313 789/479/2313
f 1066/611/2314 441/615/2314 751/485/2314
f 1166/494/2315 1070/603/2315 438/607/2315
f 1160/500/2316 1079/595/2316 424/599/2316
f 1157/506/2317 1085/590/2317 420/592/2317
f 1155/512/2318 1092/580/2318 414/585/2318
f 1149/518/2319 1100/566/2319 406/571/2319
f 1140/524/2320 1105/557/2320 402/562/2320
f 1127/530/2321 1108/550/2321 396/553/2321
f 1119/1921/2322 1111/543/2322 385/547/2322
f 484/1922/2323 1119/1921/2323 508/533/2323
f 35/1313/2323 923/1925/2323 1119/1921/2323
f 923/1925/4243 382/1924/4243 1111/543/4243
f 4759/2082/2324 4744/3583/2324 515/1348/2324
f 515/1348/2324 1127/530/2324 539/527/2324
f 539/527/2324 4760/1931/2324 4759/2082/2324
f 72/1923/2324 508/533/2324 1127/530/2324
f 508/533/2321 385/547/2321 1108/550/2321
f 4761/2083/2325 1140/524/2325 573/521/2325
f 4760/1931/2325 539/527/2325 1140/524/2325
f 539/527/2320 396/553/2320 1105/557/2320
f 581/1932/2327 1149/518/2327 605/515/2327
f 4764/2087/2327 4763/2084/2327 573/521/2327
f 573/521/2327 1149/518/2327 581/1932/2327
f 581/1932/2327 118/1797/2327 4762/2086/2327
f 581/1932/2327 4762/2086/2327 4765/2088/2327
f 4764/2087/2327 573/521/2327 581/1932/2327
f 573/521/2319 402/562/2319 1100/566/2319
f 619/1627/2329 1155/512/2329 638/509/2329
f 140/1624/2329 605/515/2329 1155/512/2329
f 605/515/2318 406/571/2318 1092/580/2318
f 650/1645/2330 1157/506/2330 665/503/2330
f 167/1640/2330 638/509/2330 1157/506/2330
f 638/509/2317 414/585/2317 1085/590/2317
f 4733/2089/4244 4734/3584/4244 206/1457/4244
f 681/1433/2331 1160/500/2331 703/497/2331
f 703/497/4244 4735/2092/4244 4733/2089/4244
f 4733/2089/2331 206/1457/2331 681/1433/2331
f 184/1422/2331 665/503/2331 1160/500/2331
f 665/503/2316 420/592/2316 1079/595/2316
f 4736/2090/2332 1166/494/2332 733/491/2332
f 4735/2092/2332 703/497/2332 1166/494/2332
f 206/1457/2332 4734/3584/2332 4738/2093/2332
f 703/497/2315 424/599/2315 1070/603/2315
f 1175/488/2333 751/485/2333 4740/2095/2333
f 248/1501/2333 4723/3585/2333 4742/2097/2333
f 733/491/2333 1175/488/2333 4739/2096/2333
f 438/607/2314 1066/611/2314 1175/488/2314
f 1180/482/2334 789/479/2334 265/1525/2334
f 4743/2099/2335 4740/2095/2335 751/485/2335
f 751/485/2334 1180/482/2334 762/1522/2334
f 762/1522/2334 248/1501/2334 4741/2098/2334
f 4743/2099/2334 751/485/2334 762/1522/2334
f 441/615/2313 1064/619/2313 1180/482/2313
f 1187/476/2336 820/473/2336 296/924/2336
f 789/479/2336 1187/476/2336 797/1545/2336
f 447/627/2312 1061/632/2312 1187/476/2312
f 4782/2100/4245 4781/3586/4245 1192/470/4245
f 1192/470/2337 838/467/2337 320/1942/2337
f 320/1942/2337 824/1162/2337 4780/3587/2337
f 320/1942/2337 4780/3587/2337 4783/2101/2337
f 4782/2100/2337 1192/470/2337 320/1942/2337
f 4785/2102/2337 4780/3587/2337 824/1162/2337
f 296/924/2337 820/473/2337 1192/470/2337
f 1192/470/2337 4781/3586/2337 4784/2103/2337
f 4785/2102/2337 824/1162/2337 296/924/2337
f 296/924/4245 1192/470/4245 4784/2103/4245
f 462/640/2311 1052/645/2311 1192/470/2311
f 1194/465/2338 859/461/2338 341/1943/2338
f 838/467/2338 1194/465/2338 843/1192/2338
f 466/649/2310 1045/464/2310 1194/465/2310
f 1196/458/2339 879/455/2339 352/1944/2339
f 859/461/2339 1196/458/2339 863/1945/2339
f 468/656/2309 1040/661/2309 1196/458/2309
f 1201/452/2340 901/449/2340 366/1272/2340
f 879/455/2340 1201/452/2340 890/1251/2340
f 470/664/2308 1034/668/2308 1201/452/2308
f 1203/1920/2341 923/1919/2341 35/1301/2341
f 901/449/2341 1203/1920/2341 908/1946/2341
f 479/671/2307 1026/447/2307 1203/1920/2307
f 1026/447/2342 1207/676/2342 501/674/2342
f 479/671/2342 1019/683/2342 1207/676/2342
f 4700/2104/2306 4698/2077/2306 1207/676/2306
f 1207/676/2306 1019/683/2306 4697/2105/2306
f 1034/668/2343 1211/688/2343 1019/683/2343
f 470/664/2343 1017/694/2343 1211/688/2343
f 1017/694/4246 4694/3543/4246 4696/2076/4246
f 1040/661/2345 1213/699/2345 1017/694/2345
f 468/656/4247 1012/704/4247 1213/699/4247
f 4702/3588/4240 4693/2074/4240 1213/699/4240
f 1213/699/4248 1012/704/4248 4691/2072/4248
f 4701/2106/4249 4702/3588/4249 1213/699/4249
f 1045/464/2347 1216/710/2347 1012/704/2347
f 466/649/2347 1004/717/2347 1216/710/2347
f 4703/2107/4250 4690/2071/4250 1216/710/4250
f 1216/710/2303 1004/717/2303 4689/2108/2303
f 1052/645/2348 1218/723/2348 1004/717/2348
f 462/640/2348 995/729/2348 1218/723/2348
f 4688/2069/2302 1218/723/2302 995/729/2302
f 1061/632/2349 1219/735/2349 995/729/2349
f 447/627/2349 991/740/2349 1219/735/2349
f 4704/2110/2350 4683/2067/2350 1219/735/2350
f 1219/735/2350 991/740/2350 4681/2111/2350
f 1064/619/4251 1224/746/4251 991/740/4251
f 441/615/2351 986/752/2351 1224/746/2351
f 4706/3589/4252 4680/2066/4252 1224/746/4252
f 1224/746/2300 986/752/2300 4675/2112/2300
f 4705/2113/4236 4706/3589/4236 1224/746/4236
f 1066/611/2353 1226/758/2353 986/752/2353
f 438/607/2353 978/765/2353 1226/758/2353
f 4707/3590/2299 4677/2063/2299 1226/758/2299
f 4710/3591/4234 4707/3590/4234 1226/758/4234
f 4711/3592/2354 4710/3591/2354 1226/758/2354
f 4709/2115/4253 4711/3592/4253 1226/758/4253
f 4709/2115/4234 1226/758/4234 978/765/4234
f 4669/2114/2369 4708/2114/2369 4709/2115/2369
f 1231/770/2355 978/765/2355 438/607/2355
f 969/775/2355 1231/770/2355 1070/603/2355
f 4712/3593/4231 4674/3538/4231 1231/770/4231
f 1231/770/2356 969/775/2356 4666/2116/2356
f 4713/2117/2356 4712/3593/2356 1231/770/2356
f 1232/782/4254 969/775/4254 424/599/4254
f 964/789/2357 1232/782/2357 1079/595/2357
f 4714/2118/2297 4667/2059/2297 1232/782/2297
f 1232/782/2358 964/789/2358 4664/2119/2358
f 1236/795/2359 964/789/2359 420/592/2359
f 957/800/2359 1236/795/2359 1085/590/2359
f 4715/3594/2360 4662/2058/2360 1236/795/2360
f 1236/795/2296 957/800/2296 4661/2056/2296
f 4716/2120/2296 4715/3594/2296 1236/795/2296
f 1239/807/2361 957/800/2361 414/585/2361
f 948/813/2361 1239/807/2361 1092/580/2361
f 4718/3595/2295 4660/2055/2295 1239/807/2295
f 1239/807/2295 948/813/2295 4659/2121/2295
f 4717/2122/2295 4718/3595/2295 1239/807/2295
f 1240/819/2362 948/813/2362 406/571/2362
f 942/825/2362 1240/819/2362 1100/566/2362
f 942/825/2363 4656/3535/2363 4658/2054/2363
f 1244/832/4255 942/825/4255 402/562/4255
f 935/837/2364 1244/832/2364 1105/557/2364
f 4719/2123/4256 4653/2051/4256 1244/832/4256
f 1244/832/4257 935/837/4257 4652/2050/4257
f 1247/842/2366 935/837/2366 396/553/2366
f 930/848/2366 1247/842/2366 1108/550/2366
f 4720/2124/4258 4651/2049/4258 1247/842/4258
f 1247/842/4259 930/848/4259 4650/2125/4259
f 1249/855/2368 930/848/2368 385/547/2368
f 501/861/2368 1249/855/2368 1111/543/2368
f 4721/2126/2291 4649/2048/2291 1249/855/2291
f 1249/855/2291 501/861/2291 4699/2126/2291
f 1509/2127/4260 16/2140/4260 94/2128/4260
f 1513/1631/2371 143/1613/2371 151/1614/2371
f 1511/2130/2372 1509/2127/2372 106/2129/2372
f 1515/1612/4261 151/1614/4261 159/1616/4261
f 42/515/4262 1511/2130/4262 110/2131/4262
f 4482/3596/4263 81/1615/4263 159/1616/4263
f 159/1616/4264 160/1618/4264 4416/2132/4264
f 4417/2133/4265 4482/3596/4265 159/1616/4265
f 50/2134/2376 42/515/2376 115/512/2376
f 62/1624/4266 50/2134/4266 120/1619/4266
f 62/1624/4267 126/1627/4267 129/1628/4267
f 1508/2139/2381 1506/2136/2381 89/2138/2381
f 68/1626/2382 129/1628/2382 137/1630/2382
f 16/2140/4268 1508/2139/4268 92/807/4268
f 70/1629/2384 137/1630/2384 143/1613/2384
f 94/2128/2732 92/807/2732 180/800/2732
f 137/1630/2386 227/1632/2386 231/1633/2386
f 106/2129/4269 94/2128/4269 186/2141/4269
f 143/1613/4270 231/1633/4270 241/1634/4270
f 110/2131/4271 106/2129/4271 190/2142/4271
f 151/1614/2390 241/1634/2390 246/1635/2390
f 115/512/2391 110/2131/2391 196/2143/2391
f 159/1616/4272 246/1635/4272 250/1636/4272
f 120/1619/2393 115/512/2393 203/509/2393
f 4480/2145/4273 4419/3597/4273 4418/2144/4273
f 4418/2144/4274 160/1618/4274 250/1636/4274
f 126/1627/2395 120/1619/2395 212/1638/2395
f 126/1627/2397 215/1640/2397 220/1641/2397
f 92/807/4275 89/2138/4275 170/2147/4275
f 129/1628/2399 220/1641/2399 227/1632/2399
f 212/1638/2400 203/509/2400 294/506/2400
f 4480/2148/4276 250/1636/4276 340/1642/4276
f 215/1640/2402 212/1638/2402 303/1644/2402
f 215/1640/2404 306/1645/2404 311/1646/2404
f 180/800/4277 170/2147/4277 263/2150/4277
f 220/1641/1093 311/1646/1093 318/1409/1093
f 186/2141/2406 180/800/2406 271/795/2406
f 227/1632/1094 318/1409/1094 324/1412/1094
f 190/2142/2407 186/2141/2407 277/2151/2407
f 231/1633/1095 324/1412/1095 336/1416/1095
f 196/2143/4278 190/2142/4278 286/2152/4278
f 241/1634/2409 336/1416/2409 339/1647/2409
f 203/509/2742 196/2143/2742 292/2153/2742
f 246/1635/4279 339/1647/4279 340/1642/4279
f 318/1409/1104 377/1438/1104 379/1431/1104
f 286/2152/2412 277/2151/2412 359/2154/2412
f 324/1412/3840 379/1431/3840 384/1418/3840
f 4376/2156/4280 4380/2158/4280 292/2153/4280
f 292/2153/2414 286/2152/2414 363/2155/2414
f 336/1416/1098 384/1418/1098 389/1419/1098
f 4369/2157/2415 4370/2159/2415 294/506/2415
f 294/506/2415 292/2153/2415 4380/2158/2415
f 339/1647/4281 389/1419/4281 399/1651/4281
f 303/1644/2417 294/506/2417 4370/2159/2417
f 4422/2161/4282 4481/2149/4282 340/1642/4282
f 340/1642/4283 399/1651/4283 4421/2162/4283
f 4372/2163/2419 4377/2165/2419 306/1645/2419
f 306/1645/2743 303/1644/2743 4371/2160/2743
f 4377/2165/1102 4378/3598/1102 373/1428/1102
f 373/1428/4284 311/1646/4284 306/1645/4284
f 271/795/4285 263/2150/4285 346/2164/4285
f 311/1646/1103 373/1428/1103 377/1438/1103
f 277/2151/2422 271/795/2422 356/789/2422
f 4421/2162/4286 399/1651/4286 446/1657/4286
f 373/1428/4287 4378/3598/4287 4379/2168/4287
f 356/789/4288 346/2164/4288 403/2167/4288
f 373/1428/1108 426/1436/1108 431/1437/1108
f 359/2154/4289 356/789/4289 405/782/4289
f 377/1438/1109 431/1437/1109 433/1439/1109
f 363/2155/2428 359/2154/2428 408/2169/2428
f 379/1431/1110 433/1439/1110 440/1440/1110
f 363/2155/2429 409/2170/2429 4374/2171/2429
f 384/1418/1111 440/1440/1111 442/1441/1111
f 389/1419/854 442/1441/854 446/1657/854
f 409/2170/2431 408/2169/2431 465/2172/2431
f 433/1439/1115 486/1462/1115 488/1447/1115
f 4373/2174/4290 4374/2171/4290 409/2170/4290
f 409/2170/1116 467/2173/1116 4381/2175/1116
f 440/1440/1117 488/1447/1117 497/1451/1117
f 442/1441/2434 497/1451/2434 500/1090/2434
f 4420/2166/4291 446/1657/4291 500/1090/4291
f 4375/2178/1123 4385/3599/1123 478/1460/1123
f 478/1460/4292 426/1436/4292 4379/2179/4292
f 405/782/4293 403/2167/4293 457/2177/4293
f 426/1436/1124 478/1460/1124 482/1461/1124
f 408/2169/2439 405/782/2439 459/775/2439
f 431/1437/1125 482/1461/1125 486/1462/1125
f 4384/2180/2639 4388/2188/2639 535/1474/2639
f 535/1474/1137 538/1476/1137 4383/2181/1137
f 478/1460/1127 4385/3599/1127 4383/2181/1127
f 4383/2181/1127 538/1476/1127 541/1465/1127
f 459/775/2755 457/2177/2755 504/2183/2755
f 478/1460/1128 541/1465/1128 545/1466/1128
f 465/2172/2443 459/775/2443 506/770/2443
f 482/1461/1129 545/1466/1129 555/1467/1129
f 467/2173/1130 465/2172/1130 511/2184/1130
f 486/1462/1131 555/1467/1131 561/1471/1131
f 4382/2185/3852 4381/2175/3852 467/2173/3852
f 467/2173/1132 521/1468/1132 523/1473/1132
f 488/1447/1133 561/1471/1133 567/1472/1133
f 4386/2186/1134 4382/2185/1134 523/1473/1134
f 523/1473/2641 526/494/2641 4387/2187/2641
f 497/1451/2446 567/1472/2446 577/1100/2446
f 526/494/1135 535/1474/1135 4388/2188/1135
f 4479/2189/4294 4424/3600/4294 4423/2176/4294
f 4423/2176/4295 500/1090/4295 577/1100/4295
f 555/1467/3859 634/1483/3859 642/1486/3859
f 523/1473/2643 521/1468/2643 596/1484/2643
f 561/1471/4296 642/1486/4296 644/1477/4296
f 526/494/1139 523/1473/1139 600/1478/1139
f 567/1472/861 644/1477/861 652/1479/861
f 535/1474/1141 526/494/1141 610/491/1141
f 4479/2190/4297 577/1100/4297 652/1479/4297
f 538/1476/1142 535/1474/1142 615/1480/1142
f 538/1476/3858 621/601/3858 624/1481/3858
f 506/770/4298 504/2183/4298 580/2193/4298
f 541/1465/1144 624/1481/1144 626/1482/1144
f 511/2184/4299 506/770/4299 585/765/4299
f 545/1466/1145 626/1482/1145 634/1483/1145
f 521/1468/1146 511/2184/1146 591/2194/1146
f 624/1481/1159 621/601/1159 706/1497/1159
f 580/2193/2452 662/2198/2452 666/758/2452
f 626/1482/1149 624/1481/1149 710/1487/1149
f 585/765/2761 666/758/2761 669/1489/2761
f 634/1483/1151 626/1482/1151 711/1488/1151
f 591/2194/1152 669/1489/1152 676/1508/1152
f 642/1486/1153 634/1483/1153 712/1492/1153
f 596/1484/4300 676/1508/4300 683/1494/4300
f 644/1477/4301 642/1486/4301 715/1493/4301
f 600/1478/1156 683/1494/1156 688/488/1156
f 652/1479/864 644/1477/864 721/1495/864
f 610/491/1157 688/488/1157 696/1496/1157
f 4427/2196/4302 4426/3601/4302 4478/2195/4302
f 4478/2195/4303 652/1479/4303 732/1105/4303
f 615/1480/3861 696/1496/3861 706/1497/3861
f 721/1495/3864 715/1493/3864 798/1509/3864
f 683/1494/4304 759/1510/4304 761/1498/4304
f 732/1105/4305 721/1495/4305 807/1499/4305
f 688/488/1161 761/1498/1161 771/1500/1161
f 732/1105/4306 809/1109/4306 4425/2199/4306
f 696/1496/2766 771/1500/2766 778/1501/2766
f 710/1487/4307 706/1497/4307 778/1501/4307
f 662/2198/4308 739/2201/4308 747/752/4308
f 711/1488/1164 710/1487/1164 782/1502/1164
f 666/758/2648 747/752/2648 753/1504/2648
f 712/1492/2649 711/1488/2649 785/1503/2649
f 669/1489/4309 753/1504/4309 755/1507/4309
f 715/1493/2460 712/1492/2460 793/1506/2460
f 676/1508/1169 755/1507/1169 759/1510/1169
f 739/2201/4310 816/2204/4310 821/746/4310
f 785/1503/1171 782/1502/1171 850/1511/1171
f 747/752/2462 821/746/2462 826/1514/2462
f 793/1506/4311 785/1503/4311 853/1512/4311
f 753/1504/1174 826/1514/1174 830/1516/1174
f 798/1509/1175 793/1506/1175 856/1515/1175
f 755/1507/2654 830/1516/2654 834/1518/2654
f 807/1499/1177 798/1509/1177 860/1517/1177
f 759/1510/1178 834/1518/1178 836/1520/1178
f 809/1109/1179 807/1499/1179 862/1519/1179
f 761/1498/1180 836/1520/1180 839/1521/1180
f 4476/2202/4312 4428/3602/4312 4425/2199/4312
f 4425/2199/4313 809/1109/4313 866/1113/4313
f 771/1500/2465 839/1521/2465 846/1522/2465
f 782/1502/2467 778/1501/2467 846/1522/2467
f 834/1518/1193 887/1534/1193 889/1535/1193
f 4429/2206/4314 4430/3603/4314 4477/2205/4314
f 4477/2205/4315 866/1113/4315 862/1519/4315
f 862/1519/4316 916/1523/4316 4429/2206/4316
f 836/1520/1183 889/1535/1183 892/1524/1183
f 839/1521/1184 892/1524/1184 897/1525/1184
f 850/1511/1185 846/1522/1185 897/1525/1185
f 816/2204/4317 870/2209/4317 874/740/4317
f 853/1512/1186 850/1511/1186 900/1526/1186
f 821/746/1187 874/740/1187 876/1528/1187
f 856/1515/1188 853/1512/1188 903/1527/1188
f 826/1514/1189 876/1528/1189 883/1532/1189
f 860/1517/1190 856/1515/1190 910/1531/1190
f 830/1516/4318 883/1532/4318 887/1534/4318
f 862/1519/4319 860/1517/4319 912/1533/4319
f 903/1527/1202 900/1526/1202 951/1546/1202
f 874/740/1194 925/735/1194 928/1536/1194
f 910/1531/1195 903/1527/1195 955/1538/1195
f 876/1528/4320 928/1536/4320 933/1540/4320
f 912/1533/3867 910/1531/3867 960/1539/3867
f 883/1532/2661 933/1540/2661 939/1542/2661
f 916/1523/876 912/1533/876 962/1541/876
f 887/1534/1199 939/1542/1199 940/1543/1199
f 4474/2210/4321 4431/3604/4321 4429/2206/4321
f 4429/2206/4322 916/1523/4322 965/1121/4322
f 889/1535/878 940/1543/878 944/1544/878
f 892/1524/1200 944/1544/1200 950/1545/1200
f 900/1526/2478 897/1525/2478 950/1545/2478
f 870/2209/4323 920/2212/4323 925/735/4323
f 940/1543/881 993/1130/881 998/1160/881
f 944/1544/2481 998/1160/2481 1000/924/2481
f 951/1546/1204 950/1545/1204 1000/924/1204
f 920/2212/4324 973/2216/4324 979/729/4324
f 955/1538/1205 951/1546/1205 1006/1547/1205
f 925/735/1206 979/729/1206 981/1549/1206
f 960/1539/886 955/1538/886 1010/1548/886
f 928/1536/1207 981/1549/1207 984/1551/1207
f 962/1541/1208 960/1539/1208 1014/1139/1208
f 933/1540/1209 984/1551/1209 989/1552/1209
f 4432/2217/4325 4433/3605/4325 4475/2214/4325
f 4475/2214/4326 965/1121/4326 962/1541/4326
f 962/1541/4327 1015/1144/4327 4432/2217/4327
f 939/1542/1211 989/1552/1211 993/1130/1211
f 979/729/4328 1022/723/4328 1027/2218/4328
f 1014/1139/891 1010/1548/891 1049/1150/891
f 981/1549/1212 1027/2218/1212 1031/1556/1212
f 1015/1144/892 1014/1139/892 1055/1151/892
f 984/1551/4329 1031/1556/4329 1036/1153/4329
f 4473/2219/2843 4434/3606/2843 4432/2217/2843
f 4432/2217/4330 1015/1144/4330 1058/1152/4330
f 989/1552/3872 1036/1153/3872 1039/1181/3872
f 993/1130/897 1039/1181/897 1041/1159/897
f 998/1160/899 1041/1159/899 1043/1162/899
f 1006/1547/901 1000/924/901 1043/1162/901
f 973/2216/4331 1020/2221/4331 1022/723/4331
f 1010/1548/1213 1006/1547/1213 1048/1165/1213
f 1039/1181/915 1081/1180/915 1087/1182/915
f 1041/1159/3808 1087/1182/3808 1088/1170/3808
f 1048/1165/906 1043/1162/906 1088/1170/906
f 1020/2221/4332 1065/2223/4332 1067/2224/4332
f 1049/1150/907 1048/1165/907 1095/1172/907
f 1022/723/4333 1067/2224/4333 1069/2225/4333
f 1055/1151/2788 1049/1150/2788 1096/1173/2788
f 1027/2218/909 1069/2225/909 1075/1175/909
f 4472/2227/4334 4437/3607/4334 4435/2226/4334
f 4435/2226/4335 1058/1152/4335 1055/1151/4335
f 1055/1151/4336 1102/1174/4336 4472/2227/4336
f 1031/1556/911 1075/1175/911 1077/1184/911
f 1058/1152/2497 4435/2226/2497 4436/2228/2497
f 1036/1153/4337 1077/1184/4337 1081/1180/4337
f 1096/1173/927 1147/1195/927 1153/1196/927
f 1075/1175/928 1069/2225/928 1122/2229/928
f 4439/2230/4338 4472/2227/4338 1102/1174/4338
f 1102/1174/916 1153/1196/916 4438/2231/916
f 1077/1184/917 1075/1175/917 1124/1185/917
f 1081/1180/919 1077/1184/919 1130/1186/919
f 1087/1182/921 1081/1180/921 1132/1188/921
f 1088/1170/4339 1087/1182/4339 1136/1190/4339
f 1088/1170/925 1141/1192/925 1143/1194/925
f 1067/2224/2793 1065/2223/2793 1113/2232/2793
f 1095/1172/926 1143/1194/926 1147/1195/926
f 1069/2225/2502 1067/2224/2502 1117/710/2502
f 1141/1192/2503 1136/1190/2503 1184/1213/2503
f 1141/1192/930 1186/1214/930 1189/1200/930
f 1117/710/2796 1113/2232/2796 1163/2233/2796
f 1143/1194/931 1189/1200/931 1191/1201/931
f 1122/2229/932 1117/710/932 1168/2235/932
f 1147/1195/1217 1191/1201/1217 1193/1205/1217
f 1173/1203/4340 4409/2247/4340 4408/2236/4340
f 4408/2236/934 1124/1185/934 1122/2229/934
f 4440/2237/4341 4438/2231/4341 1153/1196/4341
f 1153/1196/4341 1193/1205/4341 4471/2238/4341
f 4410/2239/2508 4411/2242/2508 1179/1209/2508
f 1179/1209/936 1130/1186/936 1124/1185/936
f 1124/1185/4342 4408/2236/4342 4410/2239/4342
f 1132/1188/2509 1130/1186/2509 1179/1209/2509
f 1136/1190/940 1132/1188/940 1182/1211/940
f 1193/1205/4343 4441/3608/4343 4442/2240/4343
f 4412/2241/943 1204/1216/943 1179/1209/943
f 1182/1211/945 1179/1209/945 1204/1216/945
f 1184/1213/947 1182/1211/947 1206/1218/947
f 1186/1214/949 1184/1213/949 1209/1220/949
f 1186/1214/2513 1210/1222/2513 1212/1224/2513
f 1168/2235/4344 1163/2233/4344 1199/2243/4344
f 1189/1200/952 1212/1224/952 1215/1225/952
f 1173/1203/4345 1168/2235/4345 1200/2244/4345
f 4443/2245/4346 4441/3608/4346 1193/1205/4346
f 1193/1205/954 1191/1201/954 1215/1225/954
f 1215/1225/4347 4470/2252/4347 4443/2245/4347
f 1173/1203/4348 1202/1228/4348 4407/2246/4348
f 1210/1222/957 1233/1243/957 1234/1230/957
f 1200/2244/4349 1199/2243/4349 1221/2248/4349
f 1212/1224/958 1234/1230/958 1237/1231/958
f 1223/2250/4350 4398/2259/4350 4397/2251/4350
f 4397/2251/2672 1202/1228/2672 1200/2244/2672
f 4445/2253/4351 4444/3609/4351 4470/2252/4351
f 4470/2252/960 1215/1225/960 1237/1231/960
f 4399/2254/4352 4407/2246/4352 1202/1228/4352
f 4412/2241/4353 4403/3610/4353 4404/2255/4353
f 4404/2255/963 1227/1237/963 1204/1216/963
f 1206/1218/965 1204/1216/965 1227/1237/965
f 1209/1220/967 1206/1218/967 1228/1239/967
f 1210/1222/969 1209/1220/969 1230/1241/969
f 4406/2256/4354 1248/1246/4354 1227/1237/4354
f 1228/1239/972 1227/1237/972 1248/1246/972
f 1230/1241/974 1228/1239/974 1251/1247/974
f 1233/1243/4355 1230/1241/4355 1252/1249/4355
f 1233/1243/2523 1254/1251/2523 1255/1253/2523
f 1223/2250/4356 1221/2248/4356 1243/2257/4356
f 1234/1230/979 1255/1253/979 1257/1254/979
f 1245/2258/4357 4400/2264/4357 4398/2259/4357
f 4446/2260/2526 4445/2253/2526 1237/1231/2526
f 1237/1231/981 1257/1254/981 4469/2261/981
f 1254/1251/998 1275/1272/998 1277/1274/998
f 1245/2258/4358 1243/2257/4358 1264/2262/4358
f 1255/1253/985 1277/1274/985 1278/1260/985
f 1266/2263/4359 4402/3611/4359 4400/2264/4359
f 4447/3612/4360 4469/2261/4360 1257/1254/4360
f 1257/1254/4361 1278/1260/4361 4468/2265/4361
f 4448/2266/987 4447/3612/987 1257/1254/987
f 1248/1246/4362 4406/3613/4362 4405/2267/4362
f 1251/1247/992 1248/1246/992 1269/1266/992
f 1252/1249/994 1251/1247/994 1271/1268/994
f 1254/1251/996 1252/1249/996 1273/1270/996
f 1271/1268/999 1269/1266/999 1291/1275/999
f 1273/1270/1001 1271/1268/1001 1293/1276/1001
f 1275/1272/1003 1273/1270/1003 1295/1278/1003
f 1275/1272/1005 1296/1280/1005 1297/1282/1005
f 1266/2263/4363 1264/2262/4363 1284/2268/4363
f 1277/1274/1006 1297/1282/1006 1299/1283/1006
f 4401/2271/2689 4402/3611/2689 1266/2263/2689
f 1266/2263/2689 1286/2270/2689 1287/1285/2689
f 4450/2272/4364 4449/3614/4364 4468/2265/4364
f 4468/2265/1008 1278/1260/1008 1299/1283/1008
f 1287/1285/4365 4390/2280/4365 4389/2273/4365
f 1269/1266/4366 4405/2267/4366 4396/2274/4366
f 4396/2274/4367 4394/2282/4367 1291/1275/4367
f 1286/2270/2539 1284/2268/2539 1305/2275/2539
f 1297/1282/1013 1321/1303/1013 1322/1290/1013
f 1287/1285/2540 1286/2270/2540 1308/2276/2540
f 4451/2278/4368 4450/2272/4368 1299/1283/4368
f 1299/1283/1015 1322/1290/1015 4467/2279/1015
f 4390/2280/4369 1287/1285/4369 1310/2277/4369
f 1313/1295/2692 1291/1275/2692 4394/2282/2692
f 1293/1276/1020 1291/1275/1020 1313/1295/1020
f 1295/1278/1022 1293/1276/1022 1315/1297/1022
f 1296/1280/3823 1295/1278/3823 1317/1299/3823
f 1296/1280/4370 1319/1301/4370 1321/1303/4370
f 1313/1327/1039 1335/1326/1039 1338/1329/1039
f 1315/1307/1028 1338/1329/1028 1339/1308/1028
f 1317/1309/2544 1339/1308/2544 1341/1312/2544
f 1321/1315/2546 1319/1313/2546 1341/1312/2546
f 1305/2286/2547 1328/2285/2547 1329/2288/2547
f 1322/1317/1033 1321/1315/1033 1343/1316/1033
f 1308/2289/2819 1329/2288/2819 1331/2290/2819
f 4467/2293/1034 1322/1317/1034 1345/1318/1034
f 1345/1318/4371 4465/2297/4371 4453/2292/4371
f 4453/2292/4372 4452/3615/4372 4467/2293/4372
f 1333/1323/4373 4392/3616/4373 4391/2294/4373
f 4391/2294/1035 1310/2291/1035 1331/2290/1035
f 4393/2295/4374 4392/3616/4374 1333/1323/4374
f 1333/1323/1037 1335/1326/1037 1313/1327/1037
f 1313/1327/1037 4395/3617/1037 4393/2295/1037
f 1345/1318/1052 1343/1316/1052 1366/1344/1052
f 1329/2288/2700 1353/2303/2700 1355/2296/2700
f 1370/1331/4375 4466/2300/4375 4465/2297/4375
f 4465/2297/2821 1345/1318/2821 1368/1330/2821
f 1331/2290/2552 1355/2296/2552 1357/2298/2552
f 1370/1331/2553 4455/3618/2553 4454/2299/2553
f 1333/1323/2702 1357/2298/2702 1358/1334/2702
f 1335/1326/2554 1358/1334/2554 1361/1336/2554
f 1338/1329/1047 1361/1336/1047 1362/1338/1047
f 1339/1308/1049 1362/1338/1049 1365/1340/1049
f 1343/1316/4376 1341/1312/4376 1365/1340/4376
f 1328/2285/4377 1350/2301/4377 1353/2303/4377
f 1361/1336/1064 1385/1359/1064 1388/1360/1064
f 1362/1338/1054 1388/1360/1054 1389/1348/1054
f 1366/1344/2826 1365/1340/2826 1389/1348/2826
f 1350/2301/4378 1376/2304/4378 1378/2305/4378
f 1368/1330/1057 1366/1344/1057 1390/1352/1057
f 1353/2303/2561 1378/2305/2561 1379/2306/2561
f 1370/1331/4379 1368/1330/4379 1392/1353/4379
f 1355/2296/2562 1379/2306/2562 1382/2307/2562
f 4456/2308/4380 4455/3618/4380 1370/1331/4380
f 1370/1331/4380 1394/1354/4380 4464/2309/4380
f 1357/2298/4381 1382/2307/4381 1383/2310/4381
f 1358/1334/1062 1383/2310/1062 1385/1359/1062
f 1394/1354/1074 1392/1353/1074 1417/1375/1074
f 1379/2306/4382 1405/2318/4382 1406/2311/4382
f 4464/2309/1065 1394/1354/1065 1419/1361/1065
f 1419/1361/4383 1421/1362/4383 4462/2314/4383
f 4458/2312/4384 4457/3619/4384 4464/2309/4384
f 1419/1361/4385 4462/2314/4385 4458/2312/4385
f 1382/2307/4386 1406/2311/4386 1407/2313/4386
f 1383/2310/1067 1407/2313/1067 1409/1785/1067
f 1385/1359/1069 1409/1785/1069 1411/1788/1069
f 1388/1360/1070 1411/1788/1070 1413/1369/1070
f 1390/1352/1072 1389/1348/1072 1413/1369/1072
f 1376/2304/4387 1401/2316/4387 1403/2317/4387
f 1392/1353/1073 1390/1352/1073 1416/1374/1073
f 1378/2305/2834 1403/2317/2834 1405/2318/2834
f 1411/1788/2571 1437/1793/2571 1439/1789/2571
f 1416/1374/1077 1413/1369/1077 1439/1789/1077
f 1401/2316/4388 1427/2319/4388 1428/2321/4388
f 1417/1375/1078 1416/1374/1078 1442/1790/1078
f 1403/2317/4389 1428/2321/4389 1429/2322/4389
f 1419/1361/1079 1417/1375/1079 1443/1382/1079
f 1405/2318/2575 1429/2322/2575 1431/2323/2575
f 1421/1362/1080 1419/1361/1080 1445/1384/1080
f 1406/2311/4390 1431/2323/4390 1434/2324/4390
f 4460/2326/4391 4459/3620/4391 4463/2325/4391
f 4463/2325/4392 1421/1362/4392 1446/1385/4392
f 1407/2313/2579 1434/2324/2579 1436/1792/2579
f 1409/1785/2580 1436/1792/2580 1437/1793/2580
f 1429/2322/4393 1455/2334/4393 1457/2327/4393
f 1446/1385/1083 1445/1384/1083 1471/1718/1083
f 1431/2323/4394 1457/2327/4394 1460/2328/4394
f 4483/2329/4395 4461/3621/4395 4460/2326/4395
f 4460/2326/4396 1446/1385/4396 1473/1711/4396
f 1473/1711/4397 1474/1712/4397 4483/2329/4397
f 1434/2324/4398 1460/2328/4398 1461/2330/4398
f 1436/1792/2586 1461/2330/2586 1464/1796/2586
f 1437/1793/4399 1464/1796/4399 1465/1797/4399
f 1442/1790/2839 1439/1789/2839 1465/1797/2839
f 1427/2319/4400 1452/2332/4400 1454/2333/4400
f 1443/1382/1086 1442/1790/1086 1468/1715/1086
f 1428/2321/4401 1454/2333/4401 1455/2334/4401
f 1445/1384/1087 1443/1382/1087 1469/1722/1087
f 1464/1796/2592 1489/1799/2592 1491/1720/2592
f 1468/1715/2594 1465/1797/2594 1491/1720/2594
f 1452/2332/4402 1478/2335/4402 1480/2336/4402
f 1469/1722/2596 1468/1715/2596 1493/1730/2596
f 1454/2333/4403 1480/2336/4403 1482/2337/4403
f 1471/1718/2598 1469/1722/2598 1496/1721/2598
f 1455/2334/2843 1482/2337/2843 1485/2338/2843
f 1473/1711/4404 1471/1718/4404 1497/1723/4404
f 1457/2327/4405 1485/2338/4405 1486/2339/4405
f 1474/1712/4406 1473/1711/4406 1500/1724/4406
f 1460/2328/2603 1486/2339/2603 1487/2340/2603
f 4413/2341/4407 4484/2331/4407 1474/1712/4407
f 1474/1712/4408 1501/1725/4408 4414/2342/4408
f 1461/2330/2605 1487/2340/2605 1489/1799/2605
f 1500/1724/2606 1497/1723/2606 1513/1631/2606
f 1485/2338/2607 1509/2127/2607 1511/2130/2607
f 1501/1725/4409 1500/1724/4409 1515/1612/4409
f 1486/2339/2844 1511/2130/2844 42/515/2844
f 4482/2343/4410 4415/3622/4410 4414/2342/4410
f 4414/2342/4411 1501/1725/4411 81/1615/4411
f 1487/2340/2611 42/515/2611 50/2134/2611
f 1489/1799/4412 50/2134/4412 62/1624/4412
f 1493/1730/4413 1491/1720/4413 62/1624/4413
f 1478/2335/4414 1506/2136/4414 1508/2139/4414
f 1496/1721/2616 1493/1730/2616 68/1626/2616
f 1480/2336/4415 1508/2139/4415 16/2140/4415
f 1497/1723/2618 1496/1721/2618 70/1629/2618
f 1482/2337/4416 16/2140/4416 1509/2127/4416
f 1174/2127/4260 2/2140/4260 69/2128/4260
f 1178/1631/2371 93/1613/2371 95/1614/2371
f 1176/2130/2372 1174/2127/2372 71/2129/2372
f 1181/1612/4261 95/1614/4261 97/1616/4261
f 33/515/4262 1176/2130/4262 73/2131/4262
f 59/1615/4417 97/1616/4417 100/1618/4417
f 39/2134/2376 33/515/2376 78/512/2376
f 1183/1617/2621 100/1618/2621 103/1623/2621
f 44/1624/4266 39/2134/4266 80/1619/4266
f 4582/2346/4418 4574/3623/4418 4563/2345/4418
f 4563/2345/4419 1185/1622/4419 103/1623/4419
f 44/1624/4267 84/1627/4267 86/1628/4267
f 1172/2139/2381 1170/2136/2381 64/2138/2381
f 54/1626/2382 86/1628/2382 91/1630/2382
f 2/2140/4268 1172/2139/4268 67/807/4268
f 57/1629/2384 91/1630/2384 93/1613/2384
f 69/2128/2732 67/807/2732 112/800/2732
f 91/1630/2386 136/1632/2386 139/1633/2386
f 71/2129/4269 69/2128/4269 116/2141/4269
f 93/1613/4270 139/1633/4270 141/1634/4270
f 73/2131/4271 71/2129/4271 117/2142/4271
f 95/1614/2390 141/1634/2390 145/1635/2390
f 78/512/2391 73/2131/2391 119/2143/2391
f 97/1616/4272 145/1635/4272 146/1636/4272
f 80/1619/2393 78/512/2393 124/509/2393
f 100/1618/4420 146/1636/4420 149/1639/4420
f 84/1627/2395 80/1619/2395 127/1638/2395
f 4584/2347/4421 4582/3624/4421 103/1623/4421
f 84/1627/2397 131/1640/2397 134/1641/2397
f 67/807/4275 64/2138/4275 107/2147/4275
f 86/1628/2399 134/1641/2399 136/1632/2399
f 127/1638/2400 124/509/2400 168/506/2400
f 146/1636/4422 195/1642/4422 200/1643/4422
f 131/1640/2402 127/1638/2402 173/1644/2402
f 4583/2348/4423 4584/3625/4423 149/1639/4423
f 131/1640/2404 175/1645/2404 178/1646/2404
f 112/800/4277 107/2147/4277 153/2150/4277
f 134/1641/1093 178/1646/1093 181/1409/1093
f 116/2141/2406 112/800/2406 156/795/2406
f 136/1632/1094 181/1409/1094 188/1412/1094
f 117/2142/2407 116/2141/2407 162/2151/2407
f 139/1633/1095 188/1412/1095 191/1416/1095
f 119/2143/4278 117/2142/4278 165/2152/4278
f 141/1634/2409 191/1416/2409 193/1647/2409
f 124/509/2742 119/2143/2742 166/2153/2742
f 145/1635/4279 193/1647/4279 195/1642/4279
f 181/1409/1104 233/1438/1104 237/1431/1104
f 165/2152/2412 162/2151/2412 210/2154/2412
f 188/1412/3840 237/1431/3840 240/1418/3840
f 166/2153/2414 165/2152/2414 213/2155/2414
f 191/1416/1098 240/1418/1098 243/1419/1098
f 168/506/2415 166/2153/2415 217/2349/2415
f 193/1647/4281 243/1419/4281 247/1651/4281
f 173/1644/4424 168/506/4424 219/503/4424
f 4581/2351/4425 4577/3626/4425 4576/2350/4425
f 4576/2350/4426 200/1643/4426 195/1642/4426
f 195/1642/4427 247/1651/4427 4581/2351/4427
f 175/1645/2419 173/1644/2419 221/1652/2419
f 200/1643/4428 4576/2350/4428 4575/2352/4428
f 175/1645/1102 224/1422/1102 228/1428/1102
f 156/795/4285 153/2150/4285 201/2164/4285
f 178/1646/1103 228/1428/1103 233/1438/1103
f 162/2151/2422 156/795/2422 208/789/2422
f 224/1422/1105 221/1652/1105 272/1446/1105
f 224/1422/2425 276/1433/2425 281/1436/2425
f 208/789/4288 201/2164/4288 253/2167/4288
f 228/1428/1108 281/1436/1108 284/1437/1108
f 210/2154/4289 208/789/4289 254/782/4289
f 233/1438/1109 284/1437/1109 288/1439/1109
f 213/2155/2428 210/2154/2428 258/2169/2428
f 237/1431/1110 288/1439/1110 291/1440/1110
f 217/2349/2429 213/2155/2429 260/2170/2429
f 291/1440/4429 4601/3627/4429 4602/2356/4429
f 4602/2356/4430 243/1419/4430 240/1418/4430
f 219/503/2633 217/2349/2633 267/2355/2633
f 4578/2357/4431 4580/2354/4431 247/1651/4431
f 247/1651/4432 243/1419/4432 4602/2356/4432
f 4602/2356/4433 4579/3628/4433 4578/2357/4433
f 221/1652/1114 219/503/1114 269/500/1114
f 260/2170/2431 258/2169/2431 309/2172/2431
f 4599/2358/4434 4600/3629/4434 291/1440/4434
f 288/1439/4435 338/1462/4435 4599/2358/4435
f 267/2355/1116 260/2170/1116 314/2173/1116
f 4529/2360/4436 4601/3627/4436 291/1440/4436
f 291/1440/4437 4600/3629/4437 4530/2359/4437
f 269/500/2637 267/2355/2637 317/1448/2637
f 272/1446/1119 269/500/1119 322/497/1119
f 276/1433/4438 272/1446/4438 326/1453/4438
f 276/1433/2753 330/1457/2753 332/1460/2753
f 254/782/4293 253/2167/4293 302/2177/4293
f 281/1436/1124 332/1460/1124 334/1461/1124
f 258/2169/2439 254/782/2439 305/775/2439
f 284/1437/1125 334/1461/1125 338/1462/1125
f 330/1457/1137 326/1453/1137 362/1474/1137
f 330/1457/2441 364/1476/2441 365/1465/2441
f 305/775/2755 302/2177/2755 344/2183/2755
f 332/1460/1128 365/1465/1128 368/1466/1128
f 309/2172/2443 305/775/2443 348/770/2443
f 334/1461/1129 368/1466/1129 371/1467/1129
f 314/2173/1130 309/2172/1130 350/2184/1130
f 4531/2361/4439 4599/2358/4439 338/1462/4439
f 338/1462/4440 371/1467/4440 4598/2362/4440
f 4598/2362/2538 4532/3630/2538 4531/2361/2538
f 317/1448/3852 314/2173/3852 354/1468/3852
f 322/497/2641 317/1448/2641 358/1473/2641
f 326/1453/1135 322/497/1135 360/494/1135
f 371/1467/4441 4533/2365/4441 4534/2363/4441
f 4525/2364/1148 4527/2371/1148 387/1478/1148
f 387/1478/1148 358/1473/1148 354/1468/1148
f 354/1468/4442 4524/3631/4442 4525/2364/4442
f 360/494/1139 358/1473/1139 387/1478/1139
f 362/1474/1141 360/494/1141 393/491/1141
f 364/1476/1142 362/1474/1142 395/1480/1142
f 364/1476/3858 398/601/3858 400/1481/3858
f 348/770/4298 344/2183/4298 380/2193/4298
f 365/1465/1144 400/1481/1144 401/1482/1144
f 350/2184/4299 348/770/4299 381/765/4299
f 4597/2366/4443 4535/3632/4443 4533/2365/4443
f 4533/2365/4444 371/1467/4444 368/1466/4444
f 368/1466/4445 401/1482/4445 4597/2366/4445
f 4526/2367/4446 4524/3631/4446 354/1468/4446
f 354/1468/1146 350/2184/1146 383/2194/1146
f 400/1481/1159 398/601/1159 427/1497/1159
f 380/2193/2452 411/2198/2452 416/758/2452
f 401/1482/1149 400/1481/1149 429/1487/1149
f 381/765/2761 416/758/2761 419/1489/2761
f 4537/2368/4447 4597/2366/4447 401/1482/4447
f 435/1488/4448 4536/3633/4448 4537/2368/4448
f 383/2194/4449 419/1489/4449 4523/2369/4449
f 4528/2370/1154 421/1494/1154 387/1478/1154
f 387/1478/1156 421/1494/1156 423/488/1156
f 393/491/1157 423/488/1157 425/1496/1157
f 395/1480/3861 425/1496/3861 427/1497/3861
f 421/1494/4304 450/1510/4304 453/1498/4304
f 423/488/1161 453/1498/1161 455/1500/1161
f 425/1496/2766 455/1500/2766 460/1501/2766
f 429/1487/4307 427/1497/4307 460/1501/4307
f 411/2198/4308 444/2201/4308 445/752/4308
f 435/1488/1164 429/1487/1164 463/1502/1164
f 4514/2372/4450 4513/2376/4450 419/1489/4450
f 419/1489/2648 416/758/2648 445/752/2648
f 435/1488/4451 464/1503/4451 4539/2373/4451
f 4539/2373/4452 4540/3634/4452 4538/2374/4452
f 4538/2374/2649 4536/3633/2649 435/1488/2649
f 4515/2375/4453 4523/2369/4453 419/1489/4453
f 421/1494/4454 4528/2370/4454 4520/2377/4454
f 4520/2377/2651 4519/2381/2651 450/1510/2651
f 444/2201/4310 471/2204/4310 475/746/4310
f 464/1503/1171 463/1502/1171 491/1511/1171
f 445/752/3865 475/746/3865 4518/2378/3865
f 4541/2379/4455 4539/2373/4455 464/1503/4455
f 464/1503/4456 495/1512/4456 4596/2380/4456
f 483/1518/1176 450/1510/1176 4519/2381/1176
f 450/1510/1178 483/1518/1178 485/1520/1178
f 453/1498/1180 485/1520/1180 487/1521/1180
f 455/1500/2465 487/1521/2465 489/1522/2465
f 463/1502/2467 460/1501/2467 489/1522/2467
f 483/1518/1193 513/1534/1193 517/1535/1193
f 485/1520/1183 517/1535/1183 518/1524/1183
f 487/1521/1184 518/1524/1184 525/1525/1184
f 491/1511/1185 489/1522/1185 525/1525/1185
f 471/2204/4317 505/2209/4317 507/740/4317
f 495/1512/1186 491/1511/1186 528/1526/1186
f 475/746/1187 507/740/1187 4517/2383/1187
f 4542/3635/4457 4596/2380/4457 495/1512/4457
f 533/1527/4458 4595/2387/4458 4543/2384/4458
f 4543/2384/4459 4542/3635/4459 495/1512/4459
f 513/1534/4460 483/1518/4460 4522/2382/4460
f 533/1527/1202 528/1526/1202 569/1546/1202
f 4516/2386/4461 4517/2383/4461 507/740/4461
f 507/740/1194 548/735/1194 552/1536/1194
f 4544/2388/4462 4545/3636/4462 4595/2387/4462
f 4595/2387/4463 533/1527/4463 575/1538/4463
f 552/1536/4464 4506/2393/4464 4505/2389/4464
f 513/1534/1198 4521/2385/1198 4511/2390/1198
f 4511/2390/2661 4512/2395/2661 553/1542/2661
f 513/1534/1199 553/1542/1199 557/1543/1199
f 517/1535/878 557/1543/878 563/1544/878
f 518/1524/1200 563/1544/1200 565/1545/1200
f 528/1526/2478 525/1525/2478 565/1545/2478
f 505/2209/4323 543/2212/4323 548/735/4323
f 557/1543/881 603/1130/881 607/1160/881
f 563/1544/2481 607/1160/2481 608/924/2481
f 569/1546/1204 565/1545/1204 608/924/1204
f 543/2212/4324 583/2216/4324 588/729/4324
f 575/1538/1205 569/1546/1205 612/1547/1205
f 548/735/1206 588/729/1206 593/1549/1206
f 4546/2391/4465 4544/2388/4465 575/1538/4465
f 575/1538/886 617/1548/886 4594/2392/886
f 4506/2393/4466 552/1536/4466 593/1549/4466
f 598/1552/4467 553/1542/4467 4512/2395/4467
f 553/1542/1211 598/1552/1211 603/1130/1211
f 588/729/4328 632/723/4328 635/2218/4328
f 4547/3637/4468 4594/2392/4468 617/1548/4468
f 660/1150/4469 4593/2400/4469 4548/2397/4469
f 4548/2397/891 4547/3637/891 617/1548/891
f 4508/2398/4470 4509/2394/4470 593/1549/4470
f 593/1549/1212 635/2218/1212 636/1556/1212
f 4507/2399/4471 4508/2398/4471 636/1556/4471
f 636/1556/893 640/1153/893 598/1552/893
f 598/1552/893 4510/2396/893 4507/2399/893
f 598/1552/3872 640/1153/3872 646/1181/3872
f 603/1130/897 646/1181/897 648/1159/897
f 607/1160/899 648/1159/899 654/1162/899
f 612/1547/901 608/924/901 654/1162/901
f 583/2216/4331 630/2221/4331 632/723/4331
f 617/1548/1213 612/1547/1213 656/1165/1213
f 646/1181/915 689/1180/915 691/1182/915
f 648/1159/3808 691/1182/3808 694/1170/3808
f 656/1165/906 654/1162/906 694/1170/906
f 630/2221/4332 673/2223/4332 674/2224/4332
f 660/1150/907 656/1165/907 701/1172/907
f 632/723/4333 674/2224/4333 679/2225/4333
f 4550/2401/4472 4549/3638/4472 4593/2400/4472
f 4593/2400/908 660/1150/908 705/1173/908
f 705/1173/4473 4591/3639/4473 4550/2401/4473
f 635/2218/909 679/2225/909 685/1175/909
f 636/1556/911 685/1175/911 687/1184/911
f 640/1153/4337 687/1184/4337 689/1180/4337
f 4592/2402/4474 4591/3639/4474 705/1173/4474
f 705/1173/927 745/1195/927 749/1196/927
f 685/1175/928 679/2225/928 723/2229/928
f 749/1196/916 4551/2404/916 4552/2403/916
f 687/1184/917 685/1175/917 725/1185/917
f 689/1180/919 687/1184/919 729/1186/919
f 691/1182/921 689/1180/921 734/1188/921
f 694/1170/4339 691/1182/4339 735/1190/4339
f 694/1170/925 738/1192/925 742/1194/925
f 674/2224/2793 673/2223/2793 713/2232/2793
f 701/1172/926 742/1194/926 745/1195/926
f 679/2225/2502 674/2224/2502 717/710/2502
f 738/1192/2503 735/1190/2503 779/1213/2503
f 738/1192/930 781/1214/930 783/1200/930
f 717/710/2796 713/2232/2796 758/2233/2796
f 742/1194/931 783/1200/931 786/1201/931
f 723/2229/932 717/710/932 760/2235/932
f 745/1195/1217 786/1201/1217 790/1205/1217
f 725/1185/934 723/2229/934 765/1203/934
f 4590/2405/4475 4553/3640/4475 4551/2404/4475
f 4551/2404/935 749/1196/935 790/1205/935
f 790/1205/4476 794/1207/4476 4590/2405/4476
f 729/1186/936 725/1185/936 767/1208/936
f 4590/2405/4477 794/1207/4477 4554/2406/4477
f 734/1188/2509 729/1186/2509 772/1209/2509
f 735/1190/940 734/1188/940 775/1211/940
f 790/1205/956 828/1227/956 829/1229/956
f 772/1209/943 767/1208/943 810/1215/943
f 4556/2408/4478 4554/2406/4478 794/1207/4478
f 794/1207/944 829/1229/944 831/1217/944
f 831/1217/4479 4589/2409/4479 4556/2408/4479
f 775/1211/945 772/1209/945 814/1216/945
f 4558/2410/4480 4557/3641/4480 4589/2409/4480
f 4589/2409/4481 831/1217/4481 833/1219/4481
f 833/1219/4482 4587/3642/4482 4558/2410/4482
f 779/1213/947 775/1211/947 818/1218/947
f 781/1214/949 779/1213/949 819/1220/949
f 781/1214/2513 822/1222/2513 823/1224/2513
f 760/2235/4344 758/2233/4344 804/2243/4344
f 783/1200/952 823/1224/952 825/1225/952
f 765/1203/4345 760/2235/4345 806/2244/4345
f 786/1201/954 825/1225/954 828/1227/954
f 767/1208/955 765/1203/955 808/1228/955
f 822/1222/957 849/1243/957 852/1230/957
f 806/2244/4349 804/2243/4349 835/2248/4349
f 823/1224/958 852/1230/958 854/1231/958
f 808/1228/4483 806/2244/4483 837/2250/4483
f 825/1225/960 854/1231/960 855/1233/960
f 810/1215/961 808/1228/961 840/1234/961
f 828/1227/962 855/1233/962 857/1236/962
f 814/1216/3813 810/1215/3813 842/1235/3813
f 829/1229/964 857/1236/964 858/1238/964
f 818/1218/965 814/1216/965 844/1237/965
f 831/1217/966 858/1238/966 861/1240/966
f 819/1220/967 818/1218/967 845/1239/967
f 4561/2414/4484 4559/3643/4484 4588/2413/4484
f 4588/2413/4485 833/1219/4485 861/1240/4485
f 822/1222/969 819/1220/969 847/1241/969
f 844/1237/984 842/1235/984 869/1258/984
f 857/1236/971 885/1259/971 886/1245/971
f 845/1239/972 844/1237/972 872/1246/972
f 858/1238/2677 886/1245/2677 888/1248/2677
f 847/1241/974 845/1239/974 873/1247/974
f 4585/2415/4486 4560/3644/4486 4561/2414/4486
f 4585/2415/4487 4561/2414/4487 861/1240/4487
f 888/1248/4488 891/1250/4488 4585/2415/4488
f 849/1243/4355 847/1241/4355 875/1249/4355
f 849/1243/2523 877/1251/2523 878/1253/2523
f 837/2250/4356 835/2248/4356 864/2257/4356
f 852/1230/979 878/1253/979 880/1254/979
f 840/1234/2525 837/2250/2525 865/2258/2525
f 854/1231/981 880/1254/981 882/1256/981
f 842/1235/982 840/1234/982 867/1257/982
f 855/1233/4489 882/1256/4489 885/1259/4489
f 877/1251/998 905/1272/998 907/1274/998
f 865/2258/4358 864/2257/4358 893/2262/4358
f 878/1253/985 907/1274/985 909/1260/985
f 867/1257/4490 865/2258/4490 895/2263/4490
f 880/1254/987 909/1260/987 911/1263/987
f 869/1258/988 867/1257/988 896/1262/988
f 882/1256/2809 911/1263/2809 914/1265/2809
f 872/1246/990 869/1258/990 898/1264/990
f 885/1259/991 914/1265/991 915/1267/991
f 873/1247/992 872/1246/992 899/1266/992
f 886/1245/4491 915/1267/4491 917/1269/4491
f 875/1249/994 873/1247/994 902/1268/994
f 888/1248/4492 917/1269/4492 919/1271/4492
f 877/1251/996 875/1249/996 904/1270/996
f 4569/2419/4493 4562/3645/4493 4586/2418/4493
f 4586/2418/4494 891/1250/4494 919/1271/4494
f 914/1265/1012 943/1288/1012 945/1289/1012
f 902/1268/999 899/1266/999 929/1275/999
f 915/1267/4495 945/1289/4495 946/1277/4495
f 904/1270/1001 902/1268/1001 931/1276/1001
f 917/1269/3818 946/1277/3818 947/1279/3818
f 905/1272/1003 904/1270/1003 932/1278/1003
f 947/1279/4496 4570/3646/4496 4569/2420/4496
f 905/1272/1005 934/1280/1005 937/1282/1005
f 895/2263/4363 893/2262/4363 921/2268/4363
f 907/1274/1006 937/1282/1006 938/1283/1006
f 896/1262/2689 895/2263/2689 922/2270/2689
f 909/1260/1008 938/1283/1008 941/1286/1008
f 898/1264/4497 896/1262/4497 924/1285/4497
f 911/1263/4498 941/1286/4498 943/1288/4498
f 899/1266/4367 898/1264/4367 927/1287/4367
f 922/2270/2539 921/2268/2539 949/2275/2539
f 937/1282/1013 966/1303/1013 968/1290/1013
f 924/1285/2540 922/2270/2540 952/2276/2540
f 938/1283/1015 968/1290/1015 970/1292/1015
f 927/1287/1016 924/1285/1016 953/2277/1016
f 941/1286/1017 970/1292/1017 972/1294/1017
f 929/1275/4499 927/1287/4499 956/1293/4499
f 943/1288/1019 972/1294/1019 974/1296/1019
f 931/1276/1020 929/1275/1020 958/1295/1020
f 945/1289/1021 974/1296/1021 976/1298/1021
f 932/1278/1022 931/1276/1022 959/1297/1022
f 946/1277/1023 976/1298/1023 977/1300/1023
f 934/1280/3823 932/1278/3823 961/1299/3823
f 977/1300/4500 4571/3647/4500 4570/2421/4500
f 934/1280/3824 963/1301/3824 966/1303/3824
f 958/1327/1039 987/1326/1039 988/1329/1039
f 976/1304/1027 974/1328/1027 1001/1305/1027
f 959/1307/1028 988/1329/1028 990/1308/1028
f 977/1310/4501 976/1304/4501 1003/1306/4501
f 961/1309/1030 990/1308/1030 992/1312/1030
f 1005/1311/4502 4572/3648/4502 4571/2422/4502
f 966/1315/2546 963/1313/2546 992/1312/2546
f 949/2286/2547 980/2285/2547 982/2288/2547
f 968/1317/1033 966/1315/1033 994/1316/1033
f 952/2289/2819 982/2288/2819 983/2290/2819
f 970/1319/1034 968/1317/1034 996/1318/1034
f 953/2291/1035 983/2290/1035 985/1323/1035
f 972/1324/1036 970/1319/1036 997/1320/1036
f 956/1321/2550 985/1323/2550 987/1326/2550
f 974/1328/4503 972/1324/4503 999/1325/4503
f 996/1318/1052 994/1316/1052 1018/1344/1052
f 982/2288/2700 1009/2303/2700 1011/2296/2700
f 997/1320/1040 996/1318/1040 1021/1330/1040
f 983/2290/2552 1011/2296/2552 1013/2298/2552
f 999/1325/1042 997/1320/1042 1023/1331/1042
f 1013/2298/4504 4492/3649/4504 4494/2423/4504
f 4494/2423/4504 987/1326/4504 985/1323/4504
f 1001/1305/1044 999/1325/1044 1024/1333/1044
f 4488/2424/4505 4487/2426/4505 988/1329/4505
f 988/1329/1045 987/1326/1045 4494/2423/1045
f 1003/1306/1046 1001/1305/1046 1025/1335/1046
f 4486/2425/1047 990/1308/1047 988/1329/1047
f 1005/1311/1048 1003/1306/1048 1028/1337/1048
f 4485/2427/4506 4489/3650/4506 992/1312/4506
f 992/1312/1049 990/1308/1049 4486/2425/1049
f 1030/1697/4507 4573/3651/4507 4572/2428/4507
f 992/1312/4376 4489/3650/4376 4490/2429/4376
f 4490/2429/1051 1018/1344/1051 994/1316/1051
f 980/2285/4377 1008/2301/4377 1009/2303/4377
f 1028/1337/2706 1025/1335/2706 1051/1358/2706
f 1030/1697/3831 1028/1337/3831 1054/1700/3831
f 1056/1698/4508 4566/3652/4508 4573/2430/4508
f 4493/2431/4509 4502/3653/4509 1044/1352/4509
f 1044/1352/1056 1018/1344/1056 4490/2429/1056
f 1008/2301/4378 1032/2304/4378 1033/2305/4378
f 1021/1330/1057 1018/1344/1057 1044/1352/1057
f 1009/2303/2561 1033/2305/2561 1035/2306/2561
f 1023/1331/4379 1021/1330/4379 1046/1353/4379
f 1011/2296/2562 1035/2306/2562 1038/2307/2562
f 1024/1333/4380 1023/1331/4380 1047/1354/4380
f 4491/2432/1060 4492/3649/1060 1013/2298/1060
f 1013/2298/4381 1038/2307/4381 4501/2433/4381
f 1025/1335/1061 1024/1333/1061 1050/1355/1061
f 1047/1354/1074 1046/1353/1074 1071/1375/1074
f 1035/2306/4382 1062/2318/4382 1063/2311/4382
f 1050/1355/1065 1047/1354/1065 1073/1361/1065
f 4501/2433/4386 1038/2307/4386 1063/2311/4386
f 1051/1358/1066 1050/1355/1066 1074/1362/1066
f 1054/1700/3833 1051/1358/3833 1076/1363/3833
f 1056/1698/4510 1054/1700/4510 1078/1702/4510
f 1080/1703/4511 4565/3654/4511 4566/2435/4511
f 1068/1374/4512 1044/1352/4512 4502/2436/4512
f 1032/2304/4387 1057/2316/4387 1059/2317/4387
f 1046/1353/1073 1044/1352/1073 1068/1374/1073
f 1033/2305/2834 1059/2317/2834 1062/2318/2834
f 1080/1703/4513 1078/1702/4513 1107/1710/4513
f 4498/2438/2571 4504/2444/2571 1094/1793/2571
f 1094/1793/2571 1097/1789/2571 4497/2439/2571
f 1109/1704/4514 4567/3655/4514 4565/2440/4514
f 1068/1374/1077 4499/3656/1077 4497/2439/1077
f 4497/2439/1077 1097/1789/1077 1098/1790/1077
f 1057/2316/4388 1082/2319/4388 1084/2321/4388
f 1071/1375/1078 1068/1374/1078 1098/1790/1078
f 1059/2317/4389 1084/2321/4389 1086/2322/4389
f 1073/1361/1079 1071/1375/1079 1101/1382/1079
f 1062/2318/2575 1086/2322/2575 1089/2323/2575
f 1074/1362/1080 1073/1361/1080 1103/1384/1080
f 4496/2441/4515 4495/2434/4515 1063/2311/4515
f 1063/2311/4390 1089/2323/4390 1090/2324/4390
f 1076/1363/1081 1074/1362/1081 1104/1385/1081
f 4500/2442/2579 4496/2441/2579 1090/2324/2579
f 1090/2324/2579 1093/1792/2579 4503/2443/2579
f 1078/1702/4516 1076/1363/4516 1106/1709/4516
f 4503/2443/4517 1093/1792/4517 1094/1793/4517
f 1086/2322/4393 1115/2334/4393 1118/2327/4393
f 1104/1385/1083 1103/1384/1083 1131/1718/1083
f 1089/2323/4394 1118/2327/4394 1120/2328/4394
f 1106/1709/4518 1104/1385/4518 1133/1711/4518
f 1090/2324/4398 1120/2328/4398 1121/2330/4398
f 1107/1710/2723 1106/1709/2723 1135/1712/2723
f 1093/1792/2586 1121/2330/2586 1123/1796/2586
f 1109/1704/4519 1107/1710/4519 1137/1713/4519
f 1094/1793/4399 1123/1796/4399 1125/1797/4399
f 1139/1714/4520 4568/3657/4520 4567/2445/4520
f 1098/1790/2839 1097/1789/2839 1125/1797/2839
f 1082/2319/4400 1112/2332/4400 1114/2333/4400
f 1101/1382/1086 1098/1790/1086 1128/1715/1086
f 1084/2321/4401 1114/2333/4401 1115/2334/4401
f 1103/1384/1087 1101/1382/1087 1129/1722/1087
f 1123/1796/2592 1152/1799/2592 1154/1720/2592
f 4568/2446/4521 1139/1714/4521 1169/1719/4521
f 1128/1715/2594 1125/1797/2594 1154/1720/2594
f 1112/2332/4402 1142/2335/4402 1144/2336/4402
f 1129/1722/2596 1128/1715/2596 1156/1730/2596
f 1114/2333/4403 1144/2336/4403 1145/2337/4403
f 1131/1718/2598 1129/1722/2598 1158/1721/2598
f 1115/2334/2843 1145/2337/2843 1146/2338/2843
f 1133/1711/4404 1131/1718/4404 1161/1723/4404
f 1118/2327/4405 1146/2338/4405 1148/2339/4405
f 1135/1712/4406 1133/1711/4406 1162/1724/4406
f 1120/2328/2603 1148/2339/2603 1151/2340/2603
f 1137/1713/4522 1135/1712/4522 1165/1725/4522
f 1121/2330/2605 1151/2340/2605 1152/1799/2605
f 1139/1714/4523 1137/1713/4523 1167/1726/4523
f 1162/1724/2606 1161/1723/2606 1178/1631/2606
f 1146/2338/2607 1174/2127/2607 1176/2130/2607
f 1165/1725/4409 1162/1724/4409 1181/1612/4409
f 1148/2339/2844 1176/2130/2844 33/515/2844
f 1167/1726/4524 1165/1725/4524 59/1615/4524
f 1151/2340/2611 33/515/2611 39/2134/2611
f 1169/1719/4525 1167/1726/4525 1183/1617/4525
f 1152/1799/4412 39/2134/4412 44/1624/4412
f 1185/1622/4526 4563/3658/4526 4564/2448/4526
f 1156/1730/4413 1154/1720/4413 44/1624/4413
f 1142/2335/2845 1170/2136/2845 1172/2139/2845
f 1158/1721/2616 1156/1730/2616 54/1626/2616
f 1144/2336/4415 1172/2139/4415 2/2140/4415
f 1161/1723/2618 1158/1721/2618 57/1629/2618
f 1145/2337/4416 2/2140/4416 1174/2127/4416
f 815/2127/4260 7/2140/4260 53/2128/4260
f 817/2130/2372 815/2127/2372 56/2129/2372
f 27/515/2374 817/2130/2374 58/2131/2374
f 31/2134/2376 27/515/2376 60/512/2376
f 38/1624/4266 31/2134/4266 61/1619/4266
f 38/1624/4267 63/1627/4267 65/1628/4267
f 812/2139/2381 811/2136/2381 48/2138/2381
f 40/1626/2382 65/1628/2382 66/1630/2382
f 7/2140/4527 812/2139/4527 52/807/4527
f 4648/2450/4528 4649/3659/4528 4721/2449/4528
f 4721/2449/4529 43/1629/4529 66/1630/4529
f 53/2128/2732 52/807/2732 76/800/2732
f 4650/2451/4530 4648/2450/4530 66/1630/4530
f 66/1630/2386 90/1632/2386 4720/2452/2386
f 56/2129/2387 53/2128/2387 77/2141/2387
f 58/2131/4531 56/2129/4531 79/2142/4531
f 60/512/2391 58/2131/2391 82/2143/2391
f 61/1619/2393 60/512/2393 83/509/2393
f 63/1627/2735 61/1619/2735 85/1638/2735
f 63/1627/4532 87/1640/4532 88/1641/4532
f 52/807/2398 48/2138/2398 74/2147/2398
f 65/1628/2399 88/1641/2399 90/1632/2399
f 85/1638/2400 83/509/2400 105/506/2400
f 87/1640/4533 85/1638/4533 108/1644/4533
f 87/1640/4534 109/1645/4534 111/1646/4534
f 76/800/2405 74/2147/2405 96/2150/2405
f 88/1641/1093 111/1646/1093 113/1409/1093
f 77/2141/2740 76/800/2740 98/795/2740
f 4652/2453/4535 4651/3660/4535 4720/2452/4535
f 4720/2452/1094 90/1632/1094 113/1409/1094
f 113/1409/4536 4719/2454/4536 4652/2453/4536
f 79/2142/2407 77/2141/2407 101/2151/2407
f 82/2143/2408 79/2142/2408 102/2152/2408
f 83/509/2742 82/2143/2742 104/2153/2742
f 4654/2455/4537 4653/3661/4537 4719/2454/4537
f 4719/2454/1104 113/1409/1104 138/1438/1104
f 102/2152/4538 101/2151/4538 123/2154/4538
f 104/2153/4539 102/2152/4539 125/2155/4539
f 105/506/2415 104/2153/2415 128/2349/2415
f 108/1644/2417 105/506/2417 130/503/2417
f 109/1645/2419 108/1644/2419 132/1652/2419
f 109/1645/2629 133/1422/2629 135/1428/2629
f 98/795/4285 96/2150/4285 121/2164/4285
f 111/1646/1103 135/1428/1103 138/1438/1103
f 101/2151/2422 98/795/2422 122/789/2422
f 133/1422/3845 132/1652/3845 155/1446/3845
f 133/1422/2746 157/1433/2746 158/1436/2746
f 122/789/4540 121/2164/4540 144/2167/4540
f 135/1428/1108 158/1436/1108 161/1437/1108
f 123/2154/4289 122/789/4289 147/782/4289
f 163/1439/4541 4655/2456/4541 4654/2455/4541
f 4654/2455/4542 138/1438/4542 161/1437/4542
f 125/2155/2428 123/2154/2428 148/2169/2428
f 4658/2458/4543 4656/3662/4543 4655/2456/4543
f 4655/2456/4544 163/1439/4544 4657/2457/4544
f 128/2349/2429 125/2155/2429 150/2170/2429
f 130/503/2633 128/2349/2633 152/2355/2633
f 132/1652/1114 130/503/1114 154/500/1114
f 150/2170/2431 148/2169/2431 174/2172/2431
f 4717/2459/4545 4659/3663/4545 4657/2457/4545
f 4657/2457/4546 163/1439/4546 189/1462/4546
f 189/1462/4547 192/1447/4547 4717/2459/4547
f 152/2355/2433 150/2170/2433 176/2173/2433
f 154/500/2637 152/2355/2637 177/1448/2637
f 155/1446/1119 154/500/1119 179/497/1119
f 157/1433/4438 155/1446/4438 182/1453/4438
f 157/1433/1123 183/1457/1123 185/1460/1123
f 147/782/4548 144/2167/4548 171/2177/4548
f 158/1436/1124 185/1460/1124 187/1461/1124
f 148/2169/2439 147/782/2439 172/775/2439
f 161/1437/1125 187/1461/1125 189/1462/1125
f 183/1457/1137 182/1453/1137 207/1474/1137
f 183/1457/2441 209/1476/2441 211/1465/2441
f 172/775/2442 171/2177/2442 197/2183/2442
f 185/1460/1128 211/1465/1128 214/1466/1128
f 174/2172/2756 172/775/2756 198/770/2756
f 187/1461/1129 214/1466/1129 216/1467/1129
f 176/2173/4549 174/2172/4549 199/2184/4549
f 189/1462/1131 216/1467/1131 218/1471/1131
f 177/1448/3852 176/2173/3852 202/1468/3852
f 4718/3664/4550 192/1447/4550 218/1471/4550
f 218/1471/4551 4716/3665/4551 4661/2461/4551
f 4660/2462/4552 4718/3664/4552 218/1471/4552
f 179/497/2641 177/1448/2641 204/1473/2641
f 182/1453/1135 179/497/1135 205/494/1135
f 216/1467/3859 242/1483/3859 244/1486/3859
f 204/1473/2643 202/1468/2643 229/1484/2643
f 4715/2463/4553 4716/3665/4553 218/1471/4553
f 244/1486/4554 245/1477/4554 4715/2463/4554
f 205/494/1139 204/1473/1139 230/1478/1139
f 245/1477/4555 4663/3666/4555 4662/2464/4555
f 207/1474/1141 205/494/1141 232/491/1141
f 209/1476/4556 207/1474/4556 234/1480/4556
f 209/1476/3858 235/601/3858 238/1481/3858
f 198/770/4298 197/2183/4298 222/2193/4298
f 211/1465/1144 238/1481/1144 239/1482/1144
f 199/2184/4299 198/770/4299 225/765/4299
f 214/1466/1145 239/1482/1145 242/1483/1145
f 202/1468/1146 199/2184/1146 226/2194/1146
f 238/1481/3862 235/601/3862 262/1497/3862
f 222/2193/4557 249/2198/4557 251/758/4557
f 239/1482/1149 238/1481/1149 264/1487/1149
f 225/765/2761 251/758/2761 252/1489/2761
f 242/1483/1151 239/1482/1151 266/1488/1151
f 226/2194/1152 252/1489/1152 255/1508/1152
f 244/1486/1153 242/1483/1153 268/1492/1153
f 229/1484/4300 255/1508/4300 256/1494/4300
f 245/1477/4301 244/1486/4301 270/1493/4301
f 230/1478/1156 256/1494/1156 259/488/1156
f 4714/2465/4558 4664/3667/4558 4663/3666/4558
f 4714/2465/4559 4663/3666/4559 245/1477/4559
f 273/1495/4560 274/1105/4560 4714/2465/4560
f 232/491/1157 259/488/1157 261/1496/1157
f 274/1105/4561 4668/3668/4561 4667/2466/4561
f 234/1480/3861 261/1496/3861 262/1497/3861
f 273/1495/3864 270/1493/3864 298/1509/3864
f 256/1494/4304 285/1510/4304 287/1498/4304
f 274/1105/867 273/1495/867 300/1499/867
f 259/488/1161 287/1498/1161 289/1500/1161
f 4668/2467/4562 274/1105/4562 301/1109/4562
f 261/1496/2766 289/1500/2766 290/1501/2766
f 264/1487/4307 262/1497/4307 290/1501/4307
f 249/2198/2459 278/2201/2459 279/752/2459
f 266/1488/1164 264/1487/1164 293/1502/1164
f 251/758/2648 279/752/2648 282/1504/2648
f 268/1492/2649 266/1488/2649 295/1503/2649
f 252/1489/4309 282/1504/4309 283/1507/4309
f 270/1493/2460 268/1492/2460 297/1506/2460
f 255/1508/1169 283/1507/1169 285/1510/1169
f 278/2201/4310 304/2204/4310 307/746/4310
f 295/1503/1171 293/1502/1171 321/1511/1171
f 279/752/2462 307/746/2462 308/1514/2462
f 297/1506/1173 295/1503/1173 323/1512/1173
f 282/1504/1174 308/1514/1174 310/1516/1174
f 298/1509/4563 297/1506/4563 325/1515/4563
f 283/1507/2654 310/1516/2654 313/1518/2654
f 300/1499/1177 298/1509/1177 327/1517/1177
f 285/1510/1178 313/1518/1178 315/1520/1178
f 301/1109/1179 300/1499/1179 329/1519/1179
f 287/1498/1180 315/1520/1180 316/1521/1180
f 4713/2469/4564 4666/3669/4564 4665/2468/4564
f 4665/2468/4565 301/1109/4565 331/1113/4565
f 289/1500/2465 316/1521/2465 319/1522/2465
f 293/1502/2467 290/1501/2467 319/1522/2467
f 4610/2470/1193 315/1520/1193 313/1518/1193
f 331/1113/873 329/1519/873 351/1523/873
f 4607/2472/1183 316/1521/1183 315/1520/1183
f 355/1119/4566 4712/2474/4566 4713/2469/4566
f 4713/2469/4567 331/1113/4567 353/1118/4567
f 4607/2472/4568 4609/2485/4568 342/1525/4568
f 342/1525/2470 319/1522/2470 316/1521/2470
f 355/1119/4569 4672/3670/4569 4674/2473/4569
f 321/1511/1185 319/1522/1185 342/1525/1185
f 304/2204/4317 333/2209/4317 335/740/4317
f 323/1512/1186 321/1511/1186 343/1526/1186
f 4612/2475/2473 4615/2477/2473 308/1514/2473
f 308/1514/1187 307/746/1187 335/740/1187
f 335/740/4570 4617/2481/4570 4612/2475/4570
f 325/1515/1188 323/1512/1188 345/1527/1188
f 4613/2476/1189 310/1516/1189 308/1514/1189
f 327/1517/1190 325/1515/1190 347/1531/1190
f 4606/2478/4571 4611/2471/4571 313/1518/4571
f 313/1518/1191 310/1516/1191 4613/2476/1191
f 329/1519/4319 327/1517/4319 349/1533/4319
f 345/1527/1202 343/1526/1202 4605/2479/1202
f 4604/2483/2659 4616/3671/2659 367/1539/2659
f 367/1539/1195 347/1531/1195 345/1527/1195
f 345/1527/4572 4603/2480/4572 4604/2483/4572
f 349/1533/3867 347/1531/3867 367/1539/3867
f 351/1523/876 349/1533/876 369/1541/876
f 353/1118/877 351/1523/877 370/1121/877
f 355/1119/879 353/1118/879 372/1124/879
f 4672/2486/4573 355/1119/4573 374/1128/4573
f 343/1526/4574 342/1525/4574 4608/2484/4574
f 357/2212/2479 4621/2491/2479 4618/2482/2479
f 4618/2482/4575 335/740/4575 333/2209/4575
f 372/1124/2779 370/1121/2779 390/1148/2779
f 374/1128/3802 372/1124/3802 392/1132/3802
f 4673/2488/4576 374/1128/4576 394/1133/4576
f 357/2212/4577 376/2216/4577 4622/2490/4577
f 4614/2492/886 4646/3672/886 386/1139/886
f 367/1539/886 4616/3671/886 4614/2492/886
f 369/1541/1208 367/1539/1208 386/1139/1208
f 370/1121/1210 369/1541/1210 388/1144/1210
f 4645/2493/2486 407/1151/2486 386/1139/2486
f 388/1144/892 386/1139/892 407/1151/892
f 390/1148/894 388/1144/894 410/1152/894
f 392/1132/896 390/1148/896 412/1156/896
f 394/1133/4578 392/1132/4578 413/1158/4578
f 4671/2495/4579 394/1133/4579 415/1161/4579
f 376/2216/4331 397/2221/4331 4619/2497/4331
f 415/1161/4580 413/1158/4580 434/1168/4580
f 4670/2498/4581 415/1161/4581 436/1169/4581
f 4708/2499/2369 4669/2499/2369 4670/2498/2369
f 4620/2500/4582 4619/2497/4582 397/2221/4582
f 397/2221/4583 417/2223/4583 4624/2501/4583
f 4647/2502/908 428/1174/908 407/1151/908
f 410/1152/910 407/1151/910 428/1174/910
f 412/1156/912 410/1152/912 430/1178/912
f 413/1158/2789 412/1156/2789 432/1179/2789
f 451/1196/927 428/1174/927 4647/2502/927
f 428/1174/916 451/1196/916 452/1183/916
f 430/1178/918 452/1183/918 454/1187/918
f 432/1179/2791 454/1187/2791 456/1189/2791
f 434/1168/4584 456/1189/4584 458/1191/4584
f 436/1169/4585 458/1191/4585 4709/2504/4585
f 4624/2501/4586 417/2223/4586 439/2232/4586
f 456/1189/941 477/1212/941 480/1199/941
f 458/1191/4587 480/1199/4587 4711/2507/4587
f 461/2233/4588 4626/2512/4588 4623/2506/4588
f 472/1205/933 451/1196/933 4644/2503/933
f 451/1196/935 472/1205/935 474/1207/935
f 452/1183/937 474/1207/937 476/1210/937
f 454/1187/939 476/1210/939 477/1212/939
f 472/1205/956 493/1227/956 494/1229/956
f 474/1207/944 494/1229/944 496/1217/944
f 476/1210/946 496/1217/946 498/1219/946
f 477/1212/2797 498/1219/2797 499/1221/2797
f 480/1199/4589 499/1221/4589 4710/2510/4589
f 481/2243/4344 4625/3673/4344 4626/2512/4344
f 4633/2513/4590 4632/3674/4590 493/1227/4590
f 493/1227/954 472/1205/954 4643/2509/954
f 499/1221/4591 524/1242/4591 4707/2514/4591
f 4638/2516/4592 510/1243/4592 512/1230/4592
f 4629/2518/4593 4625/3673/4593 481/2243/4593
f 481/2243/4594 502/2248/4594 503/2250/4594
f 4641/2517/958 512/1230/958 514/1231/958
f 4634/2521/4595 4642/2519/4595 514/1231/4595
f 514/1231/960 516/1233/960 493/1227/960
f 493/1227/4596 4632/3674/4596 4634/2521/4596
f 493/1227/962 516/1233/962 519/1236/962
f 494/1229/964 519/1236/964 520/1238/964
f 496/1217/966 520/1238/966 522/1240/966
f 498/1219/3814 522/1240/3814 524/1242/3814
f 4630/2523/4597 4631/2531/4597 532/1258/4597
f 532/1258/984 534/1246/984 4636/2524/984
f 519/1236/971 547/1259/971 549/1245/971
f 534/1246/972 536/1247/972 4640/2525/972
f 520/1238/2677 549/1245/2677 551/1248/2677
f 536/1247/974 537/1249/974 4637/2526/974
f 4678/2527/4598 4676/3675/4598 524/1242/4598
f 522/1240/4599 551/1248/4599 4678/2527/4599
f 510/1243/976 4639/2522/976 4637/2526/976
f 4637/2526/976 537/1249/976 540/1251/976
f 524/1242/4600 4676/3675/4600 4677/2528/4600
f 510/1243/2523 540/1251/2523 542/1253/2523
f 503/2250/4356 502/2248/4356 527/2257/4356
f 512/1230/979 542/1253/979 544/1254/979
f 4628/2530/4601 4627/2520/4601 503/2250/4601
f 503/2250/2525 529/2258/2525 531/1257/2525
f 531/1257/980 4635/2532/980 4628/2530/980
f 514/1231/981 544/1254/981 546/1256/981
f 531/1257/982 532/1258/982 4631/2531/982
f 516/1233/4489 546/1256/4489 547/1259/4489
f 540/1251/998 568/1272/998 570/1274/998
f 529/2258/4602 527/2257/4602 554/2262/4602
f 542/1253/985 570/1274/985 571/1260/985
f 531/1257/2680 529/2258/2680 556/2263/2680
f 544/1254/987 571/1260/987 572/1263/987
f 532/1258/988 531/1257/988 558/1262/988
f 546/1256/989 572/1263/989 574/1265/989
f 534/1246/990 532/1258/990 560/1264/990
f 547/1259/991 574/1265/991 576/1267/991
f 536/1247/992 534/1246/992 562/1266/992
f 549/1245/993 576/1267/993 579/1269/993
f 537/1249/994 536/1247/994 564/1268/994
f 4705/2534/4603 4675/3676/4603 4678/2533/4603
f 551/1248/4604 579/1269/4604 4705/2534/4604
f 540/1251/996 537/1249/996 566/1270/996
f 574/1265/1012 602/1288/1012 604/1289/1012
f 564/1268/999 562/1266/999 589/1275/999
f 576/1267/4495 604/1289/4495 606/1277/4495
f 566/1270/1001 564/1268/1001 592/1276/1001
f 579/1269/4605 606/1277/4605 4706/2535/4605
f 568/1272/1003 566/1270/1003 594/1278/1003
f 568/1272/4606 595/1280/4606 597/1282/4606
f 556/2263/4607 554/2262/4607 582/2268/4607
f 570/1274/1006 597/1282/1006 599/1283/1006
f 558/1262/2689 556/2263/2689 584/2270/2689
f 571/1260/1008 599/1283/1008 601/1286/1008
f 560/1264/4497 558/1262/4497 586/1285/4497
f 572/1263/1010 601/1286/1010 602/1288/1010
f 562/1266/1011 560/1264/1011 587/1287/1011
f 584/2270/2539 582/2268/2539 609/2275/2539
f 597/1282/1013 625/1303/1013 627/1290/1013
f 586/1285/2540 584/2270/2540 611/2276/2540
f 599/1283/1015 627/1290/1015 629/1292/1015
f 587/1287/1016 586/1285/1016 614/2277/1016
f 601/1286/1017 629/1292/1017 631/1294/1017
f 589/1275/4499 587/1287/4499 616/1293/4499
f 602/1288/1019 631/1294/1019 633/1296/1019
f 592/1276/1020 589/1275/1020 618/1295/1020
f 4704/3677/4608 4681/3678/4608 4679/2536/4608
f 4679/2536/4609 606/1277/4609 604/1289/4609
f 633/1296/4610 4704/3677/4610 4679/2536/4610
f 594/1278/1022 592/1276/1022 620/1297/1022
f 606/1277/4611 4679/3679/4611 4680/2537/4611
f 595/1280/3823 594/1278/3823 622/1299/3823
f 595/1280/4370 623/1301/4370 625/1303/4370
f 618/1327/1039 645/1326/1039 647/1329/1039
f 633/1328/4612 4682/3680/4612 4683/2538/4612
f 620/1307/1028 647/1329/1028 649/1308/1028
f 622/1309/1030 649/1308/1030 651/1312/1030
f 625/1315/4613 623/1313/4613 651/1312/4613
f 609/2286/4614 637/2285/4614 639/2288/4614
f 627/1317/1033 625/1315/1033 653/1316/1033
f 611/2289/2819 639/2288/2819 641/2290/2819
f 629/1319/1034 627/1317/1034 655/1318/1034
f 614/2291/1035 641/2290/1035 643/1323/1035
f 631/1324/1036 629/1319/1036 657/1320/1036
f 616/1321/2550 643/1323/2550 645/1326/2550
f 4684/2540/4615 4682/3680/4615 633/1328/4615
f 4684/2540/4616 633/1328/4616 631/1324/4616
f 655/1318/1052 653/1316/1052 678/1344/1052
f 639/2288/2700 664/2303/2700 667/2296/2700
f 657/1320/1040 655/1318/1040 680/1330/1040
f 641/2290/1041 667/2296/1041 668/2298/1041
f 658/1325/2553 657/1320/2553 682/1331/2553
f 643/1323/1043 668/2298/1043 670/1334/1043
f 4685/3681/4617 4684/3682/4617 658/1325/4617
f 658/1325/4618 684/1333/4618 4687/2541/4618
f 4688/2542/2822 4685/3681/2822 658/1325/2822
f 645/1326/1045 670/1334/1045 672/1336/1045
f 647/1329/1047 672/1336/1047 675/1338/1047
f 649/1308/1049 675/1338/1049 677/1340/1049
f 653/1316/4376 651/1312/4376 677/1340/4376
f 637/2285/2824 663/2301/2824 664/2303/2824
f 672/1336/1064 699/1359/1064 700/1360/1064
f 675/1338/4619 700/1360/4619 702/1348/4619
f 678/1344/2826 677/1340/2826 702/1348/2826
f 663/2301/4378 690/2304/4378 692/2305/4378
f 680/1330/1057 678/1344/1057 704/1352/1057
f 664/2303/2561 692/2305/2561 693/2306/2561
f 682/1331/1058 680/1330/1058 707/1353/1058
f 667/2296/2562 693/2306/2562 695/2307/2562
f 4703/2544/2654 4689/3683/2654 4686/2543/2654
f 4686/2543/4620 684/1333/4620 682/1331/4620
f 682/1331/4621 709/1354/4621 4703/2544/4621
f 668/2298/1060 695/2307/1060 697/2310/1060
f 670/1334/1062 697/2310/1062 699/1359/1062
f 731/1375/4622 4702/3684/4622 4701/2545/4622
f 4701/2545/1074 709/1354/1074 707/1353/1074
f 693/2306/4382 718/2318/4382 720/2311/4382
f 4691/2546/4623 4690/3685/4623 4703/2544/4623
f 4703/2544/4624 709/1354/4624 4701/2545/4624
f 695/2307/4386 720/2311/4386 722/2313/4386
f 697/2310/1067 722/2313/1067 724/1785/1067
f 699/1359/1069 724/1785/1069 726/1788/1069
f 700/1360/1070 726/1788/1070 728/1369/1070
f 704/1352/1072 702/1348/1072 728/1369/1072
f 690/2304/4625 714/2316/4625 716/2317/4625
f 707/1353/1073 704/1352/1073 730/1374/1073
f 692/2305/2570 716/2317/2570 718/2318/2570
f 726/1788/2571 750/1793/2571 752/1789/2571
f 730/1374/3836 728/1369/3836 752/1789/3836
f 714/2316/4388 737/2319/4388 740/2321/4388
f 731/1375/1078 730/1374/1078 754/1790/1078
f 716/2317/2574 740/2321/2574 741/2322/2574
f 4693/2547/1079 4702/3684/1079 731/1375/1079
f 731/1375/1079 756/1382/1079 4692/2548/1079
f 718/2318/2575 741/2322/2575 743/2323/2575
f 720/2311/2577 743/2323/2577 746/2324/2577
f 722/2313/2579 746/2324/2579 748/1792/2579
f 724/1785/2580 748/1792/2580 750/1793/2580
f 741/2322/2581 766/2334/2581 768/2327/2581
f 743/2323/4394 768/2327/4394 770/2328/4394
f 746/2324/2584 770/2328/2584 773/2330/2584
f 748/1792/2586 773/2330/2586 774/1796/2586
f 750/1793/2587 774/1796/2587 776/1797/2587
f 754/1790/2589 752/1789/2589 776/1797/2589
f 737/2319/4400 763/2332/4400 764/2333/4400
f 756/1382/1086 754/1790/1086 777/1715/1086
f 740/2321/4401 764/2333/4401 766/2334/4401
f 4694/3686/2840 4692/2548/2840 756/1382/2840
f 756/1382/1087 780/1722/1087 4695/2549/1087
f 4696/2550/1087 4694/3686/1087 756/1382/1087
f 774/1796/2592 799/1799/2592 801/1720/2592
f 777/1715/4626 776/1797/4626 801/1720/4626
f 763/2332/4627 787/2335/4627 788/2336/4627
f 780/1722/2596 777/1715/2596 803/1730/2596
f 764/2333/4403 788/2336/4403 791/2337/4403
f 4697/2551/4628 4695/2549/4628 780/1722/4628
f 780/1722/2598 805/1721/2598 4700/2552/2598
f 766/2334/2843 791/2337/2843 792/2338/2843
f 768/2327/4629 792/2338/4629 795/2339/4629
f 770/2328/2603 795/2339/2603 796/2340/2603
f 773/2330/2605 796/2340/2605 799/1799/2605
f 792/2338/2607 815/2127/2607 817/2130/2607
f 795/2339/2609 817/2130/2609 27/515/2609
f 796/2340/2611 27/515/2611 31/2134/2611
f 799/1799/4412 31/2134/4412 38/1624/4412
f 803/1730/4630 801/1720/4630 38/1624/4630
f 787/2335/2845 811/2136/2845 812/2139/2845
f 805/1721/2616 803/1730/2616 40/1626/2616
f 788/2336/2846 812/2139/2846 7/2140/2846
f 4700/2552/2618 805/1721/2618 43/1629/2618
f 43/1629/1781 4721/2449/1781 4699/2449/1781
f 4699/2449/4631 4698/3687/4631 4700/2552/4631
f 791/2337/4416 7/2140/4416 815/2127/4416
f 4722/2555/2848 4738/2559/2848 22/1874/2848
f 51/1178/2848 4724/2556/2848 4722/2555/2848
f 4722/2555/2848 22/1874/2848 5/2554/2848
f 4734/2558/2849 4733/3688/2849 22/1874/2849
f 4787/2570/2855 4767/3689/2855 4732/2568/2855
f 4732/2568/2855 51/1178/2855 4786/2571/2855
f 51/1178/4632 4789/3690/4632 4788/2572/4632
f 51/1178/2864 4790/3691/2864 4791/2574/2864
f 51/1178/2858 4793/2579/2858 4792/2576/2858
f 4728/2578/2859 4770/3692/2859 4793/2579/2859
f 47/2582/2860 4743/3693/2860 4741/2583/2860
f 4740/3694/2369 4743/3695/2369 47/3434/2369
f 47/3434/2369 49/2697/2369 4/439/2369
f 4/439/2369 5/3427/2369 22/3696/2369
f 22/3696/2369 4733/3697/2369 4735/3698/2369
f 22/3696/2369 4735/3698/2369 4736/2585/2369
f 4740/3694/2369 47/3434/2369 4/439/2369
f 4739/3699/2369 4740/3694/2369 4/439/2369
f 4/439/2369 22/3696/2369 4736/2585/2369
f 4737/2586/2369 4739/3699/2369 4/439/2369
f 4723/2587/2861 4725/2580/2861 51/1178/2861
f 49/2588/2861 47/2582/2861 4742/2589/2861
f 4723/2587/2861 51/1178/2861 49/2588/2861
f 4745/2597/2851 4746/2596/2851 45/1178/2851
f 20/2598/4633 11/2594/4633 4765/2593/4633
f 20/2598/4634 4765/2593/4634 4762/2599/4634
f 4745/2597/2851 45/1178/2851 20/2598/2851
f 4744/2602/2854 4759/3700/2854 29/2601/2854
f 45/1178/2854 4747/2655/2854 4744/2602/2854
f 4763/2609/2369 4764/3701/2369 11/2760/2369
f 25/2611/2369 29/3417/2369 4759/3702/2369
f 4760/3703/2369 4761/3704/2369 4763/2609/2369
f 25/2611/2369 4759/3702/2369 4760/3703/2369
f 4763/2609/2369 11/2760/2369 20/2610/2369
f 25/2611/2369 4760/3703/2369 4763/2609/2369
f 4793/2614/2847 4770/3705/2847 4771/2615/2847
f 4771/2615/2847 41/1178/2847 4792/2616/2847
f 41/1178/2848 4791/2619/2848 4790/2617/2848
f 41/1178/2849 4788/3706/2849 4789/2618/2849
f 4786/2620/2850 4788/3706/2850 41/1178/2850
f 4787/2621/2851 41/1178/2851 4766/2622/2851
f 4780/2633/2859 4785/3707/2859 34/2634/2859
f 34/2634/2859 32/2630/2859 4783/2635/2859
f 4781/2638/2369 4782/3708/2369 32/2639/2369
f 32/2639/2369 34/3437/2369 4784/2640/2369
f 4851/2643/4635 4832/3709/4635 4801/2613/4635
f 4801/2613/2847 37/1178/2847 4852/2644/2847
f 37/1178/2848 4854/2647/2848 4853/2645/2848
f 37/1178/2867 4856/3710/2867 4855/2646/2867
f 4857/2648/4636 4856/3710/4636 37/1178/4636
f 4858/2650/2872 37/1178/2872 4804/2622/2872
f 4807/2661/2850 4810/2561/2850 36/1178/2850
f 10/2594/2871 4825/3711/2871 4824/2662/2871
f 4807/2661/2871 36/1178/2871 10/2594/2871
f 4806/2664/2855 4821/3712/2855 23/2663/2855
f 36/1178/2855 4809/2666/2855 4806/2664/2855
f 4823/2673/2369 4825/3713/2369 10/2760/2369
f 10/2760/2369 14/2610/2369 18/2611/2369
f 18/2611/2369 21/3417/2369 23/2007/2369
f 23/2007/2369 4821/3714/2369 4819/3715/2369
f 4820/2674/2369 4822/3716/2369 4823/2673/2369
f 23/2007/2369 4819/3715/2369 4820/2674/2369
f 4823/2673/2369 10/2760/2369 18/2611/2369
f 18/2611/2369 23/2007/2369 4820/2674/2369
f 4843/2678/2847 4842/3717/2847 3/2554/2847
f 1/2553/4637 4850/2703/4637 4843/2678/4637
f 4840/2680/2848 4845/3718/2848 3/2554/2848
f 4858/2686/4638 4839/3719/4638 4838/2568/4638
f 4838/2568/2855 30/1178/2855 4857/2687/2855
f 30/1178/2856 4855/3720/2856 4856/2688/2856
f 30/1178/2864 4853/2693/2864 4854/2690/2864
f 30/1178/2873 4851/2694/2873 4852/2692/2873
f 4831/2578/2859 4832/3721/2859 4851/2694/2859
f 4847/3722/2369 4848/3723/2369 28/2697/2369
f 1/439/2369 3/3427/2369 4845/3724/2369
f 4845/3724/2369 4841/3725/2369 4844/2698/2369
f 4844/2698/2369 4847/3722/2369 28/2697/2369
f 1/439/2369 4845/3724/2369 4844/2698/2369
f 28/2588/2861 4848/3726/2861 4846/2699/2861
f 1/2553/2862 28/2588/2862 4849/2700/2862
f 26/1178/2894 4913/2707/2894 4912/2704/2894
f 26/1178/2895 4916/2709/2895 4915/2706/2895
f 26/1178/2900 4917/3727/2900 4918/2708/2900
f 4920/2710/2878 4917/3727/2878 26/1178/2878
f 4869/2712/2879 4911/3728/2879 4919/2713/2879
f 19/2723/4639 4872/3729/4639 4871/2729/4639
f 19/870/4640 4874/3730/4640 4870/2735/4640
f 4862/2737/2899 26/1178/2899 4914/2739/2899
f 4876/2745/2878 4879/3731/2878 24/1178/2878
f 6/2594/2878 4897/3732/2878 4876/2745/2878
f 4892/3733/2883 4890/3734/2883 15/2746/2883
f 24/1178/2883 4877/3735/2883 4875/2747/2883
f 4875/2747/4641 4892/3733/4641 15/2746/4641
f 13/2663/2883 24/1178/2883 4875/2747/2883
f 15/2746/2884 4890/3736/2884 4888/2750/2884
f 4896/3737/2898 4897/3738/2898 6/2760/2898
f 6/2760/2898 8/2610/2898 9/2611/2898
f 9/2611/4642 12/3417/4642 13/2007/4642
f 13/2007/4642 15/3421/4642 4893/3739/4642
f 4893/3739/325 4889/3740/325 4891/2761/325
f 4891/2761/4643 4894/3741/4643 4895/3742/4643
f 4895/3742/2898 4896/3737/2898 6/2760/2898
f 6/2760/2898 9/2611/2898 13/2007/2898
f 13/2007/2898 4893/3739/2898 4891/2761/2898
f 4891/2761/2898 4895/3742/2898 6/2760/2898
f 4911/2777/4644 4910/2775/4644 17/1178/4644
f 17/1178/2883 4920/3743/2883 4919/2776/2883
f 17/1178/2884 4918/2781/2884 4917/2778/2884
f 17/1178/2886 4915/3744/2886 4916/2780/2886
f 17/1178/2887 4912/3745/2887 4913/2782/2887
f 4912/2786/2889 17/1178/2889 4904/2784/2889
f 4904/2784/4645 4903/3746/4645 4914/2785/4645
f 5113/864/295 5108/863/295 3766/859/295
f 1134/971/4646 5042/862/4646 5113/864/4646
f 5114/858/4647 4935/857/4647 3765/853/4647
f 1268/341/4648 5018/856/4648 5114/858/4648
f 5115/852/3063 5060/851/3063 3764/846/3063
f 1544/344/4650 5110/850/4650 5115/852/4650
f 5116/845/3060 4973/844/3060 3763/841/3060
f 1659/347/4651 4979/843/4651 5116/845/4651
f 5117/840/3057 4934/839/3057 3762/836/3057
f 1675/350/4653 4976/838/4653 5117/840/4653
f 5118/835/3054 5092/834/3054 3761/830/3054
f 1728/353/4654 5101/833/4654 5118/835/4654
f 5119/829/4655 4972/828/4655 3760/823/4655
f 1734/356/3381 5062/827/3381 5119/829/3381
f 5120/822/302 4950/821/302 3759/817/302
f 1755/359/4656 4978/820/4656 5120/822/4656
f 5121/816/446 4985/815/446 3758/812/446
f 1794/362/4657 4955/814/4657 5121/816/4657
f 5122/811/4658 5003/810/4658 3757/805/4658
f 1800/365/4660 5112/809/4660 5122/811/4660
f 5038/801/4661 5123/802/4661 5091/804/4661
f 1812/368/3367 5020/3211/3367 5123/802/3367
f 5106/2799/4663 5124/796/4663 4964/798/4663
f 1869/371/3364 5022/3210/3364 5124/796/3364
f 4932/2800/4665 5125/790/4665 4970/792/4665
f 1891/374/4666 4995/3209/4666 5125/790/4666
f 4984/783/4667 5126/784/4667 5016/786/4667
f 1950/377/4668 5045/3208/4668 5126/784/4668
f 5027/776/428 5127/779/428 4949/778/428
f 1974/380/4669 5064/777/4669 5127/779/4669
f 5128/773/425 4941/772/425 3751/769/425
f 2030/383/4670 5047/771/4670 5128/773/4670
f 5129/768/311 4931/767/311 3750/763/311
f 2124/386/4671 5007/766/4671 5129/768/4671
f 5130/762/4672 5031/761/4672 3749/756/4672
f 2206/389/4673 5049/760/4673 5130/762/4673
f 5131/755/3023 5002/754/3023 3748/751/3023
f 2297/392/4675 4922/753/4675 5131/755/4675
f 5132/750/3020 5013/749/3020 3747/745/3020
f 2380/395/4676 5009/748/4676 5132/750/4676
f 5133/744/3017 4948/743/3017 3746/739/3017
f 2491/398/4678 4981/742/4678 5133/744/4678
f 5134/738/3014 5084/737/3014 3745/734/3014
f 2538/401/4679 4943/736/4679 5134/738/4679
f 5135/733/4680 4961/732/4680 3744/727/4680
f 2635/404/3329 4983/731/3329 5135/733/3329
f 5136/726/318 5072/725/318 3743/722/318
f 2671/407/4681 5088/724/4681 5136/726/4681
f 5137/721/398 4928/720/398 3742/715/398
f 2729/410/4682 4924/719/4682 5137/721/4682
f 5138/714/4683 5057/713/4683 3741/708/4683
f 2733/413/4684 5024/712/4684 5138/714/4684
f 5070/2807/4685 5139/705/4685 4936/707/4685
f 2790/416/3316 5066/3207/3316 5139/705/3316
f 5104/2808/4686 5140/700/4686 5035/702/4686
f 2815/419/3313 5074/3206/3313 5140/700/3313
f 4946/2809/4688 5141/695/4688 4927/697/4688
f 2837/422/4689 5033/3205/4689 5141/695/4689
f 4998/689/4690 5142/690/4690 5050/692/4690
f 2883/425/4691 4987/3204/4691 5142/690/4691
f 5055/2810/380 5143/686/380 4960/685/380
f 2927/428/4692 5076/684/4692 5143/686/4692
f 5144/680/377 5012/679/377 3735/673/377
f 2962/434/3298 4957/678/3298 5144/680/3298
f 4945/2811/327 5145/436/327 5043/438/327
f 5012/679/4693 3604/2284/4693 5051/2812/4693
f 5081/682/2990 5146/433/2990 4959/435/2990
f 4960/685/3302 3602/3203/3302 4956/2813/3302
f 5056/2814/4695 5147/427/4695 5079/429/4695
f 5050/692/4696 3598/691/4696 5075/2815/4696
f 4999/2816/2996 5148/424/2996 4989/426/2996
f 4927/697/4697 3593/696/4697 4986/2817/4697
f 4947/2818/4698 5149/421/4698 5034/423/4698
f 5035/702/4699 3589/701/4699 5032/2819/4699
f 5105/2820/3002 5150/418/3002 5078/420/3002
f 4936/707/4700 3585/706/4700 5073/2821/4700
f 5071/709/3005 5151/415/3005 5069/417/3005
f 5057/713/3245 3582/866/3245 5065/2822/3245
f 4991/716/319 5152/412/319 5026/414/319
f 4928/720/4682 3577/865/4682 5023/2823/4682
f 4938/2824/318 5153/409/318 4926/411/318
f 5072/725/4701 3574/2222/4701 4923/2825/4701
f 5083/728/3011 5154/406/3011 5077/408/3011
f 4961/732/4703 3570/2220/4703 5087/2826/4703
f 5059/2827/4704 5155/403/4704 4969/405/4704
f 3567/2215/3241 4982/3097/3241 5155/403/3241
f 5001/2828/4706 5156/400/4706 4944/402/4706
f 3562/2211/3240 4942/3096/3240 5156/400/3240
f 4930/2829/4708 5157/397/4708 4968/399/4708
f 3556/2208/4710 4980/3095/4710 5157/397/4710
f 5090/2830/4711 5158/394/4711 4997/396/4711
f 3548/2203/4712 5008/3094/4712 5158/394/4712
f 5037/757/3026 5159/391/3026 4925/393/3026
f 5031/761/3345 3541/2200/3345 4921/2831/3345
f 5015/764/311 5160/388/311 5054/390/311
f 4931/767/4713 3529/2197/4713 5048/2832/4713
f 4963/2833/310 5161/385/310 4996/387/310
f 4941/772/4670 3522/2192/4670 5006/2834/4670
f 5097/2835/309 5162/382/309 5053/384/309
f 4949/778/3353 3514/2182/3353 5046/2836/3353
f 5028/781/4715 5163/379/4715 5068/381/4715
f 5016/786/4716 3508/785/4716 5063/2837/4716
f 4971/788/3036 5164/376/3036 5052/378/3036
f 4970/792/4717 3499/791/4717 5044/2838/4717
f 4933/794/4718 5165/373/4718 4988/375/4718
f 4964/798/4719 3490/797/4719 4994/2839/4719
f 5107/2840/3042 5166/370/3042 5025/372/3042
f 5091/804/4720 3479/803/4720 5021/2841/4720
f 5039/806/3045 5167/367/3045 5011/369/3045
f 5003/810/3229 3468/2146/3229 5019/2842/3229
f 4993/2843/303 5168/364/303 5103/366/303
f 4985/815/4657 3459/2137/4657 5111/2844/4657
f 4940/818/302 5169/361/302 4958/363/302
f 4950/821/4656 3450/956/4656 4954/2845/4656
f 5099/824/4721 5170/358/4721 4967/360/4721
f 4972/828/4723 3435/957/4723 4977/2846/4723
f 5086/831/4724 5171/355/4724 5067/357/4724
f 3415/960/3225 5061/3093/3225 5171/355/3225
f 5030/2847/4725 5172/352/4725 5095/354/4725
f 3401/962/3224 5100/3092/3224 5172/352/3224
f 5005/2848/4727 5173/349/4727 4966/351/4727
f 3387/963/4728 4975/3091/4728 5173/349/4728
f 4952/847/4729 5174/346/4729 4965/348/4729
f 3374/964/4730 4974/3090/4730 5174/346/4730
f 5094/854/3066 5175/343/3066 5102/345/3066
f 4935/857/3397 3353/3212/3397 5109/2849/3397
f 5041/860/295 5176/340/295 5010/342/295
f 5108/863/3220 3336/2287/3220 5017/2850/3220
usemtl Material.003
f 3598/430/325 5032/431/325 3570/432/325
f 3082/867/501 3403/868/501 3331/869/501
f 2811/972/693 3055/973/693 2947/974/693
f 2960/1173/927 3014/1196/927 2963/1174/927
f 2850/1151/908 2881/1173/908 2882/1174/908
f 5043/2792/2905 4953/2791/2905 3338/861/2905
f 5010/342/2907 5040/2793/2907 3605/855/2907
f 5102/345/2910 5093/849/2910 3607/848/2910
f 4965/348/2913 4951/2794/2913 3610/842/2913
f 4966/351/2916 5004/2795/2916 3612/837/2916
f 5095/354/2919 5029/2796/2919 3613/832/2919
f 5067/357/2922 5085/826/2922 3615/825/2922
f 4967/360/2925 5098/2797/2925 3616/819/2925
f 4958/363/2927 4939/2798/2927 3617/813/2927
f 5103/366/2929 4992/808/2929 3619/807/2929
f 5011/369/2932 5038/801/2932 3621/800/2932
f 5025/372/2935 5106/2799/2935 3624/795/2935
f 4988/375/2938 4932/2800/2938 3625/789/2938
f 5052/378/2941 4984/783/2941 3627/782/2941
f 5068/381/378 5027/776/378 3629/775/378
f 5053/384/2945 5096/2801/2945 3632/770/2945
f 4996/387/2946 4962/2802/2946 3634/765/2946
f 5054/390/2948 5014/759/2948 3636/758/2948
f 4925/393/2951 5036/2803/2951 3637/752/2951
f 4997/396/2954 5089/747/2954 3639/746/2954
f 4968/399/2957 4929/741/2957 3641/740/2957
f 4944/402/2960 5000/2804/2960 3644/735/2960
f 4969/405/2963 5058/730/2963 3646/729/2963
f 5077/408/2966 5082/2805/2966 3647/723/2966
f 4926/411/2968 4937/2806/2968 3649/717/2968
f 5026/414/2970 4990/711/2970 3651/710/2970
f 5069/417/2973 5070/2807/2973 3654/704/2973
f 5078/420/2976 5104/2808/2976 3656/699/2976
f 5034/423/2979 4946/2809/2979 3658/694/2979
f 4989/426/2982 4998/689/2982 3660/688/2982
f 5079/429/426 5055/2810/426 3662/683/426
f 4959/435/2986 5080/677/2986 3663/676/2986
f 3735/673/2987 5145/436/2987 4945/2811/2987
f 3736/681/2989 5146/433/2989 5081/682/2989
f 3737/687/2992 5147/427/2992 5056/2814/2992
f 3738/693/2995 5148/424/2995 4999/2816/2995
f 3739/698/2998 5149/421/2998 4947/2818/2998
f 3740/703/3001 5150/418/3001 5105/2820/3001
f 3741/708/3004 5151/415/3004 5071/709/3004
f 3742/715/2967 5152/412/2967 4991/716/2967
f 3743/722/3008 5153/409/3008 4938/2824/3008
f 3744/727/3010 5154/406/3010 5083/728/3010
f 5084/737/3013 5059/2827/3013 3745/734/3013
f 4948/743/3016 5001/2828/3016 3746/739/3016
f 5013/749/3019 4930/2829/3019 3747/745/3019
f 5002/754/3022 5090/2830/3022 3748/751/3022
f 5031/761/3025 5037/757/3025 3749/756/3025
f 3750/763/3027 5160/388/3027 5015/764/3027
f 3751/769/3028 5161/385/3028 4963/2833/3028
f 3752/774/3030 5162/382/3030 5097/2835/3030
f 3753/780/3032 5163/379/3032 5028/781/3032
f 3754/787/3035 5164/376/3035 4971/788/3035
f 3755/793/3038 5165/373/3038 4933/794/3038
f 3756/799/3041 5166/370/3041 5107/2840/3041
f 3757/805/3044 5167/367/3044 5039/806/3044
f 3758/812/2926 5168/364/2926 4993/2843/2926
f 3759/817/3048 5169/361/3048 4940/818/3048
f 3760/823/3050 5170/358/3050 5099/824/3050
f 5092/834/3053 5086/831/3053 3761/830/3053
f 4934/839/3056 5030/2847/3056 3762/836/3056
f 4973/844/3059 5005/2848/3059 3763/841/3059
f 5060/851/3062 4952/847/3062 3764/846/3062
f 4935/857/3065 5094/854/3065 3765/853/3065
f 3766/859/3067 5176/340/3067 5041/860/3067
f 5007/3098/325 2124/2553/325 5006/3099/325
f 5006/3099/3250 3522/3100/3250 5047/3101/3250
f 5047/3101/325 2030/3102/325 5046/3103/325
f 5046/3103/2369 3514/3104/2369 5064/3105/2369
f 5064/3105/325 1974/2601/325 5063/3106/325
f 5063/3106/325 3508/3107/325 5045/3108/325
f 5045/3108/3251 1950/3109/3251 5044/3110/3251
f 3499/3111/325 4995/3112/325 1891/2600/325
f 5045/3108/3252 5044/3110/3252 3499/3111/3252
f 5064/3105/325 5063/3106/325 5045/3108/325
f 5047/3101/325 5046/3103/325 5064/3105/325
f 5007/3098/3253 5006/3099/3253 5047/3101/3253
f 3529/3113/3253 5007/3098/3253 5047/3101/3253
f 5047/3101/325 5064/3105/325 5045/3108/325
f 5045/3108/325 3499/3111/325 1891/2600/325
f 5045/3108/325 1891/2600/325 4994/3114/325
f 3529/3113/325 5047/3101/325 5045/3108/325
f 5049/3115/3253 2206/3116/3253 5048/3117/3253
f 5048/3117/3253 3529/3113/3253 5045/3108/3253
f 5045/3108/3253 4994/3114/3253 3490/3118/3253
f 3490/3118/325 5022/3119/325 1869/3120/325
f 5021/3121/325 3479/3122/325 5020/3123/325
f 3490/3118/325 1869/3120/325 5021/3121/325
f 5048/3117/325 5045/3108/325 3490/3118/325
f 3541/3124/325 5049/3115/325 5048/3117/325
f 4922/3125/3251 2297/2588/3251 4921/3126/3251
f 4921/3126/3254 3541/3124/3254 5048/3117/3254
f 5048/3117/325 3490/3118/325 5021/3121/325
f 5020/3123/325 1812/2598/325 5019/3127/325
f 5048/3117/325 5021/3121/325 5020/3123/325
f 4922/3125/325 4921/3126/325 5048/3117/325
f 2380/3128/2369 5008/3129/2369 3548/430/2369
f 3548/430/325 4922/3125/325 5048/3117/325
f 5048/3117/325 5020/3123/325 5019/3127/325
f 3468/3130/325 5112/3131/325 1800/3132/325
f 5048/3117/325 5019/3127/325 3468/3130/325
f 2380/3128/325 3548/430/325 5048/3117/325
f 5009/3133/325 2380/3128/325 5048/3117/325
f 5048/3117/325 3468/3130/325 1800/3132/325
f 1800/3132/325 5111/3134/325 3459/972/325
f 4955/3135/325 1794/2594/325 4954/3135/325
f 5048/3117/325 1800/3132/325 3459/972/325
f 3459/972/325 4955/3135/325 4954/3135/325
f 3450/972/325 4978/3134/325 1755/3132/325
f 3459/972/325 4954/3135/325 3450/972/325
f 5009/3133/325 5048/3117/325 3459/972/325
f 2491/2582/325 4980/3136/325 3556/3137/325
f 3556/3137/325 5009/3133/325 3459/972/325
f 3459/972/325 3450/972/325 1755/3132/325
f 5062/3127/325 1734/2598/325 5061/3123/325
f 5061/3123/325 3415/3122/325 5101/3121/325
f 5101/3121/3251 1728/3120/3251 5100/3119/3251
f 5101/3121/325 5100/3119/325 3401/3118/325
f 5062/3127/325 5061/3123/325 5101/3121/325
f 1755/3132/325 4977/3131/325 3435/3130/325
f 3435/3130/325 5062/3127/325 5101/3121/325
f 5101/3121/3253 3401/3118/3253 4976/3114/3253
f 4976/3114/3251 1675/2600/3251 4975/3112/3251
f 4976/3114/325 4975/3112/325 3387/3111/325
f 3435/3130/325 5101/3121/325 4976/3114/325
f 3459/972/325 1755/3132/325 3435/3130/325
f 2491/2582/325 3556/3137/325 3459/972/325
f 4981/431/325 2491/2582/325 3459/972/325
f 3459/972/325 3435/3130/325 4976/3114/325
f 4976/3114/325 3387/3111/325 4979/3110/325
f 4979/3110/3253 1659/3109/3253 4974/3108/3253
f 4974/3108/325 3374/3107/325 5110/3106/325
f 5110/3106/325 1544/2601/325 5109/3105/325
f 5109/3105/325 3353/3104/325 5018/3103/325
f 5018/3103/325 1268/3102/325 5017/3101/325
f 5018/3103/3251 5017/3101/3251 3336/3100/3251
f 5110/3106/3253 5109/3105/3253 5018/3103/3253
f 4979/3110/325 4974/3108/325 5110/3106/325
f 3459/972/325 4976/3114/325 4979/3110/325
f 3562/868/325 4981/431/325 3459/972/325
f 2538/3138/325 4942/3139/325 3562/868/325
f 4982/3140/325 3567/3141/325 4943/3142/325
f 4943/3142/325 2538/3138/325 3562/868/325
f 3562/868/325 3459/972/325 4979/3110/325
f 4979/3110/325 5110/3106/325 5018/3103/325
f 5018/3103/3255 3336/3100/3255 5042/3099/3255
f 5042/3099/325 1134/2553/325 5051/3098/325
f 3604/3113/325 4957/3117/325 2962/3116/325
f 5042/3099/3256 5051/3098/3256 3604/3113/3256
f 4979/3110/325 5018/3103/325 5042/3099/325
f 4943/3142/325 3562/868/325 4979/3110/325
f 4983/3143/325 2635/2634/325 4982/3140/325
f 4982/3140/325 4943/3142/325 4979/3110/325
f 4979/3110/325 5042/3099/325 3604/3113/325
f 3604/3113/325 2962/3116/325 4956/3115/325
f 3604/3113/3251 4956/3115/3251 3602/3124/3251
f 4982/3140/325 4979/3110/325 3604/3113/325
f 3570/432/325 4983/3143/325 4982/3140/325
f 2671/3144/3257 5087/3145/3257 3570/432/3257
f 3574/973/3258 5088/3146/3258 2671/3144/3258
f 2729/2630/2369 4923/3147/2369 3574/973/2369
f 3577/973/1781 4924/3147/1781 2729/2630/1781
f 2733/3144/3259 5023/3146/3259 3577/973/3259
f 5066/3140/325 2790/2634/325 5065/3143/325
f 5073/3142/325 3585/3141/325 5066/3140/325
f 5074/3139/3251 2815/3138/3251 5073/3142/3251
f 3589/868/325 5074/3139/325 5073/3142/325
f 5073/3142/325 5066/3140/325 5065/3143/325
f 3582/432/3260 5024/3145/3260 2733/3144/3260
f 5073/3142/325 5065/3143/325 3582/432/325
f 5032/431/325 3589/868/325 5073/3142/325
f 5033/3136/325 2837/2582/325 5032/431/325
f 3593/3137/3261 5033/3136/3261 5032/431/3261
f 5032/431/325 5073/3142/325 3582/432/325
f 3582/432/325 2733/3144/325 3577/973/325
f 3577/973/325 2729/2630/325 3574/973/325
f 3574/973/325 2671/3144/325 3570/432/325
f 3570/432/325 4982/3140/325 3604/3113/325
f 3604/3113/3251 3602/3124/3251 5076/3126/3251
f 5076/3126/3253 2927/2588/3253 5075/3125/3253
f 3598/430/2369 4987/3129/2369 2883/3128/2369
f 5076/3126/3253 5075/3125/3253 3598/430/3253
f 3570/432/325 3604/3113/325 5076/3126/325
f 3577/973/325 3574/973/325 3570/432/325
f 5032/431/325 3582/432/325 3577/973/325
f 4986/3133/325 3593/3137/325 5032/431/325
f 3598/430/325 2883/3128/325 4986/3133/325
f 3570/432/325 5076/3126/325 3598/430/325
f 5032/431/325 3577/973/325 3570/432/325
f 3598/430/325 4986/3133/325 5032/431/325
f 1753/3132/3258 3160/972/3258 1732/2594/3258
f 3141/3213/501 1711/3214/501 3118/3215/501
f 1753/3132/3431 1732/2594/3431 3141/3213/3431
f 1790/2598/265 3177/3130/265 1753/3132/265
f 1796/3120/3432 3197/3122/3432 1790/2598/3432
f 1807/2600/3433 3214/3118/3433 1796/3120/3433
f 1820/3109/3434 3228/3111/3434 1807/2600/3434
f 1866/2601/3435 3245/3107/3435 1820/3109/3435
f 3277/3216/3436 1879/3217/3436 3257/3218/3436
f 3257/3218/3431 1866/2601/3431 1820/3109/3431
f 1820/3109/501 1807/2600/501 1796/3120/501
f 1796/3120/3437 1790/2598/3437 1753/3132/3437
f 1753/3132/501 3141/3213/501 3118/3215/501
f 3118/3215/3438 1693/3219/3438 3109/3220/3438
f 3109/3220/3439 1670/3221/3439 3091/3222/3439
f 3091/3222/3440 1601/1874/3440 3082/867/3440
f 3082/867/3439 1534/3223/3439 3064/3224/3439
f 3064/3224/501 1336/2554/501 3049/3104/501
f 3049/3104/3441 1256/3102/3441 3025/3100/3441
f 3025/3100/3442 449/2553/3442 3442/3113/3442
f 3442/3113/3441 2616/3116/3441 3432/3124/3441
f 3432/3124/501 2582/2588/501 3425/430/501
f 3425/430/3431 2534/3128/3431 3414/3137/3431
f 3414/3137/3443 2441/2582/3443 3403/868/3443
f 3403/868/3431 2401/3138/3431 3393/3141/3431
f 3393/3141/3438 2361/2634/3438 3385/432/3438
f 3385/432/501 2255/3144/501 3380/973/501
f 3380/973/3437 2225/2630/3437 3371/3225/3437
f 3371/3225/3444 2167/3226/3444 3360/3227/3444
f 3360/3227/3440 2096/2723/3440 3351/3228/3440
f 3351/3228/3445 2058/3229/3445 3340/3230/3445
f 3340/3230/3446 2016/1875/3446 3331/869/3446
f 3331/869/3442 1983/3231/3442 3320/3232/3442
f 3320/3232/3439 1970/2746/3439 3305/3233/3439
f 3305/3233/3447 1925/3234/3447 3294/974/3447
f 3294/974/3442 1899/2663/3442 3277/3216/3442
f 3277/3216/501 3257/3218/501 1820/3109/501
f 1820/3109/501 1796/3120/501 1753/3132/501
f 1753/3132/3448 3118/3215/3448 3109/3220/3448
f 3109/3220/3442 3091/3222/3442 3082/867/3442
f 3082/867/3448 3064/3224/3448 3049/3104/3448
f 3049/3104/3449 3025/3100/3449 3442/3113/3449
f 3442/3113/3442 3432/3124/3442 3425/430/3442
f 3425/430/3450 3414/3137/3450 3403/868/3450
f 3403/868/3440 3393/3141/3440 3385/432/3440
f 3385/432/501 3380/973/501 3371/3225/501
f 3371/3225/3439 3360/3227/3439 3351/3228/3439
f 3351/3228/3439 3340/3230/3439 3331/869/3439
f 3331/869/3448 3320/3232/3448 3305/3233/3448
f 3305/3233/3446 3294/974/3446 3277/3216/3446
f 3277/3216/501 1820/3109/501 1753/3132/501
f 1753/3132/3448 3109/3220/3448 3082/867/3448
f 3082/867/501 3049/3104/501 3442/3113/501
f 3442/3113/501 3425/430/501 3403/868/501
f 3403/868/3451 3385/432/3451 3371/3225/3451
f 3371/3225/3451 3351/3228/3451 3331/869/3451
f 3331/869/501 3305/3233/501 3277/3216/501
f 3277/3216/501 1753/3132/501 3082/867/501
f 3082/867/501 3442/3113/501 3403/868/501
f 3403/868/501 3371/3225/501 3331/869/501
f 3331/869/501 3277/3216/501 3082/867/501
f 2811/972/3624 1674/2594/3624 2792/3213/3624
f 2792/3213/3625 1649/3214/3625 2780/3215/3625
f 2780/3215/3626 1590/3219/3626 2756/3220/3626
f 2756/3220/3627 1555/3221/3627 2737/3222/3627
f 2737/3222/3628 1463/1874/3628 2719/867/3628
f 2719/867/3629 1367/3223/3629 2685/3224/3629
f 2685/3224/3630 1294/2554/3630 2667/3104/3630
f 2667/3104/3631 906/3102/3631 2653/3100/3631
f 2653/3100/3628 275/2553/3628 3120/3113/3628
f 3120/3113/3632 2023/3116/3632 3115/3124/3632
f 3115/3124/3633 1993/2588/3633 3106/430/3633
f 3106/430/3634 1976/3128/3634 3093/3137/3634
f 3093/3137/3628 1972/2582/3628 3085/868/3628
f 3085/868/3635 1958/3138/3635 3076/3141/3635
f 3076/3141/3636 1939/2634/3636 3068/432/3636
f 3068/432/3625 1917/3144/3625 3055/973/3625
f 3055/973/3637 1906/2630/3637 3045/3225/3637
f 3045/3225/3628 1883/3226/3628 3037/3227/3628
f 3037/3227/3625 1875/2723/3625 3028/3228/3625
f 3028/3228/3625 1858/3229/3625 3017/3230/3625
f 3017/3230/3638 1838/1875/3638 3003/869/3638
f 3003/869/3639 1817/3231/3639 2985/3232/3639
f 2985/3232/3639 1803/2746/3639 2968/3233/3639
f 2968/3233/3640 1798/3234/3640 2947/974/3640
f 2947/974/3641 1791/2663/3641 2930/3216/3641
f 2930/3216/3642 1769/3217/3642 2913/3218/3642
f 2913/3218/3628 1745/2601/3628 2895/3107/3628
f 2895/3107/3628 1735/3109/3628 2874/3111/3628
f 2874/3111/3643 1730/2600/3643 2858/3118/3643
f 2858/3118/3625 1717/3120/3625 2842/3122/3625
f 2842/3122/3625 1698/2598/3625 2829/3130/3625
f 2829/3130/693 1680/3132/693 2811/972/693
f 2811/972/3628 2792/3213/3628 2780/3215/3628
f 2780/3215/3642 2756/3220/3642 2737/3222/3642
f 2737/3222/3644 2719/867/3644 2685/3224/3644
f 2685/3224/3628 2667/3104/3628 2653/3100/3628
f 2653/3100/3625 3120/3113/3625 3115/3124/3625
f 3115/3124/3645 3106/430/3645 3093/3137/3645
f 3093/3137/3646 3085/868/3646 3076/3141/3646
f 3076/3141/3627 3068/432/3627 3055/973/3627
f 3055/973/3635 3045/3225/3635 3037/3227/3635
f 3037/3227/3639 3028/3228/3639 3017/3230/3639
f 3017/3230/3639 3003/869/3639 2985/3232/3639
f 2985/3232/3642 2968/3233/3642 2947/974/3642
f 2947/974/3625 2930/3216/3625 2913/3218/3625
f 2913/3218/3625 2895/3107/3625 2874/3111/3625
f 2874/3111/3634 2858/3118/3634 2842/3122/3634
f 2842/3122/3629 2829/3130/3629 2811/972/3629
f 2811/972/3647 2780/3215/3647 2737/3222/3647
f 2737/3222/3628 2685/3224/3628 2653/3100/3628
f 2653/3100/3628 3115/3124/3628 3093/3137/3628
f 3093/3137/3628 3076/3141/3628 3055/973/3628
f 3055/973/3648 3037/3227/3648 3017/3230/3648
f 3017/3230/693 2985/3232/693 2947/974/693
f 2947/974/693 2913/3218/693 2874/3111/693
f 2874/3111/693 2842/3122/693 2811/972/693
f 2811/972/693 2737/3222/693 2653/3100/693
f 2653/3100/693 3093/3137/693 3055/973/693
f 3055/973/693 3017/3230/693 2947/974/693
f 2947/974/693 2874/3111/693 2811/972/693
f 2811/972/693 2653/3100/693 3055/973/693
f 2960/1173/927 3008/1195/927 3014/1196/927
f 2850/1151/908 2848/1150/908 2881/1173/908
f 5043/2792/470 5113/864/470 4953/2791/470
f 5010/342/467 5114/858/467 5040/2793/467
f 5102/345/4649 5115/852/4649 5093/849/4649
f 4965/348/461 5116/845/461 4951/2794/461
f 4966/351/4652 5117/840/4652 5004/2795/4652
f 5095/354/455 5118/835/455 5029/2796/455
f 5067/357/452 5119/829/452 5085/826/452
f 4967/360/449 5120/822/449 5098/2797/449
f 4958/363/446 5121/816/446 4939/2798/446
f 5103/366/4659 5122/811/4659 4992/808/4659
f 5011/369/4662 5123/802/4662 5038/801/4662
f 5025/372/4664 5124/796/4664 5106/2799/4664
f 4988/375/4665 5125/790/4665 4932/2800/4665
f 5052/378/4667 5126/784/4667 4984/783/4667
f 5068/381/428 5127/779/428 5027/776/428
f 5053/384/425 5128/773/425 5096/2801/425
f 4996/387/422 5129/768/422 4962/2802/422
f 5054/390/419 5130/762/419 5014/759/419
f 4925/393/4674 5131/755/4674 5036/2803/4674
f 4997/396/413 5132/750/413 5089/747/413
f 4968/399/4677 5133/744/4677 4929/741/4677
f 4944/402/407 5134/738/407 5000/2804/407
f 4969/405/404 5135/733/404 5058/730/404
f 5077/408/401 5136/726/401 5082/2805/401
f 4926/411/398 5137/721/398 4937/2806/398
f 5026/414/395 5138/714/395 4990/711/395
f 5069/417/4685 5139/705/4685 5070/2807/4685
f 5078/420/4687 5140/700/4687 5104/2808/4687
f 5034/423/4688 5141/695/4688 4946/2809/4688
f 4989/426/4690 5142/690/4690 4998/689/4690
f 5079/429/380 5143/686/380 5055/2810/380
f 4959/435/377 5144/680/377 5080/677/377
f 3735/673/377 5012/679/377 5145/436/377
f 3736/681/4694 4960/685/4694 5146/433/4694
f 3737/687/383 5050/692/383 5147/427/383
f 3738/693/386 4927/697/386 5148/424/386
f 3739/698/389 5035/702/389 5149/421/389
f 3740/703/392 4936/707/392 5150/418/392
f 3741/708/4683 5057/713/4683 5151/415/4683
f 3742/715/398 4928/720/398 5152/412/398
f 3743/722/318 5072/725/318 5153/409/318
f 3744/727/4702 4961/732/4702 5154/406/4702
f 5084/737/4705 5155/403/4705 5059/2827/4705
f 4948/743/4707 5156/400/4707 5001/2828/4707
f 5013/749/4709 5157/397/4709 4930/2829/4709
f 5002/754/4711 5158/394/4711 5090/2830/4711
f 5031/761/3026 5159/391/3026 5037/757/3026
f 3750/763/311 4931/767/311 5160/388/311
f 3751/769/425 4941/772/425 5161/385/425
f 3752/774/4714 4949/778/4714 5162/382/4714
f 3753/780/431 5016/786/431 5163/379/431
f 3754/787/434 4970/792/434 5164/376/434
f 3755/793/437 4964/798/437 5165/373/437
f 3756/799/440 5091/804/440 5166/370/440
f 3757/805/4658 5003/810/4658 5167/367/4658
f 3758/812/446 4985/815/446 5168/364/446
f 3759/817/302 4950/821/302 5169/361/302
f 3760/823/4722 4972/828/4722 5170/358/4722
f 5092/834/4724 5171/355/4724 5086/831/4724
f 4934/839/4726 5172/352/4726 5030/2847/4726
f 4973/844/4727 5173/349/4727 5005/2848/4727
f 5060/851/4729 5174/346/4729 4952/847/4729
f 4935/857/3066 5175/343/3066 5094/854/3066
f 3766/859/295 5108/863/295 5176/340/295
usemtl Material.004
f 1562/1613/1243 1696/1632/1243 1707/1633/1243
f 1570/1614/1244 1707/1633/1244 1716/1634/1244
f 1580/1616/1245 1716/1634/1245 1719/1635/1245
f 1606/1618/1246 1719/1635/1246 1721/1636/1246
f 4199/1637/1247 1682/1638/1247 4205/1621/1247
f 1634/1623/1248 1721/1636/1248 1726/1639/1248
f 1519/1627/1249 1682/1638/1249 1686/1640/1249
f 1527/1628/1251 1686/1640/1251 1692/1641/1251
f 1554/1630/1252 1692/1641/1252 1696/1632/1252
f 1767/1416/1264 1828/1431/1264 1834/1418/1264
f 1771/1647/1265 1834/1418/1265 1836/1419/1265
f 4196/1650/1266 1801/503/1266 4198/1649/1266
f 1779/1642/1267 1836/1419/1267 1840/1651/1267
f 1750/1644/1268 1801/503/1268 1805/1652/1268
f 1785/1643/1269 1840/1651/1269 1844/1653/1269
f 1752/1645/1270 1805/1652/1270 1810/1422/1270
f 1757/1646/1272 1810/1422/1272 1813/1428/1272
f 1762/1409/1273 1813/1428/1273 1825/1438/1273
f 1765/1412/1274 1825/1438/1274 1828/1431/1274
f 1886/1440/1286 1942/1462/1286 1948/1447/1286
f 1896/1441/1287 1948/1447/1287 1952/1451/1287
f 4193/1658/1288 1916/497/1288 4197/1655/1288
f 1898/1657/1289 1952/1451/1289 1954/1090/1289
f 1867/1446/1290 1916/497/1290 1920/1453/1290
f 1902/1654/1291 1954/1090/1291 1964/1659/1291
f 1871/1433/1292 1920/1453/1292 1932/1457/1292
f 1873/1436/1294 1932/1457/1294 1935/1460/1294
f 1877/1437/1295 1935/1460/1295 1938/1461/1295
f 1881/1439/1296 1938/1461/1296 1942/1462/1296
f 2012/1472/1308 2070/1486/1308 2073/1477/1308
f 4191/1663/1309 1978/494/1309 4194/1661/1309
f 2017/1100/1310 2073/1477/1310 2082/1479/1310
f 1981/1474/1311 2043/491/1311 2048/1480/1311
f 2021/1097/1312 2082/1479/1312 2085/1103/1312
f 1985/1476/1313 2048/1480/1313 2050/601/1313
f 1988/1465/1315 2050/601/1315 2055/1481/1315
f 1999/1466/1316 2055/1481/1316 2060/1482/1316
f 2005/1467/1317 2060/1482/1317 2062/1483/1317
f 2009/1471/1318 2062/1483/1318 2070/1486/1318
f 2170/1498/1330 4189/1664/1330 4188/1665/1330
f 2148/1105/1331 2211/1499/1331 2213/1109/1331
f 2112/1496/1332 2170/1498/1332 2173/1500/1332
f 2152/1107/1333 2213/1109/1333 2216/1111/1333
f 2118/1497/1334 2173/1500/1334 2177/1501/1334
f 2122/1487/1336 2177/1501/1336 2183/1502/1336
f 2125/1488/1337 2183/1502/1337 2191/1503/1337
f 2130/1492/1338 2191/1503/1338 2197/1506/1338
f 2133/1493/1339 2197/1506/1339 2205/1509/1339
f 2140/1495/1340 2205/1509/1340 2211/1499/1340
f 2287/1113/1352 2349/1523/1352 2357/1118/1352
f 4217/1668/1353 2310/1524/1353 4219/1669/1353
f 2294/1115/1354 2357/1118/1354 2365/1119/1354
f 2251/1522/1355 2310/1524/1355 2323/1525/1355
f 2254/1511/1357 2323/1525/1357 2330/1526/1357
f 2257/1512/1358 2330/1526/1358 2334/1527/1358
f 2261/1515/1359 2334/1527/1359 2340/1531/1359
f 2269/1517/1360 2340/1531/1360 2344/1533/1360
f 2278/1519/1361 2344/1533/1361 2349/1523/1361
f 2437/1128/1372 2499/1132/1372 2509/1133/1372
f 2391/1545/1373 4242/1672/1373 2463/924/1373
f 2393/1546/1375 2463/924/1375 2470/1547/1375
f 2406/1538/1376 2470/1547/1376 2481/1548/1376
f 2410/1539/1377 2481/1548/1377 2486/1139/1377
f 2415/1541/1378 2486/1139/1378 2490/1144/1378
f 2426/1121/1379 2490/1144/1379 2495/1148/1379
f 2431/1124/1380 2495/1148/1380 2499/1132/1380
f 2584/1161/1390 2640/1168/1390 2651/1169/1390
f 4249/1675/1392 2542/1165/1392 4250/1676/1392
f 2617/1173/1393 2542/1165/1393 4249/1675/1393
f 2557/1151/1394 2617/1173/1394 2626/1174/1394
f 2564/1152/1395 2626/1174/1395 2633/1178/1395
f 2572/1156/1396 2633/1178/1396 2637/1179/1396
f 2579/1158/1397 2637/1179/1397 2640/1168/1397
f 4247/1680/1406 2707/1205/1406 2674/1196/1406
f 2674/1196/1407 2711/1207/1407 2676/1183/1407
f 2676/1183/1408 2715/1210/1408 2680/1187/1408
f 2680/1187/1409 2717/1212/1409 2686/1189/1409
f 2686/1189/1410 2721/1199/1410 2688/1191/1410
f 2997/1724/1483 1208/1615/1483 2998/1725/1483
f 2998/1725/1484 3013/1617/1484 3001/1726/1484
f 3001/1726/1485 3015/1622/1485 3002/1719/1485
f 4202/1729/1486 659/1624/1486 4206/1728/1486
f 2988/1720/1488 936/1626/1488 2990/1730/1488
f 2990/1730/1489 1188/1629/1489 2993/1721/1489
f 2993/1721/1490 3009/1631/1490 2994/1723/1490
f 2994/1723/1491 3011/1612/1491 2997/1724/1491
f 2794/1612/1492 1444/1613/1492 1490/1614/1492
f 1060/1615/1493 1490/1614/1493 1516/1616/1493
f 2797/1617/1494 1516/1616/1494 1531/1618/1494
f 2799/1622/1495 1531/1618/1495 1540/1623/1495
f 4263/1731/1496 1330/1627/1496 4266/1732/1496
f 628/1626/1498 1330/1627/1498 1380/1628/1498
f 727/1629/1499 1380/1628/1499 1420/1630/1499
f 2793/1631/1500 1420/1630/1500 1444/1613/1500
f 2186/1174/1584 2234/1183/1584 2190/1178/1584
f 2190/1178/1585 2235/1187/1585 2193/1179/1585
f 2193/1179/1586 2240/1189/1586 2195/1168/1586
f 2195/1168/1587 2244/1191/1587 2199/1169/1587
f 4312/1767/1590 2220/1194/1590 2182/1173/1590
f 2182/1173/1591 2228/1196/1591 2186/1174/1591
f 2280/1207/1601 2327/1217/1601 2281/1210/1601
f 2281/1210/1602 2332/1219/1602 2286/1212/1602
f 2286/1212/1603 2336/1221/1603 2291/1199/1603
f 2308/1222/1604 4319/1769/1604 4320/1771/1604
f 2264/1214/1606 2312/1224/1606 2268/1200/1606
f 2268/1200/1607 2314/1225/1607 2271/1201/1607
f 2271/1201/1608 2320/1227/1608 2276/1205/1608
f 2276/1205/1609 2321/1229/1609 2280/1207/1609
f 2370/1236/1620 2421/1245/1620 2373/1238/1620
f 2373/1238/1621 2424/1248/1621 2377/1240/1621
f 2395/1249/1622 4282/1773/1622 4283/1775/1622
f 2377/1240/1623 2430/1250/1623 2381/1242/1623
f 2348/1241/1624 2400/1251/1624 2351/1243/1624
f 2351/1243/1626 2404/1253/1626 2355/1230/1626
f 2355/1230/1627 2408/1254/1627 2359/1231/1627
f 2359/1231/1628 2414/1256/1628 2364/1233/1628
f 2364/1233/1629 2418/1259/1629 2370/1236/1629
f 4280/1778/1641 4276/1779/1641 2443/1268/1641
f 2472/1267/1642 2526/1277/1642 2473/1269/1642
f 2443/1268/1643 2497/1278/1643 2447/1270/1643
f 2473/1269/1644 2528/1279/1644 2479/1271/1644
f 2447/1270/1645 2501/1280/1645 2449/1272/1645
f 2449/1272/1647 2505/1282/1647 2455/1274/1647
f 2455/1274/1648 2507/1283/1648 2457/1260/1648
f 2457/1260/1649 2511/1286/1649 2462/1263/1649
f 2462/1263/1650 2518/1288/1650 2465/1265/1650
f 2465/1265/1651 2521/1289/1651 2472/1267/1651
f 2569/1328/1663 2624/1306/1663 2573/1304/1663
f 2543/1307/1664 2594/1308/1664 2545/1309/1664
f 2573/1304/1665 2627/1311/1665 2575/1310/1665
f 2545/1309/1666 2597/1312/1666 2550/1313/1666
f 2550/1313/1668 2602/1316/1668 2554/1315/1668
f 2554/1315/1669 2607/1318/1669 2559/1317/1669
f 2559/1317/1670 2611/1320/1670 2560/1319/1670
f 2560/1319/1671 2613/1325/1671 2567/1324/1671
f 2567/1324/1672 2619/1305/1672 2569/1328/1672
f 2589/1329/1673 4277/1781/1673 4278/1782/1673
f 2661/1337/1685 2689/1698/1685 2663/1697/1685
f 2646/1338/1686 2675/1348/1686 2647/1340/1686
f 2647/1340/1688 2677/1352/1688 2652/1344/1688
f 2652/1344/1689 2678/1353/1689 2654/1330/1689
f 2654/1330/1690 2681/1354/1690 2656/1331/1690
f 2656/1331/1691 2683/1355/1691 2657/1333/1691
f 2657/1333/1692 2684/1358/1692 2659/1335/1692
f 4272/1784/1693 2670/1359/1693 4279/1783/1693
f 2659/1335/1694 2687/1700/1694 2661/1337/1694
f 2642/1336/1695 2672/1360/1695 2646/1338/1695
f 2698/1788/1707 2724/1789/1707 2700/1369/1707
f 2700/1369/1709 2727/1790/1709 2701/1374/1709
f 2701/1374/1710 2728/1382/1710 2704/1375/1710
f 2704/1375/1711 2730/1384/1711 2705/1361/1711
f 2705/1361/1712 2732/1385/1712 2708/1362/1712
f 2708/1362/1713 2735/1709/1713 2710/1363/1713
f 4269/1791/1714 2720/1792/1714 2696/1785/1714
f 2710/1363/1715 2736/1710/1715 2712/1702/1715
f 2696/1785/1716 2722/1793/1716 2698/1788/1716
f 2712/1702/1717 2738/1704/1717 2713/1703/1717
f 2749/1797/1730 2774/1730/1730 2750/1715/1730
f 2750/1715/1731 2776/1721/1731 2752/1722/1731
f 2752/1722/1732 2778/1723/1732 2754/1718/1732
f 2754/1718/1733 2781/1724/1733 2757/1711/1733
f 2757/1711/1734 2782/1725/1734 2759/1712/1734
f 2759/1712/1735 2785/1726/1735 2760/1713/1735
f 4264/1798/1736 2771/1799/1736 4270/1800/1736
f 2760/1713/1737 2786/1719/1737 2763/1714/1737
f 2747/1796/1738 2772/1720/1738 2749/1797/1738
f 1562/1613/1243 1554/1630/1243 1696/1632/1243
f 1570/1614/1244 1562/1613/1244 1707/1633/1244
f 1580/1616/1245 1570/1614/1245 1716/1634/1245
f 1606/1618/1246 1580/1616/1246 1719/1635/1246
f 4199/1637/3894 4200/3329/3894 1682/1638/3894
f 1682/1638/1247 1507/1619/1247 4205/1621/1247
f 1634/1623/3895 1606/1618/3895 1721/1636/3895
f 1519/1627/1249 1507/1619/1249 1682/1638/1249
f 1527/1628/3896 1519/1627/3896 1686/1640/3896
f 1554/1630/1252 1527/1628/1252 1692/1641/1252
f 1767/1416/1264 1765/1412/1264 1828/1431/1264
f 1771/1647/1265 1767/1416/1265 1834/1418/1265
f 4196/1650/3901 4195/1656/3901 1801/503/3901
f 1801/503/3902 1740/506/3902 4198/1649/3902
f 1779/1642/1267 1771/1647/1267 1836/1419/1267
f 1750/1644/3903 1740/506/3903 1801/503/3903
f 1785/1643/1269 1779/1642/1269 1840/1651/1269
f 1752/1645/1270 1750/1644/1270 1805/1652/1270
f 1757/1646/3904 1752/1645/3904 1810/1422/3904
f 1762/1409/1273 1757/1646/1273 1813/1428/1273
f 1765/1412/1274 1762/1409/1274 1825/1438/1274
f 1886/1440/1286 1881/1439/1286 1942/1462/1286
f 1896/1441/1287 1886/1440/1287 1948/1447/1287
f 4193/1658/1288 4192/1662/1288 1916/497/1288
f 1916/497/1288 1863/500/1288 4197/1655/1288
f 1898/1657/1289 1896/1441/1289 1952/1451/1289
f 1867/1446/1290 1863/500/1290 1916/497/1290
f 1902/1654/3906 1898/1657/3906 1954/1090/3906
f 1871/1433/1292 1867/1446/1292 1920/1453/1292
f 1873/1436/3907 1871/1433/3907 1932/1457/3907
f 1877/1437/1295 1873/1436/1295 1935/1460/1295
f 1881/1439/1296 1877/1437/1296 1938/1461/1296
f 2012/1472/1308 2009/1471/1308 2070/1486/1308
f 4191/1663/1309 2043/491/1309 1978/494/1309
f 2017/1100/1310 2012/1472/1310 2073/1477/1310
f 1981/1474/1311 1978/494/1311 2043/491/1311
f 2021/1097/1312 2017/1100/1312 2082/1479/1312
f 1985/1476/3913 1981/1474/3913 2048/1480/3913
f 1988/1465/3914 1985/1476/3914 2050/601/3914
f 1999/1466/1316 1988/1465/1316 2055/1481/1316
f 2005/1467/1317 1999/1466/1317 2060/1482/1317
f 2009/1471/3915 2005/1467/3915 2062/1483/3915
f 4221/3331/3920 4220/1667/3920 2170/1498/3920
f 2170/1498/3920 2099/488/3920 4189/1664/3920
f 4188/1665/3921 4221/3331/3921 2170/1498/3921
f 2148/1105/1331 2140/1495/1331 2211/1499/1331
f 2112/1496/1332 2099/488/1332 2170/1498/1332
f 2152/1107/1333 2148/1105/1333 2213/1109/1333
f 2118/1497/1334 2112/1496/1334 2173/1500/1334
f 2122/1487/1336 2118/1497/1336 2177/1501/1336
f 2125/1488/3922 2122/1487/3922 2183/1502/3922
f 2130/1492/1338 2125/1488/1338 2191/1503/1338
f 2133/1493/1339 2130/1492/1339 2197/1506/1339
f 2140/1495/1340 2133/1493/1340 2205/1509/1340
f 2287/1113/3925 2278/1519/3925 2349/1523/3925
f 4217/1668/1353 4216/3332/1353 2310/1524/1353
f 2310/1524/3926 2245/1521/3926 4219/1669/3926
f 2294/1115/3927 2287/1113/3927 2357/1118/3927
f 2251/1522/1355 2245/1521/1355 2310/1524/1355
f 2254/1511/1357 2251/1522/1357 2323/1525/1357
f 2257/1512/1358 2254/1511/1358 2330/1526/1358
f 2261/1515/3928 2257/1512/3928 2334/1527/3928
f 2269/1517/3929 2261/1515/3929 2340/1531/3929
f 2278/1519/3930 2269/1517/3930 2344/1533/3930
f 2437/1128/3932 2431/1124/3932 2499/1132/3932
f 2391/1545/1373 4244/3333/1373 4242/1672/1373
f 2393/1546/1375 2391/1545/1375 2463/924/1375
f 2406/1538/1376 2393/1546/1376 2470/1547/1376
f 2410/1539/1377 2406/1538/1377 2481/1548/1377
f 2415/1541/1378 2410/1539/1378 2486/1139/1378
f 2426/1121/3933 2415/1541/3933 2490/1144/3933
f 2431/1124/1380 2426/1121/1380 2495/1148/1380
f 2584/1161/3937 2579/1158/3937 2640/1168/3937
f 4249/1675/1393 4251/3335/1393 2617/1173/1393
f 2617/1173/1393 2549/1150/1393 2542/1165/1393
f 2557/1151/3938 2549/1150/3938 2617/1173/3938
f 2564/1152/1395 2557/1151/1395 2626/1174/1395
f 2572/1156/1396 2564/1152/1396 2633/1178/1396
f 2579/1158/1397 2572/1156/1397 2637/1179/1397
f 4247/1680/3944 4248/1682/3944 2707/1205/3944
f 2674/1196/3945 4253/1679/3945 4247/1680/3945
f 2674/1196/3946 2707/1205/3946 2711/1207/3946
f 2676/1183/3947 2711/1207/3947 2715/1210/3947
f 2680/1187/3948 2715/1210/3948 2717/1212/3948
f 2686/1189/3949 2717/1212/3949 2721/1199/3949
f 2997/1724/1483 3011/1612/1483 1208/1615/1483
f 2998/1725/1484 1208/1615/1484 3013/1617/1484
f 3001/1726/3974 3013/1617/3974 3015/1622/3974
f 4202/1729/3975 4203/1625/3975 659/1624/3975
f 659/1624/1486 2988/1720/1486 4206/1728/1486
f 2988/1720/1488 659/1624/1488 936/1626/1488
f 2990/1730/1489 936/1626/1489 1188/1629/1489
f 2993/1721/1490 1188/1629/1490 3009/1631/1490
f 2994/1723/1491 3009/1631/1491 3011/1612/1491
f 2794/1612/1492 2793/1631/1492 1444/1613/1492
f 1060/1615/1493 2794/1612/1493 1490/1614/1493
f 2797/1617/3976 1060/1615/3976 1516/1616/3976
f 2799/1622/1495 2797/1617/1495 1531/1618/1495
f 4263/1731/3977 4262/1734/3977 1330/1627/3977
f 1330/1627/3977 422/1624/3977 4266/1732/3977
f 628/1626/1498 422/1624/1498 1330/1627/1498
f 727/1629/1499 628/1626/1499 1380/1628/1499
f 2793/1631/1500 727/1629/1500 1420/1630/1500
f 2186/1174/1584 2228/1196/1584 2234/1183/1584
f 2190/1178/1585 2234/1183/1585 2235/1187/1585
f 2193/1179/1586 2235/1187/1586 2240/1189/1586
f 2195/1168/4011 2240/1189/4011 2244/1191/4011
f 4312/1767/1590 4317/1766/1590 2220/1194/1590
f 2220/1194/1590 2224/1195/1590 2182/1173/1590
f 2182/1173/1590 4311/1762/1590 4312/1767/1590
f 2182/1173/4012 2224/1195/4012 2228/1196/4012
f 2280/1207/4017 2321/1229/4017 2327/1217/4017
f 2281/1210/4018 2327/1217/4018 2332/1219/4018
f 2286/1212/4019 2332/1219/4019 2336/1221/4019
f 2308/1222/4020 2264/1214/4020 4319/1769/4020
f 2264/1214/1606 2308/1222/1606 2312/1224/1606
f 2268/1200/1607 2312/1224/1607 2314/1225/1607
f 2271/1201/1608 2314/1225/1608 2320/1227/1608
f 2276/1205/1609 2320/1227/1609 2321/1229/1609
f 2370/1236/1620 2418/1259/1620 2421/1245/1620
f 2373/1238/4025 2421/1245/4025 2424/1248/4025
f 2395/1249/1622 2348/1241/1622 4282/1773/1622
f 2377/1240/4026 2424/1248/4026 2430/1250/4026
f 2348/1241/1624 2395/1249/1624 2400/1251/1624
f 2351/1243/1626 2400/1251/1626 2404/1253/1626
f 2355/1230/1627 2404/1253/1627 2408/1254/1627
f 2359/1231/4027 2408/1254/4027 2414/1256/4027
f 2364/1233/1629 2414/1256/1629 2418/1259/1629
f 4280/1778/4031 4275/3343/4031 4276/1779/4031
f 4276/1779/4032 2493/1276/4032 2443/1268/4032
f 2443/1268/4033 4284/1776/4033 4280/1778/4033
f 2472/1267/1642 2521/1289/1642 2526/1277/1642
f 2443/1268/1643 2493/1276/1643 2497/1278/1643
f 2473/1269/1644 2526/1277/1644 2528/1279/1644
f 2447/1270/1645 2497/1278/1645 2501/1280/1645
f 2449/1272/1647 2501/1280/1647 2505/1282/1647
f 2455/1274/1648 2505/1282/1648 2507/1283/1648
f 2457/1260/1649 2507/1283/1649 2511/1286/1649
f 2462/1263/1650 2511/1286/1650 2518/1288/1650
f 2465/1265/1651 2518/1288/1651 2521/1289/1651
f 2569/1328/4035 2619/1305/4035 2624/1306/4035
f 2543/1307/1664 2589/1329/1664 2594/1308/1664
f 2573/1304/1665 2624/1306/1665 2627/1311/1665
f 2545/1309/1666 2594/1308/1666 2597/1312/1666
f 2550/1313/1668 2597/1312/1668 2602/1316/1668
f 2554/1315/1669 2602/1316/1669 2607/1318/1669
f 2559/1317/1670 2607/1318/1670 2611/1320/1670
f 2560/1319/4036 2611/1320/4036 2613/1325/4036
f 2567/1324/1672 2613/1325/1672 2619/1305/1672
f 2589/1329/1673 2543/1307/1673 4277/1781/1673
f 2661/1337/1685 2687/1700/1685 2689/1698/1685
f 2646/1338/1686 2672/1360/1686 2675/1348/1686
f 2647/1340/4042 2675/1348/4042 2677/1352/4042
f 2652/1344/1689 2677/1352/1689 2678/1353/1689
f 2654/1330/1690 2678/1353/1690 2681/1354/1690
f 2656/1331/1691 2681/1354/1691 2683/1355/1691
f 2657/1333/1692 2683/1355/1692 2684/1358/1692
f 4272/1784/4043 4273/1786/4043 2670/1359/4043
f 2670/1359/4044 2642/1336/4044 4279/1783/4044
f 2659/1335/1694 2684/1358/1694 2687/1700/1694
f 2642/1336/1695 2670/1359/1695 2672/1360/1695
f 2698/1788/1707 2722/1793/1707 2724/1789/1707
f 2700/1369/1709 2724/1789/1709 2727/1790/1709
f 2701/1374/1710 2727/1790/1710 2728/1382/1710
f 2704/1375/4047 2728/1382/4047 2730/1384/4047
f 2705/1361/1712 2730/1384/1712 2732/1385/1712
f 2708/1362/1713 2732/1385/1713 2735/1709/1713
f 4269/1791/4048 4268/1794/4048 2720/1792/4048
f 2696/1785/4049 4274/1787/4049 4269/1791/4049
f 2710/1363/1715 2735/1709/1715 2736/1710/1715
f 2696/1785/4050 2720/1792/4050 2722/1793/4050
f 2712/1702/1717 2736/1710/1717 2738/1704/1717
f 2749/1797/4054 2772/1720/4054 2774/1730/4054
f 2750/1715/1731 2774/1730/1731 2776/1721/1731
f 2752/1722/1732 2776/1721/1732 2778/1723/1732
f 2754/1718/1733 2778/1723/1733 2781/1724/1733
f 2757/1711/4055 2781/1724/4055 2782/1725/4055
f 2759/1712/1735 2782/1725/1735 2785/1726/1735
f 4264/1798/4056 4267/1802/4056 2771/1799/4056
f 2771/1799/1736 2747/1796/1736 4270/1800/1736
f 2760/1713/4057 2785/1726/4057 2786/1719/4057
f 2747/1796/1738 2771/1799/1738 2772/1720/1738
