solid 
facet normal 0.02745088 0.55877405 -0.82886547
 outer loop
  vertex 0 -45.901093 -1.9509033
  vertex 0 -44.461143 -0.9801714
  vertex 9.754516 -44.940353 -0.9801714
 endloop
endfacet
facet normal 0.027450822 0.55877453 -0.82886523
 outer loop
  vertex 0 -45.901093 -1.9509033
  vertex 9.754516 -44.940353 -0.9801714
  vertex 9.613377 -46.373367 -1.9509033
 endloop
endfacet
facet normal 0.014585634 0.29690865 0.9547945
 outer loop
  vertex -1.4305115e-06 -96.83997 6.4801226
  vertex 8.821487e-06 -105.71127 9.238795
  vertex 3.7509537 -105.89554 9.238795
 endloop
endfacet
facet normal 0.014583654 0.29690793 0.95479476
 outer loop
  vertex -1.4305115e-06 -96.83997 6.4801226
  vertex 3.7509537 -105.89554 9.238795
  vertex 4.6204963 -97.066925 6.4801226
 endloop
endfacet
facet normal -0.03395437 -0.6911937 -0.72187144
 outer loop
  vertex 0 -139.07875 -5.134553
  vertex 0 -134.1779 -9.827127
  vertex 0.960736 -134.2251 -9.827127
 endloop
endfacet
facet normal -0.033965103 -0.69119227 -0.72187227
 outer loop
  vertex 0 -139.07875 -5.134553
  vertex 0.960736 -134.2251 -9.827127
  vertex 0.480368 -139.10236 -5.134553
 endloop
endfacet
facet normal 0.018211711 0.37070802 -0.92857087
 outer loop
  vertex 0 -48.285576 -2.9028468
  vertex 0 -45.901093 -1.9509033
  vertex 9.613377 -46.373367 -1.9509033
 endloop
endfacet
facet normal 0.018211706 0.37070802 -0.92857087
 outer loop
  vertex 0 -48.285576 -2.9028468
  vertex 9.613377 -46.373367 -1.9509033
  vertex 9.379656 -48.74637 -2.9028468
 endloop
endfacet
facet normal 0.0029387693 0.05983028 0.9982043
 outer loop
  vertex 7.6293945e-06 -88.42265 5.975606
  vertex -1.4305115e-06 -96.83997 6.4801226
  vertex 4.6204963 -97.066925 6.4801226
 endloop
endfacet
facet normal 0.0029385507 0.059830163 0.9982043
 outer loop
  vertex 7.6293945e-06 -88.42265 5.975606
  vertex 4.6204963 -97.066925 6.4801226
  vertex 5.445541 -88.69011 5.975606
 endloop
endfacet
facet normal 0.013221795 0.26913604 -0.9630114
 outer loop
  vertex 2.2888184e-05 -51.59175 -3.8268344
  vertex 0 -48.285576 -2.9028468
  vertex 9.379656 -48.74637 -2.9028468
 endloop
endfacet
facet normal 0.013219774 0.26914215 -0.9630097
 outer loop
  vertex 2.2888184e-05 -51.59175 -3.8268344
  vertex 9.379656 -48.74637 -2.9028468
  vertex 9.055602 -52.036545 -3.8268344
 endloop
endfacet
facet normal -0.022274919 -0.45352805 0.89096355
 outer loop
  vertex 0 -80.54028 9.987976
  vertex 7.6293945e-06 -88.42265 5.975606
  vertex 5.445541 -88.69011 5.975606
 endloop
endfacet
facet normal -0.022280214 -0.45353082 0.89096206
 outer loop
  vertex 0 -80.54028 9.987976
  vertex 5.445541 -88.69011 5.975606
  vertex 6.218142 -80.84576 9.987976
 endloop
endfacet
facet normal 0.0101602245 0.20685256 -0.9783194
 outer loop
  vertex 0 -55.78749 -4.713968
  vertex 2.2888184e-05 -51.59175 -3.8268344
  vertex 9.055602 -52.036545 -3.8268344
 endloop
endfacet
facet normal 0.010161795 0.20684892 -0.9783201
 outer loop
  vertex 0 -55.78749 -4.713968
  vertex 9.055602 -52.036545 -3.8268344
  vertex 8.64434 -56.21216 -4.713968
 endloop
endfacet
facet normal 0.004434309 0.09026374 0.995908
 outer loop
  vertex 2.3841858e-06 -73.268936 9.32894
  vertex 0 -80.54028 9.987976
  vertex 6.218142 -80.84576 9.987976
 endloop
endfacet
facet normal 0.0044343844 0.0902638 0.995908
 outer loop
  vertex 2.3841858e-06 -73.268936 9.32894
  vertex 6.218142 -80.84576 9.987976
  vertex 6.9308586 -73.60943 9.32894
 endloop
endfacet
facet normal 0.008084272 0.16455984 -0.98633397
 outer loop
  vertex 0 -60.832657 -5.5557027
  vertex 0 -55.78749 -4.713968
  vertex 8.64434 -56.21216 -4.713968
 endloop
endfacet
facet normal 0.008084304 0.16455978 -0.98633397
 outer loop
  vertex 0 -60.832657 -5.5557027
  vertex 8.64434 -56.21216 -4.713968
  vertex 8.149827 -61.233032 -5.5557027
 endloop
endfacet
facet normal 0.005387627 0.109667316 0.9939537
 outer loop
  vertex 2.6226044e-05 -66.67866 8.601806
  vertex 2.3841858e-06 -73.268936 9.32894
  vertex 6.9308586 -73.60943 9.32894
 endloop
endfacet
facet normal 0.0053863176 0.109666005 0.9939539
 outer loop
  vertex 2.6226044e-05 -66.67866 8.601806
  vertex 6.9308586 -73.60943 9.32894
  vertex 7.576827 -67.0508 8.601806
 endloop
endfacet
facet normal 0.0065644463 0.13362236 -0.99101067
 outer loop
  vertex 0 -66.67857 -6.3439336
  vertex 0 -60.832657 -5.5557027
  vertex 8.149827 -61.233032 -5.5557027
 endloop
endfacet
facet normal 0.006564397 0.13362242 -0.9910106
 outer loop
  vertex 0 -66.67857 -6.3439336
  vertex 8.149827 -61.233032 -5.5557027
  vertex 7.576827 -67.0508 -6.3439336
 endloop
endfacet
facet normal 0.006562845 0.13362043 0.9910109
 outer loop
  vertex 0 -60.832657 7.8135753
  vertex 2.6226044e-05 -66.67866 8.601806
  vertex 7.576827 -67.0508 8.601806
 endloop
endfacet
facet normal 0.0065644444 0.13362235 0.99101055
 outer loop
  vertex 0 -60.832657 7.8135753
  vertex 7.576827 -67.0508 8.601806
  vertex 8.149827 -61.233032 7.8135753
 endloop
endfacet
facet normal 0.0053875 0.109665886 -0.99395394
 outer loop
  vertex 0 -73.268936 -7.071068
  vertex 0 -66.67857 -6.3439336
  vertex 7.576827 -67.0508 -6.3439336
 endloop
endfacet
facet normal 0.005387549 0.10966583 -0.993954
 outer loop
  vertex 0 -73.268936 -7.071068
  vertex 7.576827 -67.0508 -6.3439336
  vertex 6.9308586 -73.60943 -7.071068
 endloop
endfacet
facet normal 0.03475914 0.7075385 -0.70581937
 outer loop
  vertex 1.8697816e-05 -61.672348 6.97184
  vertex 0 -60.832657 7.8135753
  vertex 8.149827 -61.233032 7.8135753
 endloop
endfacet
facet normal 0.034381993 0.7099408 -0.7034216
 outer loop
  vertex 1.8697816e-05 -61.672348 6.97184
  vertex 8.149827 -61.233032 7.8135753
  vertex 8.182622 -62.068626 6.97184
 endloop
endfacet
facet normal 0.016431402 0.33446786 -0.94226396
 outer loop
  vertex 0 -80.54028 -9.65212
  vertex 0 -73.268936 -7.071068
  vertex 6.9308586 -73.60943 -7.071068
 endloop
endfacet
facet normal 0.01643113 0.33446813 -0.94226384
 outer loop
  vertex 0 -80.54028 -9.65212
  vertex 6.9308586 -73.60943 -7.071068
  vertex 6.218142 -80.84576 -9.65212
 endloop
endfacet
facet normal 0.030312188 0.6259049 0.77931
 outer loop
  vertex 2.2308759e-05 -57.756523 3.8268344
  vertex 1.8697816e-05 -61.672348 6.97184
  vertex 8.182622 -62.068626 6.97184
 endloop
endfacet
facet normal 0.03031093 0.6259035 0.7793113
 outer loop
  vertex 2.2308759e-05 -57.756523 3.8268344
  vertex 8.182622 -62.068626 6.97184
  vertex 8.5719185 -58.17164 3.8268344
 endloop
endfacet
facet normal 0.0036334125 0.07396088 -0.9972546
 outer loop
  vertex 7.6293945e-06 -88.42265 -10.2367115
  vertex 0 -80.54028 -9.65212
  vertex 6.218142 -80.84576 -9.65212
 endloop
endfacet
facet normal 0.0036326 0.073961526 -0.9972545
 outer loop
  vertex 7.6293945e-06 -88.42265 -10.2367115
  vertex 6.218142 -80.84576 -9.65212
  vertex 5.445541 -88.69011 -10.2367115
 endloop
endfacet
facet normal 0.0047022183 0.09709814 0.99526364
 outer loop
  vertex 0 -48.285576 2.9028468
  vertex 2.2308759e-05 -57.756523 3.8268344
  vertex 8.5719185 -58.17164 3.8268344
 endloop
endfacet
facet normal 0.0047731167 0.09715903 0.99525744
 outer loop
  vertex 0 -48.285576 2.9028468
  vertex 8.5719185 -58.17164 3.8268344
  vertex 9.379656 -48.74637 2.9028468
 endloop
endfacet
facet normal 0.0029385497 0.059830274 -0.9982043
 outer loop
  vertex -1.4305115e-06 -96.83997 -10.741228
  vertex 7.6293945e-06 -88.42265 -10.2367115
  vertex 5.445541 -88.69011 -10.2367115
 endloop
endfacet
facet normal 0.0029387537 0.059830125 -0.9982042
 outer loop
  vertex -1.4305115e-06 -96.83997 -10.741228
  vertex 5.445541 -88.69011 -10.2367115
  vertex 4.6204963 -97.066925 -10.741228
 endloop
endfacet
facet normal 0.018211702 0.37070802 0.9285709
 outer loop
  vertex 0 -45.901093 1.9509033
  vertex 0 -48.285576 2.9028468
  vertex 9.379656 -48.74637 2.9028468
 endloop
endfacet
facet normal 0.018211707 0.37070805 0.92857087
 outer loop
  vertex 0 -45.901093 1.9509033
  vertex 9.379656 -48.74637 2.9028468
  vertex 9.613377 -46.373367 1.9509033
 endloop
endfacet
facet normal 0.00024132771 0.004912646 0.99998796
 outer loop
  vertex 0 -134.1779 9.951847
  vertex 0 -143.97961 10
  vertex 0.960736 -134.2251 9.951847
 endloop
endfacet
facet normal 0.002320535 0.04724367 -0.9988807
 outer loop
  vertex 8.821487e-06 -105.71127 -11.16081
  vertex -1.4305115e-06 -96.83997 -10.741228
  vertex 4.6204963 -97.066925 -10.741228
 endloop
endfacet
facet normal 0.0023208363 0.047243506 -0.9988808
 outer loop
  vertex 8.821487e-06 -105.71127 -11.16081
  vertex 4.6204963 -97.066925 -10.741228
  vertex 3.7509537 -105.89554 -11.16081
 endloop
endfacet
facet normal 0.027450802 0.55877405 0.8288655
 outer loop
  vertex 0 -44.461143 0.9801714
  vertex 0 -45.901093 1.9509033
  vertex 9.613377 -46.373367 1.9509033
 endloop
endfacet
facet normal 0.027450899 0.55877435 0.82886523
 outer loop
  vertex 0 -44.461143 0.9801714
  vertex 9.613377 -46.373367 1.9509033
  vertex 9.754516 -44.940353 0.9801714
 endloop
endfacet
facet normal 0.012746083 0.25946623 0.9656681
 outer loop
  vertex 0 -124.47058 7.3435783
  vertex 0 -134.1779 9.951847
  vertex 0.960736 -134.2251 9.951847
 endloop
endfacet
facet normal 0.012746635 0.2594663 0.9656681
 outer loop
  vertex 0 -124.47058 7.3435783
  vertex 0.960736 -134.2251 9.951847
  vertex 1.9122196 -124.56452 7.3435783
 endloop
endfacet
facet normal 0.0017566003 0.035757773 -0.99935895
 outer loop
  vertex 0 -114.95115 -11.49142
  vertex 8.821487e-06 -105.71127 -11.16081
  vertex 3.7509537 -105.89554 -11.16081
 endloop
endfacet
facet normal 0.0017566425 0.035757754 -0.99935895
 outer loop
  vertex 0 -114.95115 -11.49142
  vertex 3.7509537 -105.89554 -11.16081
  vertex 2.8452873 -115.09093 -11.49142
 endloop
endfacet
facet normal 0.002681313 0.054579236 -0.9985059
 outer loop
  vertex -1.5581641e-06 -62.392998 0
  vertex 0 -44.461143 0.9801714
  vertex 9.754516 -44.940353 0.9801714
 endloop
endfacet
facet normal 0.002706949 0.05456494 -0.99850655
 outer loop
  vertex -1.5581641e-06 -62.392998 0
  vertex 9.754516 -44.940353 0.9801714
  vertex 7.919032 -62.78586 0
 endloop
endfacet
facet normal 0.0012301612 0.025040664 0.99968565
 outer loop
  vertex 7.1525574e-07 -114.95116 7.1051307
  vertex 0 -124.47058 7.3435783
  vertex 1.9122196 -124.56452 7.3435783
 endloop
endfacet
facet normal 0.0012300889 0.02504065 0.9996857
 outer loop
  vertex 7.1525574e-07 -114.95116 7.1051307
  vertex 1.9122196 -124.56452 7.3435783
  vertex 2.8452873 -115.09093 7.1051307
 endloop
endfacet
facet normal -0.006781148 -0.13803528 -0.99040407
 outer loop
  vertex 0 -124.47058 -10.164671
  vertex 0 -114.95115 -11.49142
  vertex 2.8452873 -115.09093 -11.49142
 endloop
endfacet
facet normal -0.0067811916 -0.13803527 -0.9904041
 outer loop
  vertex 0 -124.47058 -10.164671
  vertex 2.8452873 -115.09093 -11.49142
  vertex 1.9122196 -124.56452 -10.164671
 endloop
endfacet
facet normal 0.002707656 0.054579232 0.99850583
 outer loop
  vertex 0 -44.461143 -0.9801714
  vertex -1.5581641e-06 -62.392998 0
  vertex 7.919032 -62.78586 0
 endloop
endfacet
facet normal 0.0026807415 0.05456764 0.9985065
 outer loop
  vertex 0 -44.461143 -0.9801714
  vertex 7.919032 -62.78586 0
  vertex 9.754516 -44.940353 -0.9801714
 endloop
endfacet
facet normal -0.011052021 -0.22498429 0.97429967
 outer loop
  vertex 8.821487e-06 -105.71127 9.238795
  vertex 7.1525574e-07 -114.95116 7.1051307
  vertex 2.8452873 -115.09093 7.1051307
 endloop
endfacet
facet normal -0.011052353 -0.22498439 0.9742997
 outer loop
  vertex 8.821487e-06 -105.71127 9.238795
  vertex 2.8452873 -115.09093 7.1051307
  vertex 3.7509537 -105.89554 9.238795
 endloop
endfacet
facet normal -0.0017071964 -0.034750998 -0.99939454
 outer loop
  vertex 0 -134.1779 -9.827127
  vertex 0 -124.47058 -10.164671
  vertex 1.9122196 -124.56452 -10.164671
 endloop
endfacet
facet normal -0.0017071329 -0.034751017 -0.9993946
 outer loop
  vertex 0 -134.1779 -9.827127
  vertex 1.9122196 -124.56452 -10.164671
  vertex 0.960736 -134.2251 -9.827127
 endloop
endfacet
facet normal -0.051761664 0.10182728 0.9934546
 outer loop
  vertex 9.379656 -48.74637 2.9028468
  vertex 8.5719185 -58.17164 3.8268344
  vertex 18.023994 -53.366882 3.8268344
 endloop
endfacet
facet normal 0.03953878 0.26654953 0.96300983
 outer loop
  vertex 9.379656 -48.74637 2.9028468
  vertex 18.023994 -53.366882 3.8268344
  vertex 18.66898 -50.124306 2.9028468
 endloop
endfacet
facet normal 0.33867568 0.023294434 -0.94061476
 outer loop
  vertex 4.6204963 -97.066925 -10.741228
  vertex 5.445541 -88.69011 -10.2367115
  vertex 10.838638 -89.4901 -8.314696
 endloop
endfacet
facet normal 0.38463324 -0.02011111 -0.9228504
 outer loop
  vertex 4.6204963 -97.066925 -10.741228
  vertex 10.838638 -89.4901 -8.314696
  vertex 9.196495 -97.74571 -8.819213
 endloop
endfacet
facet normal 0.05445962 0.36713794 0.92857087
 outer loop
  vertex 9.613377 -46.373367 1.9509033
  vertex 9.379656 -48.74637 2.9028468
  vertex 18.66898 -50.124306 2.9028468
 endloop
endfacet
facet normal 0.054459892 0.36713853 0.9285707
 outer loop
  vertex 9.613377 -46.373367 1.9509033
  vertex 18.66898 -50.124306 2.9028468
  vertex 19.13417 -47.785645 1.9509033
 endloop
endfacet
facet normal 0.0007217294 0.0048653316 0.99998796
 outer loop
  vertex 0.960736 -134.2251 9.951847
  vertex 0 -143.97961 10
  vertex 1.9122195 -134.36624 9.951847
 endloop
endfacet
facet normal 0.38794792 0.005592823 -0.9216643
 outer loop
  vertex 3.7509537 -105.89554 -11.16081
  vertex 4.6204963 -97.066925 -10.741228
  vertex 9.196495 -97.74571 -8.819213
 endloop
endfacet
facet normal 0.4534715 -0.047281895 -0.8900157
 outer loop
  vertex 3.7509537 -105.89554 -11.16081
  vertex 9.196495 -97.74571 -8.819213
  vertex 7.4657836 -106.44658 -9.238795
 endloop
endfacet
facet normal 0.082088165 0.5533931 0.8288652
 outer loop
  vertex 9.754516 -44.940353 0.9801714
  vertex 9.613377 -46.373367 1.9509033
  vertex 19.13417 -47.785645 1.9509033
 endloop
endfacet
facet normal 0.08208765 0.5533918 0.8288662
 outer loop
  vertex 9.754516 -44.940353 0.9801714
  vertex 19.13417 -47.785645 1.9509033
  vertex 19.41509 -46.37336 0.9801714
 endloop
endfacet
facet normal 0.038118728 0.2569673 0.965668
 outer loop
  vertex 1.9122196 -124.56452 7.3435783
  vertex 0.960736 -134.2251 9.951847
  vertex 1.9122195 -134.36624 9.951847
 endloop
endfacet
facet normal 0.03811784 0.25696734 0.9656681
 outer loop
  vertex 1.9122196 -124.56452 7.3435783
  vertex 1.9122195 -134.36624 9.951847
  vertex 3.8060236 -124.84544 7.3435783
 endloop
endfacet
facet normal 0.4579484 -0.013145275 -0.8888816
 outer loop
  vertex 2.8452873 -115.09093 -11.49142
  vertex 3.7509537 -105.89554 -11.16081
  vertex 7.4657836 -106.44658 -9.238795
 endloop
endfacet
facet normal 0.55357003 -0.07986998 -0.8289638
 outer loop
  vertex 2.8452873 -115.09093 -11.49142
  vertex 7.4657836 -106.44658 -9.238795
  vertex 5.6631727 -115.50892 -9.569404
 endloop
endfacet
facet normal 0.008012975 0.054019257 -0.99850774
 outer loop
  vertex 7.919032 -62.78586 0
  vertex 9.754516 -44.940353 0.9801714
  vertex 19.41509 -46.37336 0.9801714
 endloop
endfacet
facet normal 0.008084333 0.05396941 -0.9985099
 outer loop
  vertex 7.919032 -62.78586 0
  vertex 19.41509 -46.37336 0.9801714
  vertex 15.761799 -63.960663 0
 endloop
endfacet
facet normal 0.0036786904 0.024799481 0.99968565
 outer loop
  vertex 2.8452873 -115.09093 7.1051307
  vertex 1.9122196 -124.56452 7.3435783
  vertex 3.8060236 -124.84544 7.3435783
 endloop
endfacet
facet normal 0.0036786392 0.02479948 0.9996857
 outer loop
  vertex 2.8452873 -115.09093 7.1051307
  vertex 3.8060236 -124.84544 7.3435783
  vertex 5.6631727 -115.50892 7.1051307
 endloop
endfacet
facet normal 0.5382151 -0.16865486 -0.8257603
 outer loop
  vertex 1.9122196 -124.56452 -10.164671
  vertex 2.8452873 -115.09093 -11.49142
  vertex 5.6631727 -115.50892 -9.569404
 endloop
endfacet
facet normal 0.6752891 -0.23372985 -0.69953907
 outer loop
  vertex 1.9122196 -124.56452 -10.164671
  vertex 5.6631727 -115.50892 -9.569404
  vertex 3.8060236 -124.84544 -8.242656
 endloop
endfacet
facet normal 0.008090599 0.054011267 0.99850756
 outer loop
  vertex 9.754516 -44.940353 -0.9801714
  vertex 7.919032 -62.78586 0
  vertex 15.761799 -63.960663 0
 endloop
endfacet
facet normal 0.008007936 0.053985268 0.9985096
 outer loop
  vertex 9.754516 -44.940353 -0.9801714
  vertex 15.761799 -63.960663 0
  vertex 19.41509 -46.37336 -0.9801714
 endloop
endfacet
facet normal -0.033051703 -0.22281766 0.97429967
 outer loop
  vertex 3.7509537 -105.89554 9.238795
  vertex 2.8452873 -115.09093 7.1051307
  vertex 5.6631727 -115.50892 7.1051307
 endloop
endfacet
facet normal -0.033051778 -0.22281766 0.97429967
 outer loop
  vertex 3.7509537 -105.89554 9.238795
  vertex 5.6631727 -115.50892 7.1051307
  vertex 7.4657836 -106.44658 9.238795
 endloop
endfacet
facet normal 0.7022826 -0.093825765 -0.7056881
 outer loop
  vertex 0.960736 -134.2251 -9.827127
  vertex 1.9122196 -124.56452 -10.164671
  vertex 3.8060236 -124.84544 -8.242656
 endloop
endfacet
facet normal 0.87430364 -0.18974867 -0.4467535
 outer loop
  vertex 0.960736 -134.2251 -9.827127
  vertex 3.8060236 -124.84544 -8.242656
  vertex 1.9122195 -134.36624 -7.905112
 endloop
endfacet
facet normal 0.08208785 0.5533932 -0.82886523
 outer loop
  vertex 9.613377 -46.373367 -1.9509033
  vertex 9.754516 -44.940353 -0.9801714
  vertex 19.41509 -46.37336 -0.9801714
 endloop
endfacet
facet normal 0.08208795 0.55339164 -0.8288662
 outer loop
  vertex 9.613377 -46.373367 -1.9509033
  vertex 19.41509 -46.37336 -0.9801714
  vertex 19.13417 -47.785645 -1.9509033
 endloop
endfacet
facet normal 0.043617766 0.29404834 0.95479476
 outer loop
  vertex 4.6204963 -97.066925 6.4801226
  vertex 3.7509537 -105.89554 9.238795
  vertex 7.4657836 -106.44658 9.238795
 endloop
endfacet
facet normal 0.043618064 0.2940484 0.95479476
 outer loop
  vertex 4.6204963 -97.066925 6.4801226
  vertex 7.4657836 -106.44658 9.238795
  vertex 9.196495 -97.74571 6.4801226
 endloop
endfacet
facet normal 0.77275264 -0.47793955 -0.4176447
 outer loop
  vertex 0.480368 -139.10236 -5.134553
  vertex 0.960736 -134.2251 -9.827127
  vertex 1.9122195 -134.36624 -7.905112
 endloop
endfacet
facet normal 0.7727527 -0.47793952 -0.4176447
 outer loop
  vertex 0.480368 -139.10236 -5.134553
  vertex 1.9122195 -134.36624 -7.905112
  vertex 0.95610976 -139.17293 -4.1735454
 endloop
endfacet
facet normal 0.0544598 0.36713794 -0.92857087
 outer loop
  vertex 9.379656 -48.74637 -2.9028468
  vertex 9.613377 -46.373367 -1.9509033
  vertex 19.13417 -47.785645 -1.9509033
 endloop
endfacet
facet normal 0.05445971 0.3671385 -0.9285707
 outer loop
  vertex 9.379656 -48.74637 -2.9028468
  vertex 19.13417 -47.785645 -1.9509033
  vertex 18.66898 -50.124306 -2.9028468
 endloop
endfacet
facet normal 0.00878951 0.05925389 0.9982043
 outer loop
  vertex 5.445541 -88.69011 5.975606
  vertex 4.6204963 -97.066925 6.4801226
  vertex 9.196495 -97.74571 6.4801226
 endloop
endfacet
facet normal 0.008789456 0.059253864 0.9982043
 outer loop
  vertex 5.445541 -88.69011 5.975606
  vertex 9.196495 -97.74571 6.4801226
  vertex 10.838638 -89.4901 5.975606
 endloop
endfacet
facet normal 0.039538845 0.26654997 -0.9630098
 outer loop
  vertex 9.055602 -52.036545 -3.8268344
  vertex 9.379656 -48.74637 -2.9028468
  vertex 18.66898 -50.124306 -2.9028468
 endloop
endfacet
facet normal 0.03953895 0.2665495 -0.9630099
 outer loop
  vertex 9.055602 -52.036545 -3.8268344
  vertex 18.66898 -50.124306 -2.9028468
  vertex 18.023994 -53.366882 -3.8268344
 endloop
endfacet
facet normal -0.066626824 -0.44916305 0.89096206
 outer loop
  vertex 6.218142 -80.84576 9.987976
  vertex 5.445541 -88.69011 5.975606
  vertex 10.838638 -89.4901 5.975606
 endloop
endfacet
facet normal 0.29655913 -0.26707947 0.9169085
 outer loop
  vertex 6.218142 -80.84576 9.987976
  vertex 10.838638 -89.4901 5.975606
  vertex 12.3764 -81.75925 7.730104
 endloop
endfacet
facet normal 0.030387694 0.20485686 -0.9783201
 outer loop
  vertex 8.64434 -56.21216 -4.713968
  vertex 9.055602 -52.036545 -3.8268344
  vertex 18.023994 -53.366882 -3.8268344
 endloop
endfacet
facet normal 0.03038758 0.20485723 -0.97832006
 outer loop
  vertex 8.64434 -56.21216 -4.713968
  vertex 18.023994 -53.366882 -3.8268344
  vertex 17.20543 -57.48207 -4.713968
 endloop
endfacet
facet normal 0.35040754 0.050661895 0.9352261
 outer loop
  vertex 6.9308586 -73.60943 9.32894
  vertex 6.218142 -80.84576 9.987976
  vertex 12.3764 -81.75925 7.730104
 endloop
endfacet
facet normal 0.31569713 0.024858305 0.94853425
 outer loop
  vertex 6.9308586 -73.60943 9.32894
  vertex 12.3764 -81.75925 7.730104
  vertex 13.79497 -74.627625 7.071068
 endloop
endfacet
facet normal 0.024174962 0.162975 -0.986334
 outer loop
  vertex 8.149827 -61.233032 -5.5557027
  vertex 8.64434 -56.21216 -4.713968
  vertex 17.20543 -57.48207 -4.713968
 endloop
endfacet
facet normal 0.024174966 0.16297498 -0.98633397
 outer loop
  vertex 8.149827 -61.233032 -5.5557027
  vertex 17.20543 -57.48207 -4.713968
  vertex 16.221167 -62.430298 -5.5557027
 endloop
endfacet
facet normal 0.3213913 0.07301812 0.9441271
 outer loop
  vertex 7.576827 -67.0508 8.601806
  vertex 6.9308586 -73.60943 9.32894
  vertex 13.79497 -74.627625 7.071068
 endloop
endfacet
facet normal 0.29442203 0.048803836 0.9544286
 outer loop
  vertex 7.576827 -67.0508 8.601806
  vertex 13.79497 -74.627625 7.071068
  vertex 15.080685 -68.163895 6.3439336
 endloop
endfacet
facet normal 0.019630054 0.13233557 -0.99101055
 outer loop
  vertex 7.576827 -67.0508 -6.3439336
  vertex 8.149827 -61.233032 -5.5557027
  vertex 16.221167 -62.430298 -5.5557027
 endloop
endfacet
facet normal 0.0196302 0.13233532 -0.9910106
 outer loop
  vertex 7.576827 -67.0508 -6.3439336
  vertex 16.221167 -62.430298 -5.5557027
  vertex 15.080685 -68.163895 -6.3439336
 endloop
endfacet
facet normal 0.30015376 0.09897942 0.9487417
 outer loop
  vertex 8.149827 -61.233032 7.8135753
  vertex 7.576827 -67.0508 8.601806
  vertex 15.080685 -68.163895 6.3439336
 endloop
endfacet
facet normal 0.27906793 0.076089025 0.95725214
 outer loop
  vertex 8.149827 -61.233032 7.8135753
  vertex 15.080685 -68.163895 6.3439336
  vertex 16.221167 -62.430298 5.5557027
 endloop
endfacet
facet normal 0.016110811 0.10860968 -0.99395394
 outer loop
  vertex 6.9308586 -73.60943 -7.071068
  vertex 7.576827 -67.0508 -6.3439336
  vertex 15.080685 -68.163895 -6.3439336
 endloop
endfacet
facet normal 0.01611076 0.10860975 -0.99395394
 outer loop
  vertex 6.9308586 -73.60943 -7.071068
  vertex 15.080685 -68.163895 -6.3439336
  vertex 13.79497 -74.627625 -7.071068
 endloop
endfacet
facet normal -0.09218904 0.7048706 -0.70331967
 outer loop
  vertex 8.182622 -62.068626 6.97184
  vertex 8.149827 -61.233032 7.8135753
  vertex 16.221167 -62.430298 5.5557027
 endloop
endfacet
facet normal 0.1777063 0.13057281 0.97538257
 outer loop
  vertex 8.182622 -62.068626 6.97184
  vertex 16.221167 -62.430298 5.5557027
  vertex 17.20543 -57.48207 4.713968
 endloop
endfacet
facet normal 0.049135916 0.33124697 -0.94226384
 outer loop
  vertex 6.218142 -80.84576 -9.65212
  vertex 6.9308586 -73.60943 -7.071068
  vertex 13.79497 -74.627625 -7.071068
 endloop
endfacet
facet normal 0.30160558 0.02807576 -0.95301926
 outer loop
  vertex 6.218142 -80.84576 -9.65212
  vertex 13.79497 -74.627625 -7.071068
  vertex 12.3764 -81.75925 -7.730104
 endloop
endfacet
facet normal -0.12900618 0.630552 0.7653506
 outer loop
  vertex 8.5719185 -58.17164 3.8268344
  vertex 8.182622 -62.068626 6.97184
  vertex 17.20543 -57.48207 4.713968
 endloop
endfacet
facet normal -0.11772384 0.23159026 0.9656641
 outer loop
  vertex 8.5719185 -58.17164 3.8268344
  vertex 17.20543 -57.48207 4.713968
  vertex 18.023994 -53.366882 3.8268344
 endloop
endfacet
facet normal 0.3032271 0.041083913 -0.9520322
 outer loop
  vertex 5.445541 -88.69011 -10.2367115
  vertex 6.218142 -80.84576 -9.65212
  vertex 12.3764 -81.75925 -7.730104
 endloop
endfacet
facet normal 0.33626878 0.0043258127 -0.94175607
 outer loop
  vertex 5.445541 -88.69011 -10.2367115
  vertex 12.3764 -81.75925 -7.730104
  vertex 10.838638 -89.4901 -8.314696
 endloop
endfacet
facet normal 0.13593449 0.542681 0.8288662
 outer loop
  vertex 19.41509 -46.37336 0.9801714
  vertex 19.13417 -47.785645 1.9509033
  vertex 28.470692 -50.12432 1.9509033
 endloop
endfacet
facet normal 0.13593498 0.542682 0.8288654
 outer loop
  vertex 19.41509 -46.37336 0.9801714
  vertex 28.470692 -50.12432 1.9509033
  vertex 28.888687 -48.746376 0.9801714
 endloop
endfacet
facet normal 0.06312055 0.251994 0.9656681
 outer loop
  vertex 3.8060236 -124.84544 7.3435783
  vertex 1.9122195 -134.36624 9.951847
  vertex 2.8452873 -134.59996 9.951847
 endloop
endfacet
facet normal 0.06312047 0.251994 0.9656681
 outer loop
  vertex 3.8060236 -124.84544 7.3435783
  vertex 2.8452873 -134.59996 9.951847
  vertex 5.6631737 -125.31063 7.3435783
 endloop
endfacet
facet normal 0.008698873 0.034727868 -0.99935895
 outer loop
  vertex 5.6631727 -115.50892 -9.569404
  vertex 7.4657836 -106.44658 -9.238795
  vertex 11.108714 -107.359085 -9.238795
 endloop
endfacet
facet normal 0.008698902 0.034727853 -0.99935895
 outer loop
  vertex 5.6631727 -115.50892 -9.569404
  vertex 11.108714 -107.359085 -9.238795
  vertex 8.426519 -116.2011 -9.569404
 endloop
endfacet
facet normal 0.013249911 0.052896526 -0.99851215
 outer loop
  vertex 15.761799 -63.960663 0
  vertex 19.41509 -46.37336 0.9801714
  vertex 28.888687 -48.746376 0.9801714
 endloop
endfacet
facet normal 0.013356857 0.052804466 -0.9985155
 outer loop
  vertex 15.761799 -63.960663 0
  vertex 28.888687 -48.746376 0.9801714
  vertex 23.452772 -65.90609 0
 endloop
endfacet
facet normal 0.006091654 0.024319496 0.99968565
 outer loop
  vertex 5.6631727 -115.50892 7.1051307
  vertex 3.8060236 -124.84544 7.3435783
  vertex 5.6631737 -125.31063 7.3435783
 endloop
endfacet
facet normal 0.0060917367 0.024319496 0.9996857
 outer loop
  vertex 5.6631727 -115.50892 7.1051307
  vertex 5.6631737 -125.31063 7.3435783
  vertex 8.426519 -116.2011 7.1051307
 endloop
endfacet
facet normal -0.033580344 -0.13405983 -0.9904042
 outer loop
  vertex 3.8060236 -124.84544 -8.242656
  vertex 5.6631727 -115.50892 -9.569404
  vertex 8.426519 -116.2011 -9.569404
 endloop
endfacet
facet normal -0.03357992 -0.13406004 -0.9904041
 outer loop
  vertex 3.8060236 -124.84544 -8.242656
  vertex 8.426519 -116.2011 -9.569404
  vertex 5.6631737 -125.31063 -8.242656
 endloop
endfacet
facet normal 0.0133736385 0.05287081 0.99851185
 outer loop
  vertex 19.41509 -46.37336 -0.9801714
  vertex 15.761799 -63.960663 0
  vertex 23.452772 -65.90609 0
 endloop
endfacet
facet normal 0.013236414 0.05284261 0.9985151
 outer loop
  vertex 19.41509 -46.37336 -0.9801714
  vertex 23.452772 -65.90609 0
  vertex 28.888687 -48.746376 -0.9801714
 endloop
endfacet
facet normal -0.05473283 -0.21850502 0.97429967
 outer loop
  vertex 7.4657836 -106.44658 9.238795
  vertex 5.6631727 -115.50892 7.1051307
  vertex 8.426519 -116.2011 7.1051307
 endloop
endfacet
facet normal -0.054732606 -0.218505 0.9742997
 outer loop
  vertex 7.4657836 -106.44658 9.238795
  vertex 8.426519 -116.2011 7.1051307
  vertex 11.108714 -107.359085 9.238795
 endloop
endfacet
facet normal -0.008453916 -0.033750273 -0.99939454
 outer loop
  vertex 1.9122195 -134.36624 -7.905112
  vertex 3.8060236 -124.84544 -8.242656
  vertex 5.6631737 -125.31063 -8.242656
 endloop
endfacet
facet normal -0.0084539335 -0.033750277 -0.9993946
 outer loop
  vertex 1.9122195 -134.36624 -7.905112
  vertex 5.6631737 -125.31063 -8.242656
  vertex 2.8452873 -134.59996 -7.905112
 endloop
endfacet
facet normal 0.13593473 0.5426809 -0.8288662
 outer loop
  vertex 19.13417 -47.785645 -1.9509033
  vertex 19.41509 -46.37336 -0.9801714
  vertex 28.888687 -48.746376 -0.9801714
 endloop
endfacet
facet normal 0.13593476 0.54268205 -0.8288654
 outer loop
  vertex 19.13417 -47.785645 -1.9509033
  vertex 28.888687 -48.746376 -0.9801714
  vertex 28.470692 -50.12432 -1.9509033
 endloop
endfacet
facet normal 0.07222967 0.28835717 0.95479476
 outer loop
  vertex 9.196495 -97.74571 6.4801226
  vertex 7.4657836 -106.44658 9.238795
  vertex 11.108714 -107.359085 9.238795
 endloop
endfacet
facet normal 0.07222995 0.28835726 0.95479476
 outer loop
  vertex 9.196495 -97.74571 6.4801226
  vertex 11.108714 -107.359085 9.238795
  vertex 13.683926 -98.86976 6.4801226
 endloop
endfacet
facet normal -0.14730696 -0.58808845 -0.79526883
 outer loop
  vertex 0.95610976 -139.17293 -4.1735454
  vertex 1.9122195 -134.36624 -7.905112
  vertex 2.8452873 -134.59996 -7.905112
 endloop
endfacet
facet normal -0.1472977 -0.58809173 -0.79526824
 outer loop
  vertex 0.95610976 -139.17293 -4.1735454
  vertex 2.8452873 -134.59996 -7.905112
  vertex 1.4226437 -139.28978 -4.1735454
 endloop
endfacet
facet normal 0.09018347 0.36003265 -0.9285707
 outer loop
  vertex 18.66898 -50.124306 -2.9028468
  vertex 19.13417 -47.785645 -1.9509033
  vertex 28.470692 -50.12432 -1.9509033
 endloop
endfacet
facet normal 0.09018348 0.3600321 -0.92857087
 outer loop
  vertex 18.66898 -50.124306 -2.9028468
  vertex 28.470692 -50.12432 -1.9509033
  vertex 27.778511 -52.406128 -2.9028468
 endloop
endfacet
facet normal 0.014555093 0.058107007 0.9982043
 outer loop
  vertex 10.838638 -89.4901 5.975606
  vertex 9.196495 -97.74571 6.4801226
  vertex 13.683926 -98.86976 6.4801226
 endloop
endfacet
facet normal 0.014555116 0.05810702 0.9982043
 outer loop
  vertex 10.838638 -89.4901 5.975606
  vertex 13.683926 -98.86976 6.4801226
  vertex 16.127354 -90.81486 5.975606
 endloop
endfacet
facet normal 0.06547502 0.26139054 -0.96300983
 outer loop
  vertex 18.023994 -53.366882 -3.8268344
  vertex 18.66898 -50.124306 -2.9028468
  vertex 27.778511 -52.406128 -2.9028468
 endloop
endfacet
facet normal 0.065475 0.2613906 -0.96300983
 outer loop
  vertex 18.023994 -53.366882 -3.8268344
  vertex 27.778511 -52.406128 -2.9028468
  vertex 26.818806 -55.56987 -3.8268344
 endloop
endfacet
facet normal -0.052853107 -0.21100044 0.976056
 outer loop
  vertex 12.3764 -81.75925 7.730104
  vertex 10.838638 -89.4901 5.975606
  vertex 16.127354 -90.81486 5.975606
 endloop
endfacet
facet normal -0.052852966 -0.2110004 0.97605604
 outer loop
  vertex 12.3764 -81.75925 7.730104
  vertex 16.127354 -90.81486 5.975606
  vertex 18.415466 -83.27196 7.730104
 endloop
endfacet
facet normal 0.05032093 0.20089222 -0.9783201
 outer loop
  vertex 17.20543 -57.48207 -4.713968
  vertex 18.023994 -53.366882 -3.8268344
  vertex 26.818806 -55.56987 -3.8268344
 endloop
endfacet
facet normal 0.050320897 0.20089237 -0.97832006
 outer loop
  vertex 17.20543 -57.48207 -4.713968
  vertex 26.818806 -55.56987 -3.8268344
  vertex 25.600822 -59.585007 -4.713968
 endloop
endfacet
facet normal 0.021958832 0.08766438 0.995908
 outer loop
  vertex 13.79497 -74.627625 7.071068
  vertex 12.3764 -81.75925 7.730104
  vertex 18.415466 -83.27196 7.730104
 endloop
endfacet
facet normal 0.021958724 0.08766433 0.995908
 outer loop
  vertex 13.79497 -74.627625 7.071068
  vertex 18.415466 -83.27196 7.730104
  vertex 20.526226 -76.31371 7.071068
 endloop
endfacet
facet normal 0.040032968 0.15982063 -0.98633397
 outer loop
  vertex 16.221167 -62.430298 -5.5557027
  vertex 17.20543 -57.48207 -4.713968
  vertex 25.600822 -59.585007 -4.713968
 endloop
endfacet
facet normal 0.040032983 0.15982057 -0.98633397
 outer loop
  vertex 16.221167 -62.430298 -5.5557027
  vertex 25.600822 -59.585007 -4.713968
  vertex 24.136288 -64.41293 -5.5557027
 endloop
endfacet
facet normal 0.026678724 0.10650765 0.9939539
 outer loop
  vertex 15.080685 -68.163895 6.3439336
  vertex 13.79497 -74.627625 7.071068
  vertex 20.526226 -76.31371 7.071068
 endloop
endfacet
facet normal 0.026678776 0.10650768 0.9939538
 outer loop
  vertex 15.080685 -68.163895 6.3439336
  vertex 20.526226 -76.31371 7.071068
  vertex 22.439308 -70.00713 6.3439336
 endloop
endfacet
facet normal 0.03250671 0.12977402 -0.99101067
 outer loop
  vertex 15.080685 -68.163895 -6.3439336
  vertex 16.221167 -62.430298 -5.5557027
  vertex 24.136288 -64.41293 -5.5557027
 endloop
endfacet
facet normal 0.032506704 0.12977405 -0.9910106
 outer loop
  vertex 15.080685 -68.163895 -6.3439336
  vertex 24.136288 -64.41293 -5.5557027
  vertex 22.439308 -70.00713 -6.3439336
 endloop
endfacet
facet normal 0.032506693 0.12977402 0.9910106
 outer loop
  vertex 16.221167 -62.430298 5.5557027
  vertex 15.080685 -68.163895 6.3439336
  vertex 22.439308 -70.00713 6.3439336
 endloop
endfacet
facet normal 0.03250671 0.12977405 0.99101067
 outer loop
  vertex 16.221167 -62.430298 5.5557027
  vertex 22.439308 -70.00713 6.3439336
  vertex 24.136288 -64.41293 5.5557027
 endloop
endfacet
facet normal 0.026678769 0.10650764 -0.99395394
 outer loop
  vertex 13.79497 -74.627625 -7.071068
  vertex 15.080685 -68.163895 -6.3439336
  vertex 22.439308 -70.00713 -6.3439336
 endloop
endfacet
facet normal 0.026678741 0.106507696 -0.9939539
 outer loop
  vertex 13.79497 -74.627625 -7.071068
  vertex 22.439308 -70.00713 -6.3439336
  vertex 20.526226 -76.31371 -7.071068
 endloop
endfacet
facet normal 0.040033 0.15982063 0.98633397
 outer loop
  vertex 17.20543 -57.48207 4.713968
  vertex 16.221167 -62.430298 5.5557027
  vertex 24.136288 -64.41293 5.5557027
 endloop
endfacet
facet normal 0.040032957 0.15982057 0.98633397
 outer loop
  vertex 17.20543 -57.48207 4.713968
  vertex 24.136288 -64.41293 5.5557027
  vertex 25.600822 -59.585007 4.713968
 endloop
endfacet
facet normal 0.021958744 0.087664396 -0.995908
 outer loop
  vertex 12.3764 -81.75925 -7.730104
  vertex 13.79497 -74.627625 -7.071068
  vertex 20.526226 -76.31371 -7.071068
 endloop
endfacet
facet normal 0.021958813 0.0876643 -0.995908
 outer loop
  vertex 12.3764 -81.75925 -7.730104
  vertex 20.526226 -76.31371 -7.071068
  vertex 18.415466 -83.27196 -7.730104
 endloop
endfacet
facet normal 0.05032087 0.20089225 0.97832006
 outer loop
  vertex 18.023994 -53.366882 3.8268344
  vertex 17.20543 -57.48207 4.713968
  vertex 25.600822 -59.585007 4.713968
 endloop
endfacet
facet normal 0.05032096 0.20089234 0.97832
 outer loop
  vertex 18.023994 -53.366882 3.8268344
  vertex 25.600822 -59.585007 4.713968
  vertex 26.818806 -55.56987 3.8268344
 endloop
endfacet
facet normal 0.017992891 0.0718315 -0.9972545
 outer loop
  vertex 10.838638 -89.4901 -8.314696
  vertex 12.3764 -81.75925 -7.730104
  vertex 18.415466 -83.27196 -7.730104
 endloop
endfacet
facet normal 0.017992927 0.07183145 -0.9972545
 outer loop
  vertex 10.838638 -89.4901 -8.314696
  vertex 18.415466 -83.27196 -7.730104
  vertex 16.127354 -90.81486 -8.314696
 endloop
endfacet
facet normal 0.06547498 0.26139054 0.96300983
 outer loop
  vertex 18.66898 -50.124306 2.9028468
  vertex 18.023994 -53.366882 3.8268344
  vertex 26.818806 -55.56987 3.8268344
 endloop
endfacet
facet normal 0.06547503 0.26139063 0.9630099
 outer loop
  vertex 18.66898 -50.124306 2.9028468
  vertex 26.818806 -55.56987 3.8268344
  vertex 27.778511 -52.406128 2.9028468
 endloop
endfacet
facet normal 0.014555115 0.058107004 -0.9982043
 outer loop
  vertex 9.196495 -97.74571 -8.819213
  vertex 10.838638 -89.4901 -8.314696
  vertex 16.127354 -90.81486 -8.314696
 endloop
endfacet
facet normal 0.014555097 0.058107022 -0.9982043
 outer loop
  vertex 9.196495 -97.74571 -8.819213
  vertex 16.127354 -90.81486 -8.314696
  vertex 13.683926 -98.86976 -8.819213
 endloop
endfacet
facet normal 0.0901836 0.3600326 0.9285707
 outer loop
  vertex 19.13417 -47.785645 1.9509033
  vertex 18.66898 -50.124306 2.9028468
  vertex 27.778511 -52.406128 2.9028468
 endloop
endfacet
facet normal 0.09018335 0.3600321 0.92857087
 outer loop
  vertex 19.13417 -47.785645 1.9509033
  vertex 27.778511 -52.406128 2.9028468
  vertex 28.470692 -50.12432 1.9509033
 endloop
endfacet
facet normal 0.0011951007 0.0047711707 0.99998796
 outer loop
  vertex 1.9122195 -134.36624 9.951847
  vertex 0 -143.97961 10
  vertex 2.8452873 -134.59996 9.951847
 endloop
endfacet
facet normal 0.011493116 0.045882948 -0.9988807
 outer loop
  vertex 7.4657836 -106.44658 -9.238795
  vertex 9.196495 -97.74571 -8.819213
  vertex 13.683926 -98.86976 -8.819213
 endloop
endfacet
facet normal 0.01149308 0.045882985 -0.9988808
 outer loop
  vertex 7.4657836 -106.44658 -9.238795
  vertex 13.683926 -98.86976 -8.819213
  vertex 11.108714 -107.359085 -9.238795
 endloop
endfacet
facet normal 0.018491799 0.051177964 0.99851835
 outer loop
  vertex 28.888687 -48.746376 -0.9801714
  vertex 23.452772 -65.90609 0
  vertex 30.917881 -68.60341 0
 endloop
endfacet
facet normal 0.018305028 0.0511591 0.99852276
 outer loop
  vertex 28.888687 -48.746376 -0.9801714
  vertex 30.917881 -68.60341 0
  vertex 38.08407 -52.036537 -0.9801714
 endloop
endfacet
facet normal -0.07588614 -0.21208817 0.97429967
 outer loop
  vertex 11.108714 -107.359085 9.238795
  vertex 8.426519 -116.2011 7.1051307
  vertex 11.108713 -117.160805 7.1051307
 endloop
endfacet
facet normal -0.07588635 -0.21208815 0.97429967
 outer loop
  vertex 11.108714 -107.359085 9.238795
  vertex 11.108713 -117.160805 7.1051307
  vertex 14.644662 -108.62427 9.238795
 endloop
endfacet
facet normal -0.011721469 -0.032759074 -0.99939454
 outer loop
  vertex 2.8452873 -134.59996 -7.905112
  vertex 5.6631737 -125.31063 -8.242656
  vertex 7.465784 -125.95562 -8.242656
 endloop
endfacet
facet normal -0.011721351 -0.032759126 -0.9993945
 outer loop
  vertex 2.8452873 -134.59996 -7.905112
  vertex 7.465784 -125.95562 -8.242656
  vertex 3.7509532 -134.92401 -7.905112
 endloop
endfacet
facet normal 0.18847242 0.52674496 -0.82886547
 outer loop
  vertex 28.470692 -50.12432 -1.9509033
  vertex 28.888687 -48.746376 -0.9801714
  vertex 38.08407 -52.036537 -0.9801714
 endloop
endfacet
facet normal 0.18847223 0.5267434 -0.8288665
 outer loop
  vertex 28.470692 -50.12432 -1.9509033
  vertex 38.08407 -52.036537 -0.9801714
  vertex 37.533024 -53.366882 -1.9509033
 endloop
endfacet
facet normal 0.10014589 0.279889 0.95479465
 outer loop
  vertex 13.683926 -98.86976 6.4801226
  vertex 11.108714 -107.359085 9.238795
  vertex 14.644662 -108.62427 9.238795
 endloop
endfacet
facet normal 0.10014615 0.27988905 0.95479465
 outer loop
  vertex 13.683926 -98.86976 6.4801226
  vertex 14.644662 -108.62427 9.238795
  vertex 18.039574 -100.42824 6.4801226
 endloop
endfacet
facet normal -0.2042411 -0.5708183 -0.7952685
 outer loop
  vertex 1.4226437 -139.28978 -4.1735454
  vertex 2.8452873 -134.59996 -7.905112
  vertex 3.7509532 -134.92401 -7.905112
 endloop
endfacet
facet normal -0.20424931 -0.57081455 -0.79526913
 outer loop
  vertex 1.4226437 -139.28978 -4.1735454
  vertex 3.7509532 -134.92401 -7.905112
  vertex 1.8754766 -139.45181 -4.1735454
 endloop
endfacet
facet normal 0.12503865 0.34945887 -0.92857087
 outer loop
  vertex 27.778511 -52.406128 -2.9028468
  vertex 28.470692 -50.12432 -1.9509033
  vertex 37.533024 -53.366882 -1.9509033
 endloop
endfacet
facet normal 0.12503873 0.34946018 -0.92857033
 outer loop
  vertex 27.778511 -52.406128 -2.9028468
  vertex 37.533024 -53.366882 -1.9509033
  vertex 36.62052 -55.569847 -2.9028468
 endloop
endfacet
facet normal 0.020180494 0.056400575 0.9982043
 outer loop
  vertex 16.127354 -90.81486 5.975606
  vertex 13.683926 -98.86976 6.4801226
  vertex 18.039574 -100.42824 6.4801226
 endloop
endfacet
facet normal 0.020180466 0.056400567 0.9982043
 outer loop
  vertex 16.127354 -90.81486 5.975606
  vertex 18.039574 -100.42824 6.4801226
  vertex 21.260754 -92.65162 5.975606
 endloop
endfacet
facet normal 0.09078037 0.25371435 -0.96300983
 outer loop
  vertex 26.818806 -55.56987 -3.8268344
  vertex 27.778511 -52.406128 -2.9028468
  vertex 36.62052 -55.569847 -2.9028468
 endloop
endfacet
facet normal 0.09078037 0.25371405 -0.9630099
 outer loop
  vertex 26.818806 -55.56987 -3.8268344
  vertex 36.62052 -55.569847 -2.9028468
  vertex 35.355335 -58.62429 -3.8268344
 endloop
endfacet
facet normal -0.073280066 -0.2048039 0.976056
 outer loop
  vertex 18.415466 -83.27196 7.730104
  vertex 16.127354 -90.81486 5.975606
  vertex 21.260754 -92.65162 5.975606
 endloop
endfacet
facet normal -0.07328018 -0.20480393 0.97605604
 outer loop
  vertex 18.415466 -83.27196 7.730104
  vertex 21.260754 -92.65162 5.975606
  vertex 24.27718 -85.369316 7.730104
 endloop
endfacet
facet normal 0.06976953 0.19499268 -0.97832006
 outer loop
  vertex 25.600822 -59.585007 -4.713968
  vertex 26.818806 -55.56987 -3.8268344
  vertex 35.355335 -58.62429 -3.8268344
 endloop
endfacet
facet normal 0.06976957 0.19499233 -0.9783201
 outer loop
  vertex 25.600822 -59.585007 -4.713968
  vertex 35.355335 -58.62429 -3.8268344
  vertex 33.749664 -62.500717 -4.713968
 endloop
endfacet
facet normal 0.030445687 0.08508983 0.995908
 outer loop
  vertex 20.526226 -76.31371 7.071068
  vertex 18.415466 -83.27196 7.730104
  vertex 24.27718 -85.369316 7.730104
 endloop
endfacet
facet normal 0.030445646 0.08508982 0.995908
 outer loop
  vertex 20.526226 -76.31371 7.071068
  vertex 24.27718 -85.369316 7.730104
  vertex 27.059805 -78.65147 7.071068
 endloop
endfacet
facet normal 0.055505496 0.15512703 -0.98633397
 outer loop
  vertex 24.136288 -64.41293 -5.5557027
  vertex 25.600822 -59.585007 -4.713968
  vertex 33.749664 -62.500717 -4.713968
 endloop
endfacet
facet normal 0.055505406 0.15512745 -0.98633385
 outer loop
  vertex 24.136288 -64.41293 -5.5557027
  vertex 33.749664 -62.500717 -4.713968
  vertex 31.818964 -67.161835 -5.5557027
 endloop
endfacet
facet normal 0.036989916 0.10337983 0.9939539
 outer loop
  vertex 22.439308 -70.00713 6.3439336
  vertex 20.526226 -76.31371 7.071068
  vertex 27.059805 -78.65147 7.071068
 endloop
endfacet
facet normal 0.03699 0.10337988 0.99395394
 outer loop
  vertex 22.439308 -70.00713 6.3439336
  vertex 27.059805 -78.65147 7.071068
  vertex 29.58183 -72.562775 6.3439336
 endloop
endfacet
facet normal 0.0450702 0.12596296 -0.99101067
 outer loop
  vertex 22.439308 -70.00713 -6.3439336
  vertex 24.136288 -64.41293 -5.5557027
  vertex 31.818964 -67.161835 -5.5557027
 endloop
endfacet
facet normal 0.045070287 0.12596267 -0.99101067
 outer loop
  vertex 22.439308 -70.00713 -6.3439336
  vertex 31.818964 -67.161835 -5.5557027
  vertex 29.58183 -72.562775 -6.3439336
 endloop
endfacet
facet normal 0.045070358 0.12596291 0.9910106
 outer loop
  vertex 24.136288 -64.41293 5.5557027
  vertex 22.439308 -70.00713 6.3439336
  vertex 29.58183 -72.562775 6.3439336
 endloop
endfacet
facet normal 0.04507013 0.12596276 0.99101067
 outer loop
  vertex 24.136288 -64.41293 5.5557027
  vertex 29.58183 -72.562775 6.3439336
  vertex 31.818964 -67.161835 5.5557027
 endloop
endfacet
facet normal 0.036989976 0.10337981 -0.9939538
 outer loop
  vertex 20.526226 -76.31371 -7.071068
  vertex 22.439308 -70.00713 -6.3439336
  vertex 29.58183 -72.562775 -6.3439336
 endloop
endfacet
facet normal 0.03698994 0.1033799 -0.9939539
 outer loop
  vertex 20.526226 -76.31371 -7.071068
  vertex 29.58183 -72.562775 -6.3439336
  vertex 27.059805 -78.65147 -7.071068
 endloop
endfacet
facet normal 0.055505287 0.15512712 0.98633397
 outer loop
  vertex 25.600822 -59.585007 4.713968
  vertex 24.136288 -64.41293 5.5557027
  vertex 31.818964 -67.161835 5.5557027
 endloop
endfacet
facet normal 0.05550562 0.15512739 0.9863339
 outer loop
  vertex 25.600822 -59.585007 4.713968
  vertex 31.818964 -67.161835 5.5557027
  vertex 33.749664 -62.500717 4.713968
 endloop
endfacet
facet normal 0.030445652 0.08508985 -0.995908
 outer loop
  vertex 18.415466 -83.27196 -7.730104
  vertex 20.526226 -76.31371 -7.071068
  vertex 27.059805 -78.65147 -7.071068
 endloop
endfacet
facet normal 0.030445673 0.085089795 -0.995908
 outer loop
  vertex 18.415466 -83.27196 -7.730104
  vertex 27.059805 -78.65147 -7.071068
  vertex 24.27718 -85.369316 -7.730104
 endloop
endfacet
facet normal 0.069769666 0.1949926 0.97831994
 outer loop
  vertex 26.818806 -55.56987 3.8268344
  vertex 25.600822 -59.585007 4.713968
  vertex 33.749664 -62.500717 4.713968
 endloop
endfacet
facet normal 0.06976942 0.19499236 0.9783201
 outer loop
  vertex 26.818806 -55.56987 3.8268344
  vertex 33.749664 -62.500717 4.713968
  vertex 35.355335 -58.62429 3.8268344
 endloop
endfacet
facet normal 0.02494697 0.069721974 -0.9972545
 outer loop
  vertex 16.127354 -90.81486 -8.314696
  vertex 18.415466 -83.27196 -7.730104
  vertex 24.27718 -85.369316 -7.730104
 endloop
endfacet
facet normal 0.024946945 0.069722 -0.9972545
 outer loop
  vertex 16.127354 -90.81486 -8.314696
  vertex 24.27718 -85.369316 -7.730104
  vertex 21.260754 -92.65162 -8.314696
 endloop
endfacet
facet normal 0.090780474 0.25371432 0.96300983
 outer loop
  vertex 27.778511 -52.406128 2.9028468
  vertex 26.818806 -55.56987 3.8268344
  vertex 35.355335 -58.62429 3.8268344
 endloop
endfacet
facet normal 0.09078028 0.25371408 0.96300995
 outer loop
  vertex 27.778511 -52.406128 2.9028468
  vertex 35.355335 -58.62429 3.8268344
  vertex 36.62052 -55.569847 2.9028468
 endloop
endfacet
facet normal 0.020180468 0.05640058 -0.9982043
 outer loop
  vertex 13.683926 -98.86976 -8.819213
  vertex 16.127354 -90.81486 -8.314696
  vertex 21.260754 -92.65162 -8.314696
 endloop
endfacet
facet normal 0.020180488 0.056400552 -0.9982042
 outer loop
  vertex 13.683926 -98.86976 -8.819213
  vertex 21.260754 -92.65162 -8.314696
  vertex 18.039574 -100.42824 -8.819213
 endloop
endfacet
facet normal 0.12503831 0.34945896 0.92857087
 outer loop
  vertex 28.470692 -50.12432 1.9509033
  vertex 27.778511 -52.406128 2.9028468
  vertex 36.62052 -55.569847 2.9028468
 endloop
endfacet
facet normal 0.12503906 0.34946 0.9285704
 outer loop
  vertex 28.470692 -50.12432 1.9509033
  vertex 36.62052 -55.569847 2.9028468
  vertex 37.533024 -53.366882 1.9509033
 endloop
endfacet
facet normal 0.0016570116 0.0046310523 0.99998796
 outer loop
  vertex 2.8452873 -134.59996 9.951847
  vertex 0 -143.97961 10
  vertex 3.7509532 -134.92401 9.951847
 endloop
endfacet
facet normal 0.015935097 0.044535514 -0.9988807
 outer loop
  vertex 11.108714 -107.359085 -9.238795
  vertex 13.683926 -98.86976 -8.819213
  vertex 18.039574 -100.42824 -8.819213
 endloop
endfacet
facet normal 0.015935073 0.044535536 -0.9988808
 outer loop
  vertex 11.108714 -107.359085 -9.238795
  vertex 18.039574 -100.42824 -8.819213
  vertex 14.644662 -108.62427 -9.238795
 endloop
endfacet
facet normal 0.18847273 0.52674484 0.8288654
 outer loop
  vertex 28.888687 -48.746376 0.9801714
  vertex 28.470692 -50.12432 1.9509033
  vertex 37.533024 -53.366882 1.9509033
 endloop
endfacet
facet normal 0.1884719 0.52674353 0.82886636
 outer loop
  vertex 28.888687 -48.746376 0.9801714
  vertex 37.533024 -53.366882 1.9509033
  vertex 38.08407 -52.036537 0.9801714
 endloop
endfacet
facet normal 0.08751656 0.24459356 0.9656681
 outer loop
  vertex 5.6631737 -125.31063 7.3435783
  vertex 2.8452873 -134.59996 9.951847
  vertex 3.7509532 -134.92401 9.951847
 endloop
endfacet
facet normal 0.08751752 0.24459337 0.965668
 outer loop
  vertex 5.6631737 -125.31063 7.3435783
  vertex 3.7509532 -134.92401 9.951847
  vertex 7.465784 -125.95562 7.3435783
 endloop
endfacet
facet normal 0.012060914 0.033707995 -0.99935895
 outer loop
  vertex 8.426519 -116.2011 -9.569404
  vertex 11.108714 -107.359085 -9.238795
  vertex 14.644662 -108.62427 -9.238795
 endloop
endfacet
facet normal 0.012060884 0.033708014 -0.99935895
 outer loop
  vertex 8.426519 -116.2011 -9.569404
  vertex 14.644662 -108.62427 -9.238795
  vertex 11.108713 -117.160805 -9.569404
 endloop
endfacet
facet normal 0.018330108 0.0512292 -0.99851865
 outer loop
  vertex 23.452772 -65.90609 0
  vertex 28.888687 -48.746376 0.9801714
  vertex 38.08407 -52.036537 0.9801714
 endloop
endfacet
facet normal 0.018460663 0.051091805 -0.9985233
 outer loop
  vertex 23.452772 -65.90609 0
  vertex 38.08407 -52.036537 0.9801714
  vertex 30.917881 -68.60341 0
 endloop
endfacet
facet normal 0.008446169 0.023605289 0.99968565
 outer loop
  vertex 8.426519 -116.2011 7.1051307
  vertex 5.6631737 -125.31063 7.3435783
  vertex 7.465784 -125.95562 7.3435783
 endloop
endfacet
facet normal 0.00844609 0.023605298 0.9996857
 outer loop
  vertex 8.426519 -116.2011 7.1051307
  vertex 7.465784 -125.95562 7.3435783
  vertex 11.108713 -117.160805 7.1051307
 endloop
endfacet
facet normal -0.046558622 -0.13012299 -0.99040407
 outer loop
  vertex 5.6631737 -125.31063 -8.242656
  vertex 8.426519 -116.2011 -9.569404
  vertex 11.108713 -117.160805 -9.569404
 endloop
endfacet
facet normal -0.046559043 -0.1301227 -0.9904041
 outer loop
  vertex 5.6631737 -125.31063 -8.242656
  vertex 11.108713 -117.160805 -9.569404
  vertex 7.465784 -125.95562 -8.242656
 endloop
endfacet
facet normal 0.15868975 0.33552143 -0.9285704
 outer loop
  vertex 36.62052 -55.569847 -2.9028468
  vertex 37.533024 -53.366882 -1.9509033
  vertex 46.233894 -57.482086 -1.9509033
 endloop
endfacet
facet normal 0.15868963 0.33552074 -0.9285707
 outer loop
  vertex 36.62052 -55.569847 -2.9028468
  vertex 46.233894 -57.482086 -1.9509033
  vertex 45.109856 -59.585007 -2.9028468
 endloop
endfacet
facet normal 0.025611486 0.054150965 0.9982043
 outer loop
  vertex 21.260754 -92.65162 5.975606
  vertex 18.039574 -100.42824 6.4801226
  vertex 22.221489 -102.406136 6.4801226
 endloop
endfacet
facet normal 0.025611518 0.054150965 0.9982043
 outer loop
  vertex 21.260754 -92.65162 5.975606
  vertex 22.221489 -102.406136 6.4801226
  vertex 26.1894 -94.9827 5.975606
 endloop
endfacet
facet normal 0.11521163 0.24359429 -0.9630099
 outer loop
  vertex 35.355335 -58.62429 -3.8268344
  vertex 36.62052 -55.569847 -2.9028468
  vertex 45.109856 -59.585007 -2.9028468
 endloop
endfacet
facet normal 0.11521163 0.2435942 -0.96301
 outer loop
  vertex 35.355335 -58.62429 -3.8268344
  vertex 45.109856 -59.585007 -2.9028468
  vertex 43.551373 -62.500732 -3.8268344
 endloop
endfacet
facet normal -0.09300152 -0.19663507 0.9760561
 outer loop
  vertex 24.27718 -85.369316 7.730104
  vertex 21.260754 -92.65162 5.975606
  vertex 26.1894 -94.9827 5.975606
 endloop
endfacet
facet normal -0.09300174 -0.19663507 0.976056
 outer loop
  vertex 24.27718 -85.369316 7.730104
  vertex 26.1894 -94.9827 5.975606
  vertex 29.905092 -88.03113 7.730104
 endloop
endfacet
facet normal 0.08854612 0.1872148 -0.9783201
 outer loop
  vertex 33.749664 -62.500717 -4.713968
  vertex 35.355335 -58.62429 -3.8268344
  vertex 43.551373 -62.500732 -3.8268344
 endloop
endfacet
facet normal 0.08854612 0.18721515 -0.97832006
 outer loop
  vertex 33.749664 -62.500717 -4.713968
  vertex 43.551373 -62.500732 -3.8268344
  vertex 41.57348 -66.2011 -4.713968
 endloop
endfacet
facet normal 0.03863937 0.081695855 0.995908
 outer loop
  vertex 27.059805 -78.65147 7.071068
  vertex 24.27718 -85.369316 7.730104
  vertex 29.905092 -88.03113 7.730104
 endloop
endfacet
facet normal 0.038639225 0.08169581 0.995908
 outer loop
  vertex 27.059805 -78.65147 7.071068
  vertex 29.905092 -88.03113 7.730104
  vertex 33.332783 -81.61836 7.071068
 endloop
endfacet
facet normal 0.07044331 0.14893997 -0.9863339
 outer loop
  vertex 31.818964 -67.161835 -5.5557027
  vertex 33.749664 -62.500717 -4.713968
  vertex 41.57348 -66.2011 -4.713968
 endloop
endfacet
facet normal 0.07044332 0.14893995 -0.98633397
 outer loop
  vertex 31.818964 -67.161835 -5.5557027
  vertex 41.57348 -66.2011 -4.713968
  vertex 39.195206 -70.650536 -5.5557027
 endloop
endfacet
facet normal 0.04694479 0.09925646 0.9939539
 outer loop
  vertex 29.58183 -72.562775 6.3439336
  vertex 27.059805 -78.65147 7.071068
  vertex 33.332783 -81.61836 7.071068
 endloop
endfacet
facet normal 0.04694491 0.099256516 0.9939538
 outer loop
  vertex 29.58183 -72.562775 6.3439336
  vertex 33.332783 -81.61836 7.071068
  vertex 36.43946 -75.8062 6.3439336
 endloop
endfacet
facet normal 0.05719965 0.12093856 -0.99101067
 outer loop
  vertex 29.58183 -72.562775 -6.3439336
  vertex 31.818964 -67.161835 -5.5557027
  vertex 39.195206 -70.650536 -5.5557027
 endloop
endfacet
facet normal 0.05719968 0.12093838 -0.99101067
 outer loop
  vertex 29.58183 -72.562775 -6.3439336
  vertex 39.195206 -70.650536 -5.5557027
  vertex 36.43946 -75.8062 -6.3439336
 endloop
endfacet
facet normal 0.057199746 0.12093851 0.99101067
 outer loop
  vertex 31.818964 -67.161835 5.5557027
  vertex 29.58183 -72.562775 6.3439336
  vertex 36.43946 -75.8062 6.3439336
 endloop
endfacet
facet normal 0.05719959 0.12093843 0.99101067
 outer loop
  vertex 31.818964 -67.161835 5.5557027
  vertex 36.43946 -75.8062 6.3439336
  vertex 39.195206 -70.650536 5.5557027
 endloop
endfacet
facet normal 0.04694487 0.09925643 -0.99395394
 outer loop
  vertex 27.059805 -78.65147 -7.071068
  vertex 29.58183 -72.562775 -6.3439336
  vertex 36.43946 -75.8062 -6.3439336
 endloop
endfacet
facet normal 0.046944827 0.099256545 -0.9939539
 outer loop
  vertex 27.059805 -78.65147 -7.071068
  vertex 36.43946 -75.8062 -6.3439336
  vertex 33.332783 -81.61836 -7.071068
 endloop
endfacet
facet normal 0.07044333 0.14893998 0.98633397
 outer loop
  vertex 33.749664 -62.500717 4.713968
  vertex 31.818964 -67.161835 5.5557027
  vertex 39.195206 -70.650536 5.5557027
 endloop
endfacet
facet normal 0.0704433 0.14893995 0.9863339
 outer loop
  vertex 33.749664 -62.500717 4.713968
  vertex 39.195206 -70.650536 5.5557027
  vertex 41.57348 -66.2011 4.713968
 endloop
endfacet
facet normal 0.038639266 0.0816959 -0.995908
 outer loop
  vertex 24.27718 -85.369316 -7.730104
  vertex 27.059805 -78.65147 -7.071068
  vertex 33.332783 -81.61836 -7.071068
 endloop
endfacet
facet normal 0.03863933 0.081695765 -0.995908
 outer loop
  vertex 24.27718 -85.369316 -7.730104
  vertex 33.332783 -81.61836 -7.071068
  vertex 29.905092 -88.03113 -7.730104
 endloop
endfacet
facet normal 0.08854597 0.18721487 0.97832006
 outer loop
  vertex 35.355335 -58.62429 3.8268344
  vertex 33.749664 -62.500717 4.713968
  vertex 41.57348 -66.2011 4.713968
 endloop
endfacet
facet normal 0.088546254 0.18721507 0.97832
 outer loop
  vertex 35.355335 -58.62429 3.8268344
  vertex 41.57348 -66.2011 4.713968
  vertex 43.551373 -62.500732 3.8268344
 endloop
endfacet
facet normal 0.031660832 0.066941015 -0.9972545
 outer loop
  vertex 21.260754 -92.65162 -8.314696
  vertex 24.27718 -85.369316 -7.730104
  vertex 29.905092 -88.03113 -7.730104
 endloop
endfacet
facet normal 0.031660795 0.06694109 -0.9972545
 outer loop
  vertex 21.260754 -92.65162 -8.314696
  vertex 29.905092 -88.03113 -7.730104
  vertex 26.1894 -94.9827 -8.314696
 endloop
endfacet
facet normal 0.11521168 0.2435943 0.9630099
 outer loop
  vertex 36.62052 -55.569847 2.9028468
  vertex 35.355335 -58.62429 3.8268344
  vertex 43.551373 -62.500732 3.8268344
 endloop
endfacet
facet normal 0.11521159 0.24359423 0.9630099
 outer loop
  vertex 36.62052 -55.569847 2.9028468
  vertex 43.551373 -62.500732 3.8268344
  vertex 45.109856 -59.585007 2.9028468
 endloop
endfacet
facet normal 0.025611512 0.054150958 -0.9982043
 outer loop
  vertex 18.039574 -100.42824 -8.819213
  vertex 21.260754 -92.65162 -8.314696
  vertex 26.1894 -94.9827 -8.314696
 endloop
endfacet
facet normal 0.025611496 0.054150973 -0.9982042
 outer loop
  vertex 18.039574 -100.42824 -8.819213
  vertex 26.1894 -94.9827 -8.314696
  vertex 22.221489 -102.406136 -8.819213
 endloop
endfacet
facet normal 0.1586899 0.3355213 0.9285704
 outer loop
  vertex 37.533024 -53.366882 1.9509033
  vertex 36.62052 -55.569847 2.9028468
  vertex 45.109856 -59.585007 2.9028468
 endloop
endfacet
facet normal 0.15868948 0.33552086 0.9285706
 outer loop
  vertex 37.533024 -53.366882 1.9509033
  vertex 45.109856 -59.585007 2.9028468
  vertex 46.233894 -57.482086 1.9509033
 endloop
endfacet
facet normal 0.0021029888 0.004446322 0.99998796
 outer loop
  vertex 3.7509532 -134.92401 9.951847
  vertex 0 -143.97961 10
  vertex 4.620496 -135.33528 9.951847
 endloop
endfacet
facet normal 0.020223575 0.042759176 -0.9988807
 outer loop
  vertex 14.644662 -108.62427 -9.238795
  vertex 18.039574 -100.42824 -8.819213
  vertex 22.221489 -102.406136 -8.819213
 endloop
endfacet
facet normal 0.020223651 0.04275909 -0.9988807
 outer loop
  vertex 14.644662 -108.62427 -9.238795
  vertex 22.221489 -102.406136 -8.819213
  vertex 18.039574 -110.22995 -9.238795
 endloop
endfacet
facet normal 0.23919415 0.5057337 0.82886636
 outer loop
  vertex 38.08407 -52.036537 0.9801714
  vertex 37.533024 -53.366882 1.9509033
  vertex 46.233894 -57.482086 1.9509033
 endloop
endfacet
facet normal 0.2391952 0.50573516 0.8288653
 outer loop
  vertex 38.08407 -52.036537 0.9801714
  vertex 46.233894 -57.482086 1.9509033
  vertex 46.91268 -56.212166 0.9801714
 endloop
endfacet
facet normal 0.111071534 0.23483698 0.9656681
 outer loop
  vertex 7.465784 -125.95562 7.3435783
  vertex 3.7509532 -134.92401 9.951847
  vertex 4.620496 -135.33528 9.951847
 endloop
endfacet
facet normal 0.11106986 0.2348375 0.9656681
 outer loop
  vertex 7.465784 -125.95562 7.3435783
  vertex 4.620496 -135.33528 9.951847
  vertex 9.196495 -126.774185 7.3435783
 endloop
endfacet
facet normal 0.015306872 0.032363486 -0.99935895
 outer loop
  vertex 11.108713 -117.160805 -9.569404
  vertex 14.644662 -108.62427 -9.238795
  vertex 18.039574 -110.22995 -9.238795
 endloop
endfacet
facet normal 0.015306844 0.03236352 -0.99935895
 outer loop
  vertex 11.108713 -117.160805 -9.569404
  vertex 18.039574 -110.22995 -9.238795
  vertex 13.683925 -118.37879 -9.569404
 endloop
endfacet
facet normal 0.023195984 0.049043722 -0.9985273
 outer loop
  vertex 30.917881 -68.60341 0
  vertex 38.08407 -52.036537 0.9801714
  vertex 46.91268 -56.212166 0.9801714
 endloop
endfacet
facet normal 0.023337161 0.048861925 -0.9985328
 outer loop
  vertex 30.917881 -68.60341 0
  vertex 46.91268 -56.212166 0.9801714
  vertex 38.085236 -72.02664 0
 endloop
endfacet
facet normal 0.010719161 0.022663759 0.99968565
 outer loop
  vertex 11.108713 -117.160805 7.1051307
  vertex 7.465784 -125.95562 7.3435783
  vertex 9.196495 -126.774185 7.3435783
 endloop
endfacet
facet normal 0.010719175 0.022663752 0.9996857
 outer loop
  vertex 11.108713 -117.160805 7.1051307
  vertex 9.196495 -126.774185 7.3435783
  vertex 13.683925 -118.37879 7.1051307
 endloop
endfacet
facet normal -0.059088897 -0.1249327 -0.9904042
 outer loop
  vertex 7.465784 -125.95562 -8.242656
  vertex 11.108713 -117.160805 -9.569404
  vertex 13.683925 -118.37879 -9.569404
 endloop
endfacet
facet normal -0.059088808 -0.12493275 -0.9904041
 outer loop
  vertex 7.465784 -125.95562 -8.242656
  vertex 13.683925 -118.37879 -9.569404
  vertex 9.196495 -126.774185 -8.242656
 endloop
endfacet
facet normal 0.023384945 0.04896196 0.9985268
 outer loop
  vertex 38.08407 -52.036537 -0.9801714
  vertex 30.917881 -68.60341 0
  vertex 38.085236 -72.02664 0
 endloop
endfacet
facet normal 0.023157436 0.04896221 0.9985321
 outer loop
  vertex 38.08407 -52.036537 -0.9801714
  vertex 38.085236 -72.02664 0
  vertex 46.91268 -56.212166 -0.9801714
 endloop
endfacet
facet normal -0.0963094 -0.20362866 0.97429967
 outer loop
  vertex 14.644662 -108.62427 9.238795
  vertex 11.108713 -117.160805 7.1051307
  vertex 13.683925 -118.37879 7.1051307
 endloop
endfacet
facet normal -0.09630969 -0.20362866 0.9742997
 outer loop
  vertex 14.644662 -108.62427 9.238795
  vertex 13.683925 -118.37879 7.1051307
  vertex 18.039574 -110.22995 9.238795
 endloop
endfacet
facet normal -0.014875913 -0.031452473 -0.99939454
 outer loop
  vertex 3.7509532 -134.92401 -7.905112
  vertex 7.465784 -125.95562 -8.242656
  vertex 9.196495 -126.774185 -8.242656
 endloop
endfacet
facet normal -0.014876118 -0.031452335 -0.9993946
 outer loop
  vertex 3.7509532 -134.92401 -7.905112
  vertex 9.196495 -126.774185 -8.242656
  vertex 4.620496 -135.33528 -7.905112
 endloop
endfacet
facet normal 0.2391945 0.50573367 -0.8288664
 outer loop
  vertex 37.533024 -53.366882 -1.9509033
  vertex 38.08407 -52.036537 -0.9801714
  vertex 46.91268 -56.212166 -0.9801714
 endloop
endfacet
facet normal 0.23919488 0.5057353 -0.82886523
 outer loop
  vertex 37.533024 -53.366882 -1.9509033
  vertex 46.91268 -56.212166 -0.9801714
  vertex 46.233894 -57.482086 -1.9509033
 endloop
endfacet
facet normal 0.12709819 0.2687251 0.95479465
 outer loop
  vertex 18.039574 -100.42824 6.4801226
  vertex 14.644662 -108.62427 9.238795
  vertex 18.039574 -110.22995 9.238795
 endloop
endfacet
facet normal 0.12709743 0.26872513 0.95479476
 outer loop
  vertex 18.039574 -100.42824 6.4801226
  vertex 18.039574 -110.22995 9.238795
  vertex 22.221489 -102.406136 6.4801226
 endloop
endfacet
facet normal -0.25921187 -0.548048 -0.79526883
 outer loop
  vertex 1.8754766 -139.45181 -4.1735454
  vertex 3.7509532 -134.92401 -7.905112
  vertex 4.620496 -135.33528 -7.905112
 endloop
endfacet
facet normal -0.25920403 -0.5480525 -0.7952683
 outer loop
  vertex 1.8754766 -139.45181 -4.1735454
  vertex 4.620496 -135.33528 -7.905112
  vertex 2.310248 -139.65744 -4.1735454
 endloop
endfacet
facet normal 0.10647009 0.17763457 -0.97832
 outer loop
  vertex 41.57348 -66.2011 -4.713968
  vertex 43.551373 -62.500732 -3.8268344
  vertex 51.327988 -67.16186 -3.8268344
 endloop
endfacet
facet normal 0.10647009 0.17763454 -0.97831994
 outer loop
  vertex 41.57348 -66.2011 -4.713968
  vertex 51.327988 -67.16186 -3.8268344
  vertex 48.996918 -70.65054 -4.713968
 endloop
endfacet
facet normal 0.046460804 0.07751509 0.995908
 outer loop
  vertex 33.332783 -81.61836 7.071068
  vertex 29.905092 -88.03113 7.730104
  vertex 35.245003 -91.23175 7.730104
 endloop
endfacet
facet normal 0.046460804 0.07751509 0.995908
 outer loop
  vertex 33.332783 -81.61836 7.071068
  vertex 35.245003 -91.23175 7.730104
  vertex 39.284748 -85.18584 7.071068
 endloop
endfacet
facet normal 0.084702834 0.14131808 -0.9863339
 outer loop
  vertex 39.195206 -70.650536 -5.5557027
  vertex 41.57348 -66.2011 -4.713968
  vertex 48.996918 -70.65054 -4.713968
 endloop
endfacet
facet normal 0.084702834 0.14131792 -0.98633397
 outer loop
  vertex 39.195206 -70.650536 -5.5557027
  vertex 48.996918 -70.65054 -4.713968
  vertex 46.193977 -74.84544 -5.5557027
 endloop
endfacet
facet normal 0.056447674 0.09417716 0.9939539
 outer loop
  vertex 36.43946 -75.8062 6.3439336
  vertex 33.332783 -81.61836 7.071068
  vertex 39.284748 -85.18584 7.071068
 endloop
endfacet
facet normal 0.056447707 0.094177164 0.9939538
 outer loop
  vertex 36.43946 -75.8062 6.3439336
  vertex 39.284748 -85.18584 7.071068
  vertex 42.94616 -79.70617 6.3439336
 endloop
endfacet
facet normal 0.068778306 0.11474951 -0.99101067
 outer loop
  vertex 36.43946 -75.8062 -6.3439336
  vertex 39.195206 -70.650536 -5.5557027
  vertex 46.193977 -74.84544 -5.5557027
 endloop
endfacet
facet normal 0.0687783 0.11474949 -0.99101067
 outer loop
  vertex 36.43946 -75.8062 -6.3439336
  vertex 46.193977 -74.84544 -5.5557027
  vertex 42.94616 -79.70617 -6.3439336
 endloop
endfacet
facet normal 0.06877831 0.114749506 0.99101067
 outer loop
  vertex 39.195206 -70.650536 5.5557027
  vertex 36.43946 -75.8062 6.3439336
  vertex 42.94616 -79.70617 6.3439336
 endloop
endfacet
facet normal 0.0687783 0.11474951 0.99101067
 outer loop
  vertex 39.195206 -70.650536 5.5557027
  vertex 42.94616 -79.70617 6.3439336
  vertex 46.193977 -74.84544 5.5557027
 endloop
endfacet
facet normal 0.056447696 0.09417715 -0.99395394
 outer loop
  vertex 33.332783 -81.61836 -7.071068
  vertex 36.43946 -75.8062 -6.3439336
  vertex 42.94616 -79.70617 -6.3439336
 endloop
endfacet
facet normal 0.056447692 0.094177194 -0.9939539
 outer loop
  vertex 33.332783 -81.61836 -7.071068
  vertex 42.94616 -79.70617 -6.3439336
  vertex 39.284748 -85.18584 -7.071068
 endloop
endfacet
facet normal 0.084702894 0.14131805 0.98633397
 outer loop
  vertex 41.57348 -66.2011 4.713968
  vertex 39.195206 -70.650536 5.5557027
  vertex 46.193977 -74.84544 5.5557027
 endloop
endfacet
facet normal 0.084702775 0.14131798 0.98633397
 outer loop
  vertex 41.57348 -66.2011 4.713968
  vertex 46.193977 -74.84544 5.5557027
  vertex 48.996918 -70.65054 4.713968
 endloop
endfacet
facet normal 0.04646081 0.077515095 -0.995908
 outer loop
  vertex 29.905092 -88.03113 -7.730104
  vertex 33.332783 -81.61836 -7.071068
  vertex 39.284748 -85.18584 -7.071068
 endloop
endfacet
facet normal 0.046460807 0.07751509 -0.995908
 outer loop
  vertex 29.905092 -88.03113 -7.730104
  vertex 39.284748 -85.18584 -7.071068
  vertex 35.245003 -91.23175 -7.730104
 endloop
endfacet
facet normal 0.1064701 0.17763455 0.97831994
 outer loop
  vertex 43.551373 -62.500732 3.8268344
  vertex 41.57348 -66.2011 4.713968
  vertex 48.996918 -70.65054 4.713968
 endloop
endfacet
facet normal 0.106470086 0.17763457 0.97832006
 outer loop
  vertex 43.551373 -62.500732 3.8268344
  vertex 48.996918 -70.65054 4.713968
  vertex 51.327988 -67.16186 3.8268344
 endloop
endfacet
facet normal 0.03806973 0.06351544 -0.9972545
 outer loop
  vertex 26.1894 -94.9827 -8.314696
  vertex 29.905092 -88.03113 -7.730104
  vertex 35.245003 -91.23175 -7.730104
 endloop
endfacet
facet normal 0.03806974 0.0635154 -0.9972545
 outer loop
  vertex 26.1894 -94.9827 -8.314696
  vertex 35.245003 -91.23175 -7.730104
  vertex 30.865828 -97.785645 -8.314696
 endloop
endfacet
facet normal 0.13853319 0.2311286 0.9630099
 outer loop
  vertex 45.109856 -59.585007 2.9028468
  vertex 43.551373 -62.500732 3.8268344
  vertex 51.327988 -67.16186 3.8268344
 endloop
endfacet
facet normal 0.13853335 0.23112872 0.96300983
 outer loop
  vertex 45.109856 -59.585007 2.9028468
  vertex 51.327988 -67.16186 3.8268344
  vertex 53.164757 -64.41293 2.9028468
 endloop
endfacet
facet normal 0.030795945 0.051379837 -0.9982043
 outer loop
  vertex 22.221489 -102.406136 -8.819213
  vertex 26.1894 -94.9827 -8.314696
  vertex 30.865828 -97.785645 -8.314696
 endloop
endfacet
facet normal 0.030795906 0.05137989 -0.9982042
 outer loop
  vertex 22.221489 -102.406136 -8.819213
  vertex 30.865828 -97.785645 -8.314696
  vertex 26.1894 -104.78441 -8.819213
 endloop
endfacet
facet normal 0.19081229 0.31835076 0.9285706
 outer loop
  vertex 46.233894 -57.482086 1.9509033
  vertex 45.109856 -59.585007 2.9028468
  vertex 53.164757 -64.41293 2.9028468
 endloop
endfacet
facet normal 0.1908122 0.3183507 0.9285706
 outer loop
  vertex 46.233894 -57.482086 1.9509033
  vertex 53.164757 -64.41293 2.9028468
  vertex 54.489506 -62.430313 1.9509033
 endloop
endfacet
facet normal 0.0025286283 0.004218813 0.99998796
 outer loop
  vertex 4.620496 -135.33528 9.951847
  vertex 0 -143.97961 10
  vertex 5.4455404 -135.82979 9.951847
 endloop
endfacet
facet normal 0.024317298 0.04057098 -0.9988807
 outer loop
  vertex 18.039574 -110.22995 -9.238795
  vertex 22.221489 -102.406136 -8.819213
  vertex 26.1894 -104.78441 -8.819213
 endloop
endfacet
facet normal 0.024317259 0.040571038 -0.9988807
 outer loop
  vertex 18.039574 -110.22995 -9.238795
  vertex 26.1894 -104.78441 -8.819213
  vertex 21.260754 -112.160645 -9.238795
 endloop
endfacet
facet normal 0.28761408 0.4798547 0.8288653
 outer loop
  vertex 46.91268 -56.212166 0.9801714
  vertex 46.233894 -57.482086 1.9509033
  vertex 54.489506 -62.430313 1.9509033
 endloop
endfacet
facet normal 0.28761283 0.47985336 0.8288665
 outer loop
  vertex 46.91268 -56.212166 0.9801714
  vertex 54.489506 -62.430313 1.9509033
  vertex 55.289497 -61.233032 0.9801714
 endloop
endfacet
facet normal 0.13355193 0.2228206 0.9656681
 outer loop
  vertex 9.196495 -126.774185 7.3435783
  vertex 4.620496 -135.33528 9.951847
  vertex 5.4455404 -135.82979 9.951847
 endloop
endfacet
facet normal 0.1335529 0.22282013 0.965668
 outer loop
  vertex 9.196495 -126.774185 7.3435783
  vertex 5.4455404 -135.82979 9.951847
  vertex 10.838638 -127.758446 7.3435783
 endloop
endfacet
facet normal 0.01840524 0.03070739 -0.99935895
 outer loop
  vertex 13.683925 -118.37879 -9.569404
  vertex 18.039574 -110.22995 -9.238795
  vertex 21.260754 -112.160645 -9.238795
 endloop
endfacet
facet normal 0.018405253 0.030707376 -0.99935895
 outer loop
  vertex 13.683925 -118.37879 -9.569404
  vertex 21.260754 -112.160645 -9.238795
  vertex 16.127352 -119.84332 -9.569404
 endloop
endfacet
facet normal 0.02779532 0.046373725 -0.9985374
 outer loop
  vertex 38.085236 -72.02664 0
  vertex 46.91268 -56.212166 0.9801714
  vertex 55.289497 -61.233032 0.9801714
 endloop
endfacet
facet normal 0.027934594 0.046152305 -0.99854386
 outer loop
  vertex 38.085236 -72.02664 0
  vertex 55.289497 -61.233032 0.9801714
  vertex 44.885807 -76.14282 0
 endloop
endfacet
facet normal 0.0128889615 0.021503983 0.99968565
 outer loop
  vertex 13.683925 -118.37879 7.1051307
  vertex 9.196495 -126.774185 7.3435783
  vertex 10.838638 -127.758446 7.3435783
 endloop
endfacet
facet normal 0.012888966 0.021503983 0.9996857
 outer loop
  vertex 13.683925 -118.37879 7.1051307
  vertex 10.838638 -127.758446 7.3435783
  vertex 16.127352 -119.84332 7.1051307
 endloop
endfacet
facet normal -0.07104972 -0.11853953 -0.99040407
 outer loop
  vertex 9.196495 -126.774185 -8.242656
  vertex 13.683925 -118.37879 -9.569404
  vertex 16.127352 -119.84332 -9.569404
 endloop
endfacet
facet normal -0.0710497 -0.11853955 -0.9904041
 outer loop
  vertex 9.196495 -126.774185 -8.242656
  vertex 16.127352 -119.84332 -9.569404
  vertex 10.838638 -127.758446 -8.242656
 endloop
endfacet
facet normal 0.027999582 0.046259675 0.99853694
 outer loop
  vertex 46.91268 -56.212166 -0.9801714
  vertex 38.085236 -72.02664 0
  vertex 44.885807 -76.14282 0
 endloop
endfacet
facet normal 0.027742798 0.046286084 0.99854296
 outer loop
  vertex 46.91268 -56.212166 -0.9801714
  vertex 44.885807 -76.14282 0
  vertex 55.289497 -61.233032 -0.9801714
 endloop
endfacet
facet normal -0.11580446 -0.19320846 0.97429967
 outer loop
  vertex 18.039574 -110.22995 9.238795
  vertex 13.683925 -118.37879 7.1051307
  vertex 16.127352 -119.84332 7.1051307
 endloop
endfacet
facet normal -0.11580435 -0.1932085 0.97429967
 outer loop
  vertex 18.039574 -110.22995 9.238795
  vertex 16.127352 -119.84332 7.1051307
  vertex 21.260754 -112.160645 9.238795
 endloop
endfacet
facet normal -0.017887121 -0.029842926 -0.99939454
 outer loop
  vertex 4.620496 -135.33528 -7.905112
  vertex 9.196495 -126.774185 -8.242656
  vertex 10.838638 -127.758446 -8.242656
 endloop
endfacet
facet normal -0.017887006 -0.029843025 -0.9993946
 outer loop
  vertex 4.620496 -135.33528 -7.905112
  vertex 10.838638 -127.758446 -8.242656
  vertex 5.4455404 -135.82979 -7.905112
 endloop
endfacet
facet normal 0.28761372 0.47985488 -0.82886535
 outer loop
  vertex 46.233894 -57.482086 -1.9509033
  vertex 46.91268 -56.212166 -0.9801714
  vertex 55.289497 -61.233032 -0.9801714
 endloop
endfacet
facet normal 0.28761318 0.4798532 -0.8288665
 outer loop
  vertex 46.233894 -57.482086 -1.9509033
  vertex 55.289497 -61.233032 -0.9801714
  vertex 54.489506 -62.430313 -1.9509033
 endloop
endfacet
facet normal 0.15282477 0.2549736 0.9547948
 outer loop
  vertex 22.221489 -102.406136 6.4801226
  vertex 18.039574 -110.22995 9.238795
  vertex 21.260754 -112.160645 9.238795
 endloop
endfacet
facet normal 0.15282518 0.25497353 0.95479476
 outer loop
  vertex 22.221489 -102.406136 6.4801226
  vertex 21.260754 -112.160645 9.238795
  vertex 26.1894 -104.78441 6.4801226
 endloop
endfacet
facet normal -0.31167588 -0.520006 -0.7952684
 outer loop
  vertex 2.310248 -139.65744 -4.1735454
  vertex 4.620496 -135.33528 -7.905112
  vertex 5.4455404 -135.82979 -7.905112
 endloop
endfacet
facet normal -0.31167597 -0.520006 -0.7952684
 outer loop
  vertex 2.310248 -139.65744 -4.1735454
  vertex 5.4455404 -135.82979 -7.905112
  vertex 2.7227702 -139.9047 -4.1735454
 endloop
endfacet
facet normal 0.19081226 0.3183508 -0.9285706
 outer loop
  vertex 45.109856 -59.585007 -2.9028468
  vertex 46.233894 -57.482086 -1.9509033
  vertex 54.489506 -62.430313 -1.9509033
 endloop
endfacet
facet normal 0.19081225 0.31835067 -0.9285707
 outer loop
  vertex 45.109856 -59.585007 -2.9028468
  vertex 54.489506 -62.430313 -1.9509033
  vertex 53.164757 -64.41293 -2.9028468
 endloop
endfacet
facet normal 0.03079589 0.051379863 0.9982043
 outer loop
  vertex 26.1894 -94.9827 5.975606
  vertex 22.221489 -102.406136 6.4801226
  vertex 26.1894 -104.78441 6.4801226
 endloop
endfacet
facet normal 0.030795962 0.051379863 0.9982043
 outer loop
  vertex 26.1894 -94.9827 5.975606
  vertex 26.1894 -104.78441 6.4801226
  vertex 30.865828 -97.785645 5.975606
 endloop
endfacet
facet normal 0.13853326 0.23112856 -0.9630099
 outer loop
  vertex 43.551373 -62.500732 -3.8268344
  vertex 45.109856 -59.585007 -2.9028468
  vertex 53.164757 -64.41293 -2.9028468
 endloop
endfacet
facet normal 0.1385333 0.23112878 -0.9630099
 outer loop
  vertex 43.551373 -62.500732 -3.8268344
  vertex 53.164757 -64.41293 -2.9028468
  vertex 51.327988 -67.16186 -3.8268344
 endloop
endfacet
facet normal -0.11182746 -0.18657252 0.976056
 outer loop
  vertex 29.905092 -88.03113 7.730104
  vertex 26.1894 -94.9827 5.975606
  vertex 30.865828 -97.785645 5.975606
 endloop
endfacet
facet normal -0.11182742 -0.18657254 0.97605604
 outer loop
  vertex 29.905092 -88.03113 7.730104
  vertex 30.865828 -97.785645 5.975606
  vertex 35.245003 -91.23175 7.730104
 endloop
endfacet
facet normal 0.079694524 0.10745555 -0.99101067
 outer loop
  vertex 42.94616 -79.70617 -6.3439336
  vertex 46.193977 -74.84544 -5.5557027
  vertex 52.74787 -79.70615 -5.5557027
 endloop
endfacet
facet normal 0.079694524 0.107455455 -0.99101067
 outer loop
  vertex 42.94616 -79.70617 -6.3439336
  vertex 52.74787 -79.70615 -5.5557027
  vertex 49.03926 -84.22513 -6.3439336
 endloop
endfacet
facet normal 0.07969456 0.10745552 0.99101067
 outer loop
  vertex 46.193977 -74.84544 5.5557027
  vertex 42.94616 -79.70617 6.3439336
  vertex 49.03926 -84.22513 6.3439336
 endloop
endfacet
facet normal 0.07969449 0.1074555 0.99101067
 outer loop
  vertex 46.193977 -74.84544 5.5557027
  vertex 49.03926 -84.22513 6.3439336
  vertex 52.74787 -79.70615 5.5557027
 endloop
endfacet
facet normal 0.065406874 0.08819083 -0.9939538
 outer loop
  vertex 39.284748 -85.18584 -7.071068
  vertex 42.94616 -79.70617 -6.3439336
  vertex 49.03926 -84.22513 -6.3439336
 endloop
endfacet
facet normal 0.06540685 0.08819103 -0.9939539
 outer loop
  vertex 39.284748 -85.18584 -7.071068
  vertex 49.03926 -84.22513 -6.3439336
  vertex 44.85838 -89.31952 -7.071068
 endloop
endfacet
facet normal 0.09814653 0.13233517 0.98633397
 outer loop
  vertex 48.996918 -70.65054 4.713968
  vertex 46.193977 -74.84544 5.5557027
  vertex 52.74787 -79.70615 5.5557027
 endloop
endfacet
facet normal 0.09814655 0.13233517 0.98633397
 outer loop
  vertex 48.996918 -70.65054 4.713968
  vertex 52.74787 -79.70615 5.5557027
  vertex 55.948486 -75.80618 4.713968
 endloop
endfacet
facet normal 0.053834826 0.07258794 -0.995908
 outer loop
  vertex 35.245003 -91.23175 -7.730104
  vertex 39.284748 -85.18584 -7.071068
  vertex 44.85838 -89.31952 -7.071068
 endloop
endfacet
facet normal 0.05383482 0.072587974 -0.995908
 outer loop
  vertex 35.245003 -91.23175 -7.730104
  vertex 44.85838 -89.31952 -7.071068
  vertex 40.245483 -94.94035 -7.730104
 endloop
endfacet
facet normal 0.123368695 0.16634326 0.97832006
 outer loop
  vertex 51.327988 -67.16186 3.8268344
  vertex 48.996918 -70.65054 4.713968
  vertex 55.948486 -75.80618 4.713968
 endloop
endfacet
facet normal 0.12336834 0.16634308 0.9783201
 outer loop
  vertex 51.327988 -67.16186 3.8268344
  vertex 55.948486 -75.80618 4.713968
  vertex 58.610287 -72.562775 3.8268344
 endloop
endfacet
facet normal 0.044111926 0.05947815 -0.9972545
 outer loop
  vertex 30.865828 -97.785645 -8.314696
  vertex 35.245003 -91.23175 -7.730104
  vertex 40.245483 -94.94035 -7.730104
 endloop
endfacet
facet normal 0.1350243 -0.24801758 -0.9592996
 outer loop
  vertex 30.865828 -97.785645 -8.314696
  vertex 40.245483 -94.94035 -7.730104
  vertex 35.245 -101.03346 -6.858623
 endloop
endfacet
facet normal 0.16052073 0.2164373 0.9630099
 outer loop
  vertex 53.164757 -64.41293 2.9028468
  vertex 51.327988 -67.16186 3.8268344
  vertex 58.610287 -72.562775 3.8268344
 endloop
endfacet
facet normal 0.16052105 0.2164375 0.9630097
 outer loop
  vertex 53.164757 -64.41293 2.9028468
  vertex 58.610287 -72.562775 3.8268344
  vertex 60.70765 -70.007126 2.9028468
 endloop
endfacet
facet normal 0.24871443 -0.096713394 -0.9637363
 outer loop
  vertex 26.1894 -104.78441 -8.819213
  vertex 30.865828 -97.785645 -8.314696
  vertex 35.245 -101.03346 -6.858623
 endloop
endfacet
facet normal 0.26622167 -0.14458832 -0.9530059
 outer loop
  vertex 26.1894 -104.78441 -8.819213
  vertex 35.245 -101.03346 -6.858623
  vertex 29.905092 -107.54015 -7.3631396
 endloop
endfacet
facet normal 0.22109716 0.2981149 0.92857075
 outer loop
  vertex 54.489506 -62.430313 1.9509033
  vertex 53.164757 -64.41293 2.9028468
  vertex 60.70765 -70.007126 2.9028468
 endloop
endfacet
facet normal 0.22109722 0.29811493 0.9285707
 outer loop
  vertex 54.489506 -62.430313 1.9509033
  vertex 60.70765 -70.007126 2.9028468
  vertex 62.220352 -68.1639 1.9509033
 endloop
endfacet
facet normal 0.0029299841 0.0039506378 0.99998796
 outer loop
  vertex 5.4455404 -135.82979 9.951847
  vertex 0 -143.97961 10
  vertex 6.2181416 -136.40279 9.951847
 endloop
endfacet
facet normal 0.27634716 -0.13048775 -0.95215815
 outer loop
  vertex 21.260754 -112.160645 -9.238795
  vertex 26.1894 -104.78441 -8.819213
  vertex 29.905092 -107.54015 -7.3631396
 endloop
endfacet
facet normal 0.30597392 -0.1940792 -0.93204784
 outer loop
  vertex 21.260754 -112.160645 -9.238795
  vertex 29.905092 -107.54015 -7.3631396
  vertex 24.277182 -114.39778 -7.782722
 endloop
endfacet
facet normal 0.33326206 0.44935167 0.8288663
 outer loop
  vertex 55.289497 -61.233032 0.9801714
  vertex 54.489506 -62.430313 1.9509033
  vertex 62.220352 -68.1639 1.9509033
 endloop
endfacet
facet normal 0.3332614 0.4493511 0.82886696
 outer loop
  vertex 55.289497 -61.233032 0.9801714
  vertex 62.220352 -68.1639 1.9509033
  vertex 63.133846 -67.0508 0.9801714
 endloop
endfacet
facet normal 0.1547499 0.2086568 0.965668
 outer loop
  vertex 10.838638 -127.758446 7.3435783
  vertex 5.4455404 -135.82979 9.951847
  vertex 6.2181416 -136.40279 9.951847
 endloop
endfacet
facet normal 0.1547501 0.2086567 0.9656681
 outer loop
  vertex 10.838638 -127.758446 7.3435783
  vertex 6.2181416 -136.40279 9.951847
  vertex 12.3764 -128.89893 7.3435783
 endloop
endfacet
facet normal 0.32041606 -0.17402485 -0.9311546
 outer loop
  vertex 16.127352 -119.84332 -9.569404
  vertex 21.260754 -112.160645 -9.238795
  vertex 24.277182 -114.39778 -7.782722
 endloop
endfacet
facet normal 0.11322484 0.15266578 -0.98177046
 outer loop
  vertex 16.127352 -119.84332 -9.569404
  vertex 24.277182 -114.39778 -7.782722
  vertex 18.415464 -121.540306 -9.569404
 endloop
endfacet
facet normal 0.03208253 0.0432583 -0.9985486
 outer loop
  vertex 44.885807 -76.14282 0
  vertex 55.289497 -61.233032 0.9801714
  vertex 63.133846 -67.0508 0.9801714
 endloop
endfacet
facet normal 0.032208763 0.04300568 -0.9985554
 outer loop
  vertex 44.885807 -76.14282 0
  vertex 63.133846 -67.0508 0.9801714
  vertex 51.254105 -80.91231 0
 endloop
endfacet
facet normal 0.014934662 0.020137092 0.99968565
 outer loop
  vertex 16.127352 -119.84332 7.1051307
  vertex 10.838638 -127.758446 7.3435783
  vertex 12.3764 -128.89893 7.3435783
 endloop
endfacet
facet normal 0.014934704 0.020137073 0.9996857
 outer loop
  vertex 16.127352 -119.84332 7.1051307
  vertex 12.3764 -128.89893 7.3435783
  vertex 18.415464 -121.540306 7.1051307
 endloop
endfacet
facet normal -0.0823267 -0.111004494 -0.9904041
 outer loop
  vertex 10.838638 -127.758446 -8.242656
  vertex 16.127352 -119.84332 -9.569404
  vertex 18.415464 -121.540306 -9.569404
 endloop
endfacet
facet normal -0.08232654 -0.11100468 -0.9904041
 outer loop
  vertex 10.838638 -127.758446 -8.242656
  vertex 18.415464 -121.540306 -9.569404
  vertex 12.3764 -128.89893 -8.242656
 endloop
endfacet
facet normal 0.03228968 0.043113723 0.9985482
 outer loop
  vertex 55.289497 -61.233032 -0.9801714
  vertex 44.885807 -76.14282 0
  vertex 51.254105 -80.91231 0
 endloop
endfacet
facet normal 0.03201701 0.043169957 0.9985546
 outer loop
  vertex 55.289497 -61.233032 -0.9801714
  vertex 51.254105 -80.91231 0
  vertex 63.133846 -67.0508 -0.9801714
 endloop
endfacet
facet normal -0.13418487 -0.180927 0.97429967
 outer loop
  vertex 21.260754 -112.160645 9.238795
  vertex 16.127352 -119.84332 7.1051307
  vertex 18.415464 -121.540306 7.1051307
 endloop
endfacet
facet normal -0.13418473 -0.18092705 0.9742997
 outer loop
  vertex 21.260754 -112.160645 9.238795
  vertex 18.415464 -121.540306 7.1051307
  vertex 24.277182 -114.39778 9.238795
 endloop
endfacet
facet normal -0.020726118 -0.02794598 -0.99939454
 outer loop
  vertex 5.4455404 -135.82979 -7.905112
  vertex 10.838638 -127.758446 -8.242656
  vertex 12.3764 -128.89893 -8.242656
 endloop
endfacet
facet normal -0.020726101 -0.027946023 -0.9993945
 outer loop
  vertex 5.4455404 -135.82979 -7.905112
  vertex 12.3764 -128.89893 -8.242656
  vertex 6.2181416 -136.40279 -7.905112
 endloop
endfacet
facet normal 0.33326194 0.44935182 -0.82886636
 outer loop
  vertex 54.489506 -62.430313 -1.9509033
  vertex 55.289497 -61.233032 -0.9801714
  vertex 63.133846 -67.0508 -0.9801714
 endloop
endfacet
facet normal 0.33326155 0.449351 -0.828867
 outer loop
  vertex 54.489506 -62.430313 -1.9509033
  vertex 63.133846 -67.0508 -0.9801714
  vertex 62.220352 -68.1639 -1.9509033
 endloop
endfacet
facet normal 0.17708118 0.2387662 0.95479476
 outer loop
  vertex 26.1894 -104.78441 6.4801226
  vertex 21.260754 -112.160645 9.238795
  vertex 24.277182 -114.39778 9.238795
 endloop
endfacet
facet normal 0.17708105 0.23876622 0.95479476
 outer loop
  vertex 26.1894 -104.78441 6.4801226
  vertex 24.277182 -114.39778 9.238795
  vertex 29.905092 -107.54015 6.4801226
 endloop
endfacet
facet normal -0.36114618 -0.486951 -0.79526854
 outer loop
  vertex 2.7227702 -139.9047 -4.1735454
  vertex 5.4455404 -135.82979 -7.905112
  vertex 6.2181416 -136.40279 -7.905112
 endloop
endfacet
facet normal -0.36115786 -0.48694047 -0.7952697
 outer loop
  vertex 2.7227702 -139.9047 -4.1735454
  vertex 6.2181416 -136.40279 -7.905112
  vertex 3.1090708 -140.19121 -4.1735454
 endloop
endfacet
facet normal 0.22109717 0.2981149 -0.9285707
 outer loop
  vertex 53.164757 -64.41293 -2.9028468
  vertex 54.489506 -62.430313 -1.9509033
  vertex 62.220352 -68.1639 -1.9509033
 endloop
endfacet
facet normal 0.22109719 0.29811496 -0.9285707
 outer loop
  vertex 53.164757 -64.41293 -2.9028468
  vertex 62.220352 -68.1639 -1.9509033
  vertex 60.70765 -70.007126 -2.9028468
 endloop
endfacet
facet normal 0.035683732 0.048113953 0.9982042
 outer loop
  vertex 30.865828 -97.785645 5.975606
  vertex 26.1894 -104.78441 6.4801226
  vertex 29.905092 -107.54015 6.4801226
 endloop
endfacet
facet normal 0.035683773 0.04811395 0.9982043
 outer loop
  vertex 30.865828 -97.785645 5.975606
  vertex 29.905092 -107.54015 6.4801226
  vertex 35.245 -101.03346 5.975606
 endloop
endfacet
facet normal 0.16052085 0.2164372 -0.9630099
 outer loop
  vertex 51.327988 -67.16186 -3.8268344
  vertex 53.164757 -64.41293 -2.9028468
  vertex 60.70765 -70.007126 -2.9028468
 endloop
endfacet
facet normal 0.16052094 0.21643761 -0.9630098
 outer loop
  vertex 51.327988 -67.16186 -3.8268344
  vertex 60.70765 -70.007126 -2.9028468
  vertex 58.610287 -72.562775 -3.8268344
 endloop
endfacet
facet normal -0.12957622 -0.17471313 0.976056
 outer loop
  vertex 35.245003 -91.23175 7.730104
  vertex 30.865828 -97.785645 5.975606
  vertex 35.245 -101.03346 5.975606
 endloop
endfacet
facet normal -0.12957588 -0.17471313 0.97605604
 outer loop
  vertex 35.245003 -91.23175 7.730104
  vertex 35.245 -101.03346 5.975606
  vertex 40.245483 -94.94035 7.730104
 endloop
endfacet
facet normal 0.12336855 0.16634336 -0.97832006
 outer loop
  vertex 48.996918 -70.65054 -4.713968
  vertex 51.327988 -67.16186 -3.8268344
  vertex 58.610287 -72.562775 -3.8268344
 endloop
endfacet
facet normal 0.12336848 0.16634297 -0.9783201
 outer loop
  vertex 48.996918 -70.65054 -4.713968
  vertex 58.610287 -72.562775 -3.8268344
  vertex 55.948486 -75.80618 -4.713968
 endloop
endfacet
facet normal 0.053834803 0.07258795 0.995908
 outer loop
  vertex 39.284748 -85.18584 7.071068
  vertex 35.245003 -91.23175 7.730104
  vertex 40.245483 -94.94035 7.730104
 endloop
endfacet
facet normal 0.053834844 0.07258796 0.995908
 outer loop
  vertex 39.284748 -85.18584 7.071068
  vertex 40.245483 -94.94035 7.730104
  vertex 44.85838 -89.31952 7.071068
 endloop
endfacet
facet normal 0.09814653 0.13233516 -0.98633397
 outer loop
  vertex 46.193977 -74.84544 -5.5557027
  vertex 48.996918 -70.65054 -4.713968
  vertex 55.948486 -75.80618 -4.713968
 endloop
endfacet
facet normal 0.09814654 0.1323352 -0.98633397
 outer loop
  vertex 46.193977 -74.84544 -5.5557027
  vertex 55.948486 -75.80618 -4.713968
  vertex 52.74787 -79.70615 -5.5557027
 endloop
endfacet
facet normal 0.06540676 0.088190906 0.9939539
 outer loop
  vertex 42.94616 -79.70617 6.3439336
  vertex 39.284748 -85.18584 7.071068
  vertex 44.85838 -89.31952 7.071068
 endloop
endfacet
facet normal 0.06540696 0.088190936 0.9939538
 outer loop
  vertex 42.94616 -79.70617 6.3439336
  vertex 44.85838 -89.31952 7.071068
  vertex 49.03926 -84.22513 6.3439336
 endloop
endfacet
facet normal 0.060690526 0.066961646 -0.995908
 outer loop
  vertex 40.245483 -94.94035 -7.730104
  vertex 44.85838 -89.31952 -7.071068
  vertex 50 -93.979614 -7.071068
 endloop
endfacet
facet normal 0.060690526 0.066961624 -0.995908
 outer loop
  vertex 40.245483 -94.94035 -7.730104
  vertex 50 -93.979614 -7.071068
  vertex 44.858376 -99.12124 -7.730104
 endloop
endfacet
facet normal 0.13907889 0.15344974 0.9783201
 outer loop
  vertex 58.610287 -72.562775 3.8268344
  vertex 55.948486 -75.80618 4.713968
  vertex 62.36124 -81.61837 4.713968
 endloop
endfacet
facet normal 0.1390789 0.15344976 0.9783201
 outer loop
  vertex 58.610287 -72.562775 3.8268344
  vertex 62.36124 -81.61837 4.713968
  vertex 65.32813 -78.65148 3.8268344
 endloop
endfacet
facet normal -0.073886916 -0.081521586 -0.9939291
 outer loop
  vertex 35.245 -101.03346 -6.858623
  vertex 40.245483 -94.94035 -7.730104
  vertex 44.858376 -99.12124 -7.730104
 endloop
endfacet
facet normal -0.07388689 -0.081521705 -0.9939291
 outer loop
  vertex 35.245 -101.03346 -6.858623
  vertex 44.858376 -99.12124 -7.730104
  vertex 39.284744 -104.69487 -6.858623
 endloop
endfacet
facet normal 0.18096277 0.19966146 0.9630098
 outer loop
  vertex 60.70765 -70.007126 2.9028468
  vertex 58.610287 -72.562775 3.8268344
  vertex 65.32813 -78.65148 3.8268344
 endloop
endfacet
facet normal 0.18096296 0.19966154 0.96300966
 outer loop
  vertex 60.70765 -70.007126 2.9028468
  vertex 65.32813 -78.65148 3.8268344
  vertex 67.66589 -76.31372 2.9028468
 endloop
endfacet
facet normal 0.04022789 0.04438469 -0.9982043
 outer loop
  vertex 29.905092 -107.54015 -7.3631396
  vertex 35.245 -101.03346 -6.858623
  vertex 39.284744 -104.69487 -6.858623
 endloop
endfacet
facet normal 0.040227916 0.044384602 -0.9982042
 outer loop
  vertex 29.905092 -107.54015 -7.3631396
  vertex 39.284744 -104.69487 -6.858623
  vertex 33.332783 -110.646835 -7.3631396
 endloop
endfacet
facet normal 0.24925303 0.27500793 0.92857075
 outer loop
  vertex 62.220352 -68.1639 1.9509033
  vertex 60.70765 -70.007126 2.9028468
  vertex 67.66589 -76.31372 2.9028468
 endloop
endfacet
facet normal 0.24925259 0.27500767 0.928571
 outer loop
  vertex 62.220352 -68.1639 1.9509033
  vertex 67.66589 -76.31372 2.9028468
  vertex 69.35198 -74.62764 1.9509033
 endloop
endfacet
facet normal 0.0033030992 0.0036444273 0.99998796
 outer loop
  vertex 6.2181416 -136.40279 9.951847
  vertex 0 -143.97961 10
  vertex 6.9308586 -137.04875 9.951847
 endloop
endfacet
facet normal 0.031765096 0.035047337 -0.9988807
 outer loop
  vertex 24.277182 -114.39778 -7.782722
  vertex 29.905092 -107.54015 -7.3631396
  vertex 33.332783 -110.646835 -7.3631396
 endloop
endfacet
facet normal 0.031765092 0.035047356 -0.9988807
 outer loop
  vertex 24.277182 -114.39778 -7.782722
  vertex 33.332783 -110.646835 -7.3631396
  vertex 27.059807 -116.91981 -7.782722
 endloop
endfacet
facet normal 0.37570104 0.41452193 0.82886684
 outer loop
  vertex 63.133846 -67.0508 0.9801714
  vertex 62.220352 -68.1639 1.9509033
  vertex 69.35198 -74.62764 1.9509033
 endloop
endfacet
facet normal 0.375702 0.4145226 0.82886606
 outer loop
  vertex 63.133846 -67.0508 0.9801714
  vertex 69.35198 -74.62764 1.9509033
  vertex 70.37018 -73.609436 0.9801714
 endloop
endfacet
facet normal 0.17445645 0.19248408 0.965668
 outer loop
  vertex 12.3764 -128.89893 7.3435783
  vertex 6.2181416 -136.40279 9.951847
  vertex 6.9308586 -137.04875 9.951847
 endloop
endfacet
facet normal 0.17445745 0.19248347 0.965668
 outer loop
  vertex 12.3764 -128.89893 7.3435783
  vertex 6.9308586 -137.04875 9.951847
  vertex 13.79497 -130.18465 7.3435783
 endloop
endfacet
facet normal 0.12764347 0.14083277 -0.9817705
 outer loop
  vertex 18.415464 -121.540306 -9.569404
  vertex 24.277182 -114.39778 -7.782722
  vertex 27.059807 -116.91981 -7.782722
 endloop
endfacet
facet normal 0.12764332 0.14083293 -0.98177046
 outer loop
  vertex 18.415464 -121.540306 -9.569404
  vertex 27.059807 -116.91981 -7.782722
  vertex 20.526224 -123.453384 -9.569404
 endloop
endfacet
facet normal 0.036018886 0.03974065 -0.9985606
 outer loop
  vertex 51.254105 -80.91231 0
  vertex 63.133846 -67.0508 0.9801714
  vertex 70.37018 -73.609436 0.9801714
 endloop
endfacet
facet normal 0.03612341 0.03946798 -0.9985677
 outer loop
  vertex 51.254105 -80.91231 0
  vertex 70.37018 -73.609436 0.9801714
  vertex 57.128796 -86.28917 0
 endloop
endfacet
facet normal 0.016836582 0.018576244 0.99968565
 outer loop
  vertex 18.415464 -121.540306 7.1051307
  vertex 12.3764 -128.89893 7.3435783
  vertex 13.79497 -130.18465 7.3435783
 endloop
endfacet
facet normal 0.016836526 0.018576276 0.9996857
 outer loop
  vertex 18.415464 -121.540306 7.1051307
  vertex 13.79497 -130.18465 7.3435783
  vertex 20.526224 -123.453384 7.1051307
 endloop
endfacet
facet normal -0.09281049 -0.10240074 -0.9904041
 outer loop
  vertex 12.3764 -128.89893 -8.242656
  vertex 18.415464 -121.540306 -9.569404
  vertex 20.526224 -123.453384 -9.569404
 endloop
endfacet
facet normal -0.09281067 -0.1024005 -0.9904041
 outer loop
  vertex 12.3764 -128.89893 -8.242656
  vertex 20.526224 -123.453384 -9.569404
  vertex 13.79497 -130.18465 -8.242656
 endloop
endfacet
facet normal 0.036217302 0.039570566 0.9985602
 outer loop
  vertex 63.133846 -67.0508 -0.9801714
  vertex 51.254105 -80.91231 0
  vertex 57.128796 -86.28917 0
 endloop
endfacet
facet normal 0.035942722 0.039656613 0.99856675
 outer loop
  vertex 63.133846 -67.0508 -0.9801714
  vertex 57.128796 -86.28917 0
  vertex 70.37018 -73.609436 -0.9801714
 endloop
endfacet
facet normal -0.15127239 -0.1669036 0.9742997
 outer loop
  vertex 24.277182 -114.39778 9.238795
  vertex 18.415464 -121.540306 7.1051307
  vertex 20.526224 -123.453384 7.1051307
 endloop
endfacet
facet normal -0.15127257 -0.16690348 0.97429967
 outer loop
  vertex 24.277182 -114.39778 9.238795
  vertex 20.526224 -123.453384 7.1051307
  vertex 27.059807 -116.91981 9.238795
 endloop
endfacet
facet normal -0.023365568 -0.025779847 -0.99939454
 outer loop
  vertex 6.2181416 -136.40279 -7.905112
  vertex 12.3764 -128.89893 -8.242656
  vertex 13.79497 -130.18465 -8.242656
 endloop
endfacet
facet normal -0.023365458 -0.025779972 -0.9993946
 outer loop
  vertex 6.2181416 -136.40279 -7.905112
  vertex 13.79497 -130.18465 -8.242656
  vertex 6.9308586 -137.04875 -7.905112
 endloop
endfacet
facet normal 0.37570128 0.4145218 -0.82886684
 outer loop
  vertex 62.220352 -68.1639 -1.9509033
  vertex 63.133846 -67.0508 -0.9801714
  vertex 70.37018 -73.609436 -0.9801714
 endloop
endfacet
facet normal 0.3757018 0.4145228 -0.8288661
 outer loop
  vertex 62.220352 -68.1639 -1.9509033
  vertex 70.37018 -73.609436 -0.9801714
  vertex 69.35198 -74.62764 -1.9509033
 endloop
endfacet
facet normal 0.19963163 0.22025941 0.95479476
 outer loop
  vertex 29.905092 -107.54015 6.4801226
  vertex 24.277182 -114.39778 9.238795
  vertex 27.059807 -116.91981 9.238795
 endloop
endfacet
facet normal 0.19963174 0.2202594 0.9547947
 outer loop
  vertex 29.905092 -107.54015 6.4801226
  vertex 27.059807 -116.91981 9.238795
  vertex 33.332783 -110.646835 6.4801226
 endloop
endfacet
facet normal -0.4071356 -0.44920737 -0.7952693
 outer loop
  vertex 3.1090708 -140.19121 -4.1735454
  vertex 6.2181416 -136.40279 -7.905112
  vertex 6.9308586 -137.04875 -7.905112
 endloop
endfacet
facet normal -0.4071358 -0.44920737 -0.7952692
 outer loop
  vertex 3.1090708 -140.19121 -4.1735454
  vertex 6.9308586 -137.04875 -7.905112
  vertex 3.4654293 -140.51419 -4.1735454
 endloop
endfacet
facet normal 0.24925292 0.27500802 -0.92857075
 outer loop
  vertex 60.70765 -70.007126 -2.9028468
  vertex 62.220352 -68.1639 -1.9509033
  vertex 69.35198 -74.62764 -1.9509033
 endloop
endfacet
facet normal 0.24925269 0.27500755 -0.9285709
 outer loop
  vertex 60.70765 -70.007126 -2.9028468
  vertex 69.35198 -74.62764 -1.9509033
  vertex 67.66589 -76.31372 -2.9028468
 endloop
endfacet
facet normal 0.040227942 0.044384636 0.9982042
 outer loop
  vertex 35.245 -101.03346 5.975606
  vertex 29.905092 -107.54015 6.4801226
  vertex 33.332783 -110.646835 6.4801226
 endloop
endfacet
facet normal 0.04022786 0.044384655 0.9982043
 outer loop
  vertex 35.245 -101.03346 5.975606
  vertex 33.332783 -110.646835 6.4801226
  vertex 39.284744 -104.69487 5.975606
 endloop
endfacet
facet normal 0.18096283 0.1996614 -0.9630097
 outer loop
  vertex 58.610287 -72.562775 -3.8268344
  vertex 60.70765 -70.007126 -2.9028468
  vertex 67.66589 -76.31372 -2.9028468
 endloop
endfacet
facet normal 0.18096289 0.19966158 -0.96300966
 outer loop
  vertex 58.610287 -72.562775 -3.8268344
  vertex 67.66589 -76.31372 -2.9028468
  vertex 65.32813 -78.65148 -3.8268344
 endloop
endfacet
facet normal -0.14607684 -0.16117115 0.9760561
 outer loop
  vertex 40.245483 -94.94035 7.730104
  vertex 35.245 -101.03346 5.975606
  vertex 39.284744 -104.69487 5.975606
 endloop
endfacet
facet normal -0.14607713 -0.16117112 0.97605604
 outer loop
  vertex 40.245483 -94.94035 7.730104
  vertex 39.284744 -104.69487 5.975606
  vertex 44.858376 -99.12124 7.730104
 endloop
endfacet
facet normal 0.13907889 0.15344974 -0.9783201
 outer loop
  vertex 55.948486 -75.80618 -4.713968
  vertex 58.610287 -72.562775 -3.8268344
  vertex 65.32813 -78.65148 -3.8268344
 endloop
endfacet
facet normal 0.1390789 0.15344977 -0.9783201
 outer loop
  vertex 55.948486 -75.80618 -4.713968
  vertex 65.32813 -78.65148 -3.8268344
  vertex 62.36124 -81.61837 -4.713968
 endloop
endfacet
facet normal 0.060690537 0.06696163 0.995908
 outer loop
  vertex 44.85838 -89.31952 7.071068
  vertex 40.245483 -94.94035 7.730104
  vertex 44.858376 -99.12124 7.730104
 endloop
endfacet
facet normal 0.06069051 0.06696163 0.995908
 outer loop
  vertex 44.85838 -89.31952 7.071068
  vertex 44.858376 -99.12124 7.730104
  vertex 50 -93.979614 7.071068
 endloop
endfacet
facet normal 0.11064508 0.122077905 -0.98633397
 outer loop
  vertex 52.74787 -79.70615 -5.5557027
  vertex 55.948486 -75.80618 -4.713968
  vertex 62.36124 -81.61837 -4.713968
 endloop
endfacet
facet normal 0.1106451 0.122078046 -0.98633397
 outer loop
  vertex 52.74787 -79.70615 -5.5557027
  vertex 62.36124 -81.61837 -4.713968
  vertex 58.793777 -85.18584 -5.5557027
 endloop
endfacet
facet normal 0.073736176 0.081355296 0.9939539
 outer loop
  vertex 49.03926 -84.22513 6.3439336
  vertex 44.85838 -89.31952 7.071068
  vertex 50 -93.979614 7.071068
 endloop
endfacet
facet normal 0.07373615 0.081355296 0.9939539
 outer loop
  vertex 49.03926 -84.22513 6.3439336
  vertex 50 -93.979614 7.071068
  vertex 54.660088 -89.31955 6.3439336
 endloop
endfacet
facet normal 0.08984321 0.0991267 -0.99101067
 outer loop
  vertex 49.03926 -84.22513 -6.3439336
  vertex 52.74787 -79.70615 -5.5557027
  vertex 58.793777 -85.18584 -5.5557027
 endloop
endfacet
facet normal 0.089843206 0.0991267 -0.99101067
 outer loop
  vertex 49.03926 -84.22513 -6.3439336
  vertex 58.793777 -85.18584 -5.5557027
  vertex 54.660088 -89.31955 -6.3439336
 endloop
endfacet
facet normal 0.089843206 0.09912668 0.99101067
 outer loop
  vertex 52.74787 -79.70615 5.5557027
  vertex 49.03926 -84.22513 6.3439336
  vertex 54.660088 -89.31955 6.3439336
 endloop
endfacet
facet normal 0.08984321 0.09912669 0.99101067
 outer loop
  vertex 52.74787 -79.70615 5.5557027
  vertex 54.660088 -89.31955 6.3439336
  vertex 58.793777 -85.18584 5.5557027
 endloop
endfacet
facet normal 0.07373616 0.081355296 -0.9939538
 outer loop
  vertex 44.85838 -89.31952 -7.071068
  vertex 49.03926 -84.22513 -6.3439336
  vertex 54.660088 -89.31955 -6.3439336
 endloop
endfacet
facet normal 0.07373617 0.08135529 -0.9939539
 outer loop
  vertex 44.85838 -89.31952 -7.071068
  vertex 54.660088 -89.31955 -6.3439336
  vertex 50 -93.979614 -7.071068
 endloop
endfacet
facet normal 0.11064503 0.122077964 0.98633397
 outer loop
  vertex 55.948486 -75.80618 4.713968
  vertex 52.74787 -79.70615 5.5557027
  vertex 58.793777 -85.18584 5.5557027
 endloop
endfacet
facet normal 0.11064515 0.122077994 0.9863339
 outer loop
  vertex 55.948486 -75.80618 4.713968
  vertex 58.793777 -85.18584 5.5557027
  vertex 62.36124 -81.61837 4.713968
 endloop
endfacet
facet normal 0.04438466 0.040227868 -0.9982043
 outer loop
  vertex 33.332783 -110.646835 -7.3631396
  vertex 39.284744 -104.69487 -6.858623
  vertex 42.946156 -108.73462 -6.858623
 endloop
endfacet
facet normal 0.04438464 0.040227924 -0.9982042
 outer loop
  vertex 33.332783 -110.646835 -7.3631396
  vertex 42.946156 -108.73462 -6.858623
  vertex 36.43946 -114.074524 -7.3631396
 endloop
endfacet
facet normal 0.27500767 0.2492525 0.9285709
 outer loop
  vertex 69.35198 -74.62764 1.9509033
  vertex 67.66589 -76.31372 2.9028468
  vertex 73.97248 -83.271965 2.9028468
 endloop
endfacet
facet normal 0.2750074 0.24925236 0.92857105
 outer loop
  vertex 69.35198 -74.62764 1.9509033
  vertex 73.97248 -83.271965 2.9028468
  vertex 75.81572 -81.75927 1.9509033
 endloop
endfacet
facet normal 0.0036444303 0.0033030952 0.99998784
 outer loop
  vertex 6.9308586 -137.04875 9.951847
  vertex 0 -143.97961 10
  vertex 7.5768275 -137.76147 9.951847
 endloop
endfacet
facet normal 0.035047352 0.03176509 -0.9988807
 outer loop
  vertex 27.059807 -116.91981 -7.782722
  vertex 33.332783 -110.646835 -7.3631396
  vertex 36.43946 -114.074524 -7.3631396
 endloop
endfacet
facet normal 0.03504736 0.03176509 -0.9988808
 outer loop
  vertex 27.059807 -116.91981 -7.782722
  vertex 36.43946 -114.074524 -7.3631396
  vertex 29.581831 -119.70243 -7.782722
 endloop
endfacet
facet normal 0.41452286 0.3757019 0.82886606
 outer loop
  vertex 70.37018 -73.609436 0.9801714
  vertex 69.35198 -74.62764 1.9509033
  vertex 75.81572 -81.75927 1.9509033
 endloop
endfacet
facet normal 0.41452378 0.37570244 0.82886523
 outer loop
  vertex 70.37018 -73.609436 0.9801714
  vertex 75.81572 -81.75927 1.9509033
  vertex 76.92881 -80.84577 0.9801714
 endloop
endfacet
facet normal 0.19248453 0.17445634 0.965668
 outer loop
  vertex 13.79497 -130.18465 7.3435783
  vertex 6.9308586 -137.04875 9.951847
  vertex 7.5768275 -137.76147 9.951847
 endloop
endfacet
facet normal 0.1924832 0.17445736 0.9656681
 outer loop
  vertex 13.79497 -130.18465 7.3435783
  vertex 7.5768275 -137.76147 9.951847
  vertex 15.080687 -131.60321 7.3435783
 endloop
endfacet
facet normal 0.1408328 0.12764348 -0.9817705
 outer loop
  vertex 20.526224 -123.453384 -9.569404
  vertex 27.059807 -116.91981 -7.782722
  vertex 29.581831 -119.70243 -7.782722
 endloop
endfacet
facet normal 0.14083283 0.12764344 -0.98177046
 outer loop
  vertex 20.526224 -123.453384 -9.569404
  vertex 29.581831 -119.70243 -7.782722
  vertex 22.439308 -125.56415 -9.569404
 endloop
endfacet
facet normal 0.039572544 0.03586646 -0.99857277
 outer loop
  vertex 57.128796 -86.28917 0
  vertex 70.37018 -73.609436 0.9801714
  vertex 76.92881 -80.84577 0.9801714
 endloop
endfacet
facet normal 0.03964983 0.035586625 -0.9985798
 outer loop
  vertex 57.128796 -86.28917 0
  vertex 76.92881 -80.84577 0.9801714
  vertex 62.453304 -92.22162 0
 endloop
endfacet
facet normal 0.018576222 0.01683658 0.99968565
 outer loop
  vertex 20.526224 -123.453384 7.1051307
  vertex 13.79497 -130.18465 7.3435783
  vertex 15.080687 -131.60321 7.3435783
 endloop
endfacet
facet normal 0.018576272 0.016836548 0.9996857
 outer loop
  vertex 20.526224 -123.453384 7.1051307
  vertex 15.080687 -131.60321 7.3435783
  vertex 22.439308 -125.56415 7.1051307
 endloop
endfacet
facet normal -0.10240064 -0.092810504 -0.9904041
 outer loop
  vertex 13.79497 -130.18465 -8.242656
  vertex 20.526224 -123.453384 -9.569404
  vertex 22.439308 -125.56415 -9.569404
 endloop
endfacet
facet normal -0.102400504 -0.092810765 -0.99040407
 outer loop
  vertex 13.79497 -130.18465 -8.242656
  vertex 22.439308 -125.56415 -9.569404
  vertex 15.080687 -131.60321 -8.242656
 endloop
endfacet
facet normal 0.03975236 0.03567865 0.99857235
 outer loop
  vertex 70.37018 -73.609436 -0.9801714
  vertex 57.128796 -86.28917 0
  vertex 62.453304 -92.22162 0
 endloop
endfacet
facet normal 0.039489202 0.03579093 0.99857885
 outer loop
  vertex 70.37018 -73.609436 -0.9801714
  vertex 62.453304 -92.22162 0
  vertex 76.92881 -80.84577 -0.9801714
 endloop
endfacet
facet normal -0.16690356 -0.1512725 0.97429967
 outer loop
  vertex 27.059807 -116.91981 9.238795
  vertex 20.526224 -123.453384 7.1051307
  vertex 22.439308 -125.56415 7.1051307
 endloop
endfacet
facet normal -0.16690347 -0.15127254 0.97429967
 outer loop
  vertex 27.059807 -116.91981 9.238795
  vertex 22.439308 -125.56415 7.1051307
  vertex 29.581831 -119.70243 9.238795
 endloop
endfacet
facet normal -0.025779843 -0.02336559 -0.99939454
 outer loop
  vertex 6.9308586 -137.04875 -7.905112
  vertex 13.79497 -130.18465 -8.242656
  vertex 15.080687 -131.60321 -8.242656
 endloop
endfacet
facet normal -0.02577996 -0.023365427 -0.9993945
 outer loop
  vertex 6.9308586 -137.04875 -7.905112
  vertex 15.080687 -131.60321 -8.242656
  vertex 7.5768275 -137.76147 -7.905112
 endloop
endfacet
facet normal 0.41452304 0.37570179 -0.828866
 outer loop
  vertex 69.35198 -74.62764 -1.9509033
  vertex 70.37018 -73.609436 -0.9801714
  vertex 76.92881 -80.84577 -0.9801714
 endloop
endfacet
facet normal 0.41452366 0.37570265 -0.82886523
 outer loop
  vertex 69.35198 -74.62764 -1.9509033
  vertex 76.92881 -80.84577 -0.9801714
  vertex 75.81572 -81.75927 -1.9509033
 endloop
endfacet
facet normal 0.22025946 0.19963166 0.9547947
 outer loop
  vertex 33.332783 -110.646835 6.4801226
  vertex 27.059807 -116.91981 9.238795
  vertex 29.581831 -119.70243 9.238795
 endloop
endfacet
facet normal 0.22025946 0.19963165 0.95479476
 outer loop
  vertex 33.332783 -110.646835 6.4801226
  vertex 29.581831 -119.70243 9.238795
  vertex 36.43946 -114.074524 6.4801226
 endloop
endfacet
facet normal -0.44920802 -0.40713504 -0.79526925
 outer loop
  vertex 3.4654293 -140.51419 -4.1735454
  vertex 6.9308586 -137.04875 -7.905112
  vertex 7.5768275 -137.76147 -7.905112
 endloop
endfacet
facet normal -0.44920418 -0.4071401 -0.7952689
 outer loop
  vertex 3.4654293 -140.51419 -4.1735454
  vertex 7.5768275 -137.76147 -7.905112
  vertex 3.7884138 -140.87054 -4.1735454
 endloop
endfacet
facet normal 0.2750076 0.24925256 -0.928571
 outer loop
  vertex 67.66589 -76.31372 -2.9028468
  vertex 69.35198 -74.62764 -1.9509033
  vertex 75.81572 -81.75927 -1.9509033
 endloop
endfacet
facet normal 0.27500746 0.24925232 -0.9285711
 outer loop
  vertex 67.66589 -76.31372 -2.9028468
  vertex 75.81572 -81.75927 -1.9509033
  vertex 73.97248 -83.271965 -2.9028468
 endloop
endfacet
facet normal 0.044384617 0.0402279 0.9982043
 outer loop
  vertex 39.284744 -104.69487 5.975606
  vertex 33.332783 -110.646835 6.4801226
  vertex 36.43946 -114.074524 6.4801226
 endloop
endfacet
facet normal 0.04438468 0.040227886 0.9982043
 outer loop
  vertex 39.284744 -104.69487 5.975606
  vertex 36.43946 -114.074524 6.4801226
  vertex 42.946156 -108.73462 5.975606
 endloop
endfacet
facet normal 0.19966166 0.18096283 -0.9630098
 outer loop
  vertex 65.32813 -78.65148 -3.8268344
  vertex 67.66589 -76.31372 -2.9028468
  vertex 73.97248 -83.271965 -2.9028468
 endloop
endfacet
facet normal 0.19966128 0.1809621 -0.9630099
 outer loop
  vertex 65.32813 -78.65148 -3.8268344
  vertex 73.97248 -83.271965 -2.9028468
  vertex 71.41683 -85.36934 -3.8268344
 endloop
endfacet
facet normal -0.16117127 -0.14607696 0.976056
 outer loop
  vertex 44.858376 -99.12124 7.730104
  vertex 39.284744 -104.69487 5.975606
  vertex 42.946156 -108.73462 5.975606
 endloop
endfacet
facet normal -0.16117114 -0.14607699 0.97605604
 outer loop
  vertex 44.858376 -99.12124 7.730104
  vertex 42.946156 -108.73462 5.975606
  vertex 49.039257 -103.73413 7.730104
 endloop
endfacet
facet normal 0.15344995 0.13907868 -0.9783201
 outer loop
  vertex 62.36124 -81.61837 -4.713968
  vertex 65.32813 -78.65148 -3.8268344
  vertex 71.41683 -85.36934 -3.8268344
 endloop
endfacet
facet normal 0.15345012 0.13907905 -0.97832006
 outer loop
  vertex 62.36124 -81.61837 -4.713968
  vertex 71.41683 -85.36934 -3.8268344
  vertex 68.17342 -88.03113 -4.713968
 endloop
endfacet
facet normal 0.06696165 0.0606905 0.995908
 outer loop
  vertex 50 -93.979614 7.071068
  vertex 44.858376 -99.12124 7.730104
  vertex 49.039257 -103.73413 7.730104
 endloop
endfacet
facet normal 0.06696163 0.0606905 0.995908
 outer loop
  vertex 50 -93.979614 7.071068
  vertex 49.039257 -103.73413 7.730104
  vertex 54.66009 -99.12123 7.071068
 endloop
endfacet
facet normal 0.122078076 0.110645086 -0.9863339
 outer loop
  vertex 58.793777 -85.18584 -5.5557027
  vertex 62.36124 -81.61837 -4.713968
  vertex 68.17342 -88.03113 -4.713968
 endloop
endfacet
facet normal 0.1220781 0.11064515 -0.98633397
 outer loop
  vertex 58.793777 -85.18584 -5.5557027
  vertex 68.17342 -88.03113 -4.713968
  vertex 64.27347 -91.23174 -5.5557027
 endloop
endfacet
facet normal 0.081355266 0.07373614 0.9939539
 outer loop
  vertex 54.660088 -89.31955 6.3439336
  vertex 50 -93.979614 7.071068
  vertex 54.66009 -99.12123 7.071068
 endloop
endfacet
facet normal 0.08135527 0.073736146 0.9939538
 outer loop
  vertex 54.660088 -89.31955 6.3439336
  vertex 54.66009 -99.12123 7.071068
  vertex 59.75451 -94.94038 6.3439336
 endloop
endfacet
facet normal 0.09912672 0.089843236 -0.99101067
 outer loop
  vertex 54.660088 -89.31955 -6.3439336
  vertex 58.793777 -85.18584 -5.5557027
  vertex 64.27347 -91.23174 -5.5557027
 endloop
endfacet
facet normal 0.09912673 0.089843236 -0.99101067
 outer loop
  vertex 54.660088 -89.31955 -6.3439336
  vertex 64.27347 -91.23174 -5.5557027
  vertex 59.75451 -94.94038 -6.3439336
 endloop
endfacet
facet normal 0.09912671 0.08984323 0.99101067
 outer loop
  vertex 58.793777 -85.18584 5.5557027
  vertex 54.660088 -89.31955 6.3439336
  vertex 59.75451 -94.94038 6.3439336
 endloop
endfacet
facet normal 0.09912672 0.08984324 0.99101067
 outer loop
  vertex 58.793777 -85.18584 5.5557027
  vertex 59.75451 -94.94038 6.3439336
  vertex 64.27347 -91.23174 5.5557027
 endloop
endfacet
facet normal 0.08135527 0.07373614 -0.9939538
 outer loop
  vertex 50 -93.979614 -7.071068
  vertex 54.660088 -89.31955 -6.3439336
  vertex 59.75451 -94.94038 -6.3439336
 endloop
endfacet
facet normal 0.08135527 0.073736146 -0.9939539
 outer loop
  vertex 50 -93.979614 -7.071068
  vertex 59.75451 -94.94038 -6.3439336
  vertex 54.66009 -99.12123 -7.071068
 endloop
endfacet
facet normal 0.122078046 0.1106451 0.98633385
 outer loop
  vertex 62.36124 -81.61837 4.713968
  vertex 58.793777 -85.18584 5.5557027
  vertex 64.27347 -91.23174 5.5557027
 endloop
endfacet
facet normal 0.12207812 0.11064512 0.9863339
 outer loop
  vertex 62.36124 -81.61837 4.713968
  vertex 64.27347 -91.23174 5.5557027
  vertex 68.17342 -88.03113 4.713968
 endloop
endfacet
facet normal 0.06696164 0.06069051 -0.995908
 outer loop
  vertex 44.858376 -99.12124 -7.730104
  vertex 50 -93.979614 -7.071068
  vertex 54.66009 -99.12123 -7.071068
 endloop
endfacet
facet normal 0.06696163 0.06069049 -0.995908
 outer loop
  vertex 44.858376 -99.12124 -7.730104
  vertex 54.66009 -99.12123 -7.071068
  vertex 49.039257 -103.73413 -7.730104
 endloop
endfacet
facet normal 0.15344986 0.13907881 0.9783201
 outer loop
  vertex 65.32813 -78.65148 3.8268344
  vertex 62.36124 -81.61837 4.713968
  vertex 68.17342 -88.03113 4.713968
 endloop
endfacet
facet normal 0.1534502 0.13907889 0.97832
 outer loop
  vertex 65.32813 -78.65148 3.8268344
  vertex 68.17342 -88.03113 4.713968
  vertex 71.41683 -85.36934 3.8268344
 endloop
endfacet
facet normal -0.08152167 -0.07388693 -0.9939291
 outer loop
  vertex 39.284744 -104.69487 -6.858623
  vertex 44.858376 -99.12124 -7.730104
  vertex 49.039257 -103.73413 -7.730104
 endloop
endfacet
facet normal -0.08152167 -0.07388686 -0.9939291
 outer loop
  vertex 39.284744 -104.69487 -6.858623
  vertex 49.039257 -103.73413 -7.730104
  vertex 42.946156 -108.73462 -6.858623
 endloop
endfacet
facet normal 0.19966187 0.1809626 0.9630097
 outer loop
  vertex 67.66589 -76.31372 2.9028468
  vertex 65.32813 -78.65148 3.8268344
  vertex 71.41683 -85.36934 3.8268344
 endloop
endfacet
facet normal 0.19966105 0.1809623 0.9630099
 outer loop
  vertex 67.66589 -76.31372 2.9028468
  vertex 71.41683 -85.36934 3.8268344
  vertex 73.97248 -83.271965 2.9028468
 endloop
endfacet
facet normal 0.2086563 0.15475048 0.9656681
 outer loop
  vertex 15.080687 -131.60321 7.3435783
  vertex 7.5768275 -137.76147 9.951847
  vertex 8.149827 -138.53407 9.951847
 endloop
endfacet
facet normal 0.20865667 0.15474994 0.965668
 outer loop
  vertex 15.080687 -131.60321 7.3435783
  vertex 8.149827 -138.53407 9.951847
  vertex 16.221169 -133.14098 7.3435783
 endloop
endfacet
facet normal -0.08352599 0.3822781 -0.9202645
 outer loop
  vertex 22.439308 -125.56415 -9.569404
  vertex 29.581831 -119.70243 -7.782722
  vertex 31.818966 -122.71886 -9.238795
 endloop
endfacet
facet normal 0.028755467 0.021326467 -0.99935895
 outer loop
  vertex 22.439308 -125.56415 -9.569404
  vertex 31.818966 -122.71886 -9.238795
  vertex 24.136288 -127.852264 -9.569404
 endloop
endfacet
facet normal 0.042718504 0.031682223 -0.9985846
 outer loop
  vertex 62.453304 -92.22162 0
  vertex 76.92881 -80.84577 0.9801714
  vertex 82.74658 -88.690125 0.9801714
 endloop
endfacet
facet normal 0.04276638 0.031408932 -0.99859124
 outer loop
  vertex 62.453304 -92.22162 0
  vertex 82.74658 -88.690125 0.9801714
  vertex 67.17635 -98.65252 0
 endloop
endfacet
facet normal 0.020137109 0.014934663 0.99968565
 outer loop
  vertex 22.439308 -125.56415 7.1051307
  vertex 15.080687 -131.60321 7.3435783
  vertex 16.221169 -133.14098 7.3435783
 endloop
endfacet
facet normal 0.020137103 0.0149346655 0.9996857
 outer loop
  vertex 22.439308 -125.56415 7.1051307
  vertex 16.221169 -133.14098 7.3435783
  vertex 24.136288 -127.852264 7.1051307
 endloop
endfacet
facet normal -0.111004695 -0.082326524 -0.9904041
 outer loop
  vertex 15.080687 -131.60321 -8.242656
  vertex 22.439308 -125.56415 -9.569404
  vertex 24.136288 -127.852264 -9.569404
 endloop
endfacet
facet normal -0.1110047 -0.0823265 -0.9904041
 outer loop
  vertex 15.080687 -131.60321 -8.242656
  vertex 24.136288 -127.852264 -9.569404
  vertex 16.221169 -133.14098 -8.242656
 endloop
endfacet
facet normal 0.04287219 0.031486638 0.99858433
 outer loop
  vertex 76.92881 -80.84577 -0.9801714
  vertex 62.453304 -92.22162 0
  vertex 67.17635 -98.65252 0
 endloop
endfacet
facet normal 0.042632353 0.031618327 0.9985904
 outer loop
  vertex 76.92881 -80.84577 -0.9801714
  vertex 67.17635 -98.65252 0
  vertex 82.74658 -88.690125 -0.9801714
 endloop
endfacet
facet normal -0.18092725 -0.13418454 0.9742997
 outer loop
  vertex 29.581831 -119.70243 9.238795
  vertex 22.439308 -125.56415 7.1051307
  vertex 24.136288 -127.852264 7.1051307
 endloop
endfacet
facet normal -0.18092701 -0.13418464 0.97429967
 outer loop
  vertex 29.581831 -119.70243 9.238795
  vertex 24.136288 -127.852264 7.1051307
  vertex 31.818966 -122.71886 9.238795
 endloop
endfacet
facet normal -0.027945988 -0.020726107 -0.99939454
 outer loop
  vertex 7.5768275 -137.76147 -7.905112
  vertex 15.080687 -131.60321 -8.242656
  vertex 16.221169 -133.14098 -8.242656
 endloop
endfacet
facet normal -0.027945945 -0.020726163 -0.9993946
 outer loop
  vertex 7.5768275 -137.76147 -7.905112
  vertex 16.221169 -133.14098 -8.242656
  vertex 8.149827 -138.53407 -7.905112
 endloop
endfacet
facet normal 0.4493531 0.33326316 -0.8288652
 outer loop
  vertex 75.81572 -81.75927 -1.9509033
  vertex 76.92881 -80.84577 -0.9801714
  vertex 82.74658 -88.690125 -0.9801714
 endloop
endfacet
facet normal 0.44935262 0.3332626 -0.8288657
 outer loop
  vertex 75.81572 -81.75927 -1.9509033
  vertex 82.74658 -88.690125 -0.9801714
  vertex 81.54931 -89.49012 -1.9509033
 endloop
endfacet
facet normal 0.23876616 0.17708114 0.95479476
 outer loop
  vertex 36.43946 -114.074524 6.4801226
  vertex 29.581831 -119.70243 9.238795
  vertex 31.818966 -122.71886 9.238795
 endloop
endfacet
facet normal 0.238766 0.17708124 0.95479476
 outer loop
  vertex 36.43946 -114.074524 6.4801226
  vertex 31.818966 -122.71886 9.238795
  vertex 39.19521 -117.790215 6.4801226
 endloop
endfacet
facet normal -0.48694962 -0.3611474 -0.79526895
 outer loop
  vertex 3.7884138 -140.87054 -4.1735454
  vertex 7.5768275 -137.76147 -7.905112
  vertex 8.149827 -138.53407 -7.905112
 endloop
endfacet
facet normal -0.48695263 -0.36114222 -0.79526937
 outer loop
  vertex 3.7884138 -140.87054 -4.1735454
  vertex 8.149827 -138.53407 -7.905112
  vertex 4.0749135 -141.25685 -4.1735454
 endloop
endfacet
facet normal 0.29811412 0.22109652 -0.9285711
 outer loop
  vertex 73.97248 -83.271965 -2.9028468
  vertex 75.81572 -81.75927 -1.9509033
  vertex 81.54931 -89.49012 -1.9509033
 endloop
endfacet
facet normal 0.2981139 0.22109623 -0.9285712
 outer loop
  vertex 73.97248 -83.271965 -2.9028468
  vertex 81.54931 -89.49012 -1.9509033
  vertex 79.56667 -90.814865 -2.9028468
 endloop
endfacet
facet normal 0.048113927 0.035683785 0.9982043
 outer loop
  vertex 42.946156 -108.73462 5.975606
  vertex 36.43946 -114.074524 6.4801226
  vertex 39.19521 -117.790215 6.4801226
 endloop
endfacet
facet normal 0.048114005 0.035683755 0.9982043
 outer loop
  vertex 42.946156 -108.73462 5.975606
  vertex 39.19521 -117.790215 6.4801226
  vertex 46.19397 -113.11379 5.975606
 endloop
endfacet
facet normal 0.21643718 0.16052066 -0.9630099
 outer loop
  vertex 71.41683 -85.36934 -3.8268344
  vertex 73.97248 -83.271965 -2.9028468
  vertex 79.56667 -90.814865 -2.9028468
 endloop
endfacet
facet normal 0.21643724 0.16052076 -0.9630099
 outer loop
  vertex 71.41683 -85.36934 -3.8268344
  vertex 79.56667 -90.814865 -2.9028468
  vertex 76.81775 -92.651634 -3.8268344
 endloop
endfacet
facet normal -0.17471316 -0.12957603 0.976056
 outer loop
  vertex 49.039257 -103.73413 7.730104
  vertex 42.946156 -108.73462 5.975606
  vertex 46.19397 -113.11379 5.975606
 endloop
endfacet
facet normal -0.17471325 -0.129576 0.97605604
 outer loop
  vertex 49.039257 -103.73413 7.730104
  vertex 46.19397 -113.11379 5.975606
  vertex 52.747868 -108.73462 7.730104
 endloop
endfacet
facet normal 0.16634332 0.12336858 -0.97832006
 outer loop
  vertex 68.17342 -88.03113 -4.713968
  vertex 71.41683 -85.36934 -3.8268344
  vertex 76.81775 -92.651634 -3.8268344
 endloop
endfacet
facet normal 0.16634327 0.123368524 -0.97832006
 outer loop
  vertex 68.17342 -88.03113 -4.713968
  vertex 76.81775 -92.651634 -3.8268344
  vertex 73.329056 -94.9827 -4.713968
 endloop
endfacet
facet normal 0.072587945 0.053834826 0.995908
 outer loop
  vertex 54.66009 -99.12123 7.071068
  vertex 49.039257 -103.73413 7.730104
  vertex 52.747868 -108.73462 7.730104
 endloop
endfacet
facet normal 0.07258795 0.05383482 0.995908
 outer loop
  vertex 54.66009 -99.12123 7.071068
  vertex 52.747868 -108.73462 7.730104
  vertex 58.793777 -104.69487 7.071068
 endloop
endfacet
facet normal 0.13233542 0.09814659 -0.9863339
 outer loop
  vertex 64.27347 -91.23174 -5.5557027
  vertex 68.17342 -88.03113 -4.713968
  vertex 73.329056 -94.9827 -4.713968
 endloop
endfacet
facet normal 0.1323355 0.09814676 -0.9863339
 outer loop
  vertex 64.27347 -91.23174 -5.5557027
  vertex 73.329056 -94.9827 -4.713968
  vertex 69.13417 -97.78564 -5.5557027
 endloop
endfacet
facet normal 0.088190965 0.065406784 0.9939539
 outer loop
  vertex 59.75451 -94.94038 6.3439336
  vertex 54.66009 -99.12123 7.071068
  vertex 58.793777 -104.69487 7.071068
 endloop
endfacet
facet normal 0.08819086 0.06540679 0.9939538
 outer loop
  vertex 59.75451 -94.94038 6.3439336
  vertex 58.793777 -104.69487 7.071068
  vertex 64.27346 -101.03348 6.3439336
 endloop
endfacet
facet normal 0.10745558 0.07969455 -0.99101067
 outer loop
  vertex 59.75451 -94.94038 -6.3439336
  vertex 64.27347 -91.23174 -5.5557027
  vertex 69.13417 -97.78564 -5.5557027
 endloop
endfacet
facet normal 0.107455544 0.07969446 -0.99101067
 outer loop
  vertex 59.75451 -94.94038 -6.3439336
  vertex 69.13417 -97.78564 -5.5557027
  vertex 64.27346 -101.03348 -6.3439336
 endloop
endfacet
facet normal 0.10745562 0.0796945 0.99101067
 outer loop
  vertex 64.27347 -91.23174 5.5557027
  vertex 59.75451 -94.94038 6.3439336
  vertex 64.27346 -101.03348 6.3439336
 endloop
endfacet
facet normal 0.10745552 0.07969451 0.99101067
 outer loop
  vertex 64.27347 -91.23174 5.5557027
  vertex 64.27346 -101.03348 6.3439336
  vertex 69.13417 -97.78564 5.5557027
 endloop
endfacet
facet normal 0.08819092 0.06540683 -0.9939538
 outer loop
  vertex 54.66009 -99.12123 -7.071068
  vertex 59.75451 -94.94038 -6.3439336
  vertex 64.27346 -101.03348 -6.3439336
 endloop
endfacet
facet normal 0.08819091 0.06540673 -0.9939539
 outer loop
  vertex 54.66009 -99.12123 -7.071068
  vertex 64.27346 -101.03348 -6.3439336
  vertex 58.793777 -104.69487 -7.071068
 endloop
endfacet
facet normal 0.13233534 0.098146655 0.98633385
 outer loop
  vertex 68.17342 -88.03113 4.713968
  vertex 64.27347 -91.23174 5.5557027
  vertex 69.13417 -97.78564 5.5557027
 endloop
endfacet
facet normal 0.13233553 0.09814668 0.9863339
 outer loop
  vertex 68.17342 -88.03113 4.713968
  vertex 69.13417 -97.78564 5.5557027
  vertex 73.329056 -94.9827 4.713968
 endloop
endfacet
facet normal 0.072587945 0.053834807 -0.995908
 outer loop
  vertex 49.039257 -103.73413 -7.730104
  vertex 54.66009 -99.12123 -7.071068
  vertex 58.793777 -104.69487 -7.071068
 endloop
endfacet
facet normal 0.07258795 0.053834833 -0.995908
 outer loop
  vertex 49.039257 -103.73413 -7.730104
  vertex 58.793777 -104.69487 -7.071068
  vertex 52.747868 -108.73462 -7.730104
 endloop
endfacet
facet normal 0.16634333 0.12336856 0.97832006
 outer loop
  vertex 71.41683 -85.36934 3.8268344
  vertex 68.17342 -88.03113 4.713968
  vertex 73.329056 -94.9827 4.713968
 endloop
endfacet
facet normal 0.16634326 0.12336855 0.97832006
 outer loop
  vertex 71.41683 -85.36934 3.8268344
  vertex 73.329056 -94.9827 4.713968
  vertex 76.81775 -92.651634 3.8268344
 endloop
endfacet
facet normal -0.08837132 -0.06554057 -0.9939291
 outer loop
  vertex 42.946156 -108.73462 -6.858623
  vertex 49.039257 -103.73413 -7.730104
  vertex 52.747868 -108.73462 -7.730104
 endloop
endfacet
facet normal -0.08559601 0.25661993 -0.9627147
 outer loop
  vertex 42.946156 -108.73462 -6.858623
  vertex 52.747868 -108.73462 -7.730104
  vertex 46.19397 -113.11379 -8.314696
 endloop
endfacet
facet normal 0.21643713 0.16052069 0.9630099
 outer loop
  vertex 73.97248 -83.271965 2.9028468
  vertex 71.41683 -85.36934 3.8268344
  vertex 76.81775 -92.651634 3.8268344
 endloop
endfacet
facet normal 0.21643728 0.16052072 0.9630099
 outer loop
  vertex 73.97248 -83.271965 2.9028468
  vertex 76.81775 -92.651634 3.8268344
  vertex 79.56667 -90.814865 2.9028468
 endloop
endfacet
facet normal -0.11719689 0.23399256 -0.9651489
 outer loop
  vertex 36.43946 -114.074524 -7.3631396
  vertex 42.946156 -108.73462 -6.858623
  vertex 46.19397 -113.11379 -8.314696
 endloop
endfacet
facet normal -0.120712474 0.28330132 -0.9514036
 outer loop
  vertex 36.43946 -114.074524 -7.3631396
  vertex 46.19397 -113.11379 -8.314696
  vertex 39.19521 -117.790215 -8.819213
 endloop
endfacet
facet normal 0.2981142 0.22109643 0.9285711
 outer loop
  vertex 75.81572 -81.75927 1.9509033
  vertex 73.97248 -83.271965 2.9028468
  vertex 79.56667 -90.814865 2.9028468
 endloop
endfacet
facet normal 0.29811388 0.2210963 0.9285712
 outer loop
  vertex 75.81572 -81.75927 1.9509033
  vertex 79.56667 -90.814865 2.9028468
  vertex 81.54931 -89.49012 1.9509033
 endloop
endfacet
facet normal 0.0039506294 0.002929993 0.99998784
 outer loop
  vertex 7.5768275 -137.76147 9.951847
  vertex 0 -143.97961 10
  vertex 8.149827 -138.53407 9.951847
 endloop
endfacet
facet normal -0.15434407 0.25915045 -0.9534249
 outer loop
  vertex 29.581831 -119.70243 -7.782722
  vertex 36.43946 -114.074524 -7.3631396
  vertex 39.19521 -117.790215 -8.819213
 endloop
endfacet
facet normal -0.1653014 0.32661384 -0.93059057
 outer loop
  vertex 29.581831 -119.70243 -7.782722
  vertex 39.19521 -117.790215 -8.819213
  vertex 31.818966 -122.71886 -9.238795
 endloop
endfacet
facet normal 0.44935322 0.33326304 0.82886523
 outer loop
  vertex 76.92881 -80.84577 0.9801714
  vertex 75.81572 -81.75927 1.9509033
  vertex 81.54931 -89.49012 1.9509033
 endloop
endfacet
facet normal 0.4493525 0.3332627 0.82886565
 outer loop
  vertex 76.92881 -80.84577 0.9801714
  vertex 81.54931 -89.49012 1.9509033
  vertex 82.74658 -88.690125 0.9801714
 endloop
endfacet
facet normal -0.19320805 -0.11580484 0.9742997
 outer loop
  vertex 31.818966 -122.71886 9.238795
  vertex 24.136288 -127.852264 7.1051307
  vertex 25.600822 -130.29568 7.1051307
 endloop
endfacet
facet normal -0.1932084 -0.1158046 0.9742996
 outer loop
  vertex 31.818966 -122.71886 9.238795
  vertex 25.600822 -130.29568 7.1051307
  vertex 33.74967 -125.94004 9.238795
 endloop
endfacet
facet normal -0.029842963 -0.017887095 -0.99939454
 outer loop
  vertex 8.149827 -138.53407 -7.905112
  vertex 16.221169 -133.14098 -8.242656
  vertex 17.205431 -134.78313 -8.242656
 endloop
endfacet
facet normal -0.029842913 -0.017887188 -0.9993946
 outer loop
  vertex 8.149827 -138.53407 -7.905112
  vertex 17.205431 -134.78313 -8.242656
  vertex 8.64434 -139.35912 -7.905112
 endloop
endfacet
facet normal 0.47985417 0.28761375 -0.82886565
 outer loop
  vertex 81.54931 -89.49012 -1.9509033
  vertex 82.74658 -88.690125 -0.9801714
  vertex 87.767456 -97.06694 -0.9801714
 endloop
endfacet
facet normal 0.4798533 0.28761292 -0.8288665
 outer loop
  vertex 81.54931 -89.49012 -1.9509033
  vertex 87.767456 -97.06694 -0.9801714
  vertex 86.49753 -97.74573 -1.9509033
 endloop
endfacet
facet normal 0.2549734 0.1528251 0.9547948
 outer loop
  vertex 39.19521 -117.790215 6.4801226
  vertex 31.818966 -122.71886 9.238795
  vertex 33.74967 -125.94004 9.238795
 endloop
endfacet
facet normal 0.2549734 0.1528251 0.95479476
 outer loop
  vertex 39.19521 -117.790215 6.4801226
  vertex 33.74967 -125.94004 9.238795
  vertex 41.573483 -121.758125 6.4801226
 endloop
endfacet
facet normal -0.52000326 -0.3116786 -0.79526925
 outer loop
  vertex 4.0749135 -141.25685 -4.1735454
  vertex 8.149827 -138.53407 -7.905112
  vertex 8.64434 -139.35912 -7.905112
 endloop
endfacet
facet normal -0.5200033 -0.31167856 -0.7952692
 outer loop
  vertex 4.0749135 -141.25685 -4.1735454
  vertex 8.64434 -139.35912 -7.905112
  vertex 4.32217 -141.66937 -4.1735454
 endloop
endfacet
facet normal 0.3183495 0.1908113 -0.92857134
 outer loop
  vertex 79.56667 -90.814865 -2.9028468
  vertex 81.54931 -89.49012 -1.9509033
  vertex 86.49753 -97.74573 -1.9509033
 endloop
endfacet
facet normal 0.31835008 0.19081186 -0.92857105
 outer loop
  vertex 79.56667 -90.814865 -2.9028468
  vertex 86.49753 -97.74573 -1.9509033
  vertex 84.3946 -98.86977 -2.9028468
 endloop
endfacet
facet normal 0.051379934 0.030795932 0.9982043
 outer loop
  vertex 46.19397 -113.11379 5.975606
  vertex 39.19521 -117.790215 6.4801226
  vertex 41.573483 -121.758125 6.4801226
 endloop
endfacet
facet normal 0.051379956 0.030795917 0.9982043
 outer loop
  vertex 46.19397 -113.11379 5.975606
  vertex 41.573483 -121.758125 6.4801226
  vertex 48.99691 -117.79022 5.975606
 endloop
endfacet
facet normal 0.23112872 0.13853337 -0.96300983
 outer loop
  vertex 76.81775 -92.651634 -3.8268344
  vertex 79.56667 -90.814865 -2.9028468
  vertex 84.3946 -98.86977 -2.9028468
 endloop
endfacet
facet normal 0.23112853 0.13853307 -0.96300995
 outer loop
  vertex 76.81775 -92.651634 -3.8268344
  vertex 84.3946 -98.86977 -2.9028468
  vertex 81.478874 -100.42825 -3.8268344
 endloop
endfacet
facet normal -0.1865726 -0.11182716 0.976056
 outer loop
  vertex 52.747868 -108.73462 7.730104
  vertex 46.19397 -113.11379 5.975606
  vertex 48.99691 -117.79022 5.975606
 endloop
endfacet
facet normal -0.18657237 -0.11182727 0.97605604
 outer loop
  vertex 52.747868 -108.73462 7.730104
  vertex 48.99691 -117.79022 5.975606
  vertex 55.948486 -114.074524 7.730104
 endloop
endfacet
facet normal 0.17763446 0.10646998 -0.97832
 outer loop
  vertex 73.329056 -94.9827 -4.713968
  vertex 76.81775 -92.651634 -3.8268344
  vertex 81.478874 -100.42825 -3.8268344
 endloop
endfacet
facet normal 0.17763425 0.106469624 -0.9783201
 outer loop
  vertex 73.329056 -94.9827 -4.713968
  vertex 81.478874 -100.42825 -3.8268344
  vertex 77.77849 -102.40614 -4.713968
 endloop
endfacet
facet normal 0.07751511 0.046460815 0.995908
 outer loop
  vertex 58.793777 -104.69487 7.071068
  vertex 52.747868 -108.73462 7.730104
  vertex 55.948486 -114.074524 7.730104
 endloop
endfacet
facet normal 0.077515155 0.046460804 0.995908
 outer loop
  vertex 58.793777 -104.69487 7.071068
  vertex 55.948486 -114.074524 7.730104
  vertex 62.361248 -110.646835 7.071068
 endloop
endfacet
facet normal 0.14131846 0.08470283 -0.9863339
 outer loop
  vertex 69.13417 -97.78564 -5.5557027
  vertex 73.329056 -94.9827 -4.713968
  vertex 77.77849 -102.40614 -4.713968
 endloop
endfacet
facet normal 0.14131856 0.08470304 -0.98633385
 outer loop
  vertex 69.13417 -97.78564 -5.5557027
  vertex 77.77849 -102.40614 -4.713968
  vertex 73.32907 -104.78441 -5.5557027
 endloop
endfacet
facet normal 0.094177164 0.056447618 0.9939539
 outer loop
  vertex 64.27346 -101.03348 6.3439336
  vertex 58.793777 -104.69487 7.071068
  vertex 62.361248 -110.646835 7.071068
 endloop
endfacet
facet normal 0.0941772 0.056447618 0.9939539
 outer loop
  vertex 64.27346 -101.03348 6.3439336
  vertex 62.361248 -110.646835 7.071068
  vertex 68.17342 -107.54018 6.3439336
 endloop
endfacet
facet normal 0.11474959 0.068778224 -0.99101067
 outer loop
  vertex 64.27346 -101.03348 -6.3439336
  vertex 69.13417 -97.78564 -5.5557027
  vertex 73.32907 -104.78441 -5.5557027
 endloop
endfacet
facet normal 0.11474959 0.06877823 -0.99101067
 outer loop
  vertex 64.27346 -101.03348 -6.3439336
  vertex 73.32907 -104.78441 -5.5557027
  vertex 68.17342 -107.54018 -6.3439336
 endloop
endfacet
facet normal 0.11474959 0.068778224 0.99101067
 outer loop
  vertex 69.13417 -97.78564 5.5557027
  vertex 64.27346 -101.03348 6.3439336
  vertex 68.17342 -107.54018 6.3439336
 endloop
endfacet
facet normal 0.11474959 0.068778224 0.99101067
 outer loop
  vertex 69.13417 -97.78564 5.5557027
  vertex 68.17342 -107.54018 6.3439336
  vertex 73.32907 -104.78441 5.5557027
 endloop
endfacet
facet normal 0.09417717 0.0564476 -0.9939538
 outer loop
  vertex 58.793777 -104.69487 -7.071068
  vertex 64.27346 -101.03348 -6.3439336
  vertex 68.17342 -107.54018 -6.3439336
 endloop
endfacet
facet normal 0.094177194 0.056447633 -0.9939539
 outer loop
  vertex 58.793777 -104.69487 -7.071068
  vertex 68.17342 -107.54018 -6.3439336
  vertex 62.361248 -110.646835 -7.071068
 endloop
endfacet
facet normal 0.14131838 0.084702946 0.9863339
 outer loop
  vertex 73.329056 -94.9827 4.713968
  vertex 69.13417 -97.78564 5.5557027
  vertex 73.32907 -104.78441 5.5557027
 endloop
endfacet
facet normal 0.14131862 0.08470294 0.9863339
 outer loop
  vertex 73.329056 -94.9827 4.713968
  vertex 73.32907 -104.78441 5.5557027
  vertex 77.77849 -102.40614 4.713968
 endloop
endfacet
facet normal 0.07751513 0.04646078 -0.995908
 outer loop
  vertex 52.747868 -108.73462 -7.730104
  vertex 58.793777 -104.69487 -7.071068
  vertex 62.361248 -110.646835 -7.071068
 endloop
endfacet
facet normal 0.07751514 0.04646082 -0.995908
 outer loop
  vertex 52.747868 -108.73462 -7.730104
  vertex 62.361248 -110.646835 -7.071068
  vertex 55.948486 -114.074524 -7.730104
 endloop
endfacet
facet normal 0.17763457 0.10646982 0.97832006
 outer loop
  vertex 76.81775 -92.651634 3.8268344
  vertex 73.329056 -94.9827 4.713968
  vertex 77.77849 -102.40614 4.713968
 endloop
endfacet
facet normal 0.17763415 0.10646978 0.9783201
 outer loop
  vertex 76.81775 -92.651634 3.8268344
  vertex 77.77849 -102.40614 4.713968
  vertex 81.478874 -100.42825 3.8268344
 endloop
endfacet
facet normal 0.0635154 0.038069703 -0.9972545
 outer loop
  vertex 46.19397 -113.11379 -8.314696
  vertex 52.747868 -108.73462 -7.730104
  vertex 55.948486 -114.074524 -7.730104
 endloop
endfacet
facet normal 0.063515395 0.038069624 -0.9972545
 outer loop
  vertex 46.19397 -113.11379 -8.314696
  vertex 55.948486 -114.074524 -7.730104
  vertex 48.99691 -117.79022 -8.314696
 endloop
endfacet
facet normal 0.23112881 0.13853325 0.96300983
 outer loop
  vertex 79.56667 -90.814865 2.9028468
  vertex 76.81775 -92.651634 3.8268344
  vertex 81.478874 -100.42825 3.8268344
 endloop
endfacet
facet normal 0.23112842 0.13853317 0.9630099
 outer loop
  vertex 79.56667 -90.814865 2.9028468
  vertex 81.478874 -100.42825 3.8268344
  vertex 84.3946 -98.86977 2.9028468
 endloop
endfacet
facet normal 0.051379945 0.030795913 -0.9982043
 outer loop
  vertex 39.19521 -117.790215 -8.819213
  vertex 46.19397 -113.11379 -8.314696
  vertex 48.99691 -117.79022 -8.314696
 endloop
endfacet
facet normal 0.051379945 0.030795945 -0.9982042
 outer loop
  vertex 39.19521 -117.790215 -8.819213
  vertex 48.99691 -117.79022 -8.314696
  vertex 41.573483 -121.758125 -8.819213
 endloop
endfacet
facet normal 0.31834942 0.19081149 0.92857134
 outer loop
  vertex 81.54931 -89.49012 1.9509033
  vertex 79.56667 -90.814865 2.9028468
  vertex 84.3946 -98.86977 2.9028468
 endloop
endfacet
facet normal 0.3183501 0.19081168 0.92857105
 outer loop
  vertex 81.54931 -89.49012 1.9509033
  vertex 84.3946 -98.86977 2.9028468
  vertex 86.49753 -97.74573 1.9509033
 endloop
endfacet
facet normal 0.0042187963 0.0025286549 0.99998796
 outer loop
  vertex 8.149827 -138.53407 9.951847
  vertex 0 -143.97961 10
  vertex 8.64434 -139.35912 9.951847
 endloop
endfacet
facet normal 0.04057098 0.024317298 -0.9988807
 outer loop
  vertex 31.818966 -122.71886 -9.238795
  vertex 39.19521 -117.790215 -8.819213
  vertex 41.573483 -121.758125 -8.819213
 endloop
endfacet
facet normal 0.04057099 0.024317296 -0.9988808
 outer loop
  vertex 31.818966 -122.71886 -9.238795
  vertex 41.573483 -121.758125 -8.819213
  vertex 33.74967 -125.94004 -9.238795
 endloop
endfacet
facet normal 0.47985435 0.28761354 0.82886565
 outer loop
  vertex 82.74658 -88.690125 0.9801714
  vertex 81.54931 -89.49012 1.9509033
  vertex 86.49753 -97.74573 1.9509033
 endloop
endfacet
facet normal 0.4798532 0.28761318 0.8288665
 outer loop
  vertex 82.74658 -88.690125 0.9801714
  vertex 86.49753 -97.74573 1.9509033
  vertex 87.767456 -97.06694 0.9801714
 endloop
endfacet
facet normal 0.2228199 0.13355337 0.965668
 outer loop
  vertex 16.221169 -133.14098 7.3435783
  vertex 8.149827 -138.53407 9.951847
  vertex 8.64434 -139.35912 9.951847
 endloop
endfacet
facet normal 0.22282036 0.13355283 0.96566796
 outer loop
  vertex 16.221169 -133.14098 7.3435783
  vertex 8.64434 -139.35912 9.951847
  vertex 17.205431 -134.78313 7.3435783
 endloop
endfacet
facet normal 0.03070735 0.018405266 -0.99935895
 outer loop
  vertex 24.136288 -127.852264 -9.569404
  vertex 31.818966 -122.71886 -9.238795
  vertex 33.74967 -125.94004 -9.238795
 endloop
endfacet
facet normal 0.030707339 0.01840533 -0.9993589
 outer loop
  vertex 24.136288 -127.852264 -9.569404
  vertex 33.74967 -125.94004 -9.238795
  vertex 25.600822 -130.29568 -9.569404
 endloop
endfacet
facet normal 0.045437727 0.027234348 -0.9985959
 outer loop
  vertex 67.17635 -98.65252 0
  vertex 82.74658 -88.690125 0.9801714
  vertex 87.767456 -97.06694 0.9801714
 endloop
endfacet
facet normal 0.04545752 0.026980987 -0.99860185
 outer loop
  vertex 67.17635 -98.65252 0
  vertex 87.767456 -97.06694 0.9801714
  vertex 71.252464 -105.51994 0
 endloop
endfacet
facet normal 0.021504011 0.012888944 0.99968565
 outer loop
  vertex 24.136288 -127.852264 7.1051307
  vertex 16.221169 -133.14098 7.3435783
  vertex 17.205431 -134.78313 7.3435783
 endloop
endfacet
facet normal 0.021503946 0.012889013 0.9996857
 outer loop
  vertex 24.136288 -127.852264 7.1051307
  vertex 17.205431 -134.78313 7.3435783
  vertex 25.600822 -130.29568 7.1051307
 endloop
endfacet
facet normal -0.11853941 -0.071050026 -0.9904041
 outer loop
  vertex 16.221169 -133.14098 -8.242656
  vertex 24.136288 -127.852264 -9.569404
  vertex 25.600822 -130.29568 -9.569404
 endloop
endfacet
facet normal -0.118539564 -0.07104953 -0.9904041
 outer loop
  vertex 16.221169 -133.14098 -8.242656
  vertex 25.600822 -130.29568 -9.569404
  vertex 17.205431 -134.78313 -8.242656
 endloop
endfacet
facet normal 0.045560647 0.027042199 0.9985955
 outer loop
  vertex 82.74658 -88.690125 -0.9801714
  vertex 67.17635 -98.65252 0
  vertex 71.252464 -105.51994 0
 endloop
endfacet
facet normal 0.045353614 0.027183935 0.99860114
 outer loop
  vertex 82.74658 -88.690125 -0.9801714
  vertex 71.252464 -105.51994 0
  vertex 87.767456 -97.06694 -0.9801714
 endloop
endfacet
facet normal 0.054151084 0.025611496 0.9982043
 outer loop
  vertex 48.99691 -117.79022 5.975606
  vertex 41.573483 -121.758125 6.4801226
  vertex 43.55138 -125.94005 6.4801226
 endloop
endfacet
facet normal 0.054151073 0.025611509 0.9982043
 outer loop
  vertex 48.99691 -117.79022 5.975606
  vertex 43.55138 -125.94005 6.4801226
  vertex 51.327984 -122.71887 5.975606
 endloop
endfacet
facet normal 0.24359418 0.11521135 -0.9630099
 outer loop
  vertex 81.478874 -100.42825 -3.8268344
  vertex 84.3946 -98.86977 -2.9028468
  vertex 88.40975 -107.3591 -2.9028468
 endloop
endfacet
facet normal 0.24359466 0.11521184 -0.9630098
 outer loop
  vertex 81.478874 -100.42825 -3.8268344
  vertex 88.40975 -107.3591 -2.9028468
  vertex 85.355316 -108.62429 -3.8268344
 endloop
endfacet
facet normal -0.19663505 -0.09300129 0.97605604
 outer loop
  vertex 55.948486 -114.074524 7.730104
  vertex 48.99691 -117.79022 5.975606
  vertex 51.327984 -122.71887 5.975606
 endloop
endfacet
facet normal -0.19663507 -0.09300128 0.97605604
 outer loop
  vertex 55.948486 -114.074524 7.730104
  vertex 51.327984 -122.71887 5.975606
  vertex 58.610287 -119.70244 7.730104
 endloop
endfacet
facet normal 0.18721457 0.08854601 -0.9783201
 outer loop
  vertex 77.77849 -102.40614 -4.713968
  vertex 81.478874 -100.42825 -3.8268344
  vertex 85.355316 -108.62429 -3.8268344
 endloop
endfacet
facet normal 0.18721446 0.08854587 -0.97832024
 outer loop
  vertex 77.77849 -102.40614 -4.713968
  vertex 85.355316 -108.62429 -3.8268344
  vertex 81.478874 -110.22995 -4.713968
 endloop
endfacet
facet normal 0.08169589 0.038639206 0.995908
 outer loop
  vertex 62.361248 -110.646835 7.071068
  vertex 55.948486 -114.074524 7.730104
  vertex 58.610287 -119.70244 7.730104
 endloop
endfacet
facet normal 0.08169578 0.03863924 0.995908
 outer loop
  vertex 62.361248 -110.646835 7.071068
  vertex 58.610287 -119.70244 7.730104
  vertex 65.32815 -116.919815 7.071068
 endloop
endfacet
facet normal 0.14894043 0.07044359 -0.98633385
 outer loop
  vertex 73.32907 -104.78441 -5.5557027
  vertex 77.77849 -102.40614 -4.713968
  vertex 81.478874 -110.22995 -4.713968
 endloop
endfacet
facet normal 0.14894034 0.07044348 -0.98633385
 outer loop
  vertex 73.32907 -104.78441 -5.5557027
  vertex 81.478874 -110.22995 -4.713968
  vertex 76.81777 -112.16065 -5.5557027
 endloop
endfacet
facet normal 0.099256516 0.046944857 0.9939539
 outer loop
  vertex 68.17342 -107.54018 6.3439336
  vertex 62.361248 -110.646835 7.071068
  vertex 65.32815 -116.919815 7.071068
 endloop
endfacet
facet normal 0.09925654 0.046944838 0.9939539
 outer loop
  vertex 68.17342 -107.54018 6.3439336
  vertex 65.32815 -116.919815 7.071068
  vertex 71.41684 -114.397804 6.3439336
 endloop
endfacet
facet normal 0.12093853 0.057199623 -0.99101067
 outer loop
  vertex 68.17342 -107.54018 -6.3439336
  vertex 73.32907 -104.78441 -5.5557027
  vertex 76.81777 -112.16065 -5.5557027
 endloop
endfacet
facet normal 0.12093855 0.057199657 -0.99101067
 outer loop
  vertex 68.17342 -107.54018 -6.3439336
  vertex 76.81777 -112.16065 -5.5557027
  vertex 71.41684 -114.397804 -6.3439336
 endloop
endfacet
facet normal 0.12093851 0.057199642 0.99101067
 outer loop
  vertex 73.32907 -104.78441 5.5557027
  vertex 68.17342 -107.54018 6.3439336
  vertex 71.41684 -114.397804 6.3439336
 endloop
endfacet
facet normal 0.120938554 0.05719963 0.9910106
 outer loop
  vertex 73.32907 -104.78441 5.5557027
  vertex 71.41684 -114.397804 6.3439336
  vertex 76.81777 -112.16065 5.5557027
 endloop
endfacet
facet normal 0.099256516 0.04694483 -0.9939539
 outer loop
  vertex 62.361248 -110.646835 -7.071068
  vertex 68.17342 -107.54018 -6.3439336
  vertex 71.41684 -114.397804 -6.3439336
 endloop
endfacet
facet normal 0.09925653 0.04694486 -0.9939539
 outer loop
  vertex 62.361248 -110.646835 -7.071068
  vertex 71.41684 -114.397804 -6.3439336
  vertex 65.32815 -116.919815 -7.071068
 endloop
endfacet
facet normal 0.14894043 0.07044353 0.98633385
 outer loop
  vertex 77.77849 -102.40614 4.713968
  vertex 73.32907 -104.78441 5.5557027
  vertex 76.81777 -112.16065 5.5557027
 endloop
endfacet
facet normal 0.14894034 0.070443556 0.9863339
 outer loop
  vertex 77.77849 -102.40614 4.713968
  vertex 76.81777 -112.16065 5.5557027
  vertex 81.478874 -110.22995 4.713968
 endloop
endfacet
facet normal 0.08169585 0.038639277 -0.995908
 outer loop
  vertex 55.948486 -114.074524 -7.730104
  vertex 62.361248 -110.646835 -7.071068
  vertex 65.32815 -116.919815 -7.071068
 endloop
endfacet
facet normal 0.08169582 0.038639177 -0.995908
 outer loop
  vertex 55.948486 -114.074524 -7.730104
  vertex 65.32815 -116.919815 -7.071068
  vertex 58.610287 -119.70244 -7.730104
 endloop
endfacet
facet normal 0.1872146 0.08854593 0.9783201
 outer loop
  vertex 81.478874 -100.42825 3.8268344
  vertex 77.77849 -102.40614 4.713968
  vertex 81.478874 -110.22995 4.713968
 endloop
endfacet
facet normal 0.18721443 0.08854594 0.9783202
 outer loop
  vertex 81.478874 -100.42825 3.8268344
  vertex 81.478874 -110.22995 4.713968
  vertex 85.355316 -108.62429 3.8268344
 endloop
endfacet
facet normal 0.066941045 0.031660695 -0.9972545
 outer loop
  vertex 48.99691 -117.79022 -8.314696
  vertex 55.948486 -114.074524 -7.730104
  vertex 58.610287 -119.70244 -7.730104
 endloop
endfacet
facet normal 0.066941045 0.031660706 -0.9972545
 outer loop
  vertex 48.99691 -117.79022 -8.314696
  vertex 58.610287 -119.70244 -7.730104
  vertex 51.327984 -122.71887 -8.314696
 endloop
endfacet
facet normal 0.2435941 0.115211576 0.96300995
 outer loop
  vertex 84.3946 -98.86977 2.9028468
  vertex 81.478874 -100.42825 3.8268344
  vertex 85.355316 -108.62429 3.8268344
 endloop
endfacet
facet normal 0.24359475 0.115211636 0.96300983
 outer loop
  vertex 84.3946 -98.86977 2.9028468
  vertex 85.355316 -108.62429 3.8268344
  vertex 88.40975 -107.3591 2.9028468
 endloop
endfacet
facet normal 0.054151084 0.025611512 -0.9982043
 outer loop
  vertex 41.573483 -121.758125 -8.819213
  vertex 48.99691 -117.79022 -8.314696
  vertex 51.327984 -122.71887 -8.314696
 endloop
endfacet
facet normal 0.054151073 0.025611496 -0.9982042
 outer loop
  vertex 41.573483 -121.758125 -8.819213
  vertex 51.327984 -122.71887 -8.314696
  vertex 43.55138 -125.94005 -8.819213
 endloop
endfacet
facet normal 0.33552006 0.15868902 0.928571
 outer loop
  vertex 86.49753 -97.74573 1.9509033
  vertex 84.3946 -98.86977 2.9028468
  vertex 88.40975 -107.3591 2.9028468
 endloop
endfacet
facet normal 0.33551997 0.15868899 0.92857105
 outer loop
  vertex 86.49753 -97.74573 1.9509033
  vertex 88.40975 -107.3591 2.9028468
  vertex 90.61273 -106.4466 1.9509033
 endloop
endfacet
facet normal 0.004446346 0.002102938 0.99998796
 outer loop
  vertex 8.64434 -139.35912 9.951847
  vertex 0 -143.97961 10
  vertex 9.055602 -140.22867 9.951847
 endloop
endfacet
facet normal 0.042759147 0.020223524 -0.9988807
 outer loop
  vertex 33.74967 -125.94004 -9.238795
  vertex 41.573483 -121.758125 -8.819213
  vertex 43.55138 -125.94005 -8.819213
 endloop
endfacet
facet normal 0.042759158 0.020223543 -0.9988808
 outer loop
  vertex 33.74967 -125.94004 -9.238795
  vertex 43.55138 -125.94005 -8.819213
  vertex 35.355343 -129.33496 -9.238795
 endloop
endfacet
facet normal 0.50573367 0.23919402 0.8288664
 outer loop
  vertex 87.767456 -97.06694 0.9801714
  vertex 86.49753 -97.74573 1.9509033
  vertex 90.61273 -106.4466 1.9509033
 endloop
endfacet
facet normal 0.5057334 0.23919395 0.82886666
 outer loop
  vertex 87.767456 -97.06694 0.9801714
  vertex 90.61273 -106.4466 1.9509033
  vertex 91.94308 -105.89555 0.9801714
 endloop
endfacet
facet normal 0.23483828 0.111068815 0.96566796
 outer loop
  vertex 17.205431 -134.78313 7.3435783
  vertex 8.64434 -139.35912 9.951847
  vertex 9.055602 -140.22867 9.951847
 endloop
endfacet
facet normal 0.23483713 0.11107056 0.9656681
 outer loop
  vertex 17.205431 -134.78313 7.3435783
  vertex 9.055602 -140.22867 9.951847
  vertex 18.023996 -136.51382 7.3435783
 endloop
endfacet
facet normal 0.03236354 0.015306787 -0.99935895
 outer loop
  vertex 25.600822 -130.29568 -9.569404
  vertex 33.74967 -125.94004 -9.238795
  vertex 35.355343 -129.33496 -9.238795
 endloop
endfacet
facet normal 0.03236354 0.015306804 -0.99935895
 outer loop
  vertex 25.600822 -130.29568 -9.569404
  vertex 35.355343 -129.33496 -9.238795
  vertex 26.818806 -132.8709 -9.569404
 endloop
endfacet
facet normal 0.04771641 0.022568172 -0.9986059
 outer loop
  vertex 71.252464 -105.51994 0
  vertex 87.767456 -97.06694 0.9801714
  vertex 91.94308 -105.89555 0.9801714
 endloop
endfacet
facet normal 0.047712635 0.022346698 -0.9986111
 outer loop
  vertex 71.252464 -105.51994 0
  vertex 91.94308 -105.89555 0.9801714
  vertex 74.64237 -112.75777 0
 endloop
endfacet
facet normal 0.02266372 0.010719225 0.99968565
 outer loop
  vertex 25.600822 -130.29568 7.1051307
  vertex 17.205431 -134.78313 7.3435783
  vertex 18.023996 -136.51382 7.3435783
 endloop
endfacet
facet normal 0.022663778 0.010719159 0.9996857
 outer loop
  vertex 25.600822 -130.29568 7.1051307
  vertex 18.023996 -136.51382 7.3435783
  vertex 26.818806 -132.8709 7.1051307
 endloop
endfacet
facet normal -0.12493274 -0.05908875 -0.9904042
 outer loop
  vertex 17.205431 -134.78313 -8.242656
  vertex 25.600822 -130.29568 -9.569404
  vertex 26.818806 -132.8709 -9.569404
 endloop
endfacet
facet normal -0.12493265 -0.059089154 -0.9904041
 outer loop
  vertex 17.205431 -134.78313 -8.242656
  vertex 26.818806 -132.8709 -9.569404
  vertex 18.023996 -136.51382 -8.242656
 endloop
endfacet
facet normal 0.0478071 0.022390941 0.99860555
 outer loop
  vertex 87.767456 -97.06694 -0.9801714
  vertex 71.252464 -105.51994 0
  vertex 74.64237 -112.75777 0
 endloop
endfacet
facet normal 0.047639225 0.022531658 0.99861044
 outer loop
  vertex 87.767456 -97.06694 -0.9801714
  vertex 74.64237 -112.75777 0
  vertex 91.94308 -105.89555 -0.9801714
 endloop
endfacet
facet normal -0.20362885 -0.09630922 0.97429967
 outer loop
  vertex 33.74967 -125.94004 9.238795
  vertex 25.600822 -130.29568 7.1051307
  vertex 26.818806 -132.8709 7.1051307
 endloop
endfacet
facet normal -0.20362893 -0.09630915 0.9742996
 outer loop
  vertex 33.74967 -125.94004 9.238795
  vertex 26.818806 -132.8709 7.1051307
  vertex 35.355343 -129.33496 9.238795
 endloop
endfacet
facet normal -0.031452432 -0.014876008 -0.99939454
 outer loop
  vertex 8.64434 -139.35912 -7.905112
  vertex 17.205431 -134.78313 -8.242656
  vertex 18.023996 -136.51382 -8.242656
 endloop
endfacet
facet normal -0.03145251 -0.014875744 -0.9993945
 outer loop
  vertex 8.64434 -139.35912 -7.905112
  vertex 18.023996 -136.51382 -8.242656
  vertex 9.055602 -140.22867 -7.905112
 endloop
endfacet
facet normal 0.50573367 0.23919408 -0.82886654
 outer loop
  vertex 86.49753 -97.74573 -1.9509033
  vertex 87.767456 -97.06694 -0.9801714
  vertex 91.94308 -105.89555 -0.9801714
 endloop
endfacet
facet normal 0.5057334 0.23919387 -0.82886666
 outer loop
  vertex 86.49753 -97.74573 -1.9509033
  vertex 91.94308 -105.89555 -0.9801714
  vertex 90.61273 -106.4466 -1.9509033
 endloop
endfacet
facet normal 0.26872522 0.12709732 0.95479476
 outer loop
  vertex 41.573483 -121.758125 6.4801226
  vertex 33.74967 -125.94004 9.238795
  vertex 35.355343 -129.33496 9.238795
 endloop
endfacet
facet normal 0.26872522 0.12709723 0.95479476
 outer loop
  vertex 41.573483 -121.758125 6.4801226
  vertex 35.355343 -129.33496 9.238795
  vertex 43.55138 -125.94005 6.4801226
 endloop
endfacet
facet normal -0.54805076 -0.2592054 -0.7952691
 outer loop
  vertex 4.32217 -141.66937 -4.1735454
  vertex 8.64434 -139.35912 -7.905112
  vertex 9.055602 -140.22867 -7.905112
 endloop
endfacet
facet normal -0.5480494 -0.2592092 -0.79526883
 outer loop
  vertex 4.32217 -141.66937 -4.1735454
  vertex 9.055602 -140.22867 -7.905112
  vertex 4.527801 -142.10414 -4.1735454
 endloop
endfacet
facet normal 0.33552 0.15868902 -0.928571
 outer loop
  vertex 84.3946 -98.86977 -2.9028468
  vertex 86.49753 -97.74573 -1.9509033
  vertex 90.61273 -106.4466 -1.9509033
 endloop
endfacet
facet normal 0.33551997 0.15868896 -0.9285711
 outer loop
  vertex 84.3946 -98.86977 -2.9028468
  vertex 90.61273 -106.4466 -1.9509033
  vertex 88.40975 -107.3591 -2.9028468
 endloop
endfacet
facet normal 0.08508972 0.030445557 0.995908
 outer loop
  vertex 65.32815 -116.919815 7.071068
  vertex 58.610287 -119.70244 7.730104
  vertex 60.707638 -125.56415 7.730104
 endloop
endfacet
facet normal 0.08508976 0.030445527 0.995908
 outer loop
  vertex 65.32815 -116.919815 7.071068
  vertex 60.707638 -125.56415 7.730104
  vertex 67.66589 -123.45339 7.071068
 endloop
endfacet
facet normal 0.15512784 0.055505637 -0.9863338
 outer loop
  vertex 76.81777 -112.16065 -5.5557027
  vertex 81.478874 -110.22995 -4.713968
  vertex 84.39458 -118.37879 -4.713968
 endloop
endfacet
facet normal 0.15512796 0.055505786 -0.9863338
 outer loop
  vertex 76.81777 -112.16065 -5.5557027
  vertex 84.39458 -118.37879 -4.713968
  vertex 79.56668 -119.84332 -5.5557027
 endloop
endfacet
facet normal 0.10338 0.03698987 0.9939539
 outer loop
  vertex 71.41684 -114.397804 6.3439336
  vertex 65.32815 -116.919815 7.071068
  vertex 67.66589 -123.45339 7.071068
 endloop
endfacet
facet normal 0.10338003 0.03698986 0.9939539
 outer loop
  vertex 71.41684 -114.397804 6.3439336
  vertex 67.66589 -123.45339 7.071068
  vertex 73.972466 -121.54032 6.3439336
 endloop
endfacet
facet normal 0.12596273 0.045070276 -0.99101067
 outer loop
  vertex 71.41684 -114.397804 -6.3439336
  vertex 76.81777 -112.16065 -5.5557027
  vertex 79.56668 -119.84332 -5.5557027
 endloop
endfacet
facet normal 0.12596253 0.045069985 -0.99101067
 outer loop
  vertex 71.41684 -114.397804 -6.3439336
  vertex 79.56668 -119.84332 -5.5557027
  vertex 73.972466 -121.54032 -6.3439336
 endloop
endfacet
facet normal 0.1259628 0.04507008 0.9910106
 outer loop
  vertex 76.81777 -112.16065 5.5557027
  vertex 71.41684 -114.397804 6.3439336
  vertex 73.972466 -121.54032 6.3439336
 endloop
endfacet
facet normal 0.12596247 0.045070183 0.99101067
 outer loop
  vertex 76.81777 -112.16065 5.5557027
  vertex 73.972466 -121.54032 6.3439336
  vertex 79.56668 -119.84332 5.5557027
 endloop
endfacet
facet normal 0.103380024 0.036989853 -0.9939539
 outer loop
  vertex 65.32815 -116.919815 -7.071068
  vertex 71.41684 -114.397804 -6.3439336
  vertex 73.972466 -121.54032 -6.3439336
 endloop
endfacet
facet normal 0.10338004 0.03698988 -0.9939539
 outer loop
  vertex 65.32815 -116.919815 -7.071068
  vertex 73.972466 -121.54032 -6.3439336
  vertex 67.66589 -123.45339 -7.071068
 endloop
endfacet
facet normal 0.15512781 0.055505726 0.98633385
 outer loop
  vertex 81.478874 -110.22995 4.713968
  vertex 76.81777 -112.16065 5.5557027
  vertex 79.56668 -119.84332 5.5557027
 endloop
endfacet
facet normal 0.15512797 0.055505686 0.9863338
 outer loop
  vertex 81.478874 -110.22995 4.713968
  vertex 79.56668 -119.84332 5.5557027
  vertex 84.39458 -118.37879 4.713968
 endloop
endfacet
facet normal 0.08508973 0.03044552 -0.995908
 outer loop
  vertex 58.610287 -119.70244 -7.730104
  vertex 65.32815 -116.919815 -7.071068
  vertex 67.66589 -123.45339 -7.071068
 endloop
endfacet
facet normal 0.08508975 0.03044557 -0.995908
 outer loop
  vertex 58.610287 -119.70244 -7.730104
  vertex 67.66589 -123.45339 -7.071068
  vertex 60.707638 -125.56415 -7.730104
 endloop
endfacet
facet normal 0.19499193 0.06976924 0.97832024
 outer loop
  vertex 85.355316 -108.62429 3.8268344
  vertex 81.478874 -110.22995 4.713968
  vertex 84.39458 -118.37879 4.713968
 endloop
endfacet
facet normal 0.19499189 0.06976924 0.9783202
 outer loop
  vertex 85.355316 -108.62429 3.8268344
  vertex 84.39458 -118.37879 4.713968
  vertex 88.40974 -117.16082 3.8268344
 endloop
endfacet
facet normal 0.069722 0.024946902 -0.9972545
 outer loop
  vertex 51.327984 -122.71887 -8.314696
  vertex 58.610287 -119.70244 -7.730104
  vertex 60.707638 -125.56415 -7.730104
 endloop
endfacet
facet normal 0.069722 0.024946945 -0.9972545
 outer loop
  vertex 51.327984 -122.71887 -8.314696
  vertex 60.707638 -125.56415 -7.730104
  vertex 53.16474 -127.852264 -8.314696
 endloop
endfacet
facet normal 0.25371444 0.09078053 0.9630098
 outer loop
  vertex 88.40975 -107.3591 2.9028468
  vertex 85.355316 -108.62429 3.8268344
  vertex 88.40974 -117.16082 3.8268344
 endloop
endfacet
facet normal 0.25371474 0.09078052 0.9630097
 outer loop
  vertex 88.40975 -107.3591 2.9028468
  vertex 88.40974 -117.16082 3.8268344
  vertex 91.57347 -116.20111 2.9028468
 endloop
endfacet
facet normal 0.056400675 0.02018049 -0.9982042
 outer loop
  vertex 43.55138 -125.94005 -8.819213
  vertex 51.327984 -122.71887 -8.314696
  vertex 53.16474 -127.852264 -8.314696
 endloop
endfacet
facet normal 0.056400687 0.020180538 -0.9982043
 outer loop
  vertex 43.55138 -125.94005 -8.819213
  vertex 53.16474 -127.852264 -8.314696
  vertex 45.109856 -130.29568 -8.819213
 endloop
endfacet
facet normal 0.3494585 0.12503815 0.9285711
 outer loop
  vertex 90.61273 -106.4466 1.9509033
  vertex 88.40975 -107.3591 2.9028468
  vertex 91.57347 -116.20111 2.9028468
 endloop
endfacet
facet normal 0.34945822 0.12503812 0.92857116
 outer loop
  vertex 90.61273 -106.4466 1.9509033
  vertex 91.57347 -116.20111 2.9028468
  vertex 93.855286 -115.508934 1.9509033
 endloop
endfacet
facet normal 0.0046310443 0.0016570349 0.99998784
 outer loop
  vertex 9.055602 -140.22867 9.951847
  vertex 0 -143.97961 10
  vertex 9.379655 -141.13432 9.951847
 endloop
endfacet
facet normal 0.04453548 0.01593509 -0.9988807
 outer loop
  vertex 35.355343 -129.33496 -9.238795
  vertex 43.55138 -125.94005 -8.819213
  vertex 45.109856 -130.29568 -8.819213
 endloop
endfacet
facet normal 0.04453549 0.015935116 -0.9988808
 outer loop
  vertex 35.355343 -129.33496 -9.238795
  vertex 45.109856 -130.29568 -8.819213
  vertex 36.620525 -132.8709 -9.238795
 endloop
endfacet
facet normal 0.5267433 0.18847172 0.82886666
 outer loop
  vertex 91.94308 -105.89555 0.9801714
  vertex 90.61273 -106.4466 1.9509033
  vertex 93.855286 -115.508934 1.9509033
 endloop
endfacet
facet normal 0.5267447 0.1884719 0.8288657
 outer loop
  vertex 91.94308 -105.89555 0.9801714
  vertex 93.855286 -115.508934 1.9509033
  vertex 95.23323 -115.090935 0.9801714
 endloop
endfacet
facet normal 0.244593 0.08751793 0.96566814
 outer loop
  vertex 18.023996 -136.51382 7.3435783
  vertex 9.055602 -140.22867 9.951847
  vertex 9.379655 -141.13432 9.951847
 endloop
endfacet
facet normal 0.24459352 0.08751699 0.9656681
 outer loop
  vertex 18.023996 -136.51382 7.3435783
  vertex 9.379655 -141.13432 9.951847
  vertex 18.668982 -138.31644 7.3435783
 endloop
endfacet
facet normal 0.03370801 0.0120609645 -0.99935895
 outer loop
  vertex 26.818806 -132.8709 -9.569404
  vertex 35.355343 -129.33496 -9.238795
  vertex 36.620525 -132.8709 -9.238795
 endloop
endfacet
facet normal 0.033708002 0.012060856 -0.99935895
 outer loop
  vertex 26.818806 -132.8709 -9.569404
  vertex 36.620525 -132.8709 -9.238795
  vertex 27.77851 -135.5531 -9.569404
 endloop
endfacet
facet normal 0.04954502 0.017727457 -0.9986145
 outer loop
  vertex 74.64237 -112.75777 0
  vertex 91.94308 -105.89555 0.9801714
  vertex 95.23323 -115.090935 0.9801714
 endloop
endfacet
facet normal 0.049524862 0.017547768 -0.9986187
 outer loop
  vertex 74.64237 -112.75777 0
  vertex 95.23323 -115.090935 0.9801714
  vertex 77.31343 -120.296265 0
 endloop
endfacet
facet normal 0.023605298 0.008446113 0.99968565
 outer loop
  vertex 26.818806 -132.8709 7.1051307
  vertex 18.023996 -136.51382 7.3435783
  vertex 18.668982 -138.31644 7.3435783
 endloop
endfacet
facet normal 0.023605326 0.008446078 0.9996857
 outer loop
  vertex 26.818806 -132.8709 7.1051307
  vertex 18.668982 -138.31644 7.3435783
  vertex 27.77851 -135.5531 7.1051307
 endloop
endfacet
facet normal -0.13012303 -0.046558525 -0.9904041
 outer loop
  vertex 18.023996 -136.51382 -8.242656
  vertex 26.818806 -132.8709 -9.569404
  vertex 27.77851 -135.5531 -9.569404
 endloop
endfacet
facet normal -0.13012299 -0.046558775 -0.9904041
 outer loop
  vertex 18.023996 -136.51382 -8.242656
  vertex 27.77851 -135.5531 -9.569404
  vertex 18.668982 -138.31644 -8.242656
 endloop
endfacet
facet normal 0.049605012 0.017576165 0.99861425
 outer loop
  vertex 91.94308 -105.89555 -0.9801714
  vertex 74.64237 -112.75777 0
  vertex 77.31343 -120.296265 0
 endloop
endfacet
facet normal 0.049479447 0.017703991 0.9986182
 outer loop
  vertex 91.94308 -105.89555 -0.9801714
  vertex 77.31343 -120.296265 0
  vertex 95.23323 -115.090935 -0.9801714
 endloop
endfacet
facet normal -0.2120884 -0.07588606 0.9742996
 outer loop
  vertex 35.355343 -129.33496 9.238795
  vertex 26.818806 -132.8709 7.1051307
  vertex 27.77851 -135.5531 7.1051307
 endloop
endfacet
facet normal -0.21208797 -0.07588656 0.9742997
 outer loop
  vertex 35.355343 -129.33496 9.238795
  vertex 27.77851 -135.5531 7.1051307
  vertex 36.620525 -132.8709 9.238795
 endloop
endfacet
facet normal -0.032759093 -0.011721394 -0.99939454
 outer loop
  vertex 9.055602 -140.22867 -7.905112
  vertex 18.023996 -136.51382 -8.242656
  vertex 18.668982 -138.31644 -8.242656
 endloop
endfacet
facet normal -0.032759063 -0.011721518 -0.9993945
 outer loop
  vertex 9.055602 -140.22867 -7.905112
  vertex 18.668982 -138.31644 -8.242656
  vertex 9.379655 -141.13432 -7.905112
 endloop
endfacet
facet normal 0.52674335 0.18847142 -0.82886666
 outer loop
  vertex 90.61273 -106.4466 -1.9509033
  vertex 91.94308 -105.89555 -0.9801714
  vertex 95.23323 -115.090935 -0.9801714
 endloop
endfacet
facet normal 0.52674466 0.18847223 -0.8288657
 outer loop
  vertex 90.61273 -106.4466 -1.9509033
  vertex 95.23323 -115.090935 -0.9801714
  vertex 93.855286 -115.508934 -1.9509033
 endloop
endfacet
facet normal 0.27988878 0.10014619 0.9547947
 outer loop
  vertex 43.55138 -125.94005 6.4801226
  vertex 35.355343 -129.33496 9.238795
  vertex 36.620525 -132.8709 9.238795
 endloop
endfacet
facet normal 0.2798889 0.10014605 0.95479476
 outer loop
  vertex 43.55138 -125.94005 6.4801226
  vertex 36.620525 -132.8709 9.238795
  vertex 45.109856 -130.29568 6.4801226
 endloop
endfacet
facet normal -0.5708167 -0.2042442 -0.7952689
 outer loop
  vertex 4.527801 -142.10414 -4.1735454
  vertex 9.055602 -140.22867 -7.905112
  vertex 9.379655 -141.13432 -7.905112
 endloop
endfacet
facet normal -0.5708175 -0.20424105 -0.79526913
 outer loop
  vertex 4.527801 -142.10414 -4.1735454
  vertex 9.379655 -141.13432 -7.905112
  vertex 4.6898274 -142.55698 -4.1735454
 endloop
endfacet
facet normal 0.34945846 0.12503822 -0.92857105
 outer loop
  vertex 88.40975 -107.3591 -2.9028468
  vertex 90.61273 -106.4466 -1.9509033
  vertex 93.855286 -115.508934 -1.9509033
 endloop
endfacet
facet normal 0.34945822 0.12503806 -0.92857116
 outer loop
  vertex 88.40975 -107.3591 -2.9028468
  vertex 93.855286 -115.508934 -1.9509033
  vertex 91.57347 -116.20111 -2.9028468
 endloop
endfacet
facet normal 0.056400664 0.020180529 0.9982043
 outer loop
  vertex 51.327984 -122.71887 5.975606
  vertex 43.55138 -125.94005 6.4801226
  vertex 45.109856 -130.29568 6.4801226
 endloop
endfacet
facet normal 0.056400698 0.020180501 0.9982043
 outer loop
  vertex 51.327984 -122.71887 5.975606
  vertex 45.109856 -130.29568 6.4801226
  vertex 53.16474 -127.852264 5.975606
 endloop
endfacet
facet normal 0.2537145 0.09078042 -0.96300983
 outer loop
  vertex 85.355316 -108.62429 -3.8268344
  vertex 88.40975 -107.3591 -2.9028468
  vertex 91.57347 -116.20111 -2.9028468
 endloop
endfacet
facet normal 0.2537147 0.09078062 -0.9630097
 outer loop
  vertex 85.355316 -108.62429 -3.8268344
  vertex 91.57347 -116.20111 -2.9028468
  vertex 88.40974 -117.16082 -3.8268344
 endloop
endfacet
facet normal -0.2048039 -0.07328002 0.97605604
 outer loop
  vertex 58.610287 -119.70244 7.730104
  vertex 51.327984 -122.71887 5.975606
  vertex 53.16474 -127.852264 5.975606
 endloop
endfacet
facet normal -0.204804 -0.07327996 0.9760561
 outer loop
  vertex 58.610287 -119.70244 7.730104
  vertex 53.16474 -127.852264 5.975606
  vertex 60.707638 -125.56415 7.730104
 endloop
endfacet
facet normal 0.19499192 0.06976926 -0.97832024
 outer loop
  vertex 81.478874 -110.22995 -4.713968
  vertex 85.355316 -108.62429 -3.8268344
  vertex 88.40974 -117.16082 -3.8268344
 endloop
endfacet
facet normal 0.19499189 0.069769226 -0.97832024
 outer loop
  vertex 81.478874 -110.22995 -4.713968
  vertex 88.40974 -117.16082 -3.8268344
  vertex 84.39458 -118.37879 -4.713968
 endloop
endfacet
facet normal 0.12977366 0.032506485 0.99101067
 outer loop
  vertex 79.56668 -119.84332 5.5557027
  vertex 73.972466 -121.54032 6.3439336
  vertex 75.8157 -128.89894 6.3439336
 endloop
endfacet
facet normal 0.12977347 0.03250657 0.99101067
 outer loop
  vertex 79.56668 -119.84332 5.5557027
  vertex 75.8157 -128.89894 6.3439336
  vertex 81.54932 -127.758446 5.5557027
 endloop
endfacet
facet normal 0.10650788 0.026678734 -0.9939539
 outer loop
  vertex 67.66589 -123.45339 -7.071068
  vertex 73.972466 -121.54032 -6.3439336
  vertex 75.8157 -128.89894 -6.3439336
 endloop
endfacet
facet normal 0.10650801 0.026678937 -0.9939539
 outer loop
  vertex 67.66589 -123.45339 -7.071068
  vertex 75.8157 -128.89894 -6.3439336
  vertex 69.35199 -130.18465 -7.071068
 endloop
endfacet
facet normal 0.15982153 0.040033218 0.9863338
 outer loop
  vertex 84.39458 -118.37879 4.713968
  vertex 79.56668 -119.84332 5.5557027
  vertex 81.54932 -127.758446 5.5557027
 endloop
endfacet
facet normal 0.15982156 0.040033203 0.9863338
 outer loop
  vertex 84.39458 -118.37879 4.713968
  vertex 81.54932 -127.758446 5.5557027
  vertex 86.49751 -126.774185 4.713968
 endloop
endfacet
facet normal 0.08766417 0.021958793 -0.995908
 outer loop
  vertex 60.707638 -125.56415 -7.730104
  vertex 67.66589 -123.45339 -7.071068
  vertex 69.35199 -130.18465 -7.071068
 endloop
endfacet
facet normal 0.08766414 0.021958724 -0.995908
 outer loop
  vertex 60.707638 -125.56415 -7.730104
  vertex 69.35199 -130.18465 -7.071068
  vertex 62.220345 -131.60321 -7.730104
 endloop
endfacet
facet normal 0.20089146 0.050320674 0.9783202
 outer loop
  vertex 88.40974 -117.16082 3.8268344
  vertex 84.39458 -118.37879 4.713968
  vertex 86.49751 -126.774185 4.713968
 endloop
endfacet
facet normal 0.20089163 0.050320633 0.9783201
 outer loop
  vertex 88.40974 -117.16082 3.8268344
  vertex 86.49751 -126.774185 4.713968
  vertex 90.61272 -125.95563 3.8268344
 endloop
endfacet
facet normal 0.0718315 0.01799286 -0.9972545
 outer loop
  vertex 53.16474 -127.852264 -8.314696
  vertex 60.707638 -125.56415 -7.730104
  vertex 62.220345 -131.60321 -7.730104
 endloop
endfacet
facet normal 0.071831495 0.017992845 -0.9972545
 outer loop
  vertex 53.16474 -127.852264 -8.314696
  vertex 62.220345 -131.60321 -7.730104
  vertex 54.489494 -133.14098 -8.314696
 endloop
endfacet
facet normal 0.26139116 0.06547494 0.9630097
 outer loop
  vertex 91.57347 -116.20111 2.9028468
  vertex 88.40974 -117.16082 3.8268344
  vertex 90.61272 -125.95563 3.8268344
 endloop
endfacet
facet normal 0.26139048 0.065475024 0.96300983
 outer loop
  vertex 91.57347 -116.20111 2.9028468
  vertex 90.61272 -125.95563 3.8268344
  vertex 93.85529 -125.31064 2.9028468
 endloop
endfacet
facet normal 0.05810715 0.014555078 -0.9982043
 outer loop
  vertex 45.109856 -130.29568 -8.819213
  vertex 53.16474 -127.852264 -8.314696
  vertex 54.489494 -133.14098 -8.314696
 endloop
endfacet
facet normal 0.05810713 0.014555038 -0.9982042
 outer loop
  vertex 45.109856 -130.29568 -8.819213
  vertex 54.489494 -133.14098 -8.314696
  vertex 46.2339 -134.78313 -8.819213
 endloop
endfacet
facet normal 0.36003125 0.0901833 0.92857116
 outer loop
  vertex 93.855286 -115.508934 1.9509033
  vertex 91.57347 -116.20111 2.9028468
  vertex 93.85529 -125.31064 2.9028468
 endloop
endfacet
facet normal 0.36003307 0.09018323 0.9285705
 outer loop
  vertex 93.855286 -115.508934 1.9509033
  vertex 93.85529 -125.31064 2.9028468
  vertex 96.193954 -124.84546 1.9509033
 endloop
endfacet
facet normal 0.0047711697 0.0011951041 0.99998784
 outer loop
  vertex 9.379655 -141.13432 9.951847
  vertex 0 -143.97961 10
  vertex 9.613376 -142.0674 9.951847
 endloop
endfacet
facet normal 0.04588297 0.011493053 -0.9988807
 outer loop
  vertex 36.620525 -132.8709 -9.238795
  vertex 45.109856 -130.29568 -8.819213
  vertex 46.2339 -134.78313 -8.819213
 endloop
endfacet
facet normal 0.04588298 0.0114930915 -0.9988808
 outer loop
  vertex 36.620525 -132.8709 -9.238795
  vertex 46.2339 -134.78313 -8.819213
  vertex 37.53303 -136.51382 -9.238795
 endloop
endfacet
facet normal 0.542682 0.13593425 0.82886565
 outer loop
  vertex 95.23323 -115.090935 0.9801714
  vertex 93.855286 -115.508934 1.9509033
  vertex 96.193954 -124.84546 1.9509033
 endloop
endfacet
facet normal 0.5426784 0.13593413 0.828868
 outer loop
  vertex 95.23323 -115.090935 0.9801714
  vertex 96.193954 -124.84546 1.9509033
  vertex 97.60625 -124.56453 0.9801714
 endloop
endfacet
facet normal 0.25199407 0.063120596 0.965668
 outer loop
  vertex 18.668982 -138.31644 7.3435783
  vertex 9.379655 -141.13432 9.951847
  vertex 9.613376 -142.0674 9.951847
 endloop
endfacet
facet normal 0.25199407 0.06312066 0.9656681
 outer loop
  vertex 18.668982 -138.31644 7.3435783
  vertex 9.613376 -142.0674 9.951847
  vertex 19.134172 -140.1736 7.3435783
 endloop
endfacet
facet normal 0.034727853 0.008698873 -0.99935895
 outer loop
  vertex 27.77851 -135.5531 -9.569404
  vertex 36.620525 -132.8709 -9.238795
  vertex 37.53303 -136.51382 -9.238795
 endloop
endfacet
facet normal 0.03472786 0.0086989105 -0.9993589
 outer loop
  vertex 27.77851 -135.5531 -9.569404
  vertex 37.53303 -136.51382 -9.238795
  vertex 28.470692 -138.31644 -9.569404
 endloop
endfacet
facet normal 0.05091745 0.0127541805 -0.99862146
 outer loop
  vertex 77.31343 -120.296265 0
  vertex 95.23323 -115.090935 0.9801714
  vertex 97.60625 -124.56453 0.9801714
 endloop
endfacet
facet normal 0.05089004 0.01262321 -0.99862444
 outer loop
  vertex 77.31343 -120.296265 0
  vertex 97.60625 -124.56453 0.9801714
  vertex 79.23992 -128.06285 0
 endloop
endfacet
facet normal 0.024319524 0.00609167 0.99968565
 outer loop
  vertex 27.77851 -135.5531 7.1051307
  vertex 18.668982 -138.31644 7.3435783
  vertex 19.134172 -140.1736 7.3435783
 endloop
endfacet
facet normal 0.02431949 0.00609174 0.99968565
 outer loop
  vertex 27.77851 -135.5531 7.1051307
  vertex 19.134172 -140.1736 7.3435783
  vertex 28.470692 -138.31644 7.1051307
 endloop
endfacet
facet normal -0.13405994 -0.033580404 -0.9904041
 outer loop
  vertex 18.668982 -138.31644 -8.242656
  vertex 27.77851 -135.5531 -9.569404
  vertex 28.470692 -138.31644 -9.569404
 endloop
endfacet
facet normal -0.13405994 -0.033579983 -0.9904042
 outer loop
  vertex 18.668982 -138.31644 -8.242656
  vertex 28.470692 -138.31644 -9.569404
  vertex 19.134172 -140.1736 -8.242656
 endloop
endfacet
facet normal 0.05095108 0.0126383435 0.99862117
 outer loop
  vertex 95.23323 -115.090935 -0.9801714
  vertex 77.31343 -120.296265 0
  vertex 79.23992 -128.06285 0
 endloop
endfacet
facet normal 0.05086746 0.012741657 0.99862415
 outer loop
  vertex 95.23323 -115.090935 -0.9801714
  vertex 79.23992 -128.06285 0
  vertex 97.60625 -124.56453 -0.9801714
 endloop
endfacet
facet normal -0.21850492 -0.05473286 0.97429967
 outer loop
  vertex 36.620525 -132.8709 9.238795
  vertex 27.77851 -135.5531 7.1051307
  vertex 28.470692 -138.31644 7.1051307
 endloop
endfacet
facet normal -0.21850502 -0.054732643 0.97429967
 outer loop
  vertex 36.620525 -132.8709 9.238795
  vertex 28.470692 -138.31644 7.1051307
  vertex 37.53303 -136.51382 9.238795
 endloop
endfacet
facet normal -0.033750277 -0.00845393 -0.99939454
 outer loop
  vertex 9.379655 -141.13432 -7.905112
  vertex 18.668982 -138.31644 -8.242656
  vertex 19.134172 -140.1736 -8.242656
 endloop
endfacet
facet normal -0.033750284 -0.008453922 -0.9993945
 outer loop
  vertex 9.379655 -141.13432 -7.905112
  vertex 19.134172 -140.1736 -8.242656
  vertex 9.613376 -142.0674 -7.905112
 endloop
endfacet
facet normal 0.54268175 0.13593495 -0.8288656
 outer loop
  vertex 93.855286 -115.508934 -1.9509033
  vertex 95.23323 -115.090935 -0.9801714
  vertex 97.60625 -124.56453 -0.9801714
 endloop
endfacet
facet normal 0.54267853 0.1359334 -0.828868
 outer loop
  vertex 93.855286 -115.508934 -1.9509033
  vertex 97.60625 -124.56453 -0.9801714
  vertex 96.193954 -124.84546 -1.9509033
 endloop
endfacet
facet normal 0.2883572 0.072229706 0.95479476
 outer loop
  vertex 45.109856 -130.29568 6.4801226
  vertex 36.620525 -132.8709 9.238795
  vertex 37.53303 -136.51382 9.238795
 endloop
endfacet
facet normal 0.28835735 0.072229564 0.95479476
 outer loop
  vertex 45.109856 -130.29568 6.4801226
  vertex 37.53303 -136.51382 9.238795
  vertex 46.2339 -134.78313 6.4801226
 endloop
endfacet
facet normal -0.5880883 -0.14730698 -0.795269
 outer loop
  vertex 4.6898274 -142.55698 -4.1735454
  vertex 9.379655 -141.13432 -7.905112
  vertex 9.613376 -142.0674 -7.905112
 endloop
endfacet
facet normal -0.5880876 -0.14731133 -0.7952688
 outer loop
  vertex 4.6898274 -142.55698 -4.1735454
  vertex 9.613376 -142.0674 -7.905112
  vertex 4.806688 -143.0235 -4.1735454
 endloop
endfacet
facet normal 0.36003137 0.090182826 -0.92857116
 outer loop
  vertex 91.57347 -116.20111 -2.9028468
  vertex 93.855286 -115.508934 -1.9509033
  vertex 96.193954 -124.84546 -1.9509033
 endloop
endfacet
facet normal 0.36003295 0.09018374 -0.9285705
 outer loop
  vertex 91.57347 -116.20111 -2.9028468
  vertex 96.193954 -124.84546 -1.9509033
  vertex 93.85529 -125.31064 -2.9028468
 endloop
endfacet
facet normal 0.058107153 0.014555043 0.9982042
 outer loop
  vertex 53.16474 -127.852264 5.975606
  vertex 45.109856 -130.29568 6.4801226
  vertex 46.2339 -134.78313 6.4801226
 endloop
endfacet
facet normal 0.058107123 0.0145550715 0.9982043
 outer loop
  vertex 53.16474 -127.852264 5.975606
  vertex 46.2339 -134.78313 6.4801226
  vertex 54.489494 -133.14098 5.975606
 endloop
endfacet
facet normal 0.26139104 0.06547518 -0.9630097
 outer loop
  vertex 88.40974 -117.16082 -3.8268344
  vertex 91.57347 -116.20111 -2.9028468
  vertex 93.85529 -125.31064 -2.9028468
 endloop
endfacet
facet normal 0.2613905 0.065474786 -0.9630099
 outer loop
  vertex 88.40974 -117.16082 -3.8268344
  vertex 93.85529 -125.31064 -2.9028468
  vertex 90.61272 -125.95563 -3.8268344
 endloop
endfacet
facet normal -0.21100049 -0.052852854 0.97605604
 outer loop
  vertex 60.707638 -125.56415 7.730104
  vertex 53.16474 -127.852264 5.975606
  vertex 54.489494 -133.14098 5.975606
 endloop
endfacet
facet normal -0.21100047 -0.052852884 0.97605604
 outer loop
  vertex 60.707638 -125.56415 7.730104
  vertex 54.489494 -133.14098 5.975606
  vertex 62.220345 -131.60321 7.730104
 endloop
endfacet
facet normal 0.20089148 0.050320596 -0.9783202
 outer loop
  vertex 84.39458 -118.37879 -4.713968
  vertex 88.40974 -117.16082 -3.8268344
  vertex 90.61272 -125.95563 -3.8268344
 endloop
endfacet
facet normal 0.20089163 0.05032072 -0.9783201
 outer loop
  vertex 84.39458 -118.37879 -4.713968
  vertex 90.61272 -125.95563 -3.8268344
  vertex 86.49751 -126.774185 -4.713968
 endloop
endfacet
facet normal 0.08766419 0.02195874 0.995908
 outer loop
  vertex 67.66589 -123.45339 7.071068
  vertex 60.707638 -125.56415 7.730104
  vertex 62.220345 -131.60321 7.730104
 endloop
endfacet
facet normal 0.08766413 0.021958783 0.995908
 outer loop
  vertex 67.66589 -123.45339 7.071068
  vertex 62.220345 -131.60321 7.730104
  vertex 69.35199 -130.18465 7.071068
 endloop
endfacet
facet normal 0.15982154 0.040033195 -0.9863338
 outer loop
  vertex 79.56668 -119.84332 -5.5557027
  vertex 84.39458 -118.37879 -4.713968
  vertex 86.49751 -126.774185 -4.713968
 endloop
endfacet
facet normal 0.15982156 0.04003322 -0.9863338
 outer loop
  vertex 79.56668 -119.84332 -5.5557027
  vertex 86.49751 -126.774185 -4.713968
  vertex 81.54932 -127.758446 -5.5557027
 endloop
endfacet
facet normal 0.10650783 0.026678897 0.9939539
 outer loop
  vertex 73.972466 -121.54032 6.3439336
  vertex 67.66589 -123.45339 7.071068
  vertex 69.35199 -130.18465 7.071068
 endloop
endfacet
facet normal 0.106508054 0.026678775 0.9939539
 outer loop
  vertex 73.972466 -121.54032 6.3439336
  vertex 69.35199 -130.18465 7.071068
  vertex 75.8157 -128.89894 6.3439336
 endloop
endfacet
facet normal 0.12977362 0.032506604 -0.99101067
 outer loop
  vertex 73.972466 -121.54032 -6.3439336
  vertex 79.56668 -119.84332 -5.5557027
  vertex 81.54932 -127.758446 -5.5557027
 endloop
endfacet
facet normal 0.12977347 0.03250644 -0.99101067
 outer loop
  vertex 73.972466 -121.54032 -6.3439336
  vertex 81.54932 -127.758446 -5.5557027
  vertex 75.8157 -128.89894 -6.3439336
 endloop
endfacet
facet normal 0.17425731 0.17428698 0.9691534
 outer loop
  vertex 90.61272 -125.95563 3.8268344
  vertex 86.49751 -126.774185 4.713968
  vertex 83.07953 -135.91208 6.97184
 endloop
endfacet
facet normal 0.6193682 -0.23167084 0.750141
 outer loop
  vertex 90.61272 -125.95563 3.8268344
  vertex 83.07953 -135.91208 6.97184
  vertex 87.03213 -135.52827 3.8268344
 endloop
endfacet
facet normal 0.012543676 0.2996017 -0.9539819
 outer loop
  vertex 54.489494 -133.14098 -8.314696
  vertex 62.220345 -131.60321 -7.730104
  vertex 63.133835 -137.76147 -9.65212
 endloop
endfacet
facet normal 0.0365093 0.3402798 -0.93961525
 outer loop
  vertex 54.489494 -133.14098 -8.314696
  vertex 63.133835 -137.76147 -9.65212
  vertex 55.289482 -138.53407 -10.2367115
 endloop
endfacet
facet normal 0.29246652 -0.10939529 0.9499979
 outer loop
  vertex 93.85529 -125.31064 2.9028468
  vertex 90.61272 -125.95563 3.8268344
  vertex 87.03213 -135.52827 3.8268344
 endloop
endfacet
facet normal 0.11011703 0.016334275 0.9937844
 outer loop
  vertex 93.85529 -125.31064 2.9028468
  vertex 87.03213 -135.52827 3.8268344
  vertex 95.23323 -134.59996 2.9028468
 endloop
endfacet
facet normal -0.008949877 0.33451095 -0.9423494
 outer loop
  vertex 46.2339 -134.78313 -8.819213
  vertex 54.489494 -133.14098 -8.314696
  vertex 55.289482 -138.53407 -10.2367115
 endloop
endfacet
facet normal 0.017118024 0.3893502 -0.9209307
 outer loop
  vertex 46.2339 -134.78313 -8.819213
  vertex 55.289482 -138.53407 -10.2367115
  vertex 46.91268 -139.35912 -10.741228
 endloop
endfacet
facet normal 0.36713874 0.054459754 0.9285705
 outer loop
  vertex 96.193954 -124.84546 1.9509033
  vertex 93.85529 -125.31064 2.9028468
  vertex 95.23323 -134.59996 2.9028468
 endloop
endfacet
facet normal 0.3671393 0.054459687 0.92857033
 outer loop
  vertex 96.193954 -124.84546 1.9509033
  vertex 95.23323 -134.59996 2.9028468
  vertex 97.606224 -134.36626 1.9509033
 endloop
endfacet
facet normal 0.004865334 0.0007217094 0.99998796
 outer loop
  vertex 9.613376 -142.0674 9.951847
  vertex 0 -143.97961 10
  vertex 9.754515 -143.01888 9.951847
 endloop
endfacet
facet normal -0.031675734 0.3830576 -0.9231812
 outer loop
  vertex 37.53303 -136.51382 -9.238795
  vertex 46.2339 -134.78313 -8.819213
  vertex 46.91268 -139.35912 -10.741228
 endloop
endfacet
facet normal -0.0030062648 0.45917174 -0.8883425
 outer loop
  vertex 37.53303 -136.51382 -9.238795
  vertex 46.91268 -139.35912 -10.741228
  vertex 38.084072 -140.22867 -11.16081
 endloop
endfacet
facet normal 0.55338943 0.082087144 0.8288678
 outer loop
  vertex 97.60625 -124.56453 0.9801714
  vertex 96.193954 -124.84546 1.9509033
  vertex 97.606224 -134.36626 1.9509033
 endloop
endfacet
facet normal 0.5533884 0.08208721 0.8288685
 outer loop
  vertex 97.60625 -124.56453 0.9801714
  vertex 97.606224 -134.36626 1.9509033
  vertex 99.03925 -134.2251 0.9801714
 endloop
endfacet
facet normal 0.2569674 0.038117714 0.9656681
 outer loop
  vertex 19.134172 -140.1736 7.3435783
  vertex 9.613376 -142.0674 9.951847
  vertex 9.754515 -143.01888 9.951847
 endloop
endfacet
facet normal 0.25696748 0.03811747 0.96566796
 outer loop
  vertex 19.134172 -140.1736 7.3435783
  vertex 9.754515 -143.01888 9.951847
  vertex 19.41509 -142.0674 7.3435783
 endloop
endfacet
facet normal -0.05744081 0.45203245 -0.8901501
 outer loop
  vertex 28.470692 -138.31644 -9.569404
  vertex 37.53303 -136.51382 -9.238795
  vertex 38.084072 -140.22867 -11.16081
 endloop
endfacet
facet normal -0.025469378 0.5607189 -0.8276144
 outer loop
  vertex 28.470692 -138.31644 -9.569404
  vertex 38.084072 -140.22867 -11.16081
  vertex 28.888685 -141.13432 -11.49142
 endloop
endfacet
facet normal 0.05183012 0.0076882527 -0.99862623
 outer loop
  vertex 79.23992 -128.06285 0
  vertex 97.60625 -124.56453 0.9801714
  vertex 99.03925 -134.2251 0.9801714
 endloop
endfacet
facet normal 0.0518058 0.0076098223 -0.99862814
 outer loop
  vertex 79.23992 -128.06285 0
  vertex 99.03925 -134.2251 0.9801714
  vertex 80.40328 -135.98273 0
 endloop
endfacet
facet normal 0.024799481 0.0036786506 0.99968565
 outer loop
  vertex 28.470692 -138.31644 7.1051307
  vertex 19.134172 -140.1736 7.3435783
  vertex 19.41509 -142.0674 7.3435783
 endloop
endfacet
facet normal 0.024799485 0.0036786476 0.9996857
 outer loop
  vertex 28.470692 -138.31644 7.1051307
  vertex 19.41509 -142.0674 7.3435783
  vertex 28.888685 -141.13432 7.1051307
 endloop
endfacet
facet normal -0.2214115 0.5268697 -0.82060057
 outer loop
  vertex 19.134172 -140.1736 -8.242656
  vertex 28.470692 -138.31644 -9.569404
  vertex 28.888685 -141.13432 -11.49142
 endloop
endfacet
facet normal -0.16660215 0.69007844 -0.70429784
 outer loop
  vertex 19.134172 -140.1736 -8.242656
  vertex 28.888685 -141.13432 -11.49142
  vertex 19.41509 -142.0674 -10.164671
 endloop
endfacet
facet normal 0.05184399 0.007615429 0.9986261
 outer loop
  vertex 97.60625 -124.56453 -0.9801714
  vertex 79.23992 -128.06285 0
  vertex 80.40328 -135.98273 0
 endloop
endfacet
facet normal 0.051798835 0.007683606 0.99862796
 outer loop
  vertex 97.60625 -124.56453 -0.9801714
  vertex 80.40328 -135.98273 0
  vertex 99.03925 -134.2251 -0.9801714
 endloop
endfacet
facet normal -0.22281763 -0.03305184 0.97429967
 outer loop
  vertex 37.53303 -136.51382 9.238795
  vertex 28.470692 -138.31644 7.1051307
  vertex 28.888685 -141.13432 7.1051307
 endloop
endfacet
facet normal -0.22281775 -0.033051614 0.97429967
 outer loop
  vertex 37.53303 -136.51382 9.238795
  vertex 28.888685 -141.13432 7.1051307
  vertex 38.084072 -140.22867 9.238795
 endloop
endfacet
facet normal -0.16240239 0.6908897 -0.7044834
 outer loop
  vertex 9.613376 -142.0674 -7.905112
  vertex 19.134172 -140.1736 -8.242656
  vertex 19.41509 -142.0674 -10.164671
 endloop
endfacet
facet normal -0.103128865 0.8883874 -0.44736147
 outer loop
  vertex 9.613376 -142.0674 -7.905112
  vertex 19.41509 -142.0674 -10.164671
  vertex 9.754515 -143.01888 -9.827127
 endloop
endfacet
facet normal 0.55338943 0.08208735 -0.82886785
 outer loop
  vertex 96.193954 -124.84546 -1.9509033
  vertex 97.60625 -124.56453 -0.9801714
  vertex 99.03925 -134.2251 -0.9801714
 endloop
endfacet
facet normal 0.5533885 0.08208699 -0.82886845
 outer loop
  vertex 96.193954 -124.84546 -1.9509033
  vertex 99.03925 -134.2251 -0.9801714
  vertex 97.606224 -134.36626 -1.9509033
 endloop
endfacet
facet normal 0.29404852 0.043617632 0.9547947
 outer loop
  vertex 46.2339 -134.78313 6.4801226
  vertex 37.53303 -136.51382 9.238795
  vertex 38.084072 -140.22867 9.238795
 endloop
endfacet
facet normal 0.29404837 0.043617934 0.95479476
 outer loop
  vertex 46.2339 -134.78313 6.4801226
  vertex 38.084072 -140.22867 9.238795
  vertex 46.91268 -139.35912 6.4801226
 endloop
endfacet
facet normal -0.4779366 0.77275586 -0.41764224
 outer loop
  vertex 4.806688 -143.0235 -4.1735454
  vertex 9.613376 -142.0674 -7.905112
  vertex 9.754515 -143.01888 -9.827127
 endloop
endfacet
facet normal -0.47794586 0.7727457 -0.4176503
 outer loop
  vertex 4.806688 -143.0235 -4.1735454
  vertex 9.754515 -143.01888 -9.827127
  vertex 4.8772573 -143.49925 -5.134553
 endloop
endfacet
facet normal 0.3671388 0.05445961 -0.92857057
 outer loop
  vertex 93.85529 -125.31064 -2.9028468
  vertex 96.193954 -124.84546 -1.9509033
  vertex 97.606224 -134.36626 -1.9509033
 endloop
endfacet
facet normal 0.36713925 0.05445983 -0.92857033
 outer loop
  vertex 93.85529 -125.31064 -2.9028468
  vertex 97.606224 -134.36626 -1.9509033
  vertex 95.23323 -134.59996 -2.9028468
 endloop
endfacet
facet normal 0.059253983 0.008789493 0.9982043
 outer loop
  vertex 54.489494 -133.14098 5.975606
  vertex 46.2339 -134.78313 6.4801226
  vertex 46.91268 -139.35912 6.4801226
 endloop
endfacet
facet normal 0.059253994 0.008789472 0.9982043
 outer loop
  vertex 54.489494 -133.14098 5.975606
  vertex 46.91268 -139.35912 6.4801226
  vertex 55.289482 -138.53407 5.975606
 endloop
endfacet
facet normal 0.2665495 0.039538786 -0.9630099
 outer loop
  vertex 90.61272 -125.95563 -3.8268344
  vertex 93.85529 -125.31064 -2.9028468
  vertex 95.23323 -134.59996 -2.9028468
 endloop
endfacet
facet normal 0.26654983 0.039538965 -0.96300983
 outer loop
  vertex 90.61272 -125.95563 -3.8268344
  vertex 95.23323 -134.59996 -2.9028468
  vertex 91.943054 -134.92403 -3.8268344
 endloop
endfacet
facet normal -0.21516497 -0.031916603 0.9760561
 outer loop
  vertex 62.220345 -131.60321 7.730104
  vertex 54.489494 -133.14098 5.975606
  vertex 55.289482 -138.53407 5.975606
 endloop
endfacet
facet normal -0.46054077 0.2445365 0.85329014
 outer loop
  vertex 62.220345 -131.60321 7.730104
  vertex 55.289482 -138.53407 5.975606
  vertex 63.133835 -137.76147 9.987976
 endloop
endfacet
facet normal 0.20485653 0.030387623 -0.9783202
 outer loop
  vertex 86.49751 -126.774185 -4.713968
  vertex 90.61272 -125.95563 -3.8268344
  vertex 91.943054 -134.92403 -3.8268344
 endloop
endfacet
facet normal 0.20485634 0.030387484 -0.97832024
 outer loop
  vertex 86.49751 -126.774185 -4.713968
  vertex 91.943054 -134.92403 -3.8268344
  vertex 87.767426 -135.33527 -4.713968
 endloop
endfacet
facet normal 0.017747367 0.34649873 0.93788254
 outer loop
  vertex 69.35199 -130.18465 7.071068
  vertex 62.220345 -131.60321 7.730104
  vertex 63.133835 -137.76147 9.987976
 endloop
endfacet
facet normal 0.05471127 0.31931448 0.94606817
 outer loop
  vertex 69.35199 -130.18465 7.071068
  vertex 63.133835 -137.76147 9.987976
  vertex 70.370186 -137.04875 9.32894
 endloop
endfacet
facet normal 0.16297594 0.024175124 -0.9863338
 outer loop
  vertex 81.54932 -127.758446 -5.5557027
  vertex 86.49751 -126.774185 -4.713968
  vertex 87.767426 -135.33527 -4.713968
 endloop
endfacet
facet normal 0.16297589 0.024175085 -0.98633385
 outer loop
  vertex 81.54932 -127.758446 -5.5557027
  vertex 87.767426 -135.33527 -4.713968
  vertex 82.74658 -135.82979 -5.5557027
 endloop
endfacet
facet normal 0.043298475 0.31796524 0.9471131
 outer loop
  vertex 75.8157 -128.89894 6.3439336
  vertex 69.35199 -130.18465 7.071068
  vertex 70.370186 -137.04875 9.32894
 endloop
endfacet
facet normal 0.07619037 0.29764286 0.9516322
 outer loop
  vertex 75.8157 -128.89894 6.3439336
  vertex 70.370186 -137.04875 9.32894
  vertex 76.92879 -136.4028 8.601806
 endloop
endfacet
facet normal 0.1323348 0.019629933 -0.99101067
 outer loop
  vertex 75.8157 -128.89894 -6.3439336
  vertex 81.54932 -127.758446 -5.5557027
  vertex 82.74658 -135.82979 -5.5557027
 endloop
endfacet
facet normal 0.13233486 0.019629983 -0.99101067
 outer loop
  vertex 75.8157 -128.89894 -6.3439336
  vertex 82.74658 -135.82979 -5.5557027
  vertex 76.92879 -136.4028 -6.3439336
 endloop
endfacet
facet normal 0.071789265 0.2971402 0.9521313
 outer loop
  vertex 81.54932 -127.758446 5.5557027
  vertex 75.8157 -128.89894 6.3439336
  vertex 76.92879 -136.4028 8.601806
 endloop
endfacet
facet normal 0.10149122 0.2819398 0.95404893
 outer loop
  vertex 81.54932 -127.758446 5.5557027
  vertex 76.92879 -136.4028 8.601806
  vertex 82.74658 -135.82979 7.8135753
 endloop
endfacet
facet normal 0.108610146 0.016110765 -0.9939538
 outer loop
  vertex 69.35199 -130.18465 -7.071068
  vertex 75.8157 -128.89894 -6.3439336
  vertex 76.92879 -136.4028 -6.3439336
 endloop
endfacet
facet normal 0.10861022 0.016110845 -0.9939539
 outer loop
  vertex 69.35199 -130.18465 -7.071068
  vertex 76.92879 -136.4028 -6.3439336
  vertex 70.370186 -137.04875 -7.071068
 endloop
endfacet
facet normal 0.10600519 0.28243136 0.9534125
 outer loop
  vertex 86.49751 -126.774185 4.713968
  vertex 81.54932 -127.758446 5.5557027
  vertex 82.74658 -135.82979 7.8135753
 endloop
endfacet
facet normal 0.8941384 -0.24123172 0.37725824
 outer loop
  vertex 86.49751 -126.774185 4.713968
  vertex 82.74658 -135.82979 7.8135753
  vertex 83.07953 -135.91208 6.97184
 endloop
endfacet
facet normal 0.08939433 0.013260426 -0.995908
 outer loop
  vertex 62.220345 -131.60321 -7.730104
  vertex 69.35199 -130.18465 -7.071068
  vertex 70.370186 -137.04875 -7.071068
 endloop
endfacet
facet normal 0.28934905 0.32403544 -0.9007098
 outer loop
  vertex 62.220345 -131.60321 -7.730104
  vertex 70.370186 -137.04875 -7.071068
  vertex 63.133835 -137.76147 -9.65212
 endloop
endfacet
facet normal 0.37070915 0.01821176 0.9285704
 outer loop
  vertex 97.606224 -134.36626 1.9509033
  vertex 95.23323 -134.59996 2.9028468
  vertex 95.69402 -143.97961 2.9028468
 endloop
endfacet
facet normal 0.37070915 0.018211778 0.9285705
 outer loop
  vertex 97.606224 -134.36626 1.9509033
  vertex 95.69402 -143.97961 2.9028468
  vertex 98.0785 -143.97963 1.9509033
 endloop
endfacet
facet normal 0.0049126456 0.00024134273 0.99998796
 outer loop
  vertex 9.754515 -143.01888 9.951847
  vertex 0 -143.97961 10
  vertex 9.801713 -143.97961 9.951847
 endloop
endfacet
facet normal 0.047243517 0.0023209169 -0.9988807
 outer loop
  vertex 38.084072 -140.22867 -11.16081
  vertex 46.91268 -139.35912 -10.741228
  vertex 47.13967 -143.97961 -10.741228
 endloop
endfacet
facet normal 0.047243528 0.0023209366 -0.9988808
 outer loop
  vertex 38.084072 -140.22867 -11.16081
  vertex 47.13967 -143.97961 -10.741228
  vertex 38.268345 -143.97961 -11.16081
 endloop
endfacet
facet normal 0.55877006 0.027450617 0.82886815
 outer loop
  vertex 99.03925 -134.2251 0.9801714
  vertex 97.606224 -134.36626 1.9509033
  vertex 98.0785 -143.97963 1.9509033
 endloop
endfacet
facet normal 0.5587697 0.027450668 0.8288683
 outer loop
  vertex 99.03925 -134.2251 0.9801714
  vertex 98.0785 -143.97963 1.9509033
  vertex 99.51846 -143.97961 0.9801714
 endloop
endfacet
facet normal 0.25946623 0.012746816 0.965668
 outer loop
  vertex 19.41509 -142.0674 7.3435783
  vertex 9.754515 -143.01888 9.951847
  vertex 9.801713 -143.97961 9.951847
 endloop
endfacet
facet normal 0.2594663 0.01274666 0.9656681
 outer loop
  vertex 19.41509 -142.0674 7.3435783
  vertex 9.801713 -143.97961 9.951847
  vertex 19.509031 -143.97961 7.3435783
 endloop
endfacet
facet normal 0.035757758 0.0017566717 -0.99935895
 outer loop
  vertex 28.888685 -141.13432 -11.49142
  vertex 38.084072 -140.22867 -11.16081
  vertex 38.268345 -143.97961 -11.16081
 endloop
endfacet
facet normal 0.035757758 0.0017566675 -0.99935895
 outer loop
  vertex 28.888685 -141.13432 -11.49142
  vertex 38.268345 -143.97961 -11.16081
  vertex 29.028465 -143.97961 -11.49142
 endloop
endfacet
facet normal 0.05228133 0.0025684235 -0.99862903
 outer loop
  vertex 80.40328 -135.98273 0
  vertex 99.03925 -134.2251 0.9801714
  vertex 99.51846 -143.97961 0.9801714
 endloop
endfacet
facet normal 0.052270684 0.0025428927 -0.99862975
 outer loop
  vertex 80.40328 -135.98273 0
  vertex 99.51846 -143.97961 0.9801714
  vertex 80.79232 -143.97961 0
 endloop
endfacet
facet normal 0.025040641 0.0012301622 0.99968565
 outer loop
  vertex 28.888685 -141.13432 7.1051307
  vertex 19.41509 -142.0674 7.3435783
  vertex 19.509031 -143.97961 7.3435783
 endloop
endfacet
facet normal 0.02504064 0.0012301656 0.9996857
 outer loop
  vertex 28.888685 -141.13432 7.1051307
  vertex 19.509031 -143.97961 7.3435783
  vertex 29.028465 -143.97961 7.1051307
 endloop
endfacet
facet normal -0.13803527 -0.0067812307 -0.9904041
 outer loop
  vertex 19.41509 -142.0674 -10.164671
  vertex 28.888685 -141.13432 -11.49142
  vertex 29.028465 -143.97961 -11.49142
 endloop
endfacet
facet normal -0.13803525 -0.0067812027 -0.99040407
 outer loop
  vertex 19.41509 -142.0674 -10.164671
  vertex 29.028465 -143.97961 -11.49142
  vertex 19.509031 -143.97961 -10.164671
 endloop
endfacet
facet normal 0.05228367 0.002543532 0.99862903
 outer loop
  vertex 99.03925 -134.2251 -0.9801714
  vertex 80.40328 -135.98273 0
  vertex 80.79232 -143.97961 0
 endloop
endfacet
facet normal 0.05227068 0.0025678985 0.9986296
 outer loop
  vertex 99.03925 -134.2251 -0.9801714
  vertex 80.79232 -143.97961 0
  vertex 99.51846 -143.97961 -0.9801714
 endloop
endfacet
facet normal -0.2249844 -0.011052763 0.97429967
 outer loop
  vertex 38.084072 -140.22867 9.238795
  vertex 28.888685 -141.13432 7.1051307
  vertex 29.028465 -143.97961 7.1051307
 endloop
endfacet
facet normal -0.22498438 -0.011052778 0.9742996
 outer loop
  vertex 38.084072 -140.22867 9.238795
  vertex 29.028465 -143.97961 7.1051307
  vertex 38.268345 -143.97961 9.238795
 endloop
endfacet
facet normal -0.03475101 -0.0017071998 -0.99939454
 outer loop
  vertex 9.754515 -143.01888 -9.827127
  vertex 19.41509 -142.0674 -10.164671
  vertex 19.509031 -143.97961 -10.164671
 endloop
endfacet
facet normal -0.034751013 -0.0017072036 -0.9993946
 outer loop
  vertex 9.754515 -143.01888 -9.827127
  vertex 19.509031 -143.97961 -10.164671
  vertex 9.801713 -143.97961 -9.827127
 endloop
endfacet
facet normal 0.55877006 0.027450683 -0.82886815
 outer loop
  vertex 97.606224 -134.36626 -1.9509033
  vertex 99.03925 -134.2251 -0.9801714
  vertex 99.51846 -143.97961 -0.9801714
 endloop
endfacet
facet normal 0.5587698 0.027450604 -0.8288684
 outer loop
  vertex 97.606224 -134.36626 -1.9509033
  vertex 99.51846 -143.97961 -0.9801714
  vertex 98.0785 -143.97963 -1.9509033
 endloop
endfacet
facet normal 0.29690775 0.01458619 0.95479476
 outer loop
  vertex 46.91268 -139.35912 6.4801226
  vertex 38.084072 -140.22867 9.238795
  vertex 38.268345 -143.97961 9.238795
 endloop
endfacet
facet normal 0.29690784 0.01458609 0.95479476
 outer loop
  vertex 46.91268 -139.35912 6.4801226
  vertex 38.268345 -143.97961 9.238795
  vertex 47.13967 -143.97961 6.4801226
 endloop
endfacet
facet normal -0.69119304 -0.033956286 -0.72187203
 outer loop
  vertex 4.8772573 -143.49925 -5.134553
  vertex 9.754515 -143.01888 -9.827127
  vertex 9.801713 -143.97961 -9.827127
 endloop
endfacet
facet normal -0.69119304 -0.033956796 -0.7218719
 outer loop
  vertex 4.8772573 -143.49925 -5.134553
  vertex 9.801713 -143.97961 -9.827127
  vertex 4.9008565 -143.97961 -5.134553
 endloop
endfacet
facet normal 0.37070915 0.018211775 -0.9285704
 outer loop
  vertex 95.23323 -134.59996 -2.9028468
  vertex 97.606224 -134.36626 -1.9509033
  vertex 98.0785 -143.97963 -1.9509033
 endloop
endfacet
facet normal 0.37070915 0.01821176 -0.9285705
 outer loop
  vertex 95.23323 -134.59996 -2.9028468
  vertex 98.0785 -143.97963 -1.9509033
  vertex 95.69402 -143.97961 -2.9028468
 endloop
endfacet
facet normal 0.059830196 0.0029392587 0.9982042
 outer loop
  vertex 55.289482 -138.53407 5.975606
  vertex 46.91268 -139.35912 6.4801226
  vertex 47.13967 -143.97961 6.4801226
 endloop
endfacet
facet normal 0.059830196 0.0029392543 0.9982043
 outer loop
  vertex 55.289482 -138.53407 5.975606
  vertex 47.13967 -143.97961 6.4801226
  vertex 55.557003 -143.97961 5.975606
 endloop
endfacet
facet normal 0.26914188 0.013222084 -0.9630097
 outer loop
  vertex 91.943054 -134.92403 -3.8268344
  vertex 95.23323 -134.59996 -2.9028468
  vertex 95.69402 -143.97961 -2.9028468
 endloop
endfacet
facet normal 0.26914173 0.01322201 -0.96300983
 outer loop
  vertex 91.943054 -134.92403 -3.8268344
  vertex 95.69402 -143.97961 -2.9028468
  vertex 92.387924 -143.97961 -3.8268344
 endloop
endfacet
facet normal -0.4535308 -0.022280423 0.89096206
 outer loop
  vertex 63.133835 -137.76147 9.987976
  vertex 55.289482 -138.53407 5.975606
  vertex 55.557003 -143.97961 5.975606
 endloop
endfacet
facet normal -0.4535308 -0.022280497 0.89096206
 outer loop
  vertex 63.133835 -137.76147 9.987976
  vertex 55.557003 -143.97961 5.975606
  vertex 63.439312 -143.97961 9.987976
 endloop
endfacet
facet normal 0.20684828 0.010161747 -0.97832024
 outer loop
  vertex 87.767426 -135.33527 -4.713968
  vertex 91.943054 -134.92403 -3.8268344
  vertex 92.387924 -143.97961 -3.8268344
 endloop
endfacet
facet normal 0.20684831 0.010161754 -0.9783203
 outer loop
  vertex 87.767426 -135.33527 -4.713968
  vertex 92.387924 -143.97961 -3.8268344
  vertex 88.19209 -143.97961 -4.713968
 endloop
endfacet
facet normal 0.090263516 0.0044343555 0.995908
 outer loop
  vertex 70.370186 -137.04875 9.32894
  vertex 63.133835 -137.76147 9.987976
  vertex 63.439312 -143.97961 9.987976
 endloop
endfacet
facet normal 0.09026349 0.004434375 0.995908
 outer loop
  vertex 70.370186 -137.04875 9.32894
  vertex 63.439312 -143.97961 9.987976
  vertex 70.71068 -143.97961 9.32894
 endloop
endfacet
facet normal 0.16456075 0.008084309 -0.9863339
 outer loop
  vertex 82.74658 -135.82979 -5.5557027
  vertex 87.767426 -135.33527 -4.713968
  vertex 88.19209 -143.97961 -4.713968
 endloop
endfacet
facet normal 0.16456081 0.008084356 -0.9863338
 outer loop
  vertex 82.74658 -135.82979 -5.5557027
  vertex 88.19209 -143.97961 -4.713968
  vertex 83.14696 -143.97961 -5.5557027
 endloop
endfacet
facet normal 0.10966641 0.005387578 0.9939539
 outer loop
  vertex 76.92879 -136.4028 8.601806
  vertex 70.370186 -137.04875 9.32894
  vertex 70.71068 -143.97961 9.32894
 endloop
endfacet
facet normal 0.10966633 0.0053876336 0.9939538
 outer loop
  vertex 76.92879 -136.4028 8.601806
  vertex 70.71068 -143.97961 9.32894
  vertex 77.30102 -143.97963 8.601806
 endloop
endfacet
facet normal 0.13362171 0.0065644155 -0.99101067
 outer loop
  vertex 76.92879 -136.4028 -6.3439336
  vertex 82.74658 -135.82979 -5.5557027
  vertex 83.14696 -143.97961 -5.5557027
 endloop
endfacet
facet normal 0.13362183 0.006564505 -0.99101067
 outer loop
  vertex 76.92879 -136.4028 -6.3439336
  vertex 83.14696 -143.97961 -5.5557027
  vertex 77.30102 -143.97963 -6.3439336
 endloop
endfacet
facet normal 0.13362163 0.006564495 0.99101067
 outer loop
  vertex 82.74658 -135.82979 7.8135753
  vertex 76.92879 -136.4028 8.601806
  vertex 77.30102 -143.97963 8.601806
 endloop
endfacet
facet normal 0.13362175 0.0065644155 0.99101067
 outer loop
  vertex 82.74658 -135.82979 7.8135753
  vertex 77.30102 -143.97963 8.601806
  vertex 83.14696 -143.97961 7.8135753
 endloop
endfacet
facet normal 0.10966632 0.0053876312 -0.9939538
 outer loop
  vertex 70.370186 -137.04875 -7.071068
  vertex 76.92879 -136.4028 -6.3439336
  vertex 77.30102 -143.97963 -6.3439336
 endloop
endfacet
facet normal 0.10966628 0.0053875777 -0.9939539
 outer loop
  vertex 70.370186 -137.04875 -7.071068
  vertex 77.30102 -143.97963 -6.3439336
  vertex 70.71068 -143.97961 -7.071068
 endloop
endfacet
facet normal 0.93044585 0.045709886 0.3635673
 outer loop
  vertex 83.07953 -135.91208 6.97184
  vertex 82.74658 -135.82979 7.8135753
  vertex 83.14696 -143.97961 7.8135753
 endloop
endfacet
facet normal 0.92829365 0.046254557 0.36896008
 outer loop
  vertex 83.07953 -135.91208 6.97184
  vertex 83.14696 -143.97961 7.8135753
  vertex 83.481514 -143.97961 6.97184
 endloop
endfacet
facet normal 0.33446714 0.016431356 -0.94226414
 outer loop
  vertex 63.133835 -137.76147 -9.65212
  vertex 70.370186 -137.04875 -7.071068
  vertex 70.71068 -143.97961 -7.071068
 endloop
endfacet
facet normal 0.33446708 0.016431285 -0.9422642
 outer loop
  vertex 63.133835 -137.76147 -9.65212
  vertex 70.71068 -143.97961 -7.071068
  vertex 63.439312 -143.97961 -9.65212
 endloop
endfacet
facet normal 0.6204941 0.030917674 0.7836014
 outer loop
  vertex 87.03213 -135.52827 3.8268344
  vertex 83.07953 -135.91208 6.97184
  vertex 83.481514 -143.97961 6.97184
 endloop
endfacet
facet normal 0.6204946 0.030917358 0.783601
 outer loop
  vertex 87.03213 -135.52827 3.8268344
  vertex 83.481514 -143.97961 6.97184
  vertex 87.45323 -143.97961 3.8268344
 endloop
endfacet
facet normal 0.073961444 0.003633487 -0.9972545
 outer loop
  vertex 55.289482 -138.53407 -10.2367115
  vertex 63.133835 -137.76147 -9.65212
  vertex 63.439312 -143.97961 -9.65212
 endloop
endfacet
facet normal 0.07396144 0.003633476 -0.9972545
 outer loop
  vertex 55.289482 -138.53407 -10.2367115
  vertex 63.439312 -143.97961 -9.65212
  vertex 55.557003 -143.97961 -10.2367115
 endloop
endfacet
facet normal 0.111336105 0.005547538 0.9937673
 outer loop
  vertex 95.23323 -134.59996 2.9028468
  vertex 87.03213 -135.52827 3.8268344
  vertex 87.45323 -143.97961 3.8268344
 endloop
endfacet
facet normal 0.11142377 0.005473899 0.9937579
 outer loop
  vertex 95.23323 -134.59996 2.9028468
  vertex 87.45323 -143.97961 3.8268344
  vertex 95.69402 -143.97961 2.9028468
 endloop
endfacet
facet normal 0.059830196 0.002939254 -0.9982043
 outer loop
  vertex 46.91268 -139.35912 -10.741228
  vertex 55.289482 -138.53407 -10.2367115
  vertex 55.557003 -143.97961 -10.2367115
 endloop
endfacet
facet normal 0.059830196 0.002939258 -0.9982042
 outer loop
  vertex 46.91268 -139.35912 -10.741228
  vertex 55.557003 -143.97961 -10.2367115
  vertex 47.13967 -143.97961 -10.741228
 endloop
endfacet
facet normal 0.05227068 -0.0025679003 -0.9986296
 outer loop
  vertex 80.79232 -143.97961 0
  vertex 99.51846 -143.97961 0.9801714
  vertex 99.03925 -153.73413 0.9801714
 endloop
endfacet
facet normal 0.052283674 -0.0025435248 -0.99862903
 outer loop
  vertex 80.79232 -143.97961 0
  vertex 99.03925 -153.73413 0.9801714
  vertex 80.40328 -151.9765 0
 endloop
endfacet
facet normal 0.025040638 -0.0012301621 0.99968565
 outer loop
  vertex 29.028465 -143.97961 7.1051307
  vertex 19.509031 -143.97961 7.3435783
  vertex 19.41509 -145.89183 7.3435783
 endloop
endfacet
facet normal 0.025040641 -0.0012301744 0.9996857
 outer loop
  vertex 29.028465 -143.97961 7.1051307
  vertex 19.41509 -145.89183 7.3435783
  vertex 28.888685 -146.8249 7.1051307
 endloop
endfacet
facet normal -0.13803525 0.00678123 -0.9904041
 outer loop
  vertex 19.509031 -143.97961 -10.164671
  vertex 29.028465 -143.97961 -11.49142
  vertex 28.888685 -146.8249 -11.49142
 endloop
endfacet
facet normal -0.13803525 0.0067812027 -0.99040407
 outer loop
  vertex 19.509031 -143.97961 -10.164671
  vertex 28.888685 -146.8249 -11.49142
  vertex 19.41509 -145.89183 -10.164671
 endloop
endfacet
facet normal 0.052270684 -0.0025429004 0.99862975
 outer loop
  vertex 99.51846 -143.97961 -0.9801714
  vertex 80.79232 -143.97961 0
  vertex 80.40328 -151.9765 0
 endloop
endfacet
facet normal 0.052281324 -0.0025684214 0.99862903
 outer loop
  vertex 99.51846 -143.97961 -0.9801714
  vertex 80.40328 -151.9765 0
  vertex 99.03925 -153.73413 -0.9801714
 endloop
endfacet
facet normal -0.22498439 0.011052762 0.97429967
 outer loop
  vertex 38.268345 -143.97961 9.238795
  vertex 29.028465 -143.97961 7.1051307
  vertex 28.888685 -146.8249 7.1051307
 endloop
endfacet
facet normal -0.22498439 0.011052786 0.9742996
 outer loop
  vertex 38.268345 -143.97961 9.238795
  vertex 28.888685 -146.8249 7.1051307
  vertex 38.084072 -147.73058 9.238795
 endloop
endfacet
facet normal -0.034751013 0.0017072 -0.99939454
 outer loop
  vertex 9.801713 -143.97961 -9.827127
  vertex 19.509031 -143.97961 -10.164671
  vertex 19.41509 -145.89183 -10.164671
 endloop
endfacet
facet normal -0.03475101 0.0017072288 -0.9993946
 outer loop
  vertex 9.801713 -143.97961 -9.827127
  vertex 19.41509 -145.89183 -10.164671
  vertex 9.754515 -144.94035 -9.827127
 endloop
endfacet
facet normal 0.55877024 -0.02745069 -0.8288681
 outer loop
  vertex 98.0785 -143.97963 -1.9509033
  vertex 99.51846 -143.97961 -0.9801714
  vertex 99.03925 -153.73413 -0.9801714
 endloop
endfacet
facet normal 0.5587705 -0.027450638 -0.82886785
 outer loop
  vertex 98.0785 -143.97963 -1.9509033
  vertex 99.03925 -153.73413 -0.9801714
  vertex 97.606224 -153.593 -1.9509033
 endloop
endfacet
facet normal 0.2969078 -0.014586134 0.95479476
 outer loop
  vertex 47.13967 -143.97961 6.4801226
  vertex 38.268345 -143.97961 9.238795
  vertex 38.084072 -147.73058 9.238795
 endloop
endfacet
facet normal 0.2969078 -0.01458609 0.95479476
 outer loop
  vertex 47.13967 -143.97961 6.4801226
  vertex 38.084072 -147.73058 9.238795
  vertex 46.91268 -148.60011 6.4801226
 endloop
endfacet
facet normal -0.69119304 0.033956286 -0.721872
 outer loop
  vertex 4.9008565 -143.97961 -5.134553
  vertex 9.801713 -143.97961 -9.827127
  vertex 9.754515 -144.94035 -9.827127
 endloop
endfacet
facet normal -0.691193 0.033956792 -0.721872
 outer loop
  vertex 4.9008565 -143.97961 -5.134553
  vertex 9.754515 -144.94035 -9.827127
  vertex 4.8772573 -144.45998 -5.134553
 endloop
endfacet
facet normal 0.37070894 -0.018211763 -0.9285705
 outer loop
  vertex 95.69402 -143.97961 -2.9028468
  vertex 98.0785 -143.97963 -1.9509033
  vertex 97.606224 -153.593 -1.9509033
 endloop
endfacet
facet normal 0.37070897 -0.018211752 -0.9285705
 outer loop
  vertex 95.69402 -143.97961 -2.9028468
  vertex 97.606224 -153.593 -1.9509033
  vertex 95.23323 -153.35927 -2.9028468
 endloop
endfacet
facet normal 0.059830196 -0.0029392587 0.9982042
 outer loop
  vertex 55.557003 -143.97961 5.975606
  vertex 47.13967 -143.97961 6.4801226
  vertex 46.91268 -148.60011 6.4801226
 endloop
endfacet
facet normal 0.0598302 -0.0029392543 0.9982043
 outer loop
  vertex 55.557003 -143.97961 5.975606
  vertex 46.91268 -148.60011 6.4801226
  vertex 55.289482 -149.42516 5.975606
 endloop
endfacet
facet normal 0.26914173 -0.013222077 -0.96300983
 outer loop
  vertex 92.387924 -143.97961 -3.8268344
  vertex 95.69402 -143.97961 -2.9028468
  vertex 95.23323 -153.35927 -2.9028468
 endloop
endfacet
facet normal 0.26914194 -0.013222 -0.9630098
 outer loop
  vertex 92.387924 -143.97961 -3.8268344
  vertex 95.23323 -153.35927 -2.9028468
  vertex 91.943054 -153.03522 -3.8268344
 endloop
endfacet
facet normal -0.45353076 0.022280421 0.89096206
 outer loop
  vertex 63.439312 -143.97961 9.987976
  vertex 55.557003 -143.97961 5.975606
  vertex 55.289482 -149.42516 5.975606
 endloop
endfacet
facet normal -0.45353082 0.0222805 0.890962
 outer loop
  vertex 63.439312 -143.97961 9.987976
  vertex 55.289482 -149.42516 5.975606
  vertex 63.133835 -150.19775 9.987976
 endloop
endfacet
facet normal 0.20684831 -0.010161731 -0.9783203
 outer loop
  vertex 88.19209 -143.97961 -4.713968
  vertex 92.387924 -143.97961 -3.8268344
  vertex 91.943054 -153.03522 -3.8268344
 endloop
endfacet
facet normal 0.20684822 -0.010161768 -0.97832024
 outer loop
  vertex 88.19209 -143.97961 -4.713968
  vertex 91.943054 -153.03522 -3.8268344
  vertex 87.767426 -152.62395 -4.713968
 endloop
endfacet
facet normal 0.09026349 -0.004434354 0.995908
 outer loop
  vertex 70.71068 -143.97961 9.32894
  vertex 63.439312 -143.97961 9.987976
  vertex 63.133835 -150.19775 9.987976
 endloop
endfacet
facet normal 0.090263516 -0.004434376 0.995908
 outer loop
  vertex 70.71068 -143.97961 9.32894
  vertex 63.133835 -150.19775 9.987976
  vertex 70.370186 -150.91048 9.32894
 endloop
endfacet
facet normal 0.1645608 -0.008084326 -0.9863338
 outer loop
  vertex 83.14696 -143.97961 -5.5557027
  vertex 88.19209 -143.97961 -4.713968
  vertex 87.767426 -152.62395 -4.713968
 endloop
endfacet
facet normal 0.16456077 -0.008084353 -0.9863338
 outer loop
  vertex 83.14696 -143.97961 -5.5557027
  vertex 87.767426 -152.62395 -4.713968
  vertex 82.74658 -152.12944 -5.5557027
 endloop
endfacet
facet normal 0.10966631 -0.0053875735 0.9939539
 outer loop
  vertex 77.30102 -143.97963 8.601806
  vertex 70.71068 -143.97961 9.32894
  vertex 70.370186 -150.91048 9.32894
 endloop
endfacet
facet normal 0.10966627 -0.0053875274 0.9939539
 outer loop
  vertex 77.30102 -143.97963 8.601806
  vertex 70.370186 -150.91048 9.32894
  vertex 76.928795 -151.55644 8.601806
 endloop
endfacet
facet normal 0.13362186 -0.006564423 -0.99101067
 outer loop
  vertex 77.30102 -143.97963 -6.3439336
  vertex 83.14696 -143.97961 -5.5557027
  vertex 82.74658 -152.12944 -5.5557027
 endloop
endfacet
facet normal 0.1336219 -0.0065643834 -0.9910106
 outer loop
  vertex 77.30102 -143.97963 -6.3439336
  vertex 82.74658 -152.12944 -5.5557027
  vertex 76.928795 -151.55644 -6.3439336
 endloop
endfacet
facet normal 0.13362177 -0.0065643806 0.9910106
 outer loop
  vertex 83.14696 -143.97961 7.8135753
  vertex 77.30102 -143.97963 8.601806
  vertex 76.928795 -151.55644 8.601806
 endloop
endfacet
facet normal 0.13362183 -0.0065644197 0.99101067
 outer loop
  vertex 83.14696 -143.97961 7.8135753
  vertex 76.928795 -151.55644 8.601806
  vertex 82.74658 -152.12944 7.8135753
 endloop
endfacet
facet normal 0.10966625 -0.005387528 -0.9939539
 outer loop
  vertex 70.71068 -143.97961 -7.071068
  vertex 77.30102 -143.97963 -6.3439336
  vertex 76.928795 -151.55644 -6.3439336
 endloop
endfacet
facet normal 0.1096662 -0.0053875637 -0.9939539
 outer loop
  vertex 70.71068 -143.97961 -7.071068
  vertex 76.928795 -151.55644 -6.3439336
  vertex 70.370186 -150.91048 -7.071068
 endloop
endfacet
facet normal 0.92832136 -0.045605514 0.3689711
 outer loop
  vertex 83.481514 -143.97961 6.97184
  vertex 83.14696 -143.97961 7.8135753
  vertex 82.74658 -152.12944 7.8135753
 endloop
endfacet
facet normal 0.9304398 -0.046361577 0.36350033
 outer loop
  vertex 83.481514 -143.97961 6.97184
  vertex 82.74658 -152.12944 7.8135753
  vertex 83.07953 -152.04713 6.97184
 endloop
endfacet
facet normal 0.3344671 -0.016431354 -0.9422642
 outer loop
  vertex 63.439312 -143.97961 -9.65212
  vertex 70.71068 -143.97961 -7.071068
  vertex 70.370186 -150.91048 -7.071068
 endloop
endfacet
facet normal 0.33446717 -0.016431289 -0.94226414
 outer loop
  vertex 63.439312 -143.97961 -9.65212
  vertex 70.370186 -150.91048 -7.071068
  vertex 63.133835 -150.19775 -9.65212
 endloop
endfacet
facet normal 0.62049466 -0.030917758 0.78360105
 outer loop
  vertex 87.45323 -143.97961 3.8268344
  vertex 83.481514 -143.97961 6.97184
  vertex 83.07953 -152.04713 6.97184
 endloop
endfacet
facet normal 0.620494 -0.030917251 0.7836015
 outer loop
  vertex 87.45323 -143.97961 3.8268344
  vertex 83.07953 -152.04713 6.97184
  vertex 87.03213 -152.43097 3.8268344
 endloop
endfacet
facet normal 0.07396143 -0.0036334866 -0.9972545
 outer loop
  vertex 55.557003 -143.97961 -10.2367115
  vertex 63.439312 -143.97961 -9.65212
  vertex 63.133835 -150.19775 -9.65212
 endloop
endfacet
facet normal 0.073961444 -0.0036334768 -0.9972545
 outer loop
  vertex 55.557003 -143.97961 -10.2367115
  vertex 63.133835 -150.19775 -9.65212
  vertex 55.289482 -149.42516 -10.2367115
 endloop
endfacet
facet normal 0.11142373 -0.0055518937 0.99375755
 outer loop
  vertex 95.69402 -143.97961 2.9028468
  vertex 87.45323 -143.97961 3.8268344
  vertex 87.03213 -152.43097 3.8268344
 endloop
endfacet
facet normal 0.11134484 -0.0054700216 0.99376684
 outer loop
  vertex 95.69402 -143.97961 2.9028468
  vertex 87.03213 -152.43097 3.8268344
  vertex 95.23323 -153.35927 2.9028468
 endloop
endfacet
facet normal 0.059830196 -0.002939254 -0.9982043
 outer loop
  vertex 47.13967 -143.97961 -10.741228
  vertex 55.557003 -143.97961 -10.2367115
  vertex 55.289482 -149.42516 -10.2367115
 endloop
endfacet
facet normal 0.05983019 -0.002939258 -0.9982043
 outer loop
  vertex 47.13967 -143.97961 -10.741228
  vertex 55.289482 -149.42516 -10.2367115
  vertex 46.91268 -148.60011 -10.741228
 endloop
endfacet
facet normal 0.3707089 -0.018211748 0.9285705
 outer loop
  vertex 98.0785 -143.97963 1.9509033
  vertex 95.69402 -143.97961 2.9028468
  vertex 95.23323 -153.35927 2.9028468
 endloop
endfacet
facet normal 0.37070897 -0.018211769 0.9285705
 outer loop
  vertex 98.0785 -143.97963 1.9509033
  vertex 95.23323 -153.35927 2.9028468
  vertex 97.606224 -153.593 1.9509033
 endloop
endfacet
facet normal 0.0049126456 -0.00024134273 0.99998796
 outer loop
  vertex 9.801713 -143.97961 9.951847
  vertex 0 -143.97961 10
  vertex 9.754515 -144.94035 9.951847
 endloop
endfacet
facet normal 0.047243524 -0.0023209173 -0.9988807
 outer loop
  vertex 38.268345 -143.97961 -11.16081
  vertex 47.13967 -143.97961 -10.741228
  vertex 46.91268 -148.60011 -10.741228
 endloop
endfacet
facet normal 0.047243528 -0.00232092 -0.9988808
 outer loop
  vertex 38.268345 -143.97961 -11.16081
  vertex 46.91268 -148.60011 -10.741228
  vertex 38.084072 -147.73058 -11.16081
 endloop
endfacet
facet normal 0.5587702 -0.027450623 0.8288681
 outer loop
  vertex 99.51846 -143.97961 0.9801714
  vertex 98.0785 -143.97963 1.9509033
  vertex 97.606224 -153.593 1.9509033
 endloop
endfacet
facet normal 0.55877054 -0.027450705 0.8288679
 outer loop
  vertex 99.51846 -143.97961 0.9801714
  vertex 97.606224 -153.593 1.9509033
  vertex 99.03925 -153.73413 0.9801714
 endloop
endfacet
facet normal 0.2594663 -0.012746818 0.9656681
 outer loop
  vertex 19.509031 -143.97961 7.3435783
  vertex 9.801713 -143.97961 9.951847
  vertex 9.754515 -144.94035 9.951847
 endloop
endfacet
facet normal 0.25946626 -0.012746657 0.965668
 outer loop
  vertex 19.509031 -143.97961 7.3435783
  vertex 9.754515 -144.94035 9.951847
  vertex 19.41509 -145.89183 7.3435783
 endloop
endfacet
facet normal 0.035757758 -0.0017566646 -0.99935895
 outer loop
  vertex 29.028465 -143.97961 -11.49142
  vertex 38.268345 -143.97961 -11.16081
  vertex 38.084072 -147.73058 -11.16081
 endloop
endfacet
facet normal 0.03575776 -0.0017566585 -0.99935895
 outer loop
  vertex 29.028465 -143.97961 -11.49142
  vertex 38.084072 -147.73058 -11.16081
  vertex 28.888685 -146.8249 -11.49142
 endloop
endfacet
facet normal 0.5533896 -0.08208725 -0.8288677
 outer loop
  vertex 97.606224 -153.593 -1.9509033
  vertex 99.03925 -153.73413 -0.9801714
  vertex 97.60625 -163.39471 -0.9801714
 endloop
endfacet
facet normal 0.55338734 -0.082087405 -0.8288692
 outer loop
  vertex 97.606224 -153.593 -1.9509033
  vertex 97.60625 -163.39471 -0.9801714
  vertex 96.19395 -163.11378 -1.9509033
 endloop
endfacet
facet normal 0.2940485 -0.043617804 0.9547947
 outer loop
  vertex 46.91268 -148.60011 6.4801226
  vertex 38.084072 -147.73058 9.238795
  vertex 37.53303 -151.4454 9.238795
 endloop
endfacet
facet normal 0.29404852 -0.04361808 0.9547947
 outer loop
  vertex 46.91268 -148.60011 6.4801226
  vertex 37.53303 -151.4454 9.238795
  vertex 46.233894 -153.17612 6.4801226
 endloop
endfacet
facet normal -0.47793862 -0.7727547 -0.41764188
 outer loop
  vertex 4.8772573 -144.45998 -5.134553
  vertex 9.754515 -144.94035 -9.827127
  vertex 9.613376 -145.89183 -7.905112
 endloop
endfacet
facet normal -0.4779418 -0.7727478 -0.41765106
 outer loop
  vertex 4.8772573 -144.45998 -5.134553
  vertex 9.613376 -145.89183 -7.905112
  vertex 4.806688 -144.93573 -4.1735454
 endloop
endfacet
facet normal 0.36713862 -0.05445997 -0.92857057
 outer loop
  vertex 95.23323 -153.35927 -2.9028468
  vertex 97.606224 -153.593 -1.9509033
  vertex 96.19395 -163.11378 -1.9509033
 endloop
endfacet
facet normal 0.36713946 -0.054459855 -0.9285702
 outer loop
  vertex 95.23323 -153.35927 -2.9028468
  vertex 96.19395 -163.11378 -1.9509033
  vertex 93.85529 -162.64859 -2.9028468
 endloop
endfacet
facet normal 0.059253998 -0.008789516 0.9982043
 outer loop
  vertex 55.289482 -149.42516 5.975606
  vertex 46.91268 -148.60011 6.4801226
  vertex 46.233894 -153.17612 6.4801226
 endloop
endfacet
facet normal 0.05925399 -0.008789519 0.9982043
 outer loop
  vertex 55.289482 -149.42516 5.975606
  vertex 46.233894 -153.17612 6.4801226
  vertex 54.48949 -154.81825 5.975606
 endloop
endfacet
facet normal 0.26655 -0.03953886 -0.9630098
 outer loop
  vertex 91.943054 -153.03522 -3.8268344
  vertex 95.23323 -153.35927 -2.9028468
  vertex 93.85529 -162.64859 -2.9028468
 endloop
endfacet
facet normal 0.26654962 -0.039538935 -0.96300983
 outer loop
  vertex 91.943054 -153.03522 -3.8268344
  vertex 93.85529 -162.64859 -2.9028468
  vertex 90.61272 -162.00362 -3.8268344
 endloop
endfacet
facet normal -0.44916305 0.06662715 0.890962
 outer loop
  vertex 63.133835 -150.19775 9.987976
  vertex 55.289482 -149.42516 5.975606
  vertex 54.48949 -154.81825 5.975606
 endloop
endfacet
facet normal -0.26707956 -0.29655868 0.9169086
 outer loop
  vertex 63.133835 -150.19775 9.987976
  vertex 54.48949 -154.81825 5.975606
  vertex 62.22034 -156.35602 7.730104
 endloop
endfacet
facet normal 0.20485613 -0.030387562 -0.9783203
 outer loop
  vertex 87.767426 -152.62395 -4.713968
  vertex 91.943054 -153.03522 -3.8268344
  vertex 90.61272 -162.00362 -3.8268344
 endloop
endfacet
facet normal 0.20485635 -0.03038748 -0.97832024
 outer loop
  vertex 87.767426 -152.62395 -4.713968
  vertex 90.61272 -162.00362 -3.8268344
  vertex 86.49751 -161.18503 -4.713968
 endloop
endfacet
facet normal 0.050661486 -0.3504072 0.93522626
 outer loop
  vertex 70.370186 -150.91048 9.32894
  vertex 63.133835 -150.19775 9.987976
  vertex 62.22034 -156.35602 7.730104
 endloop
endfacet
facet normal 0.02485841 -0.3156974 0.94853425
 outer loop
  vertex 70.370186 -150.91048 9.32894
  vertex 62.22034 -156.35602 7.730104
  vertex 69.35199 -157.77458 7.071068
 endloop
endfacet
facet normal 0.16297597 -0.024175128 -0.9863338
 outer loop
  vertex 82.74658 -152.12944 -5.5557027
  vertex 87.767426 -152.62395 -4.713968
  vertex 86.49751 -161.18503 -4.713968
 endloop
endfacet
facet normal 0.16297598 -0.024175126 -0.9863338
 outer loop
  vertex 82.74658 -152.12944 -5.5557027
  vertex 86.49751 -161.18503 -4.713968
  vertex 81.54932 -160.20078 -5.5557027
 endloop
endfacet
facet normal 0.07301847 -0.32139155 0.94412696
 outer loop
  vertex 76.928795 -151.55644 8.601806
  vertex 70.370186 -150.91048 9.32894
  vertex 69.35199 -157.77458 7.071068
 endloop
endfacet
facet normal 0.04880373 -0.29442185 0.95442855
 outer loop
  vertex 76.928795 -151.55644 8.601806
  vertex 69.35199 -157.77458 7.071068
  vertex 75.815704 -159.0603 6.3439336
 endloop
endfacet
facet normal 0.13233507 -0.01962999 -0.99101067
 outer loop
  vertex 76.928795 -151.55644 -6.3439336
  vertex 82.74658 -152.12944 -5.5557027
  vertex 81.54932 -160.20078 -5.5557027
 endloop
endfacet
facet normal 0.13233504 -0.01963001 -0.99101067
 outer loop
  vertex 76.928795 -151.55644 -6.3439336
  vertex 81.54932 -160.20078 -5.5557027
  vertex 75.815704 -159.0603 -6.3439336
 endloop
endfacet
facet normal 0.09897917 -0.30015355 0.9487418
 outer loop
  vertex 82.74658 -152.12944 7.8135753
  vertex 76.928795 -151.55644 8.601806
  vertex 75.815704 -159.0603 6.3439336
 endloop
endfacet
facet normal 0.076089226 -0.27906808 0.957252
 outer loop
  vertex 82.74658 -152.12944 7.8135753
  vertex 75.815704 -159.0603 6.3439336
  vertex 81.54932 -160.20078 5.5557027
 endloop
endfacet
facet normal 0.108610064 -0.016110752 -0.9939539
 outer loop
  vertex 70.370186 -150.91048 -7.071068
  vertex 76.928795 -151.55644 -6.3439336
  vertex 75.815704 -159.0603 -6.3439336
 endloop
endfacet
facet normal 0.10860997 -0.016110798 -0.9939539
 outer loop
  vertex 70.370186 -150.91048 -7.071068
  vertex 75.815704 -159.0603 -6.3439336
  vertex 69.35199 -157.77458 -7.071068
 endloop
endfacet
facet normal 0.91244704 -0.23001923 0.3384251
 outer loop
  vertex 83.07953 -152.04713 6.97184
  vertex 82.74658 -152.12944 7.8135753
  vertex 81.54932 -160.20078 5.5557027
 endloop
endfacet
facet normal 0.1271495 -0.19284695 0.9729558
 outer loop
  vertex 83.07953 -152.04713 6.97184
  vertex 81.54932 -160.20078 5.5557027
  vertex 86.49751 -161.18503 4.713968
 endloop
endfacet
facet normal 0.33124602 -0.049135815 -0.9422642
 outer loop
  vertex 63.133835 -150.19775 -9.65212
  vertex 70.370186 -150.91048 -7.071068
  vertex 69.35199 -157.77458 -7.071068
 endloop
endfacet
facet normal 0.028075943 -0.30160534 -0.9530193
 outer loop
  vertex 63.133835 -150.19775 -9.65212
  vertex 69.35199 -157.77458 -7.071068
  vertex 62.22034 -156.35602 -7.730104
 endloop
endfacet
facet normal 0.62453973 0.040896043 0.7799216
 outer loop
  vertex 87.03213 -152.43097 3.8268344
  vertex 83.07953 -152.04713 6.97184
  vertex 86.49751 -161.18503 4.713968
 endloop
endfacet
facet normal 0.22602054 0.08454159 0.97044706
 outer loop
  vertex 87.03213 -152.43097 3.8268344
  vertex 86.49751 -161.18503 4.713968
  vertex 90.61272 -162.00362 3.8268344
 endloop
endfacet
facet normal 0.04108405 -0.30322686 -0.9520323
 outer loop
  vertex 55.289482 -149.42516 -10.2367115
  vertex 63.133835 -150.19775 -9.65212
  vertex 62.22034 -156.35602 -7.730104
 endloop
endfacet
facet normal 0.0043256446 -0.33626878 -0.9417561
 outer loop
  vertex 55.289482 -149.42516 -10.2367115
  vertex 62.22034 -156.35602 -7.730104
  vertex 54.48949 -154.81825 -8.314696
 endloop
endfacet
facet normal 0.11673007 0.043662157 0.9922035
 outer loop
  vertex 95.23323 -153.35927 2.9028468
  vertex 87.03213 -152.43097 3.8268344
  vertex 90.61272 -162.00362 3.8268344
 endloop
endfacet
facet normal 0.26654965 -0.039538804 0.96300983
 outer loop
  vertex 95.23323 -153.35927 2.9028468
  vertex 90.61272 -162.00362 3.8268344
  vertex 93.85529 -162.64859 2.9028468
 endloop
endfacet
facet normal 0.023294548 -0.33867574 -0.9406147
 outer loop
  vertex 46.91268 -148.60011 -10.741228
  vertex 55.289482 -149.42516 -10.2367115
  vertex 54.48949 -154.81825 -8.314696
 endloop
endfacet
facet normal -0.020110724 -0.38463292 -0.92285055
 outer loop
  vertex 46.91268 -148.60011 -10.741228
  vertex 54.48949 -154.81825 -8.314696
  vertex 46.233894 -153.17612 -8.819213
 endloop
endfacet
facet normal 0.36713862 -0.054459736 0.92857057
 outer loop
  vertex 97.606224 -153.593 1.9509033
  vertex 95.23323 -153.35927 2.9028468
  vertex 93.85529 -162.64859 2.9028468
 endloop
endfacet
facet normal 0.3671394 -0.054460082 0.9285703
 outer loop
  vertex 97.606224 -153.593 1.9509033
  vertex 93.85529 -162.64859 2.9028468
  vertex 96.19395 -163.11378 1.9509033
 endloop
endfacet
facet normal 0.004865334 -0.0007217094 0.99998796
 outer loop
  vertex 9.754515 -144.94035 9.951847
  vertex 0 -143.97961 10
  vertex 9.613376 -145.89183 9.951847
 endloop
endfacet
facet normal 0.005593094 -0.3879476 -0.9216645
 outer loop
  vertex 38.084072 -147.73058 -11.16081
  vertex 46.91268 -148.60011 -10.741228
  vertex 46.233894 -153.17612 -8.819213
 endloop
endfacet
facet normal -0.047282018 -0.45347163 -0.89001566
 outer loop
  vertex 38.084072 -147.73058 -11.16081
  vertex 46.233894 -153.17612 -8.819213
  vertex 37.53303 -151.4454 -9.238795
 endloop
endfacet
facet normal 0.55338955 -0.08208773 0.8288677
 outer loop
  vertex 99.03925 -153.73413 0.9801714
  vertex 97.606224 -153.593 1.9509033
  vertex 96.19395 -163.11378 1.9509033
 endloop
endfacet
facet normal 0.5533874 -0.08208693 0.82886916
 outer loop
  vertex 99.03925 -153.73413 0.9801714
  vertex 96.19395 -163.11378 1.9509033
  vertex 97.60625 -163.39471 0.9801714
 endloop
endfacet
facet normal 0.25696746 -0.03811772 0.965668
 outer loop
  vertex 19.41509 -145.89183 7.3435783
  vertex 9.754515 -144.94035 9.951847
  vertex 9.613376 -145.89183 9.951847
 endloop
endfacet
facet normal 0.25696746 -0.038117357 0.9656681
 outer loop
  vertex 19.41509 -145.89183 7.3435783
  vertex 9.613376 -145.89183 9.951847
  vertex 19.13417 -147.78564 7.3435783
 endloop
endfacet
facet normal -0.013145479 -0.45794848 -0.88888156
 outer loop
  vertex 28.888685 -146.8249 -11.49142
  vertex 38.084072 -147.73058 -11.16081
  vertex 37.53303 -151.4454 -9.238795
 endloop
endfacet
facet normal -0.079870045 -0.55356985 -0.82896394
 outer loop
  vertex 28.888685 -146.8249 -11.49142
  vertex 37.53303 -151.4454 -9.238795
  vertex 28.470692 -149.64279 -9.569404
 endloop
endfacet
facet normal 0.051798835 -0.0076836003 -0.9986279
 outer loop
  vertex 80.40328 -151.9765 0
  vertex 99.03925 -153.73413 0.9801714
  vertex 97.60625 -163.39471 0.9801714
 endloop
endfacet
facet normal 0.05184396 -0.0076154647 -0.99862623
 outer loop
  vertex 80.40328 -151.9765 0
  vertex 97.60625 -163.39471 0.9801714
  vertex 79.239914 -159.89638 0
 endloop
endfacet
facet normal 0.024799485 -0.0036786462 0.99968565
 outer loop
  vertex 28.888685 -146.8249 7.1051307
  vertex 19.41509 -145.89183 7.3435783
  vertex 19.13417 -147.78564 7.3435783
 endloop
endfacet
facet normal 0.024799483 -0.0036786564 0.9996857
 outer loop
  vertex 28.888685 -146.8249 7.1051307
  vertex 19.13417 -147.78564 7.3435783
  vertex 28.470692 -149.64279 7.1051307
 endloop
endfacet
facet normal -0.16865525 -0.5382148 -0.8257604
 outer loop
  vertex 19.41509 -145.89183 -10.164671
  vertex 28.888685 -146.8249 -11.49142
  vertex 28.470692 -149.64279 -9.569404
 endloop
endfacet
facet normal -0.2337297 -0.67528737 -0.69954085
 outer loop
  vertex 19.41509 -145.89183 -10.164671
  vertex 28.470692 -149.64279 -9.569404
  vertex 19.13417 -147.78564 -8.242656
 endloop
endfacet
facet normal 0.051805798 -0.0076098694 0.99862814
 outer loop
  vertex 99.03925 -153.73413 -0.9801714
  vertex 80.40328 -151.9765 0
  vertex 79.239914 -159.89638 0
 endloop
endfacet
facet normal 0.0518301 -0.007688242 0.99862635
 outer loop
  vertex 99.03925 -153.73413 -0.9801714
  vertex 79.239914 -159.89638 0
  vertex 97.60625 -163.39471 -0.9801714
 endloop
endfacet
facet normal -0.22281767 0.03305185 0.97429967
 outer loop
  vertex 38.084072 -147.73058 9.238795
  vertex 28.888685 -146.8249 7.1051307
  vertex 28.470692 -149.64279 7.1051307
 endloop
endfacet
facet normal -0.22281766 0.033051793 0.97429967
 outer loop
  vertex 38.084072 -147.73058 9.238795
  vertex 28.470692 -149.64279 7.1051307
  vertex 37.53303 -151.4454 9.238795
 endloop
endfacet
facet normal -0.093825184 -0.70228094 -0.7056899
 outer loop
  vertex 9.754515 -144.94035 -9.827127
  vertex 19.41509 -145.89183 -10.164671
  vertex 19.13417 -147.78564 -8.242656
 endloop
endfacet
facet normal -0.18974976 -0.8743047 -0.44675076
 outer loop
  vertex 9.754515 -144.94035 -9.827127
  vertex 19.13417 -147.78564 -8.242656
  vertex 9.613376 -145.89183 -7.905112
 endloop
endfacet
facet normal 0.26139072 -0.0654751 -0.9630099
 outer loop
  vertex 90.61272 -162.00362 -3.8268344
  vertex 93.85529 -162.64859 -2.9028468
  vertex 91.57347 -171.75812 -2.9028468
 endloop
endfacet
facet normal 0.26139066 -0.065475106 -0.96300983
 outer loop
  vertex 90.61272 -162.00362 -3.8268344
  vertex 91.57347 -171.75812 -2.9028468
  vertex 88.40973 -170.79842 -3.8268344
 endloop
endfacet
facet normal -0.21100047 0.05285285 0.97605604
 outer loop
  vertex 62.22034 -156.35602 7.730104
  vertex 54.48949 -154.81825 5.975606
  vertex 53.164738 -160.10696 5.975606
 endloop
endfacet
facet normal -0.21100056 0.052853037 0.97605604
 outer loop
  vertex 62.22034 -156.35602 7.730104
  vertex 53.164738 -160.10696 5.975606
  vertex 60.70763 -162.39508 7.730104
 endloop
endfacet
facet normal 0.20089127 -0.050320756 -0.97832024
 outer loop
  vertex 86.49751 -161.18503 -4.713968
  vertex 90.61272 -162.00362 -3.8268344
  vertex 88.40973 -170.79842 -3.8268344
 endloop
endfacet
facet normal 0.20089167 -0.050320677 -0.9783202
 outer loop
  vertex 86.49751 -161.18503 -4.713968
  vertex 88.40973 -170.79842 -3.8268344
  vertex 84.39458 -169.58043 -4.713968
 endloop
endfacet
facet normal 0.08766408 -0.02195877 0.995908
 outer loop
  vertex 69.35199 -157.77458 7.071068
  vertex 62.22034 -156.35602 7.730104
  vertex 60.70763 -162.39508 7.730104
 endloop
endfacet
facet normal 0.08766401 -0.021958634 0.995908
 outer loop
  vertex 69.35199 -157.77458 7.071068
  vertex 60.70763 -162.39508 7.730104
  vertex 67.6659 -164.50584 7.071068
 endloop
endfacet
facet normal 0.15982163 -0.040033184 -0.9863338
 outer loop
  vertex 81.54932 -160.20078 -5.5557027
  vertex 86.49751 -161.18503 -4.713968
  vertex 84.39458 -169.58043 -4.713968
 endloop
endfacet
facet normal 0.15982158 -0.040033188 -0.98633385
 outer loop
  vertex 81.54932 -160.20078 -5.5557027
  vertex 84.39458 -169.58043 -4.713968
  vertex 79.56668 -168.1159 -5.5557027
 endloop
endfacet
facet normal 0.106507875 -0.026678756 0.9939539
 outer loop
  vertex 75.815704 -159.0603 6.3439336
  vertex 69.35199 -157.77458 7.071068
  vertex 67.6659 -164.50584 7.071068
 endloop
endfacet
facet normal 0.10650792 -0.026678823 0.9939539
 outer loop
  vertex 75.815704 -159.0603 6.3439336
  vertex 67.6659 -164.50584 7.071068
  vertex 73.972466 -166.41893 6.3439336
 endloop
endfacet
facet normal 0.12977375 -0.032506604 -0.99101067
 outer loop
  vertex 75.815704 -159.0603 -6.3439336
  vertex 81.54932 -160.20078 -5.5557027
  vertex 79.56668 -168.1159 -5.5557027
 endloop
endfacet
facet normal 0.12977374 -0.032506607 -0.99101067
 outer loop
  vertex 75.815704 -159.0603 -6.3439336
  vertex 79.56668 -168.1159 -5.5557027
  vertex 73.972466 -166.41893 -6.3439336
 endloop
endfacet
facet normal 0.12977375 -0.03250661 0.99101067
 outer loop
  vertex 81.54932 -160.20078 5.5557027
  vertex 75.815704 -159.0603 6.3439336
  vertex 73.972466 -166.41893 6.3439336
 endloop
endfacet
facet normal 0.12977375 -0.03250661 0.99101067
 outer loop
  vertex 81.54932 -160.20078 5.5557027
  vertex 73.972466 -166.41893 6.3439336
  vertex 79.56668 -168.1159 5.5557027
 endloop
endfacet
facet normal 0.106507845 -0.026678808 -0.9939538
 outer loop
  vertex 69.35199 -157.77458 -7.071068
  vertex 75.815704 -159.0603 -6.3439336
  vertex 73.972466 -166.41893 -6.3439336
 endloop
endfacet
facet normal 0.106507935 -0.026678767 -0.9939539
 outer loop
  vertex 69.35199 -157.77458 -7.071068
  vertex 73.972466 -166.41893 -6.3439336
  vertex 67.6659 -164.50584 -7.071068
 endloop
endfacet
facet normal 0.15982161 -0.040033203 0.98633385
 outer loop
  vertex 86.49751 -161.18503 4.713968
  vertex 81.54932 -160.20078 5.5557027
  vertex 79.56668 -168.1159 5.5557027
 endloop
endfacet
facet normal 0.15982158 -0.040033173 0.9863338
 outer loop
  vertex 86.49751 -161.18503 4.713968
  vertex 79.56668 -168.1159 5.5557027
  vertex 84.39458 -169.58043 4.713968
 endloop
endfacet
facet normal 0.08766411 -0.021958653 -0.995908
 outer loop
  vertex 62.22034 -156.35602 -7.730104
  vertex 69.35199 -157.77458 -7.071068
  vertex 67.6659 -164.50584 -7.071068
 endloop
endfacet
facet normal 0.08766397 -0.02195874 -0.995908
 outer loop
  vertex 62.22034 -156.35602 -7.730104
  vertex 67.6659 -164.50584 -7.071068
  vertex 60.70763 -162.39508 -7.730104
 endloop
endfacet
facet normal 0.20089132 -0.05032059 0.9783203
 outer loop
  vertex 90.61272 -162.00362 3.8268344
  vertex 86.49751 -161.18503 4.713968
  vertex 84.39458 -169.58043 4.713968
 endloop
endfacet
facet normal 0.20089163 -0.050320853 0.97832024
 outer loop
  vertex 90.61272 -162.00362 3.8268344
  vertex 84.39458 -169.58043 4.713968
  vertex 88.40973 -170.79842 3.8268344
 endloop
endfacet
facet normal 0.07183149 -0.0179929 -0.9972545
 outer loop
  vertex 54.48949 -154.81825 -8.314696
  vertex 62.22034 -156.35602 -7.730104
  vertex 60.70763 -162.39508 -7.730104
 endloop
endfacet
facet normal 0.07183154 -0.017992862 -0.9972545
 outer loop
  vertex 54.48949 -154.81825 -8.314696
  vertex 60.70763 -162.39508 -7.730104
  vertex 53.164738 -160.10696 -8.314696
 endloop
endfacet
facet normal 0.26139072 -0.06547511 0.96300983
 outer loop
  vertex 93.85529 -162.64859 2.9028468
  vertex 90.61272 -162.00362 3.8268344
  vertex 88.40973 -170.79842 3.8268344
 endloop
endfacet
facet normal 0.26139066 -0.06547507 0.96300983
 outer loop
  vertex 93.85529 -162.64859 2.9028468
  vertex 88.40973 -170.79842 3.8268344
  vertex 91.57347 -171.75812 2.9028468
 endloop
endfacet
facet normal 0.058107153 -0.014555079 -0.9982043
 outer loop
  vertex 46.233894 -153.17612 -8.819213
  vertex 54.48949 -154.81825 -8.314696
  vertex 53.164738 -160.10696 -8.314696
 endloop
endfacet
facet normal 0.05810714 -0.014555089 -0.9982042
 outer loop
  vertex 46.233894 -153.17612 -8.819213
  vertex 53.164738 -160.10696 -8.314696
  vertex 45.10985 -157.66354 -8.819213
 endloop
endfacet
facet normal 0.36003342 -0.090183854 0.92857033
 outer loop
  vertex 96.19395 -163.11378 1.9509033
  vertex 93.85529 -162.64859 2.9028468
  vertex 91.57347 -171.75812 2.9028468
 endloop
endfacet
facet normal 0.36003342 -0.09018384 0.92857033
 outer loop
  vertex 96.19395 -163.11378 1.9509033
  vertex 91.57347 -171.75812 2.9028468
  vertex 93.85526 -172.45032 1.9509033
 endloop
endfacet
facet normal 0.0047711693 -0.0011951071 0.99998796
 outer loop
  vertex 9.613376 -145.89183 9.951847
  vertex 0 -143.97961 10
  vertex 9.379654 -146.8249 9.951847
 endloop
endfacet
facet normal 0.045882974 -0.011493093 -0.9988807
 outer loop
  vertex 37.53303 -151.4454 -9.238795
  vertex 46.233894 -153.17612 -8.819213
  vertex 45.10985 -157.66354 -8.819213
 endloop
endfacet
facet normal 0.045882978 -0.011493084 -0.9988807
 outer loop
  vertex 37.53303 -151.4454 -9.238795
  vertex 45.10985 -157.66354 -8.819213
  vertex 36.620525 -155.08833 -9.238795
 endloop
endfacet
facet normal 0.5426765 -0.13593364 0.8288692
 outer loop
  vertex 97.60625 -163.39471 0.9801714
  vertex 96.19395 -163.11378 1.9509033
  vertex 93.85526 -172.45032 1.9509033
 endloop
endfacet
facet normal 0.5426769 -0.13593386 0.828869
 outer loop
  vertex 97.60625 -163.39471 0.9801714
  vertex 93.85526 -172.45032 1.9509033
  vertex 95.23323 -172.8683 0.9801714
 endloop
endfacet
facet normal 0.25199395 -0.06312083 0.965668
 outer loop
  vertex 19.13417 -147.78564 7.3435783
  vertex 9.613376 -145.89183 9.951847
  vertex 9.379654 -146.8249 9.951847
 endloop
endfacet
facet normal 0.25199386 -0.063121326 0.965668
 outer loop
  vertex 19.13417 -147.78564 7.3435783
  vertex 9.379654 -146.8249 9.951847
  vertex 18.668978 -149.64279 7.3435783
 endloop
endfacet
facet normal 0.034727864 -0.008698876 -0.99935895
 outer loop
  vertex 28.470692 -149.64279 -9.569404
  vertex 37.53303 -151.4454 -9.238795
  vertex 36.620525 -155.08833 -9.238795
 endloop
endfacet
facet normal 0.034727845 -0.008698906 -0.9993589
 outer loop
  vertex 28.470692 -149.64279 -9.569404
  vertex 36.620525 -155.08833 -9.238795
  vertex 27.77851 -152.40613 -9.569404
 endloop
endfacet
facet normal 0.050867427 -0.012741662 -0.9986241
 outer loop
  vertex 79.239914 -159.89638 0
  vertex 97.60625 -163.39471 0.9801714
  vertex 95.23323 -172.8683 0.9801714
 endloop
endfacet
facet normal 0.050951086 -0.0126382895 -0.99862117
 outer loop
  vertex 79.239914 -159.89638 0
  vertex 95.23323 -172.8683 0.9801714
  vertex 77.31343 -167.66296 0
 endloop
endfacet
facet normal 0.024319492 -0.006091737 0.99968565
 outer loop
  vertex 28.470692 -149.64279 7.1051307
  vertex 19.13417 -147.78564 7.3435783
  vertex 18.668978 -149.64279 7.3435783
 endloop
endfacet
facet normal 0.024319494 -0.0060917414 0.99968565
 outer loop
  vertex 28.470692 -149.64279 7.1051307
  vertex 18.668978 -149.64279 7.3435783
  vertex 27.77851 -152.40613 7.1051307
 endloop
endfacet
facet normal -0.13405988 0.03358039 -0.99040407
 outer loop
  vertex 19.13417 -147.78564 -8.242656
  vertex 28.470692 -149.64279 -9.569404
  vertex 27.77851 -152.40613 -9.569404
 endloop
endfacet
facet normal -0.13405988 0.0335804 -0.9904041
 outer loop
  vertex 19.13417 -147.78564 -8.242656
  vertex 27.77851 -152.40613 -9.569404
  vertex 18.668978 -149.64279 -8.242656
 endloop
endfacet
facet normal 0.050890025 -0.012623148 0.99862444
 outer loop
  vertex 97.60625 -163.39471 -0.9801714
  vertex 79.239914 -159.89638 0
  vertex 77.31343 -167.66296 0
 endloop
endfacet
facet normal 0.050917435 -0.012754194 0.99862134
 outer loop
  vertex 97.60625 -163.39471 -0.9801714
  vertex 77.31343 -167.66296 0
  vertex 95.23323 -172.8683 -0.9801714
 endloop
endfacet
facet normal -0.21850501 0.05473288 0.97429967
 outer loop
  vertex 37.53303 -151.4454 9.238795
  vertex 28.470692 -149.64279 7.1051307
  vertex 27.77851 -152.40613 7.1051307
 endloop
endfacet
facet normal -0.21850498 0.05473268 0.97429967
 outer loop
  vertex 37.53303 -151.4454 9.238795
  vertex 27.77851 -152.40613 7.1051307
  vertex 36.620525 -155.08833 9.238795
 endloop
endfacet
facet normal -0.03375025 0.008454028 -0.99939454
 outer loop
  vertex 9.613376 -145.89183 -7.905112
  vertex 19.13417 -147.78564 -8.242656
  vertex 18.668978 -149.64279 -8.242656
 endloop
endfacet
facet normal -0.03375028 0.008453973 -0.9993945
 outer loop
  vertex 9.613376 -145.89183 -7.905112
  vertex 18.668978 -149.64279 -8.242656
  vertex 9.379654 -146.8249 -7.905112
 endloop
endfacet
facet normal 0.54267645 -0.13593374 -0.8288693
 outer loop
  vertex 96.19395 -163.11378 -1.9509033
  vertex 97.60625 -163.39471 -0.9801714
  vertex 95.23323 -172.8683 -0.9801714
 endloop
endfacet
facet normal 0.542677 -0.13593377 -0.8288689
 outer loop
  vertex 96.19395 -163.11378 -1.9509033
  vertex 95.23323 -172.8683 -0.9801714
  vertex 93.85526 -172.45032 -1.9509033
 endloop
endfacet
facet normal 0.2883573 -0.07222973 0.9547947
 outer loop
  vertex 46.233894 -153.17612 6.4801226
  vertex 37.53303 -151.4454 9.238795
  vertex 36.620525 -155.08833 9.238795
 endloop
endfacet
facet normal 0.2883573 -0.07222976 0.9547947
 outer loop
  vertex 46.233894 -153.17612 6.4801226
  vertex 36.620525 -155.08833 9.238795
  vertex 45.10985 -157.66354 6.4801226
 endloop
endfacet
facet normal -0.5880884 0.1473076 -0.79526883
 outer loop
  vertex 4.806688 -144.93573 -4.1735454
  vertex 9.613376 -145.89183 -7.905112
  vertex 9.379654 -146.8249 -7.905112
 endloop
endfacet
facet normal -0.58808684 0.14731178 -0.7952692
 outer loop
  vertex 4.806688 -144.93573 -4.1735454
  vertex 9.379654 -146.8249 -7.905112
  vertex 4.689827 -145.40225 -4.1735454
 endloop
endfacet
facet normal 0.36003342 -0.09018385 -0.92857033
 outer loop
  vertex 93.85529 -162.64859 -2.9028468
  vertex 96.19395 -163.11378 -1.9509033
  vertex 93.85526 -172.45032 -1.9509033
 endloop
endfacet
facet normal 0.36003342 -0.090183854 -0.92857033
 outer loop
  vertex 93.85529 -162.64859 -2.9028468
  vertex 93.85526 -172.45032 -1.9509033
  vertex 91.57347 -171.75812 -2.9028468
 endloop
endfacet
facet normal 0.058107156 -0.014555092 0.9982043
 outer loop
  vertex 54.48949 -154.81825 5.975606
  vertex 46.233894 -153.17612 6.4801226
  vertex 45.10985 -157.66354 6.4801226
 endloop
endfacet
facet normal 0.05810715 -0.014555078 0.9982043
 outer loop
  vertex 54.48949 -154.81825 5.975606
  vertex 45.10985 -157.66354 6.4801226
  vertex 53.164738 -160.10696 5.975606
 endloop
endfacet
facet normal 0.15512805 -0.05550576 -0.9863338
 outer loop
  vertex 79.56668 -168.1159 -5.5557027
  vertex 84.39458 -169.58043 -4.713968
  vertex 81.478874 -177.72926 -4.713968
 endloop
endfacet
facet normal 0.15512833 -0.055505708 -0.9863338
 outer loop
  vertex 79.56668 -168.1159 -5.5557027
  vertex 81.478874 -177.72926 -4.713968
  vertex 76.81778 -175.79858 -5.5557027
 endloop
endfacet
facet normal 0.10338004 -0.03698996 0.9939539
 outer loop
  vertex 73.972466 -166.41893 6.3439336
  vertex 67.6659 -164.50584 7.071068
  vertex 65.32815 -171.03943 7.071068
 endloop
endfacet
facet normal 0.10338012 -0.036990106 0.9939538
 outer loop
  vertex 73.972466 -166.41893 6.3439336
  vertex 65.32815 -171.03943 7.071068
  vertex 71.416824 -173.56145 6.3439336
 endloop
endfacet
facet normal 0.12596267 -0.04507009 -0.99101067
 outer loop
  vertex 73.972466 -166.41893 -6.3439336
  vertex 79.56668 -168.1159 -5.5557027
  vertex 76.81778 -175.79858 -5.5557027
 endloop
endfacet
facet normal 0.12596235 -0.045070186 -0.99101067
 outer loop
  vertex 73.972466 -166.41893 -6.3439336
  vertex 76.81778 -175.79858 -5.5557027
  vertex 71.416824 -173.56145 -6.3439336
 endloop
endfacet
facet normal 0.12596262 -0.045070283 0.99101067
 outer loop
  vertex 79.56668 -168.1159 5.5557027
  vertex 73.972466 -166.41893 6.3439336
  vertex 71.416824 -173.56145 6.3439336
 endloop
endfacet
facet normal 0.12596244 -0.04507 0.99101067
 outer loop
  vertex 79.56668 -168.1159 5.5557027
  vertex 71.416824 -173.56145 6.3439336
  vertex 76.81778 -175.79858 5.5557027
 endloop
endfacet
facet normal 0.103380024 -0.036990073 -0.9939539
 outer loop
  vertex 67.6659 -164.50584 -7.071068
  vertex 73.972466 -166.41893 -6.3439336
  vertex 71.416824 -173.56145 -6.3439336
 endloop
endfacet
facet normal 0.103380166 -0.036990006 -0.9939539
 outer loop
  vertex 67.6659 -164.50584 -7.071068
  vertex 71.416824 -173.56145 -6.3439336
  vertex 65.32815 -171.03943 -7.071068
 endloop
endfacet
facet normal 0.15512809 -0.055505622 0.9863338
 outer loop
  vertex 84.39458 -169.58043 4.713968
  vertex 79.56668 -168.1159 5.5557027
  vertex 76.81778 -175.79858 5.5557027
 endloop
endfacet
facet normal 0.15512827 -0.055505842 0.9863338
 outer loop
  vertex 84.39458 -169.58043 4.713968
  vertex 76.81778 -175.79858 5.5557027
  vertex 81.478874 -177.72926 4.713968
 endloop
endfacet
facet normal 0.08508955 -0.030445518 -0.995908
 outer loop
  vertex 60.70763 -162.39508 -7.730104
  vertex 67.6659 -164.50584 -7.071068
  vertex 65.32815 -171.03943 -7.071068
 endloop
endfacet
facet normal 0.08508952 -0.03044554 -0.99590814
 outer loop
  vertex 60.70763 -162.39508 -7.730104
  vertex 65.32815 -171.03943 -7.071068
  vertex 58.610275 -168.25679 -7.730104
 endloop
endfacet
facet normal 0.19499195 -0.069769315 0.9783201
 outer loop
  vertex 88.40973 -170.79842 3.8268344
  vertex 84.39458 -169.58043 4.713968
  vertex 81.478874 -177.72926 4.713968
 endloop
endfacet
facet normal 0.19499189 -0.06976924 0.97832024
 outer loop
  vertex 88.40973 -170.79842 3.8268344
  vertex 81.478874 -177.72926 4.713968
  vertex 85.35531 -179.33495 3.8268344
 endloop
endfacet
facet normal 0.069722034 -0.024946962 -0.9972545
 outer loop
  vertex 53.164738 -160.10696 -8.314696
  vertex 60.70763 -162.39508 -7.730104
  vertex 58.610275 -168.25679 -7.730104
 endloop
endfacet
facet normal 0.06972199 -0.02494699 -0.9972545
 outer loop
  vertex 53.164738 -160.10696 -8.314696
  vertex 58.610275 -168.25679 -7.730104
  vertex 51.327976 -165.24036 -8.314696
 endloop
endfacet
facet normal 0.2537144 -0.09078051 0.9630098
 outer loop
  vertex 91.57347 -171.75812 2.9028468
  vertex 88.40973 -170.79842 3.8268344
  vertex 85.35531 -179.33495 3.8268344
 endloop
endfacet
facet normal 0.25371417 -0.09078031 0.9630099
 outer loop
  vertex 91.57347 -171.75812 2.9028468
  vertex 85.35531 -179.33495 3.8268344
  vertex 88.40975 -180.60013 2.9028468
 endloop
endfacet
facet normal 0.05640069 -0.020180536 -0.9982043
 outer loop
  vertex 45.10985 -157.66354 -8.819213
  vertex 53.164738 -160.10696 -8.314696
  vertex 51.327976 -165.24036 -8.314696
 endloop
endfacet
facet normal 0.056400742 -0.020180488 -0.9982042
 outer loop
  vertex 45.10985 -157.66354 -8.819213
  vertex 51.327976 -165.24036 -8.314696
  vertex 43.551376 -162.0192 -8.819213
 endloop
endfacet
facet normal 0.34945995 -0.12503867 0.92857045
 outer loop
  vertex 93.85526 -172.45032 1.9509033
  vertex 91.57347 -171.75812 2.9028468
  vertex 88.40975 -180.60013 2.9028468
 endloop
endfacet
facet normal 0.34946162 -0.12503985 0.92856973
 outer loop
  vertex 93.85526 -172.45032 1.9509033
  vertex 88.40975 -180.60013 2.9028468
  vertex 90.6127 -181.51263 1.9509033
 endloop
endfacet
facet normal 0.0046310443 -0.001657038 0.99998784
 outer loop
  vertex 9.379654 -146.8249 9.951847
  vertex 0 -143.97961 10
  vertex 9.055601 -147.73056 9.951847
 endloop
endfacet
facet normal 0.044535525 -0.015935048 -0.9988807
 outer loop
  vertex 36.620525 -155.08833 -9.238795
  vertex 45.10985 -157.66354 -8.819213
  vertex 43.551376 -162.0192 -8.819213
 endloop
endfacet
facet normal 0.044535518 -0.015935056 -0.9988807
 outer loop
  vertex 36.620525 -155.08833 -9.238795
  vertex 43.551376 -162.0192 -8.819213
  vertex 35.355343 -158.62428 -9.238795
 endloop
endfacet
facet normal 0.52674025 -0.1884714 0.82886857
 outer loop
  vertex 95.23323 -172.8683 0.9801714
  vertex 93.85526 -172.45032 1.9509033
  vertex 90.6127 -181.51263 1.9509033
 endloop
endfacet
facet normal 0.52673715 -0.18846948 0.828871
 outer loop
  vertex 95.23323 -172.8683 0.9801714
  vertex 90.6127 -181.51263 1.9509033
  vertex 91.94307 -182.06369 0.9801714
 endloop
endfacet
facet normal 0.24459323 -0.08751802 0.965668
 outer loop
  vertex 18.668978 -149.64279 7.3435783
  vertex 9.379654 -146.8249 9.951847
  vertex 9.055601 -147.73056 9.951847
 endloop
endfacet
facet normal 0.24459346 -0.08751697 0.965668
 outer loop
  vertex 18.668978 -149.64279 7.3435783
  vertex 9.055601 -147.73056 9.951847
  vertex 18.023993 -151.4454 7.3435783
 endloop
endfacet
facet normal 0.03370799 -0.012060906 -0.99935895
 outer loop
  vertex 27.77851 -152.40613 -9.569404
  vertex 36.620525 -155.08833 -9.238795
  vertex 35.355343 -158.62428 -9.238795
 endloop
endfacet
facet normal 0.033707984 -0.012060917 -0.99935895
 outer loop
  vertex 27.77851 -152.40613 -9.569404
  vertex 35.355343 -158.62428 -9.238795
  vertex 26.818806 -155.08832 -9.569404
 endloop
endfacet
facet normal 0.049479436 -0.017704017 -0.99861825
 outer loop
  vertex 77.31343 -167.66296 0
  vertex 95.23323 -172.8683 0.9801714
  vertex 91.94307 -182.06369 0.9801714
 endloop
endfacet
facet normal 0.04960502 -0.017576177 -0.99861425
 outer loop
  vertex 77.31343 -167.66296 0
  vertex 91.94307 -182.06369 0.9801714
  vertex 74.64237 -175.20146 0
 endloop
endfacet
facet normal 0.023605304 -0.008446115 0.99968565
 outer loop
  vertex 27.77851 -152.40613 7.1051307
  vertex 18.668978 -149.64279 7.3435783
  vertex 18.023993 -151.4454 7.3435783
 endloop
endfacet
facet normal 0.023605306 -0.008446122 0.9996857
 outer loop
  vertex 27.77851 -152.40613 7.1051307
  vertex 18.023993 -151.4454 7.3435783
  vertex 26.818806 -155.08832 7.1051307
 endloop
endfacet
facet normal -0.13012296 0.046558764 -0.9904041
 outer loop
  vertex 18.668978 -149.64279 -8.242656
  vertex 27.77851 -152.40613 -9.569404
  vertex 26.818806 -155.08832 -9.569404
 endloop
endfacet
facet normal -0.13012296 0.046558764 -0.9904041
 outer loop
  vertex 18.668978 -149.64279 -8.242656
  vertex 26.818806 -155.08832 -9.569404
  vertex 18.023993 -151.4454 -8.242656
 endloop
endfacet
facet normal 0.04952485 -0.017547764 0.9986187
 outer loop
  vertex 95.23323 -172.8683 -0.9801714
  vertex 77.31343 -167.66296 0
  vertex 74.64237 -175.20146 0
 endloop
endfacet
facet normal 0.049545012 -0.017727472 0.9986145
 outer loop
  vertex 95.23323 -172.8683 -0.9801714
  vertex 74.64237 -175.20146 0
  vertex 91.94307 -182.06369 -0.9801714
 endloop
endfacet
facet normal -0.21208805 0.07588637 0.9742997
 outer loop
  vertex 36.620525 -155.08833 9.238795
  vertex 27.77851 -152.40613 7.1051307
  vertex 26.818806 -155.08832 7.1051307
 endloop
endfacet
facet normal -0.21208805 0.075886264 0.9742997
 outer loop
  vertex 36.620525 -155.08833 9.238795
  vertex 26.818806 -155.08832 7.1051307
  vertex 35.355343 -158.62428 9.238795
 endloop
endfacet
facet normal -0.032759115 0.011721402 -0.99939454
 outer loop
  vertex 9.379654 -146.8249 -7.905112
  vertex 18.668978 -149.64279 -8.242656
  vertex 18.023993 -151.4454 -8.242656
 endloop
endfacet
facet normal -0.03275904 0.011721535 -0.9993946
 outer loop
  vertex 9.379654 -146.8249 -7.905112
  vertex 18.023993 -151.4454 -8.242656
  vertex 9.055601 -147.73056 -7.905112
 endloop
endfacet
facet normal 0.52674055 -0.18847069 -0.8288686
 outer loop
  vertex 93.85526 -172.45032 -1.9509033
  vertex 95.23323 -172.8683 -0.9801714
  vertex 91.94307 -182.06369 -0.9801714
 endloop
endfacet
facet normal 0.52673686 -0.18847021 -0.828871
 outer loop
  vertex 93.85526 -172.45032 -1.9509033
  vertex 91.94307 -182.06369 -0.9801714
  vertex 90.6127 -181.51263 -1.9509033
 endloop
endfacet
facet normal 0.27988902 -0.10014585 0.95479465
 outer loop
  vertex 45.10985 -157.66354 6.4801226
  vertex 36.620525 -155.08833 9.238795
  vertex 35.355343 -158.62428 9.238795
 endloop
endfacet
facet normal 0.27988902 -0.100145794 0.9547947
 outer loop
  vertex 45.10985 -157.66354 6.4801226
  vertex 35.355343 -158.62428 9.238795
  vertex 43.551376 -162.0192 6.4801226
 endloop
endfacet
facet normal -0.5708165 0.20424412 -0.7952691
 outer loop
  vertex 4.689827 -145.40225 -4.1735454
  vertex 9.379654 -146.8249 -7.905112
  vertex 9.055601 -147.73056 -7.905112
 endloop
endfacet
facet normal -0.5708178 0.2042412 -0.7952689
 outer loop
  vertex 4.689827 -145.40225 -4.1735454
  vertex 9.055601 -147.73056 -7.905112
  vertex 4.5278006 -145.85509 -4.1735454
 endloop
endfacet
facet normal 0.34945983 -0.1250392 -0.9285705
 outer loop
  vertex 91.57347 -171.75812 -2.9028468
  vertex 93.85526 -172.45032 -1.9509033
  vertex 90.6127 -181.51263 -1.9509033
 endloop
endfacet
facet normal 0.34946176 -0.12503932 -0.9285697
 outer loop
  vertex 91.57347 -171.75812 -2.9028468
  vertex 90.6127 -181.51263 -1.9509033
  vertex 88.40975 -180.60013 -2.9028468
 endloop
endfacet
facet normal 0.056400698 -0.020180473 0.9982042
 outer loop
  vertex 53.164738 -160.10696 5.975606
  vertex 45.10985 -157.66354 6.4801226
  vertex 43.551376 -162.0192 6.4801226
 endloop
endfacet
facet normal 0.05640072 -0.020180551 0.9982043
 outer loop
  vertex 53.164738 -160.10696 5.975606
  vertex 43.551376 -162.0192 6.4801226
  vertex 51.327976 -165.24036 5.975606
 endloop
endfacet
facet normal 0.25371444 -0.0907804 -0.96300983
 outer loop
  vertex 88.40973 -170.79842 -3.8268344
  vertex 91.57347 -171.75812 -2.9028468
  vertex 88.40975 -180.60013 -2.9028468
 endloop
endfacet
facet normal 0.25371414 -0.0907804 -0.9630099
 outer loop
  vertex 88.40973 -170.79842 -3.8268344
  vertex 88.40975 -180.60013 -2.9028468
  vertex 85.35531 -179.33495 -3.8268344
 endloop
endfacet
facet normal -0.204804 0.073280215 0.976056
 outer loop
  vertex 60.70763 -162.39508 7.730104
  vertex 53.164738 -160.10696 5.975606
  vertex 51.327976 -165.24036 5.975606
 endloop
endfacet
facet normal -0.20480397 0.07328011 0.97605604
 outer loop
  vertex 60.70763 -162.39508 7.730104
  vertex 51.327976 -165.24036 5.975606
  vertex 58.610275 -168.25679 7.730104
 endloop
endfacet
facet normal 0.19499198 -0.06976928 -0.97832024
 outer loop
  vertex 84.39458 -169.58043 -4.713968
  vertex 88.40973 -170.79842 -3.8268344
  vertex 85.35531 -179.33495 -3.8268344
 endloop
endfacet
facet normal 0.19499186 -0.06976929 -0.97832024
 outer loop
  vertex 84.39458 -169.58043 -4.713968
  vertex 85.35531 -179.33495 -3.8268344
  vertex 81.478874 -177.72926 -4.713968
 endloop
endfacet
facet normal 0.085089535 -0.030445544 0.995908
 outer loop
  vertex 67.6659 -164.50584 7.071068
  vertex 60.70763 -162.39508 7.730104
  vertex 58.610275 -168.25679 7.730104
 endloop
endfacet
facet normal 0.08508953 -0.030445516 0.99590814
 outer loop
  vertex 67.6659 -164.50584 7.071068
  vertex 58.610275 -168.25679 7.730104
  vertex 65.32815 -171.03943 7.071068
 endloop
endfacet
facet normal 0.09925666 -0.04694505 -0.9939539
 outer loop
  vertex 65.32815 -171.03943 -7.071068
  vertex 71.416824 -173.56145 -6.3439336
  vertex 68.1734 -180.41907 -6.3439336
 endloop
endfacet
facet normal 0.09925681 -0.046945002 -0.9939539
 outer loop
  vertex 65.32815 -171.03943 -7.071068
  vertex 68.1734 -180.41907 -6.3439336
  vertex 62.361248 -177.31241 -7.071068
 endloop
endfacet
facet normal 0.14894082 -0.07044379 0.9863338
 outer loop
  vertex 81.478874 -177.72926 4.713968
  vertex 76.81778 -175.79858 5.5557027
  vertex 73.32908 -183.17482 5.5557027
 endloop
endfacet
facet normal 0.1489408 -0.07044377 0.9863337
 outer loop
  vertex 81.478874 -177.72926 4.713968
  vertex 73.32908 -183.17482 5.5557027
  vertex 77.77849 -185.55307 4.713968
 endloop
endfacet
facet normal 0.081695594 -0.038639158 -0.995908
 outer loop
  vertex 58.610275 -168.25679 -7.730104
  vertex 65.32815 -171.03943 -7.071068
  vertex 62.361248 -177.31241 -7.071068
 endloop
endfacet
facet normal 0.08169564 -0.038639147 -0.995908
 outer loop
  vertex 58.610275 -168.25679 -7.730104
  vertex 62.361248 -177.31241 -7.071068
  vertex 55.94847 -173.8847 -7.730104
 endloop
endfacet
facet normal 0.18721433 -0.08854581 0.97832024
 outer loop
  vertex 85.35531 -179.33495 3.8268344
  vertex 81.478874 -177.72926 4.713968
  vertex 77.77849 -185.55307 4.713968
 endloop
endfacet
facet normal 0.18721433 -0.08854582 0.9783202
 outer loop
  vertex 85.35531 -179.33495 3.8268344
  vertex 77.77849 -185.55307 4.713968
  vertex 81.47887 -187.53099 3.8268344
 endloop
endfacet
facet normal 0.06694105 -0.031660747 -0.9972545
 outer loop
  vertex 51.327976 -165.24036 -8.314696
  vertex 58.610275 -168.25679 -7.730104
  vertex 55.94847 -173.8847 -7.730104
 endloop
endfacet
facet normal 0.0669411 -0.03166073 -0.9972545
 outer loop
  vertex 51.327976 -165.24036 -8.314696
  vertex 55.94847 -173.8847 -7.730104
  vertex 48.996902 -170.169 -8.314696
 endloop
endfacet
facet normal 0.24359445 -0.115211636 0.96300983
 outer loop
  vertex 88.40975 -180.60013 2.9028468
  vertex 85.35531 -179.33495 3.8268344
  vertex 81.47887 -187.53099 3.8268344
 endloop
endfacet
facet normal 0.2435942 -0.11521137 0.96300995
 outer loop
  vertex 88.40975 -180.60013 2.9028468
  vertex 81.47887 -187.53099 3.8268344
  vertex 84.39459 -189.08948 2.9028468
 endloop
endfacet
facet normal 0.05415114 -0.02561154 -0.9982043
 outer loop
  vertex 43.551376 -162.0192 -8.819213
  vertex 51.327976 -165.24036 -8.314696
  vertex 48.996902 -170.169 -8.314696
 endloop
endfacet
facet normal 0.05415107 -0.025611583 -0.9982043
 outer loop
  vertex 43.551376 -162.0192 -8.819213
  vertex 48.996902 -170.169 -8.314696
  vertex 41.573475 -166.20111 -8.819213
 endloop
endfacet
facet normal 0.33552286 -0.15869035 0.92856973
 outer loop
  vertex 90.6127 -181.51263 1.9509033
  vertex 88.40975 -180.60013 2.9028468
  vertex 84.39459 -189.08948 2.9028468
 endloop
endfacet
facet normal 0.3355233 -0.15869072 0.9285696
 outer loop
  vertex 90.6127 -181.51263 1.9509033
  vertex 84.39459 -189.08948 2.9028468
  vertex 86.4975 -190.2135 1.9509033
 endloop
endfacet
facet normal 0.004446346 -0.002102938 0.99998796
 outer loop
  vertex 9.055601 -147.73056 9.951847
  vertex 0 -143.97961 10
  vertex 8.644339 -148.60011 9.951847
 endloop
endfacet
facet normal 0.042759143 -0.020223599 -0.9988807
 outer loop
  vertex 35.355343 -158.62428 -9.238795
  vertex 43.551376 -162.0192 -8.819213
  vertex 41.573475 -166.20111 -8.819213
 endloop
endfacet
facet normal 0.042759165 -0.020223584 -0.9988807
 outer loop
  vertex 35.355343 -158.62428 -9.238795
  vertex 41.573475 -166.20111 -8.819213
  vertex 33.74967 -162.0192 -9.238795
 endloop
endfacet
facet normal 0.5057275 -0.23919134 0.828871
 outer loop
  vertex 91.94307 -182.06369 0.9801714
  vertex 90.6127 -181.51263 1.9509033
  vertex 86.4975 -190.2135 1.9509033
 endloop
endfacet
facet normal 0.50572854 -0.2391921 0.8288701
 outer loop
  vertex 91.94307 -182.06369 0.9801714
  vertex 86.4975 -190.2135 1.9509033
  vertex 87.76744 -190.8923 0.9801714
 endloop
endfacet
facet normal 0.234838 -0.11106868 0.96566814
 outer loop
  vertex 18.023993 -151.4454 7.3435783
  vertex 9.055601 -147.73056 9.951847
  vertex 8.644339 -148.60011 9.951847
 endloop
endfacet
facet normal 0.2348377 -0.11106982 0.9656681
 outer loop
  vertex 18.023993 -151.4454 7.3435783
  vertex 8.644339 -148.60011 9.951847
  vertex 17.205427 -153.17612 7.3435783
 endloop
endfacet
facet normal 0.03236349 -0.015306797 -0.99935895
 outer loop
  vertex 26.818806 -155.08832 -9.569404
  vertex 35.355343 -158.62428 -9.238795
  vertex 33.74967 -162.0192 -9.238795
 endloop
endfacet
facet normal 0.032363545 -0.015306743 -0.99935895
 outer loop
  vertex 26.818806 -155.08832 -9.569404
  vertex 33.74967 -162.0192 -9.238795
  vertex 25.60082 -157.66354 -9.569404
 endloop
endfacet
facet normal 0.047639217 -0.022531701 -0.99861044
 outer loop
  vertex 74.64237 -175.20146 0
  vertex 91.94307 -182.06369 0.9801714
  vertex 87.76744 -190.8923 0.9801714
 endloop
endfacet
facet normal 0.04780709 -0.022390984 -0.99860555
 outer loop
  vertex 74.64237 -175.20146 0
  vertex 87.76744 -190.8923 0.9801714
  vertex 71.252464 -182.43927 0
 endloop
endfacet
facet normal 0.022663783 -0.010719161 0.99968565
 outer loop
  vertex 26.818806 -155.08832 7.1051307
  vertex 18.023993 -151.4454 7.3435783
  vertex 17.205427 -153.17612 7.3435783
 endloop
endfacet
facet normal 0.022663789 -0.010719116 0.9996857
 outer loop
  vertex 26.818806 -155.08832 7.1051307
  vertex 17.205427 -153.17612 7.3435783
  vertex 25.60082 -157.66354 7.1051307
 endloop
endfacet
facet normal -0.124932945 0.059088595 -0.9904041
 outer loop
  vertex 18.023993 -151.4454 -8.242656
  vertex 26.818806 -155.08832 -9.569404
  vertex 25.60082 -157.66354 -9.569404
 endloop
endfacet
facet normal -0.12493283 0.05908877 -0.9904041
 outer loop
  vertex 18.023993 -151.4454 -8.242656
  vertex 25.60082 -157.66354 -9.569404
  vertex 17.205427 -153.17612 -8.242656
 endloop
endfacet
facet normal 0.047712624 -0.022346737 0.9986111
 outer loop
  vertex 91.94307 -182.06369 -0.9801714
  vertex 74.64237 -175.20146 0
  vertex 71.252464 -182.43927 0
 endloop
endfacet
facet normal 0.047716394 -0.022568198 0.9986059
 outer loop
  vertex 91.94307 -182.06369 -0.9801714
  vertex 71.252464 -182.43927 0
  vertex 87.76744 -190.8923 -0.9801714
 endloop
endfacet
facet normal -0.20362875 0.09630876 0.9742997
 outer loop
  vertex 35.355343 -158.62428 9.238795
  vertex 26.818806 -155.08832 7.1051307
  vertex 25.60082 -157.66354 7.1051307
 endloop
endfacet
facet normal -0.20362869 0.09630926 0.9742997
 outer loop
  vertex 35.355343 -158.62428 9.238795
  vertex 25.60082 -157.66354 7.1051307
  vertex 33.74967 -162.0192 9.238795
 endloop
endfacet
facet normal -0.031452462 0.014875891 -0.99939454
 outer loop
  vertex 9.055601 -147.73056 -7.905112
  vertex 18.023993 -151.4454 -8.242656
  vertex 17.205427 -153.17612 -8.242656
 endloop
endfacet
facet normal -0.031452548 0.014875762 -0.9993945
 outer loop
  vertex 9.055601 -147.73056 -7.905112
  vertex 17.205427 -153.17612 -8.242656
  vertex 8.644339 -148.60011 -7.905112
 endloop
endfacet
facet normal 0.50572747 -0.23919156 -0.8288711
 outer loop
  vertex 90.6127 -181.51263 -1.9509033
  vertex 91.94307 -182.06369 -0.9801714
  vertex 87.76744 -190.8923 -0.9801714
 endloop
endfacet
facet normal 0.50572866 -0.23919185 -0.8288702
 outer loop
  vertex 90.6127 -181.51263 -1.9509033
  vertex 87.76744 -190.8923 -0.9801714
  vertex 86.4975 -190.2135 -1.9509033
 endloop
endfacet
facet normal 0.26872522 -0.12709762 0.95479476
 outer loop
  vertex 43.551376 -162.0192 6.4801226
  vertex 35.355343 -158.62428 9.238795
  vertex 33.74967 -162.0192 9.238795
 endloop
endfacet
facet normal 0.2687252 -0.12709773 0.95479465
 outer loop
  vertex 43.551376 -162.0192 6.4801226
  vertex 33.74967 -162.0192 9.238795
  vertex 41.573475 -166.20111 6.4801226
 endloop
endfacet
facet normal -0.548051 0.25920552 -0.79526883
 outer loop
  vertex 4.5278006 -145.85509 -4.1735454
  vertex 9.055601 -147.73056 -7.905112
  vertex 8.644339 -148.60011 -7.905112
 endloop
endfacet
facet normal -0.5480488 0.25920898 -0.7952693
 outer loop
  vertex 4.5278006 -145.85509 -4.1735454
  vertex 8.644339 -148.60011 -7.905112
  vertex 4.3221693 -146.28986 -4.1735454
 endloop
endfacet
facet normal 0.33552286 -0.15869051 -0.92856973
 outer loop
  vertex 88.40975 -180.60013 -2.9028468
  vertex 90.6127 -181.51263 -1.9509033
  vertex 86.4975 -190.2135 -1.9509033
 endloop
endfacet
facet normal 0.33552334 -0.15869059 -0.92856956
 outer loop
  vertex 88.40975 -180.60013 -2.9028468
  vertex 86.4975 -190.2135 -1.9509033
  vertex 84.39459 -189.08948 -2.9028468
 endloop
endfacet
facet normal 0.054151107 -0.025611602 0.9982042
 outer loop
  vertex 51.327976 -165.24036 5.975606
  vertex 43.551376 -162.0192 6.4801226
  vertex 41.573475 -166.20111 6.4801226
 endloop
endfacet
facet normal 0.054151103 -0.025611525 0.9982043
 outer loop
  vertex 51.327976 -165.24036 5.975606
  vertex 41.573475 -166.20111 6.4801226
  vertex 48.996902 -170.169 5.975606
 endloop
endfacet
facet normal 0.24359451 -0.115211524 -0.9630099
 outer loop
  vertex 85.35531 -179.33495 -3.8268344
  vertex 88.40975 -180.60013 -2.9028468
  vertex 84.39459 -189.08948 -2.9028468
 endloop
endfacet
facet normal 0.24359414 -0.11521149 -0.96300995
 outer loop
  vertex 85.35531 -179.33495 -3.8268344
  vertex 84.39459 -189.08948 -2.9028468
  vertex 81.47887 -187.53099 -3.8268344
 endloop
endfacet
facet normal -0.19663516 0.093001336 0.976056
 outer loop
  vertex 58.610275 -168.25679 7.730104
  vertex 51.327976 -165.24036 5.975606
  vertex 48.996902 -170.169 5.975606
 endloop
endfacet
facet normal -0.19663516 0.09300147 0.976056
 outer loop
  vertex 58.610275 -168.25679 7.730104
  vertex 48.996902 -170.169 5.975606
  vertex 55.94847 -173.8847 7.730104
 endloop
endfacet
facet normal 0.18721431 -0.08854581 -0.9783202
 outer loop
  vertex 81.478874 -177.72926 -4.713968
  vertex 85.35531 -179.33495 -3.8268344
  vertex 81.47887 -187.53099 -3.8268344
 endloop
endfacet
facet normal 0.18721434 -0.088545814 -0.97832024
 outer loop
  vertex 81.478874 -177.72926 -4.713968
  vertex 81.47887 -187.53099 -3.8268344
  vertex 77.77849 -185.55307 -4.713968
 endloop
endfacet
facet normal 0.08169561 -0.03863913 0.995908
 outer loop
  vertex 65.32815 -171.03943 7.071068
  vertex 58.610275 -168.25679 7.730104
  vertex 55.94847 -173.8847 7.730104
 endloop
endfacet
facet normal 0.081695616 -0.038639165 0.995908
 outer loop
  vertex 65.32815 -171.03943 7.071068
  vertex 55.94847 -173.8847 7.730104
  vertex 62.361248 -177.31241 7.071068
 endloop
endfacet
facet normal 0.1489408 -0.07044377 -0.9863337
 outer loop
  vertex 76.81778 -175.79858 -5.5557027
  vertex 81.478874 -177.72926 -4.713968
  vertex 77.77849 -185.55307 -4.713968
 endloop
endfacet
facet normal 0.14894082 -0.07044378 -0.9863338
 outer loop
  vertex 76.81778 -175.79858 -5.5557027
  vertex 77.77849 -185.55307 -4.713968
  vertex 73.32908 -183.17482 -5.5557027
 endloop
endfacet
facet normal 0.099256694 -0.046944942 0.9939539
 outer loop
  vertex 71.416824 -173.56145 6.3439336
  vertex 65.32815 -171.03943 7.071068
  vertex 62.361248 -177.31241 7.071068
 endloop
endfacet
facet normal 0.099256754 -0.046945106 0.9939539
 outer loop
  vertex 71.416824 -173.56145 6.3439336
  vertex 62.361248 -177.31241 7.071068
  vertex 68.1734 -180.41907 6.3439336
 endloop
endfacet
facet normal 0.12093824 -0.057199545 -0.99101067
 outer loop
  vertex 71.416824 -173.56145 -6.3439336
  vertex 76.81778 -175.79858 -5.5557027
  vertex 73.32908 -183.17482 -5.5557027
 endloop
endfacet
facet normal 0.12093799 -0.057199597 -0.99101067
 outer loop
  vertex 71.416824 -173.56145 -6.3439336
  vertex 73.32908 -183.17482 -5.5557027
  vertex 68.1734 -180.41907 -6.3439336
 endloop
endfacet
facet normal 0.12093818 -0.057199683 0.99101067
 outer loop
  vertex 76.81778 -175.79858 5.5557027
  vertex 71.416824 -173.56145 6.3439336
  vertex 68.1734 -180.41907 6.3439336
 endloop
endfacet
facet normal 0.120938055 -0.05719946 0.99101067
 outer loop
  vertex 76.81778 -175.79858 5.5557027
  vertex 68.1734 -180.41907 6.3439336
  vertex 73.32908 -183.17482 5.5557027
 endloop
endfacet
facet normal 0.06351542 -0.03806971 -0.9972545
 outer loop
  vertex 48.996902 -170.169 -8.314696
  vertex 55.94847 -173.8847 -7.730104
  vertex 52.747852 -179.22461 -7.730104
 endloop
endfacet
facet normal 0.06351538 -0.038069718 -0.9972545
 outer loop
  vertex 48.996902 -170.169 -8.314696
  vertex 52.747852 -179.22461 -7.730104
  vertex 46.19396 -174.84543 -8.314696
 endloop
endfacet
facet normal 0.23112845 -0.13853317 0.96301
 outer loop
  vertex 84.39459 -189.08948 2.9028468
  vertex 81.47887 -187.53099 3.8268344
  vertex 76.81774 -195.3076 3.8268344
 endloop
endfacet
facet normal 0.23112847 -0.1385332 0.9630099
 outer loop
  vertex 84.39459 -189.08948 2.9028468
  vertex 76.81774 -195.3076 3.8268344
  vertex 79.566666 -197.14438 2.9028468
 endloop
endfacet
facet normal 0.051379945 -0.030796006 -0.9982043
 outer loop
  vertex 41.573475 -166.20111 -8.819213
  vertex 48.996902 -170.169 -8.314696
  vertex 46.19396 -174.84543 -8.314696
 endloop
endfacet
facet normal 0.0513799 -0.030796029 -0.9982043
 outer loop
  vertex 41.573475 -166.20111 -8.819213
  vertex 46.19396 -174.84543 -8.314696
  vertex 39.1952 -170.169 -8.819213
 endloop
endfacet
facet normal 0.3183532 -0.19081375 0.9285695
 outer loop
  vertex 86.4975 -190.2135 1.9509033
  vertex 84.39459 -189.08948 2.9028468
  vertex 79.566666 -197.14438 2.9028468
 endloop
endfacet
facet normal 0.31835297 -0.1908135 0.92856973
 outer loop
  vertex 86.4975 -190.2135 1.9509033
  vertex 79.566666 -197.14438 2.9028468
  vertex 81.54927 -198.46912 1.9509033
 endloop
endfacet
facet normal 0.0042187963 -0.0025286519 0.99998796
 outer loop
  vertex 8.644339 -148.60011 9.951847
  vertex 0 -143.97961 10
  vertex 8.149826 -149.42516 9.951847
 endloop
endfacet
facet normal 0.04057097 -0.024317387 -0.9988807
 outer loop
  vertex 33.74967 -162.0192 -9.238795
  vertex 41.573475 -166.20111 -8.819213
  vertex 39.1952 -170.169 -8.819213
 endloop
endfacet
facet normal 0.040571 -0.024317367 -0.9988807
 outer loop
  vertex 33.74967 -162.0192 -9.238795
  vertex 39.1952 -170.169 -8.819213
  vertex 31.818966 -165.24037 -9.238795
 endloop
endfacet
facet normal 0.47984844 -0.28761017 0.8288702
 outer loop
  vertex 87.76744 -190.8923 0.9801714
  vertex 86.4975 -190.2135 1.9509033
  vertex 81.54927 -198.46912 1.9509033
 endloop
endfacet
facet normal 0.47984883 -0.28761053 0.8288699
 outer loop
  vertex 87.76744 -190.8923 0.9801714
  vertex 81.54927 -198.46912 1.9509033
  vertex 82.74657 -199.26912 0.9801714
 endloop
endfacet
facet normal 0.2228199 -0.13355337 0.965668
 outer loop
  vertex 17.205427 -153.17612 7.3435783
  vertex 8.644339 -148.60011 9.951847
  vertex 8.149826 -149.42516 9.951847
 endloop
endfacet
facet normal 0.22281976 -0.13355386 0.965668
 outer loop
  vertex 17.205427 -153.17612 7.3435783
  vertex 8.149826 -149.42516 9.951847
  vertex 16.221163 -154.81825 7.3435783
 endloop
endfacet
facet normal 0.030707331 -0.0184053 -0.99935895
 outer loop
  vertex 25.60082 -157.66354 -9.569404
  vertex 33.74967 -162.0192 -9.238795
  vertex 31.818966 -165.24037 -9.238795
 endloop
endfacet
facet normal 0.030707307 -0.018405313 -0.99935895
 outer loop
  vertex 25.60082 -157.66354 -9.569404
  vertex 31.818966 -165.24037 -9.238795
  vertex 24.136286 -160.10696 -9.569404
 endloop
endfacet
facet normal 0.0453536 -0.02718392 -0.998601
 outer loop
  vertex 71.252464 -182.43927 0
  vertex 87.76744 -190.8923 0.9801714
  vertex 82.74657 -199.26912 0.9801714
 endloop
endfacet
facet normal 0.045560658 -0.027042177 -0.9985955
 outer loop
  vertex 71.252464 -182.43927 0
  vertex 82.74657 -199.26912 0.9801714
  vertex 67.17635 -189.3067 0
 endloop
endfacet
facet normal 0.021503944 -0.012889048 0.99968565
 outer loop
  vertex 25.60082 -157.66354 7.1051307
  vertex 17.205427 -153.17612 7.3435783
  vertex 16.221163 -154.81825 7.3435783
 endloop
endfacet
facet normal 0.021503955 -0.012889017 0.9996857
 outer loop
  vertex 25.60082 -157.66354 7.1051307
  vertex 16.221163 -154.81825 7.3435783
  vertex 24.136286 -160.10696 7.1051307
 endloop
endfacet
facet normal -0.118539385 0.07105001 -0.99040407
 outer loop
  vertex 17.205427 -153.17612 -8.242656
  vertex 25.60082 -157.66354 -9.569404
  vertex 24.136286 -160.10696 -9.569404
 endloop
endfacet
facet normal -0.11853926 0.07105011 -0.9904042
 outer loop
  vertex 17.205427 -153.17612 -8.242656
  vertex 24.136286 -160.10696 -9.569404
  vertex 16.221163 -154.81825 -8.242656
 endloop
endfacet
facet normal 0.045457527 -0.026980963 0.99860185
 outer loop
  vertex 87.76744 -190.8923 -0.9801714
  vertex 71.252464 -182.43927 0
  vertex 67.17635 -189.3067 0
 endloop
endfacet
facet normal 0.045437723 -0.027234348 0.99859583
 outer loop
  vertex 87.76744 -190.8923 -0.9801714
  vertex 67.17635 -189.3067 0
  vertex 82.74657 -199.26912 -0.9801714
 endloop
endfacet
facet normal -0.19320807 0.11580485 0.9742997
 outer loop
  vertex 33.74967 -162.0192 9.238795
  vertex 25.60082 -157.66354 7.1051307
  vertex 24.136286 -160.10696 7.1051307
 endloop
endfacet
facet normal -0.19320811 0.11580468 0.97429967
 outer loop
  vertex 33.74967 -162.0192 9.238795
  vertex 24.136286 -160.10696 7.1051307
  vertex 31.818966 -165.24037 9.238795
 endloop
endfacet
facet normal -0.029842876 0.017887244 -0.99939454
 outer loop
  vertex 8.644339 -148.60011 -7.905112
  vertex 17.205427 -153.17612 -8.242656
  vertex 16.221163 -154.81825 -8.242656
 endloop
endfacet
facet normal -0.029842934 0.017887194 -0.9993945
 outer loop
  vertex 8.644339 -148.60011 -7.905112
  vertex 16.221163 -154.81825 -8.242656
  vertex 8.149826 -149.42516 -7.905112
 endloop
endfacet
facet normal 0.47984838 -0.2876103 -0.8288703
 outer loop
  vertex 86.4975 -190.2135 -1.9509033
  vertex 87.76744 -190.8923 -0.9801714
  vertex 82.74657 -199.26912 -0.9801714
 endloop
endfacet
facet normal 0.4798489 -0.28761044 -0.8288699
 outer loop
  vertex 86.4975 -190.2135 -1.9509033
  vertex 82.74657 -199.26912 -0.9801714
  vertex 81.54927 -198.46912 -1.9509033
 endloop
endfacet
facet normal 0.2549734 -0.15282547 0.9547947
 outer loop
  vertex 41.573475 -166.20111 6.4801226
  vertex 33.74967 -162.0192 9.238795
  vertex 31.818966 -165.24037 9.238795
 endloop
endfacet
facet normal 0.2549734 -0.15282568 0.9547947
 outer loop
  vertex 41.573475 -166.20111 6.4801226
  vertex 31.818966 -165.24037 9.238795
  vertex 39.1952 -170.169 6.4801226
 endloop
endfacet
facet normal -0.52000326 0.3116786 -0.7952692
 outer loop
  vertex 4.3221693 -146.28986 -4.1735454
  vertex 8.644339 -148.60011 -7.905112
  vertex 8.149826 -149.42516 -7.905112
 endloop
endfacet
facet normal -0.5200034 0.3116785 -0.7952691
 outer loop
  vertex 4.3221693 -146.28986 -4.1735454
  vertex 8.149826 -149.42516 -7.905112
  vertex 4.074913 -146.70238 -4.1735454
 endloop
endfacet
facet normal 0.31835327 -0.19081366 -0.92856956
 outer loop
  vertex 84.39459 -189.08948 -2.9028468
  vertex 86.4975 -190.2135 -1.9509033
  vertex 81.54927 -198.46912 -1.9509033
 endloop
endfacet
facet normal 0.31835288 -0.19081356 -0.9285697
 outer loop
  vertex 84.39459 -189.08948 -2.9028468
  vertex 81.54927 -198.46912 -1.9509033
  vertex 79.566666 -197.14438 -2.9028468
 endloop
endfacet
facet normal 0.051379923 -0.030796044 0.9982043
 outer loop
  vertex 48.996902 -170.169 5.975606
  vertex 41.573475 -166.20111 6.4801226
  vertex 39.1952 -170.169 6.4801226
 endloop
endfacet
facet normal 0.051379923 -0.030795997 0.9982043
 outer loop
  vertex 48.996902 -170.169 5.975606
  vertex 39.1952 -170.169 6.4801226
  vertex 46.19396 -174.84543 5.975606
 endloop
endfacet
facet normal 0.23112842 -0.13853319 -0.9630099
 outer loop
  vertex 81.47887 -187.53099 -3.8268344
  vertex 84.39459 -189.08948 -2.9028468
  vertex 79.566666 -197.14438 -2.9028468
 endloop
endfacet
facet normal 0.23112848 -0.13853319 -0.96300995
 outer loop
  vertex 81.47887 -187.53099 -3.8268344
  vertex 79.566666 -197.14438 -2.9028468
  vertex 76.81774 -195.3076 -3.8268344
 endloop
endfacet
facet normal -0.18657248 0.111827426 0.97605604
 outer loop
  vertex 55.94847 -173.8847 7.730104
  vertex 48.996902 -170.169 5.975606
  vertex 46.19396 -174.84543 5.975606
 endloop
endfacet
facet normal -0.18657248 0.11182734 0.97605604
 outer loop
  vertex 55.94847 -173.8847 7.730104
  vertex 46.19396 -174.84543 5.975606
  vertex 52.747852 -179.22461 7.730104
 endloop
endfacet
facet normal 0.1776337 -0.10646964 -0.9783202
 outer loop
  vertex 77.77849 -185.55307 -4.713968
  vertex 81.47887 -187.53099 -3.8268344
  vertex 76.81774 -195.3076 -3.8268344
 endloop
endfacet
facet normal 0.17763399 -0.10646966 -0.9783202
 outer loop
  vertex 77.77849 -185.55307 -4.713968
  vertex 76.81774 -195.3076 -3.8268344
  vertex 73.32905 -192.97652 -4.713968
 endloop
endfacet
facet normal 0.077514924 -0.0464607 0.995908
 outer loop
  vertex 62.361248 -177.31241 7.071068
  vertex 55.94847 -173.8847 7.730104
  vertex 52.747852 -179.22461 7.730104
 endloop
endfacet
facet normal 0.07751491 -0.04646065 0.995908
 outer loop
  vertex 62.361248 -177.31241 7.071068
  vertex 52.747852 -179.22461 7.730104
  vertex 58.793777 -183.26437 7.071068
 endloop
endfacet
facet normal 0.14131898 -0.084703274 -0.9863338
 outer loop
  vertex 73.32908 -183.17482 -5.5557027
  vertex 77.77849 -185.55307 -4.713968
  vertex 73.32905 -192.97652 -4.713968
 endloop
endfacet
facet normal 0.14131854 -0.08470329 -0.9863338
 outer loop
  vertex 73.32908 -183.17482 -5.5557027
  vertex 73.32905 -192.97652 -4.713968
  vertex 69.13417 -190.17358 -5.5557027
 endloop
endfacet
facet normal 0.09417747 -0.0564478 0.9939539
 outer loop
  vertex 68.1734 -180.41907 6.3439336
  vertex 62.361248 -177.31241 7.071068
  vertex 58.793777 -183.26437 7.071068
 endloop
endfacet
facet normal 0.09417745 -0.056447744 0.9939538
 outer loop
  vertex 68.1734 -180.41907 6.3439336
  vertex 58.793777 -183.26437 7.071068
  vertex 64.27343 -186.92578 6.3439336
 endloop
endfacet
facet normal 0.11474915 -0.068778165 -0.99101067
 outer loop
  vertex 68.1734 -180.41907 -6.3439336
  vertex 73.32908 -183.17482 -5.5557027
  vertex 69.13417 -190.17358 -5.5557027
 endloop
endfacet
facet normal 0.11474947 -0.06877813 -0.99101067
 outer loop
  vertex 68.1734 -180.41907 -6.3439336
  vertex 69.13417 -190.17358 -5.5557027
  vertex 64.27343 -186.92578 -6.3439336
 endloop
endfacet
facet normal 0.11474924 -0.068777986 0.99101067
 outer loop
  vertex 73.32908 -183.17482 5.5557027
  vertex 68.1734 -180.41907 6.3439336
  vertex 64.27343 -186.92578 6.3439336
 endloop
endfacet
facet normal 0.11474937 -0.0687783 0.99101067
 outer loop
  vertex 73.32908 -183.17482 5.5557027
  vertex 64.27343 -186.92578 6.3439336
  vertex 69.13417 -190.17358 5.5557027
 endloop
endfacet
facet normal 0.09417749 -0.056447767 -0.9939539
 outer loop
  vertex 62.361248 -177.31241 -7.071068
  vertex 68.1734 -180.41907 -6.3439336
  vertex 64.27343 -186.92578 -6.3439336
 endloop
endfacet
facet normal 0.09417744 -0.056447778 -0.9939539
 outer loop
  vertex 62.361248 -177.31241 -7.071068
  vertex 64.27343 -186.92578 -6.3439336
  vertex 58.793777 -183.26437 -7.071068
 endloop
endfacet
facet normal 0.14131886 -0.084703475 0.9863338
 outer loop
  vertex 77.77849 -185.55307 4.713968
  vertex 73.32908 -183.17482 5.5557027
  vertex 69.13417 -190.17358 5.5557027
 endloop
endfacet
facet normal 0.14131866 -0.084703095 0.9863338
 outer loop
  vertex 77.77849 -185.55307 4.713968
  vertex 69.13417 -190.17358 5.5557027
  vertex 73.32905 -192.97652 4.713968
 endloop
endfacet
facet normal 0.07751494 -0.046460666 -0.995908
 outer loop
  vertex 55.94847 -173.8847 -7.730104
  vertex 62.361248 -177.31241 -7.071068
  vertex 58.793777 -183.26437 -7.071068
 endloop
endfacet
facet normal 0.07751489 -0.04646068 -0.995908
 outer loop
  vertex 55.94847 -173.8847 -7.730104
  vertex 58.793777 -183.26437 -7.071068
  vertex 52.747852 -179.22461 -7.730104
 endloop
endfacet
facet normal 0.17763378 -0.10646953 0.9783203
 outer loop
  vertex 81.47887 -187.53099 3.8268344
  vertex 77.77849 -185.55307 4.713968
  vertex 73.32905 -192.97652 4.713968
 endloop
endfacet
facet normal 0.17763396 -0.10646977 0.9783201
 outer loop
  vertex 81.47887 -187.53099 3.8268344
  vertex 73.32905 -192.97652 4.713968
  vertex 76.81774 -195.3076 3.8268344
 endloop
endfacet
facet normal 0.037992172 -0.028176866 -0.9988807
 outer loop
  vertex 31.818966 -165.24037 -9.238795
  vertex 39.1952 -170.169 -8.819213
  vertex 36.439457 -173.8847 -8.819213
 endloop
endfacet
facet normal 0.03799217 -0.02817688 -0.9988808
 outer loop
  vertex 31.818966 -165.24037 -9.238795
  vertex 36.439457 -173.8847 -8.819213
  vertex 29.58183 -168.2568 -9.238795
 endloop
endfacet
facet normal 0.4493474 -0.33325937 0.8288698
 outer loop
  vertex 82.74657 -199.26912 0.9801714
  vertex 81.54927 -198.46912 1.9509033
  vertex 75.81568 -206.19995 1.9509033
 endloop
endfacet
facet normal 0.44934592 -0.33325773 0.82887125
 outer loop
  vertex 82.74657 -199.26912 0.9801714
  vertex 75.81568 -206.19995 1.9509033
  vertex 76.9288 -207.11346 0.9801714
 endloop
endfacet
facet normal 0.2086564 -0.15475069 0.96566796
 outer loop
  vertex 16.221163 -154.81825 7.3435783
  vertex 8.149826 -149.42516 9.951847
  vertex 7.576826 -150.19775 9.951847
 endloop
endfacet
facet normal 0.2086568 -0.15475006 0.965668
 outer loop
  vertex 16.221163 -154.81825 7.3435783
  vertex 7.576826 -150.19775 9.951847
  vertex 15.080681 -156.35602 7.3435783
 endloop
endfacet
facet normal 0.028755454 -0.021326471 -0.99935895
 outer loop
  vertex 24.136286 -160.10696 -9.569404
  vertex 31.818966 -165.24037 -9.238795
  vertex 29.58183 -168.2568 -9.238795
 endloop
endfacet
facet normal 0.02875547 -0.02132646 -0.99935895
 outer loop
  vertex 24.136286 -160.10696 -9.569404
  vertex 29.58183 -168.2568 -9.238795
  vertex 22.439306 -162.39508 -9.569404
 endloop
endfacet
facet normal 0.042632356 -0.031618316 -0.9985904
 outer loop
  vertex 67.17635 -189.3067 0
  vertex 82.74657 -199.26912 0.9801714
  vertex 76.9288 -207.11346 0.9801714
 endloop
endfacet
facet normal 0.04287222 -0.03148662 -0.99858433
 outer loop
  vertex 67.17635 -189.3067 0
  vertex 76.9288 -207.11346 0.9801714
  vertex 62.453304 -195.73761 0
 endloop
endfacet
facet normal 0.0201371 -0.014934656 0.99968565
 outer loop
  vertex 24.136286 -160.10696 7.1051307
  vertex 16.221163 -154.81825 7.3435783
  vertex 15.080681 -156.35602 7.3435783
 endloop
endfacet
facet normal 0.020137101 -0.0149346655 0.9996857
 outer loop
  vertex 24.136286 -160.10696 7.1051307
  vertex 15.080681 -156.35602 7.3435783
  vertex 22.439306 -162.39508 7.1051307
 endloop
endfacet
facet normal -0.11100464 0.082326494 -0.9904041
 outer loop
  vertex 16.221163 -154.81825 -8.242656
  vertex 24.136286 -160.10696 -9.569404
  vertex 22.439306 -162.39508 -9.569404
 endloop
endfacet
facet normal -0.111004665 0.082326494 -0.9904041
 outer loop
  vertex 16.221163 -154.81825 -8.242656
  vertex 22.439306 -162.39508 -9.569404
  vertex 15.080681 -156.35602 -8.242656
 endloop
endfacet
facet normal 0.042766396 -0.031408902 0.99859124
 outer loop
  vertex 82.74657 -199.26912 -0.9801714
  vertex 67.17635 -189.3067 0
  vertex 62.453304 -195.73761 0
 endloop
endfacet
facet normal 0.04271852 -0.031682223 0.99858475
 outer loop
  vertex 82.74657 -199.26912 -0.9801714
  vertex 62.453304 -195.73761 0
  vertex 76.9288 -207.11346 -0.9801714
 endloop
endfacet
facet normal -0.18092714 0.13418446 0.9742997
 outer loop
  vertex 31.818966 -165.24037 9.238795
  vertex 24.136286 -160.10696 7.1051307
  vertex 22.439306 -162.39508 7.1051307
 endloop
endfacet
facet normal -0.18092713 0.13418454 0.9742996
 outer loop
  vertex 31.818966 -165.24037 9.238795
  vertex 22.439306 -162.39508 7.1051307
  vertex 29.58183 -168.2568 9.238795
 endloop
endfacet
facet normal -0.027946005 0.02072612 -0.99939454
 outer loop
  vertex 8.149826 -149.42516 -7.905112
  vertex 16.221163 -154.81825 -8.242656
  vertex 15.080681 -156.35602 -8.242656
 endloop
endfacet
facet normal -0.027945947 0.020726172 -0.9993946
 outer loop
  vertex 8.149826 -149.42516 -7.905112
  vertex 15.080681 -156.35602 -8.242656
  vertex 7.576826 -150.19775 -7.905112
 endloop
endfacet
facet normal 0.44934765 -0.33325902 -0.8288698
 outer loop
  vertex 81.54927 -198.46912 -1.9509033
  vertex 82.74657 -199.26912 -0.9801714
  vertex 76.9288 -207.11346 -0.9801714
 endloop
endfacet
facet normal 0.44934568 -0.3332581 -0.82887125
 outer loop
  vertex 81.54927 -198.46912 -1.9509033
  vertex 76.9288 -207.11346 -0.9801714
  vertex 75.81568 -206.19995 -1.9509033
 endloop
endfacet
facet normal 0.23876648 -0.17708106 0.9547947
 outer loop
  vertex 39.1952 -170.169 6.4801226
  vertex 31.818966 -165.24037 9.238795
  vertex 29.58183 -168.2568 9.238795
 endloop
endfacet
facet normal 0.2387665 -0.177081 0.95479465
 outer loop
  vertex 39.1952 -170.169 6.4801226
  vertex 29.58183 -168.2568 9.238795
  vertex 36.439457 -173.8847 6.4801226
 endloop
endfacet
facet normal -0.48694918 0.3611474 -0.7952692
 outer loop
  vertex 4.074913 -146.70238 -4.1735454
  vertex 8.149826 -149.42516 -7.905112
  vertex 7.576826 -150.19775 -7.905112
 endloop
endfacet
facet normal -0.48695305 0.36114314 -0.7952687
 outer loop
  vertex 4.074913 -146.70238 -4.1735454
  vertex 7.576826 -150.19775 -7.905112
  vertex 3.788413 -147.08868 -4.1735454
 endloop
endfacet
facet normal 0.2981168 -0.22109891 -0.9285697
 outer loop
  vertex 79.566666 -197.14438 -2.9028468
  vertex 81.54927 -198.46912 -1.9509033
  vertex 75.81568 -206.19995 -1.9509033
 endloop
endfacet
facet normal 0.29811653 -0.22109883 -0.92856985
 outer loop
  vertex 79.566666 -197.14438 -2.9028468
  vertex 75.81568 -206.19995 -1.9509033
  vertex 73.97247 -204.68726 -2.9028468
 endloop
endfacet
facet normal 0.048114035 -0.03568374 0.9982043
 outer loop
  vertex 46.19396 -174.84543 5.975606
  vertex 39.1952 -170.169 6.4801226
  vertex 36.439457 -173.8847 6.4801226
 endloop
endfacet
facet normal 0.048114035 -0.035683718 0.9982043
 outer loop
  vertex 46.19396 -174.84543 5.975606
  vertex 36.439457 -173.8847 6.4801226
  vertex 42.946144 -179.22461 5.975606
 endloop
endfacet
facet normal 0.21643677 -0.16052085 -0.96300995
 outer loop
  vertex 76.81774 -195.3076 -3.8268344
  vertex 79.566666 -197.14438 -2.9028468
  vertex 73.97247 -204.68726 -2.9028468
 endloop
endfacet
facet normal 0.21643806 -0.1605212 -0.96300966
 outer loop
  vertex 76.81774 -195.3076 -3.8268344
  vertex 73.97247 -204.68726 -2.9028468
  vertex 71.416824 -202.5899 -3.8268344
 endloop
endfacet
facet normal -0.17471325 0.12957588 0.97605604
 outer loop
  vertex 52.747852 -179.22461 7.730104
  vertex 46.19396 -174.84543 5.975606
  vertex 42.946144 -179.22461 5.975606
 endloop
endfacet
facet normal -0.17471325 0.12957628 0.976056
 outer loop
  vertex 52.747852 -179.22461 7.730104
  vertex 42.946144 -179.22461 5.975606
  vertex 49.039246 -184.22508 7.730104
 endloop
endfacet
facet normal 0.1663428 -0.12336806 -0.9783202
 outer loop
  vertex 73.32905 -192.97652 -4.713968
  vertex 76.81774 -195.3076 -3.8268344
  vertex 71.416824 -202.5899 -3.8268344
 endloop
endfacet
facet normal 0.1663423 -0.12336798 -0.9783203
 outer loop
  vertex 73.32905 -192.97652 -4.713968
  vertex 71.416824 -202.5899 -3.8268344
  vertex 68.17341 -199.92809 -4.713968
 endloop
endfacet
facet normal 0.07258769 -0.053834744 0.995908
 outer loop
  vertex 58.793777 -183.26437 7.071068
  vertex 52.747852 -179.22461 7.730104
  vertex 49.039246 -184.22508 7.730104
 endloop
endfacet
facet normal 0.0725877 -0.053834774 0.9959081
 outer loop
  vertex 58.793777 -183.26437 7.071068
  vertex 49.039246 -184.22508 7.730104
  vertex 54.66009 -188.838 7.071068
 endloop
endfacet
facet normal 0.13233575 -0.09814697 -0.9863339
 outer loop
  vertex 69.13417 -190.17358 -5.5557027
  vertex 73.32905 -192.97652 -4.713968
  vertex 68.17341 -199.92809 -4.713968
 endloop
endfacet
facet normal 0.13233578 -0.098146975 -0.9863338
 outer loop
  vertex 69.13417 -190.17358 -5.5557027
  vertex 68.17341 -199.92809 -4.713968
  vertex 64.27347 -196.72748 -5.5557027
 endloop
endfacet
facet normal 0.08819103 -0.06540701 0.9939539
 outer loop
  vertex 64.27343 -186.92578 6.3439336
  vertex 58.793777 -183.26437 7.071068
  vertex 54.66009 -188.838 7.071068
 endloop
endfacet
facet normal 0.08819104 -0.06540706 0.9939538
 outer loop
  vertex 64.27343 -186.92578 6.3439336
  vertex 54.66009 -188.838 7.071068
  vertex 59.754475 -193.01888 6.3439336
 endloop
endfacet
facet normal 0.10745549 -0.07969448 -0.99101067
 outer loop
  vertex 64.27343 -186.92578 -6.3439336
  vertex 69.13417 -190.17358 -5.5557027
  vertex 64.27347 -196.72748 -5.5557027
 endloop
endfacet
facet normal 0.10745535 -0.07969448 -0.99101067
 outer loop
  vertex 64.27343 -186.92578 -6.3439336
  vertex 64.27347 -196.72748 -5.5557027
  vertex 59.754475 -193.01888 -6.3439336
 endloop
endfacet
facet normal 0.10745545 -0.07969455 0.99101067
 outer loop
  vertex 69.13417 -190.17358 5.5557027
  vertex 64.27343 -186.92578 6.3439336
  vertex 59.754475 -193.01888 6.3439336
 endloop
endfacet
facet normal 0.1074554 -0.079694405 0.99101067
 outer loop
  vertex 69.13417 -190.17358 5.5557027
  vertex 59.754475 -193.01888 6.3439336
  vertex 64.27347 -196.72748 5.5557027
 endloop
endfacet
facet normal 0.08819102 -0.065407045 -0.9939539
 outer loop
  vertex 58.793777 -183.26437 -7.071068
  vertex 64.27343 -186.92578 -6.3439336
  vertex 59.754475 -193.01888 -6.3439336
 endloop
endfacet
facet normal 0.08819106 -0.06540702 -0.9939539
 outer loop
  vertex 58.793777 -183.26437 -7.071068
  vertex 59.754475 -193.01888 -6.3439336
  vertex 54.66009 -188.838 -7.071068
 endloop
endfacet
facet normal 0.13233575 -0.09814696 0.9863338
 outer loop
  vertex 73.32905 -192.97652 4.713968
  vertex 69.13417 -190.17358 5.5557027
  vertex 64.27347 -196.72748 5.5557027
 endloop
endfacet
facet normal 0.13233575 -0.09814698 0.9863338
 outer loop
  vertex 73.32905 -192.97652 4.713968
  vertex 64.27347 -196.72748 5.5557027
  vertex 68.17341 -199.92809 4.713968
 endloop
endfacet
facet normal 0.07258768 -0.05383476 -0.995908
 outer loop
  vertex 52.747852 -179.22461 -7.730104
  vertex 58.793777 -183.26437 -7.071068
  vertex 54.66009 -188.838 -7.071068
 endloop
endfacet
facet normal 0.07258769 -0.053834755 -0.995908
 outer loop
  vertex 52.747852 -179.22461 -7.730104
  vertex 54.66009 -188.838 -7.071068
  vertex 49.039246 -184.22508 -7.730104
 endloop
endfacet
facet normal 0.16634268 -0.12336826 0.97832024
 outer loop
  vertex 76.81774 -195.3076 3.8268344
  vertex 73.32905 -192.97652 4.713968
  vertex 68.17341 -199.92809 4.713968
 endloop
endfacet
facet normal 0.16634244 -0.12336779 0.97832024
 outer loop
  vertex 76.81774 -195.3076 3.8268344
  vertex 68.17341 -199.92809 4.713968
  vertex 71.416824 -202.5899 3.8268344
 endloop
endfacet
facet normal 0.059478074 -0.044111982 -0.9972545
 outer loop
  vertex 46.19396 -174.84543 -8.314696
  vertex 52.747852 -179.22461 -7.730104
  vertex 49.039246 -184.22508 -7.730104
 endloop
endfacet
facet normal 0.059478212 -0.04411194 -0.9972545
 outer loop
  vertex 46.19396 -174.84543 -8.314696
  vertex 49.039246 -184.22508 -7.730104
  vertex 42.946144 -179.22461 -8.314696
 endloop
endfacet
facet normal 0.21643704 -0.16052045 0.96300995
 outer loop
  vertex 79.566666 -197.14438 2.9028468
  vertex 76.81774 -195.3076 3.8268344
  vertex 71.416824 -202.5899 3.8268344
 endloop
endfacet
facet normal 0.21643776 -0.16052157 0.96300966
 outer loop
  vertex 79.566666 -197.14438 2.9028468
  vertex 71.416824 -202.5899 3.8268344
  vertex 73.97247 -204.68726 2.9028468
 endloop
endfacet
facet normal 0.048114043 -0.03568372 -0.9982043
 outer loop
  vertex 39.1952 -170.169 -8.819213
  vertex 46.19396 -174.84543 -8.314696
  vertex 42.946144 -179.22461 -8.314696
 endloop
endfacet
facet normal 0.04811403 -0.035683732 -0.9982043
 outer loop
  vertex 39.1952 -170.169 -8.819213
  vertex 42.946144 -179.22461 -8.314696
  vertex 36.439457 -173.8847 -8.819213
 endloop
endfacet
facet normal 0.29811677 -0.22109897 0.9285697
 outer loop
  vertex 81.54927 -198.46912 1.9509033
  vertex 79.566666 -197.14438 2.9028468
  vertex 73.97247 -204.68726 2.9028468
 endloop
endfacet
facet normal 0.2981166 -0.22109877 0.9285698
 outer loop
  vertex 81.54927 -198.46912 1.9509033
  vertex 73.97247 -204.68726 2.9028468
  vertex 75.81568 -206.19995 1.9509033
 endloop
endfacet
facet normal 0.0039506266 -0.0029299972 0.99998796
 outer loop
  vertex 8.149826 -149.42516 9.951847
  vertex 0 -143.97961 10
  vertex 7.576826 -150.19775 9.951847
 endloop
endfacet
facet normal -0.102400385 0.092810854 -0.9904041
 outer loop
  vertex 15.080681 -156.35602 -8.242656
  vertex 22.439306 -162.39508 -9.569404
  vertex 20.526224 -164.50583 -9.569404
 endloop
endfacet
facet normal -0.10240045 0.092810765 -0.99040407
 outer loop
  vertex 15.080681 -156.35602 -8.242656
  vertex 20.526224 -164.50583 -9.569404
  vertex 13.794964 -157.77458 -8.242656
 endloop
endfacet
facet normal 0.039649826 -0.035586625 0.9985798
 outer loop
  vertex 76.9288 -207.11346 -0.9801714
  vertex 62.453304 -195.73761 0
  vertex 57.128796 -201.67006 0
 endloop
endfacet
facet normal 0.03957254 -0.035866495 0.99857277
 outer loop
  vertex 76.9288 -207.11346 -0.9801714
  vertex 57.128796 -201.67006 0
  vertex 70.37017 -214.3498 -0.9801714
 endloop
endfacet
facet normal -0.16690297 0.15127295 0.97429967
 outer loop
  vertex 29.58183 -168.2568 9.238795
  vertex 22.439306 -162.39508 7.1051307
  vertex 20.526224 -164.50583 7.1051307
 endloop
endfacet
facet normal -0.16690324 0.15127234 0.9742997
 outer loop
  vertex 29.58183 -168.2568 9.238795
  vertex 20.526224 -164.50583 7.1051307
  vertex 27.059805 -171.03943 9.238795
 endloop
endfacet
facet normal -0.025779834 0.023365583 -0.99939454
 outer loop
  vertex 7.576826 -150.19775 -7.905112
  vertex 15.080681 -156.35602 -8.242656
  vertex 13.794964 -157.77458 -8.242656
 endloop
endfacet
facet normal -0.025780015 0.02336544 -0.9993945
 outer loop
  vertex 7.576826 -150.19775 -7.905112
  vertex 13.794964 -157.77458 -8.242656
  vertex 6.930857 -150.91048 -7.905112
 endloop
endfacet
facet normal 0.41451716 -0.37569684 -0.82887125
 outer loop
  vertex 75.81568 -206.19995 -1.9509033
  vertex 76.9288 -207.11346 -0.9801714
  vertex 70.37017 -214.3498 -0.9801714
 endloop
endfacet
facet normal 0.4145186 -0.37569764 -0.82887006
 outer loop
  vertex 75.81568 -206.19995 -1.9509033
  vertex 70.37017 -214.3498 -0.9801714
  vertex 69.351944 -213.33159 -1.9509033
 endloop
endfacet
facet normal 0.2202596 -0.1996318 0.9547947
 outer loop
  vertex 36.439457 -173.8847 6.4801226
  vertex 29.58183 -168.2568 9.238795
  vertex 27.059805 -171.03943 9.238795
 endloop
endfacet
facet normal 0.22025959 -0.19963183 0.9547947
 outer loop
  vertex 36.439457 -173.8847 6.4801226
  vertex 27.059805 -171.03943 9.238795
  vertex 33.33278 -177.3124 6.4801226
 endloop
endfacet
facet normal -0.44920835 0.40713534 -0.79526895
 outer loop
  vertex 3.788413 -147.08868 -4.1735454
  vertex 7.576826 -150.19775 -7.905112
  vertex 6.930857 -150.91048 -7.905112
 endloop
endfacet
facet normal -0.4492036 0.40713957 -0.7952695
 outer loop
  vertex 3.788413 -147.08868 -4.1735454
  vertex 6.930857 -150.91048 -7.905112
  vertex 3.4654286 -147.44504 -4.1735454
 endloop
endfacet
facet normal 0.27500975 -0.24925423 -0.9285698
 outer loop
  vertex 73.97247 -204.68726 -2.9028468
  vertex 75.81568 -206.19995 -1.9509033
  vertex 69.351944 -213.33159 -1.9509033
 endloop
endfacet
facet normal 0.27500933 -0.24925402 -0.92857003
 outer loop
  vertex 73.97247 -204.68726 -2.9028468
  vertex 69.351944 -213.33159 -1.9509033
  vertex 67.66588 -211.64551 -2.9028468
 endloop
endfacet
facet normal 0.04438467 -0.04022795 0.9982042
 outer loop
  vertex 42.946144 -179.22461 5.975606
  vertex 36.439457 -173.8847 6.4801226
  vertex 33.33278 -177.3124 6.4801226
 endloop
endfacet
facet normal 0.044384666 -0.040228024 0.9982043
 outer loop
  vertex 42.946144 -179.22461 5.975606
  vertex 33.33278 -177.3124 6.4801226
  vertex 39.284733 -183.26434 5.975606
 endloop
endfacet
facet normal 0.19966196 -0.18096313 -0.9630096
 outer loop
  vertex 71.416824 -202.5899 -3.8268344
  vertex 73.97247 -204.68726 -2.9028468
  vertex 67.66588 -211.64551 -2.9028468
 endloop
endfacet
facet normal 0.19966112 -0.1809628 -0.96300983
 outer loop
  vertex 71.416824 -202.5899 -3.8268344
  vertex 67.66588 -211.64551 -2.9028468
  vertex 65.32812 -209.30774 -3.8268344
 endloop
endfacet
facet normal -0.16117115 0.14607741 0.9760559
 outer loop
  vertex 49.039246 -184.22508 7.730104
  vertex 42.946144 -179.22461 5.975606
  vertex 39.284733 -183.26434 5.975606
 endloop
endfacet
facet normal -0.16117121 0.14607681 0.97605604
 outer loop
  vertex 49.039246 -184.22508 7.730104
  vertex 39.284733 -183.26434 5.975606
  vertex 44.858364 -188.83798 7.730104
 endloop
endfacet
facet normal 0.15344898 -0.13907844 -0.9783203
 outer loop
  vertex 68.17341 -199.92809 -4.713968
  vertex 71.416824 -202.5899 -3.8268344
  vertex 65.32812 -209.30774 -3.8268344
 endloop
endfacet
facet normal 0.15344925 -0.13907851 -0.97832024
 outer loop
  vertex 68.17341 -199.92809 -4.713968
  vertex 65.32812 -209.30774 -3.8268344
  vertex 62.36122 -206.34084 -4.713968
 endloop
endfacet
facet normal 0.06696151 -0.060690276 0.995908
 outer loop
  vertex 54.66009 -188.838 7.071068
  vertex 49.039246 -184.22508 7.730104
  vertex 44.858364 -188.83798 7.730104
 endloop
endfacet
facet normal 0.06696151 -0.06069039 0.995908
 outer loop
  vertex 54.66009 -188.838 7.071068
  vertex 44.858364 -188.83798 7.730104
  vertex 50 -193.97961 7.071068
 endloop
endfacet
facet normal 0.12207841 -0.11064559 -0.98633385
 outer loop
  vertex 64.27347 -196.72748 -5.5557027
  vertex 68.17341 -199.92809 -4.713968
  vertex 62.36122 -206.34084 -4.713968
 endloop
endfacet
facet normal 0.12207882 -0.11064568 -0.9863338
 outer loop
  vertex 64.27347 -196.72748 -5.5557027
  vertex 62.36122 -206.34084 -4.713968
  vertex 58.793777 -202.77339 -5.5557027
 endloop
endfacet
facet normal 0.0813554 -0.07373626 0.9939539
 outer loop
  vertex 59.754475 -193.01888 6.3439336
  vertex 54.66009 -188.838 7.071068
  vertex 50 -193.97961 7.071068
 endloop
endfacet
facet normal 0.08135541 -0.07373636 0.9939538
 outer loop
  vertex 59.754475 -193.01888 6.3439336
  vertex 50 -193.97961 7.071068
  vertex 54.660053 -198.6397 6.3439336
 endloop
endfacet
facet normal 0.09912669 -0.0898431 -0.99101067
 outer loop
  vertex 59.754475 -193.01888 -6.3439336
  vertex 64.27347 -196.72748 -5.5557027
  vertex 58.793777 -202.77339 -5.5557027
 endloop
endfacet
facet normal 0.099126376 -0.08984306 -0.99101067
 outer loop
  vertex 59.754475 -193.01888 -6.3439336
  vertex 58.793777 -202.77339 -5.5557027
  vertex 54.660053 -198.6397 -6.3439336
 endloop
endfacet
facet normal 0.09912657 -0.08984322 0.99101067
 outer loop
  vertex 64.27347 -196.72748 5.5557027
  vertex 59.754475 -193.01888 6.3439336
  vertex 54.660053 -198.6397 6.3439336
 endloop
endfacet
facet normal 0.09912652 -0.089842945 0.99101067
 outer loop
  vertex 64.27347 -196.72748 5.5557027
  vertex 54.660053 -198.6397 6.3439336
  vertex 58.793777 -202.77339 5.5557027
 endloop
endfacet
facet normal 0.081355356 -0.07373631 -0.9939539
 outer loop
  vertex 54.66009 -188.838 -7.071068
  vertex 59.754475 -193.01888 -6.3439336
  vertex 54.660053 -198.6397 -6.3439336
 endloop
endfacet
facet normal 0.08135545 -0.07373631 -0.9939539
 outer loop
  vertex 54.66009 -188.838 -7.071068
  vertex 54.660053 -198.6397 -6.3439336
  vertex 50 -193.97961 -7.071068
 endloop
endfacet
facet normal 0.12207854 -0.11064541 0.98633385
 outer loop
  vertex 68.17341 -199.92809 4.713968
  vertex 64.27347 -196.72748 5.5557027
  vertex 58.793777 -202.77339 5.5557027
 endloop
endfacet
facet normal 0.122078665 -0.11064582 0.9863338
 outer loop
  vertex 68.17341 -199.92809 4.713968
  vertex 58.793777 -202.77339 5.5557027
  vertex 62.36122 -206.34084 4.713968
 endloop
endfacet
facet normal 0.06696145 -0.06069034 -0.995908
 outer loop
  vertex 49.039246 -184.22508 -7.730104
  vertex 54.66009 -188.838 -7.071068
  vertex 50 -193.97961 -7.071068
 endloop
endfacet
facet normal 0.06696158 -0.060690332 -0.995908
 outer loop
  vertex 49.039246 -184.22508 -7.730104
  vertex 50 -193.97961 -7.071068
  vertex 44.858364 -188.83798 -7.730104
 endloop
endfacet
facet normal 0.15344906 -0.13907833 0.9783203
 outer loop
  vertex 71.416824 -202.5899 3.8268344
  vertex 68.17341 -199.92809 4.713968
  vertex 62.36122 -206.34084 4.713968
 endloop
endfacet
facet normal 0.15344918 -0.1390786 0.97832024
 outer loop
  vertex 71.416824 -202.5899 3.8268344
  vertex 62.36122 -206.34084 4.713968
  vertex 65.32812 -209.30774 3.8268344
 endloop
endfacet
facet normal 0.054868065 -0.04972943 -0.9972545
 outer loop
  vertex 42.946144 -179.22461 -8.314696
  vertex 49.039246 -184.22508 -7.730104
  vertex 44.858364 -188.83798 -7.730104
 endloop
endfacet
facet normal -0.2600583 -0.110064164 -0.95929945
 outer loop
  vertex 42.946144 -179.22461 -8.314696
  vertex 44.858364 -188.83798 -7.730104
  vertex 39.284733 -183.26434 -6.858623
 endloop
endfacet
facet normal 0.19966172 -0.18096334 0.9630096
 outer loop
  vertex 73.97247 -204.68726 2.9028468
  vertex 71.416824 -202.5899 3.8268344
  vertex 65.32812 -209.30774 3.8268344
 endloop
endfacet
facet normal 0.19966134 -0.1809626 0.96300983
 outer loop
  vertex 73.97247 -204.68726 2.9028468
  vertex 65.32812 -209.30774 3.8268344
  vertex 67.66588 -211.64551 2.9028468
 endloop
endfacet
facet normal -0.1206262 -0.23803757 -0.9637362
 outer loop
  vertex 36.439457 -173.8847 -8.819213
  vertex 42.946144 -179.22461 -8.314696
  vertex 39.284733 -183.26434 -6.858623
 endloop
endfacet
facet normal -0.16998623 -0.2507678 -0.95300585
 outer loop
  vertex 36.439457 -173.8847 -8.819213
  vertex 39.284733 -183.26434 -6.858623
  vertex 33.33278 -177.3124 -7.3631396
 endloop
endfacet
facet normal 0.2750097 -0.24925438 0.92856985
 outer loop
  vertex 75.81568 -206.19995 1.9509033
  vertex 73.97247 -204.68726 2.9028468
  vertex 67.66588 -211.64551 2.9028468
 endloop
endfacet
facet normal 0.2750094 -0.24925391 0.92857
 outer loop
  vertex 75.81568 -206.19995 1.9509033
  vertex 67.66588 -211.64551 2.9028468
  vertex 69.351944 -213.33159 1.9509033
 endloop
endfacet
facet normal 0.0036444322 -0.0033030936 0.99998796
 outer loop
  vertex 7.576826 -150.19775 9.951847
  vertex 0 -143.97961 10
  vertex 6.930857 -150.91048 9.951847
 endloop
endfacet
facet normal -0.15694593 -0.2622267 -0.9521581
 outer loop
  vertex 29.58183 -168.2568 -9.238795
  vertex 36.439457 -173.8847 -8.819213
  vertex 33.33278 -177.3124 -7.3631396
 endloop
endfacet
facet normal -0.22313528 -0.28547785 -0.9320477
 outer loop
  vertex 29.58183 -168.2568 -9.238795
  vertex 33.33278 -177.3124 -7.3631396
  vertex 27.059805 -171.03943 -7.782722
 endloop
endfacet
facet normal 0.41451737 -0.3756965 0.8288712
 outer loop
  vertex 76.9288 -207.11346 0.9801714
  vertex 75.81568 -206.19995 1.9509033
  vertex 69.351944 -213.33159 1.9509033
 endloop
endfacet
facet normal 0.4145184 -0.3756979 0.8288701
 outer loop
  vertex 76.9288 -207.11346 0.9801714
  vertex 69.351944 -213.33159 1.9509033
  vertex 70.37017 -214.3498 0.9801714
 endloop
endfacet
facet normal 0.19248433 -0.17445618 0.965668
 outer loop
  vertex 15.080681 -156.35602 7.3435783
  vertex 7.576826 -150.19775 9.951847
  vertex 6.930857 -150.91048 9.951847
 endloop
endfacet
facet normal 0.19248338 -0.17445758 0.96566796
 outer loop
  vertex 15.080681 -156.35602 7.3435783
  vertex 6.930857 -150.91048 9.951847
  vertex 13.794964 -157.77458 7.3435783
 endloop
endfacet
facet normal -0.20459345 -0.30181575 -0.9311545
 outer loop
  vertex 22.439306 -162.39508 -9.569404
  vertex 29.58183 -168.2568 -9.238795
  vertex 27.059805 -171.03943 -7.782722
 endloop
endfacet
facet normal 0.14083226 -0.12764364 -0.9817706
 outer loop
  vertex 22.439306 -162.39508 -9.569404
  vertex 27.059805 -171.03943 -7.782722
  vertex 20.526224 -164.50583 -9.569404
 endloop
endfacet
facet normal 0.03948919 -0.03579095 -0.99857885
 outer loop
  vertex 62.453304 -195.73761 0
  vertex 76.9288 -207.11346 0.9801714
  vertex 70.37017 -214.3498 0.9801714
 endloop
endfacet
facet normal 0.03975237 -0.035678662 -0.99857235
 outer loop
  vertex 62.453304 -195.73761 0
  vertex 70.37017 -214.3498 0.9801714
  vertex 57.128796 -201.67006 0
 endloop
endfacet
facet normal 0.018576229 -0.016836587 0.99968565
 outer loop
  vertex 22.439306 -162.39508 7.1051307
  vertex 15.080681 -156.35602 7.3435783
  vertex 13.794964 -157.77458 7.3435783
 endloop
endfacet
facet normal 0.018576218 -0.016836606 0.99968565
 outer loop
  vertex 22.439306 -162.39508 7.1051307
  vertex 13.794964 -157.77458 7.3435783
  vertex 20.526224 -164.50583 7.1051307
 endloop
endfacet
facet normal -0.4071358 0.44920725 -0.79526937
 outer loop
  vertex 3.4654286 -147.44504 -4.1735454
  vertex 6.930857 -150.91048 -7.905112
  vertex 6.2181406 -151.55644 -7.905112
 endloop
endfacet
facet normal -0.40713575 0.44920734 -0.79526937
 outer loop
  vertex 3.4654286 -147.44504 -4.1735454
  vertex 6.2181406 -151.55644 -7.905112
  vertex 3.1090703 -147.76802 -4.1735454
 endloop
endfacet
facet normal 0.24925381 -0.2750093 -0.9285701
 outer loop
  vertex 67.66588 -211.64551 -2.9028468
  vertex 69.351944 -213.33159 -1.9509033
  vertex 62.220314 -219.79532 -1.9509033
 endloop
endfacet
facet normal 0.24925359 -0.27500919 -0.9285702
 outer loop
  vertex 67.66588 -211.64551 -2.9028468
  vertex 62.220314 -219.79532 -1.9509033
  vertex 60.707634 -217.95209 -2.9028468
 endloop
endfacet
facet normal 0.040227935 -0.044384733 0.9982042
 outer loop
  vertex 39.284733 -183.26434 5.975606
  vertex 33.33278 -177.3124 6.4801226
  vertex 29.905088 -180.41907 6.4801226
 endloop
endfacet
facet normal 0.040227942 -0.044384744 0.9982043
 outer loop
  vertex 39.284733 -183.26434 5.975606
  vertex 29.905088 -180.41907 6.4801226
  vertex 35.244987 -186.92575 5.975606
 endloop
endfacet
facet normal 0.18096243 -0.19966145 -0.9630098
 outer loop
  vertex 65.32812 -209.30774 -3.8268344
  vertex 67.66588 -211.64551 -2.9028468
  vertex 60.707634 -217.95209 -2.9028468
 endloop
endfacet
facet normal 0.18096313 -0.19966179 -0.9630096
 outer loop
  vertex 65.32812 -209.30774 -3.8268344
  vertex 60.707634 -217.95209 -2.9028468
  vertex 58.610264 -215.39645 -3.8268344
 endloop
endfacet
facet normal -0.14607686 0.16117117 0.9760561
 outer loop
  vertex 44.858364 -188.83798 7.730104
  vertex 39.284733 -183.26434 5.975606
  vertex 35.244987 -186.92575 5.975606
 endloop
endfacet
facet normal -0.14607684 0.16117123 0.97605604
 outer loop
  vertex 44.858364 -188.83798 7.730104
  vertex 35.244987 -186.92575 5.975606
  vertex 40.24547 -193.01886 7.730104
 endloop
endfacet
facet normal 0.13907845 -0.15344925 -0.97832024
 outer loop
  vertex 62.36122 -206.34084 -4.713968
  vertex 65.32812 -209.30774 -3.8268344
  vertex 58.610264 -215.39645 -3.8268344
 endloop
endfacet
facet normal 0.13907813 -0.15344912 -0.9783203
 outer loop
  vertex 62.36122 -206.34084 -4.713968
  vertex 58.610264 -215.39645 -3.8268344
  vertex 55.948467 -212.15302 -4.713968
 endloop
endfacet
facet normal 0.060690336 -0.06696159 0.995908
 outer loop
  vertex 50 -193.97961 7.071068
  vertex 44.858364 -188.83798 7.730104
  vertex 40.24547 -193.01886 7.730104
 endloop
endfacet
facet normal 0.060690343 -0.066961445 0.995908
 outer loop
  vertex 50 -193.97961 7.071068
  vertex 40.24547 -193.01886 7.730104
  vertex 44.85838 -198.63971 7.071068
 endloop
endfacet
facet normal 0.11064572 -0.12207877 -0.9863337
 outer loop
  vertex 58.793777 -202.77339 -5.5557027
  vertex 62.36122 -206.34084 -4.713968
  vertex 55.948467 -212.15302 -4.713968
 endloop
endfacet
facet normal 0.11064579 -0.122078806 -0.9863338
 outer loop
  vertex 58.793777 -202.77339 -5.5557027
  vertex 55.948467 -212.15302 -4.713968
  vertex 52.74787 -208.25308 -5.5557027
 endloop
endfacet
facet normal 0.073736295 -0.08135543 0.9939539
 outer loop
  vertex 54.660053 -198.6397 6.3439336
  vertex 50 -193.97961 7.071068
  vertex 44.85838 -198.63971 7.071068
 endloop
endfacet
facet normal 0.073736295 -0.08135544 0.9939538
 outer loop
  vertex 54.660053 -198.6397 6.3439336
  vertex 44.85838 -198.63971 7.071068
  vertex 49.039227 -203.73412 6.3439336
 endloop
endfacet
facet normal 0.08984303 -0.099126495 -0.99101067
 outer loop
  vertex 54.660053 -198.6397 -6.3439336
  vertex 58.793777 -202.77339 -5.5557027
  vertex 52.74787 -208.25308 -5.5557027
 endloop
endfacet
facet normal 0.089843035 -0.0991265 -0.99101067
 outer loop
  vertex 54.660053 -198.6397 -6.3439336
  vertex 52.74787 -208.25308 -5.5557027
  vertex 49.039227 -203.73412 -6.3439336
 endloop
endfacet
facet normal 0.08984302 -0.09912648 0.99101067
 outer loop
  vertex 58.793777 -202.77339 5.5557027
  vertex 54.660053 -198.6397 6.3439336
  vertex 49.039227 -203.73412 6.3439336
 endloop
endfacet
facet normal 0.089843035 -0.09912649 0.99101067
 outer loop
  vertex 58.793777 -202.77339 5.5557027
  vertex 49.039227 -203.73412 6.3439336
  vertex 52.74787 -208.25308 5.5557027
 endloop
endfacet
facet normal 0.07373628 -0.08135543 -0.9939538
 outer loop
  vertex 50 -193.97961 -7.071068
  vertex 54.660053 -198.6397 -6.3439336
  vertex 49.039227 -203.73412 -6.3439336
 endloop
endfacet
facet normal 0.0737363 -0.081355445 -0.9939539
 outer loop
  vertex 50 -193.97961 -7.071068
  vertex 49.039227 -203.73412 -6.3439336
  vertex 44.85838 -198.63971 -7.071068
 endloop
endfacet
facet normal 0.11064574 -0.12207875 0.9863338
 outer loop
  vertex 62.36122 -206.34084 4.713968
  vertex 58.793777 -202.77339 5.5557027
  vertex 52.74787 -208.25308 5.5557027
 endloop
endfacet
facet normal 0.110645756 -0.12207882 0.9863337
 outer loop
  vertex 62.36122 -206.34084 4.713968
  vertex 52.74787 -208.25308 5.5557027
  vertex 55.948467 -212.15302 4.713968
 endloop
endfacet
facet normal 0.060690403 -0.06696151 -0.995908
 outer loop
  vertex 44.858364 -188.83798 -7.730104
  vertex 50 -193.97961 -7.071068
  vertex 44.85838 -198.63971 -7.071068
 endloop
endfacet
facet normal 0.060690265 -0.06696151 -0.995908
 outer loop
  vertex 44.858364 -188.83798 -7.730104
  vertex 44.85838 -198.63971 -7.071068
  vertex 40.24547 -193.01886 -7.730104
 endloop
endfacet
facet normal 0.13907836 -0.15344937 0.97832024
 outer loop
  vertex 65.32812 -209.30774 3.8268344
  vertex 62.36122 -206.34084 4.713968
  vertex 55.948467 -212.15302 4.713968
 endloop
endfacet
facet normal 0.13907824 -0.15344903 0.97832024
 outer loop
  vertex 65.32812 -209.30774 3.8268344
  vertex 55.948467 -212.15302 4.713968
  vertex 58.610264 -215.39645 3.8268344
 endloop
endfacet
facet normal -0.073886804 0.081521675 -0.9939291
 outer loop
  vertex 39.284733 -183.26434 -6.858623
  vertex 44.858364 -188.83798 -7.730104
  vertex 40.24547 -193.01886 -7.730104
 endloop
endfacet
facet normal -0.07388686 0.08152167 -0.9939291
 outer loop
  vertex 39.284733 -183.26434 -6.858623
  vertex 40.24547 -193.01886 -7.730104
  vertex 35.244987 -186.92575 -6.858623
 endloop
endfacet
facet normal 0.18096262 -0.19966124 0.9630098
 outer loop
  vertex 67.66588 -211.64551 2.9028468
  vertex 65.32812 -209.30774 3.8268344
  vertex 58.610264 -215.39645 3.8268344
 endloop
endfacet
facet normal 0.18096289 -0.19966199 0.96300966
 outer loop
  vertex 67.66588 -211.64551 2.9028468
  vertex 58.610264 -215.39645 3.8268344
  vertex 60.707634 -217.95209 2.9028468
 endloop
endfacet
facet normal 0.04022794 -0.044384744 -0.9982043
 outer loop
  vertex 33.33278 -177.3124 -7.3631396
  vertex 39.284733 -183.26434 -6.858623
  vertex 35.244987 -186.92575 -6.858623
 endloop
endfacet
facet normal 0.040227942 -0.044384744 -0.9982043
 outer loop
  vertex 33.33278 -177.3124 -7.3631396
  vertex 35.244987 -186.92575 -6.858623
  vertex 29.905088 -180.41907 -7.3631396
 endloop
endfacet
facet normal 0.24925376 -0.2750094 0.9285701
 outer loop
  vertex 69.351944 -213.33159 1.9509033
  vertex 67.66588 -211.64551 2.9028468
  vertex 60.707634 -217.95209 2.9028468
 endloop
endfacet
facet normal 0.24925363 -0.27500913 0.9285702
 outer loop
  vertex 69.351944 -213.33159 1.9509033
  vertex 60.707634 -217.95209 2.9028468
  vertex 62.220314 -219.79532 1.9509033
 endloop
endfacet
facet normal 0.0033031006 -0.0036444287 0.99998796
 outer loop
  vertex 6.930857 -150.91048 9.951847
  vertex 0 -143.97961 10
  vertex 6.2181406 -151.55644 9.951847
 endloop
endfacet
facet normal 0.031765085 -0.03504741 -0.9988807
 outer loop
  vertex 27.059805 -171.03943 -7.782722
  vertex 33.33278 -177.3124 -7.3631396
  vertex 29.905088 -180.41907 -7.3631396
 endloop
endfacet
facet normal 0.03176505 -0.03504742 -0.9988808
 outer loop
  vertex 27.059805 -171.03943 -7.782722
  vertex 29.905088 -180.41907 -7.3631396
  vertex 24.27718 -173.56145 -7.782722
 endloop
endfacet
facet normal 0.37569788 -0.4145189 0.82886976
 outer loop
  vertex 70.37017 -214.3498 0.9801714
  vertex 69.351944 -213.33159 1.9509033
  vertex 62.220314 -219.79532 1.9509033
 endloop
endfacet
facet normal 0.37569693 -0.41451722 0.8288711
 outer loop
  vertex 70.37017 -214.3498 0.9801714
  vertex 62.220314 -219.79532 1.9509033
  vertex 63.133835 -220.90843 0.9801714
 endloop
endfacet
facet normal 0.17445672 -0.19248424 0.96566796
 outer loop
  vertex 13.794964 -157.77458 7.3435783
  vertex 6.930857 -150.91048 9.951847
  vertex 6.2181406 -151.55644 9.951847
 endloop
endfacet
facet normal 0.17445745 -0.19248351 0.965668
 outer loop
  vertex 13.794964 -157.77458 7.3435783
  vertex 6.2181406 -151.55644 9.951847
  vertex 12.376394 -159.0603 7.3435783
 endloop
endfacet
facet normal 0.12764308 -0.14083277 -0.9817705
 outer loop
  vertex 20.526224 -164.50583 -9.569404
  vertex 27.059805 -171.03943 -7.782722
  vertex 24.27718 -173.56145 -7.782722
 endloop
endfacet
facet normal 0.12764351 -0.1408326 -0.9817706
 outer loop
  vertex 20.526224 -164.50583 -9.569404
  vertex 24.27718 -173.56145 -7.782722
  vertex 18.415464 -166.41891 -9.569404
 endloop
endfacet
facet normal 0.035942715 -0.03965663 -0.99856675
 outer loop
  vertex 57.128796 -201.67006 0
  vertex 70.37017 -214.3498 0.9801714
  vertex 63.133835 -220.90843 0.9801714
 endloop
endfacet
facet normal 0.036217324 -0.03957059 -0.9985602
 outer loop
  vertex 57.128796 -201.67006 0
  vertex 63.133835 -220.90843 0.9801714
  vertex 51.254105 -207.04692 0
 endloop
endfacet
facet normal 0.016836582 -0.018576244 0.99968565
 outer loop
  vertex 20.526224 -164.50583 7.1051307
  vertex 13.794964 -157.77458 7.3435783
  vertex 12.376394 -159.0603 7.3435783
 endloop
endfacet
facet normal 0.01683658 -0.018576251 0.9996857
 outer loop
  vertex 20.526224 -164.50583 7.1051307
  vertex 12.376394 -159.0603 7.3435783
  vertex 18.415464 -166.41891 7.1051307
 endloop
endfacet
facet normal -0.092810705 0.10240058 -0.9904042
 outer loop
  vertex 13.794964 -157.77458 -8.242656
  vertex 20.526224 -164.50583 -9.569404
  vertex 18.415464 -166.41891 -9.569404
 endloop
endfacet
facet normal -0.092810735 0.10240055 -0.9904041
 outer loop
  vertex 13.794964 -157.77458 -8.242656
  vertex 18.415464 -166.41891 -9.569404
  vertex 12.376394 -159.0603 -8.242656
 endloop
endfacet
facet normal 0.036123425 -0.039467998 0.9985677
 outer loop
  vertex 70.37017 -214.3498 -0.9801714
  vertex 57.128796 -201.67006 0
  vertex 51.254105 -207.04692 0
 endloop
endfacet
facet normal 0.03601889 -0.039740674 0.9985606
 outer loop
  vertex 70.37017 -214.3498 -0.9801714
  vertex 51.254105 -207.04692 0
  vertex 63.133835 -220.90843 -0.9801714
 endloop
endfacet
facet normal -0.1512725 0.16690308 0.9742998
 outer loop
  vertex 27.059805 -171.03943 9.238795
  vertex 20.526224 -164.50583 7.1051307
  vertex 18.415464 -166.41891 7.1051307
 endloop
endfacet
facet normal -0.1512722 0.1669036 0.97429967
 outer loop
  vertex 27.059805 -171.03943 9.238795
  vertex 18.415464 -166.41891 7.1051307
  vertex 24.27718 -173.56145 9.238795
 endloop
endfacet
facet normal -0.023365585 0.025779866 -0.99939454
 outer loop
  vertex 6.930857 -150.91048 -7.905112
  vertex 13.794964 -157.77458 -8.242656
  vertex 12.376394 -159.0603 -8.242656
 endloop
endfacet
facet normal -0.023365445 0.025779946 -0.9993945
 outer loop
  vertex 6.930857 -150.91048 -7.905112
  vertex 12.376394 -159.0603 -8.242656
  vertex 6.2181406 -151.55644 -7.905112
 endloop
endfacet
facet normal 0.37569818 -0.4145186 -0.82886976
 outer loop
  vertex 69.351944 -213.33159 -1.9509033
  vertex 70.37017 -214.3498 -0.9801714
  vertex 63.133835 -220.90843 -0.9801714
 endloop
endfacet
facet normal 0.37569657 -0.41451746 -0.82887113
 outer loop
  vertex 69.351944 -213.33159 -1.9509033
  vertex 63.133835 -220.90843 -0.9801714
  vertex 62.220314 -219.79532 -1.9509033
 endloop
endfacet
facet normal 0.1996315 -0.22025995 0.95479465
 outer loop
  vertex 33.33278 -177.3124 6.4801226
  vertex 27.059805 -171.03943 9.238795
  vertex 24.27718 -173.56145 9.238795
 endloop
endfacet
facet normal 0.19963159 -0.22025971 0.95479465
 outer loop
  vertex 33.33278 -177.3124 6.4801226
  vertex 24.27718 -173.56145 9.238795
  vertex 29.905088 -180.41907 6.4801226
 endloop
endfacet
facet normal 0.123367615 -0.16634233 -0.9783203
 outer loop
  vertex 55.948467 -212.15302 -4.713968
  vertex 58.610264 -215.39645 -3.8268344
  vertex 51.327965 -220.79736 -3.8268344
 endloop
endfacet
facet normal 0.12336814 -0.1663426 -0.97832024
 outer loop
  vertex 55.948467 -212.15302 -4.713968
  vertex 51.327965 -220.79736 -3.8268344
  vertex 48.996895 -217.30865 -4.713968
 endloop
endfacet
facet normal 0.053834666 -0.072587766 0.995908
 outer loop
  vertex 44.85838 -198.63971 7.071068
  vertex 40.24547 -193.01886 7.730104
  vertex 35.244987 -196.72746 7.730104
 endloop
endfacet
facet normal 0.053834658 -0.07258776 0.995908
 outer loop
  vertex 44.85838 -198.63971 7.071068
  vertex 35.244987 -196.72746 7.730104
  vertex 39.284744 -202.77339 7.071068
 endloop
endfacet
facet normal 0.0981472 -0.13233612 -0.9863338
 outer loop
  vertex 52.74787 -208.25308 -5.5557027
  vertex 55.948467 -212.15302 -4.713968
  vertex 48.996895 -217.30865 -4.713968
 endloop
endfacet
facet normal 0.09814724 -0.13233615 -0.9863338
 outer loop
  vertex 52.74787 -208.25308 -5.5557027
  vertex 48.996895 -217.30865 -4.713968
  vertex 46.193977 -213.11378 -5.5557027
 endloop
endfacet
facet normal 0.0654069 -0.08819115 0.9939539
 outer loop
  vertex 49.039227 -203.73412 6.3439336
  vertex 44.85838 -198.63971 7.071068
  vertex 39.284744 -202.77339 7.071068
 endloop
endfacet
facet normal 0.06540692 -0.088191025 0.9939539
 outer loop
  vertex 49.039227 -203.73412 6.3439336
  vertex 39.284744 -202.77339 7.071068
  vertex 42.946125 -208.25307 6.3439336
 endloop
endfacet
facet normal 0.07969437 -0.10745534 -0.99101067
 outer loop
  vertex 49.039227 -203.73412 -6.3439336
  vertex 52.74787 -208.25308 -5.5557027
  vertex 46.193977 -213.11378 -5.5557027
 endloop
endfacet
facet normal 0.07969428 -0.10745531 -0.99101067
 outer loop
  vertex 49.039227 -203.73412 -6.3439336
  vertex 46.193977 -213.11378 -5.5557027
  vertex 42.946125 -208.25307 -6.3439336
 endloop
endfacet
facet normal 0.07969433 -0.10745538 0.99101067
 outer loop
  vertex 52.74787 -208.25308 5.5557027
  vertex 49.039227 -203.73412 6.3439336
  vertex 42.946125 -208.25307 6.3439336
 endloop
endfacet
facet normal 0.07969433 -0.10745528 0.99101067
 outer loop
  vertex 52.74787 -208.25308 5.5557027
  vertex 42.946125 -208.25307 6.3439336
  vertex 46.193977 -213.11378 5.5557027
 endloop
endfacet
facet normal 0.06540697 -0.088191114 -0.9939538
 outer loop
  vertex 44.85838 -198.63971 -7.071068
  vertex 49.039227 -203.73412 -6.3439336
  vertex 42.946125 -208.25307 -6.3439336
 endloop
endfacet
facet normal 0.06540685 -0.088191085 -0.9939539
 outer loop
  vertex 44.85838 -198.63971 -7.071068
  vertex 42.946125 -208.25307 -6.3439336
  vertex 39.284744 -202.77339 -7.071068
 endloop
endfacet
facet normal 0.09814723 -0.13233611 0.9863338
 outer loop
  vertex 55.948467 -212.15302 4.713968
  vertex 52.74787 -208.25308 5.5557027
  vertex 46.193977 -213.11378 5.5557027
 endloop
endfacet
facet normal 0.09814722 -0.13233615 0.9863338
 outer loop
  vertex 55.948467 -212.15302 4.713968
  vertex 46.193977 -213.11378 5.5557027
  vertex 48.996895 -217.30865 4.713968
 endloop
endfacet
facet normal 0.053834658 -0.072587766 -0.995908
 outer loop
  vertex 40.24547 -193.01886 -7.730104
  vertex 44.85838 -198.63971 -7.071068
  vertex 39.284744 -202.77339 -7.071068
 endloop
endfacet
facet normal 0.053834666 -0.072587766 -0.995908
 outer loop
  vertex 40.24547 -193.01886 -7.730104
  vertex 39.284744 -202.77339 -7.071068
  vertex 35.244987 -196.72746 -7.730104
 endloop
endfacet
facet normal 0.1233678 -0.16634215 0.9783203
 outer loop
  vertex 58.610264 -215.39645 3.8268344
  vertex 55.948467 -212.15302 4.713968
  vertex 48.996895 -217.30865 4.713968
 endloop
endfacet
facet normal 0.123367906 -0.16634272 0.9783202
 outer loop
  vertex 58.610264 -215.39645 3.8268344
  vertex 48.996895 -217.30865 4.713968
  vertex 51.327965 -220.79736 3.8268344
 endloop
endfacet
facet normal -0.06554053 0.088371314 -0.9939291
 outer loop
  vertex 35.244987 -186.92575 -6.858623
  vertex 40.24547 -193.01886 -7.730104
  vertex 35.244987 -196.72746 -7.730104
 endloop
endfacet
facet normal -0.06554068 0.088371314 -0.9939291
 outer loop
  vertex 35.244987 -186.92575 -6.858623
  vertex 35.244987 -196.72746 -7.730104
  vertex 30.865814 -190.17357 -6.858623
 endloop
endfacet
facet normal 0.16052115 -0.21643817 0.9630096
 outer loop
  vertex 60.707634 -217.95209 2.9028468
  vertex 58.610264 -215.39645 3.8268344
  vertex 51.327965 -220.79736 3.8268344
 endloop
endfacet
facet normal 0.16052094 -0.21643747 0.9630098
 outer loop
  vertex 60.707634 -217.95209 2.9028468
  vertex 51.327965 -220.79736 3.8268344
  vertex 53.164738 -223.54628 2.9028468
 endloop
endfacet
facet normal 0.035683807 -0.04811402 -0.9982043
 outer loop
  vertex 29.905088 -180.41907 -7.3631396
  vertex 35.244987 -186.92575 -6.858623
  vertex 30.865814 -190.17357 -6.858623
 endloop
endfacet
facet normal 0.035683885 -0.048114013 -0.9982043
 outer loop
  vertex 29.905088 -180.41907 -7.3631396
  vertex 30.865814 -190.17357 -6.858623
  vertex 26.189396 -183.17482 -7.3631396
 endloop
endfacet
facet normal 0.22109772 -0.29811582 0.9285703
 outer loop
  vertex 62.220314 -219.79532 1.9509033
  vertex 60.707634 -217.95209 2.9028468
  vertex 53.164738 -223.54628 2.9028468
 endloop
endfacet
facet normal 0.22109799 -0.29811653 0.92857
 outer loop
  vertex 62.220314 -219.79532 1.9509033
  vertex 53.164738 -223.54628 2.9028468
  vertex 54.489464 -225.5289 1.9509033
 endloop
endfacet
facet normal 0.0029299841 -0.0039506345 0.99998796
 outer loop
  vertex 6.2181406 -151.55644 9.951847
  vertex 0 -143.97961 10
  vertex 5.4455395 -152.12944 9.951847
 endloop
endfacet
facet normal 0.028176941 -0.03799211 -0.9988807
 outer loop
  vertex 24.27718 -173.56145 -7.782722
  vertex 29.905088 -180.41907 -7.3631396
  vertex 26.189396 -183.17482 -7.3631396
 endloop
endfacet
facet normal 0.028176894 -0.03799212 -0.9988807
 outer loop
  vertex 24.27718 -173.56145 -7.782722
  vertex 26.189396 -183.17482 -7.3631396
  vertex 21.260752 -175.79858 -7.782722
 endloop
endfacet
facet normal 0.33325768 -0.44934654 0.82887095
 outer loop
  vertex 63.133835 -220.90843 0.9801714
  vertex 62.220314 -219.79532 1.9509033
  vertex 54.489464 -225.5289 1.9509033
 endloop
endfacet
facet normal 0.33325735 -0.44934586 0.8288715
 outer loop
  vertex 63.133835 -220.90843 0.9801714
  vertex 54.489464 -225.5289 1.9509033
  vertex 55.289482 -226.7262 0.9801714
 endloop
endfacet
facet normal 0.15474996 -0.20865688 0.965668
 outer loop
  vertex 12.376394 -159.0603 7.3435783
  vertex 6.2181406 -151.55644 9.951847
  vertex 5.4455395 -152.12944 9.951847
 endloop
endfacet
facet normal 0.15474956 -0.20865731 0.96566796
 outer loop
  vertex 12.376394 -159.0603 7.3435783
  vertex 5.4455395 -152.12944 9.951847
  vertex 10.838633 -160.20078 7.3435783
 endloop
endfacet
facet normal 0.11322472 -0.15266578 -0.9817705
 outer loop
  vertex 18.415464 -166.41891 -9.569404
  vertex 24.27718 -173.56145 -7.782722
  vertex 21.260752 -175.79858 -7.782722
 endloop
endfacet
facet normal 0.11322522 -0.15266563 -0.9817705
 outer loop
  vertex 18.415464 -166.41891 -9.569404
  vertex 21.260752 -175.79858 -7.782722
  vertex 16.127352 -168.1159 -9.569404
 endloop
endfacet
facet normal 0.032017015 -0.04316998 -0.9985546
 outer loop
  vertex 51.254105 -207.04692 0
  vertex 63.133835 -220.90843 0.9801714
  vertex 55.289482 -226.7262 0.9801714
 endloop
endfacet
facet normal 0.032289695 -0.04311375 -0.9985482
 outer loop
  vertex 51.254105 -207.04692 0
  vertex 55.289482 -226.7262 0.9801714
  vertex 44.885807 -211.8164 0
 endloop
endfacet
facet normal 0.014934611 -0.020137157 0.99968565
 outer loop
  vertex 18.415464 -166.41891 7.1051307
  vertex 12.376394 -159.0603 7.3435783
  vertex 10.838633 -160.20078 7.3435783
 endloop
endfacet
facet normal 0.014934727 -0.020137016 0.9996857
 outer loop
  vertex 18.415464 -166.41891 7.1051307
  vertex 10.838633 -160.20078 7.3435783
  vertex 16.127352 -168.1159 7.1051307
 endloop
endfacet
facet normal -0.082326986 0.111004375 -0.9904041
 outer loop
  vertex 12.376394 -159.0603 -8.242656
  vertex 18.415464 -166.41891 -9.569404
  vertex 16.127352 -168.1159 -9.569404
 endloop
endfacet
facet normal -0.08232609 0.11100478 -0.9904042
 outer loop
  vertex 12.376394 -159.0603 -8.242656
  vertex 16.127352 -168.1159 -9.569404
  vertex 10.838633 -160.20078 -8.242656
 endloop
endfacet
facet normal 0.032208774 -0.043005697 0.99855554
 outer loop
  vertex 63.133835 -220.90843 -0.9801714
  vertex 51.254105 -207.04692 0
  vertex 44.885807 -211.8164 0
 endloop
endfacet
facet normal 0.03208254 -0.043258324 0.9985486
 outer loop
  vertex 63.133835 -220.90843 -0.9801714
  vertex 44.885807 -211.8164 0
  vertex 55.289482 -226.7262 -0.9801714
 endloop
endfacet
facet normal -0.13418514 0.18092655 0.97429967
 outer loop
  vertex 24.27718 -173.56145 9.238795
  vertex 18.415464 -166.41891 7.1051307
  vertex 16.127352 -168.1159 7.1051307
 endloop
endfacet
facet normal -0.13418475 0.1809271 0.97429967
 outer loop
  vertex 24.27718 -173.56145 9.238795
  vertex 16.127352 -168.1159 7.1051307
  vertex 21.260752 -175.79858 9.238795
 endloop
endfacet
facet normal -0.020726044 0.027946062 -0.99939454
 outer loop
  vertex 6.2181406 -151.55644 -7.905112
  vertex 12.376394 -159.0603 -8.242656
  vertex 10.838633 -160.20078 -8.242656
 endloop
endfacet
facet normal -0.020726113 0.027946025 -0.9993946
 outer loop
  vertex 6.2181406 -151.55644 -7.905112
  vertex 10.838633 -160.20078 -8.242656
  vertex 5.4455395 -152.12944 -7.905112
 endloop
endfacet
facet normal 0.33325776 -0.44934642 -0.8288709
 outer loop
  vertex 62.220314 -219.79532 -1.9509033
  vertex 63.133835 -220.90843 -0.9801714
  vertex 55.289482 -226.7262 -0.9801714
 endloop
endfacet
facet normal 0.33325717 -0.44934592 -0.82887155
 outer loop
  vertex 62.220314 -219.79532 -1.9509033
  vertex 55.289482 -226.7262 -0.9801714
  vertex 54.489464 -225.5289 -1.9509033
 endloop
endfacet
facet normal 0.17708129 -0.23876633 0.95479476
 outer loop
  vertex 29.905088 -180.41907 6.4801226
  vertex 24.27718 -173.56145 9.238795
  vertex 21.260752 -175.79858 9.238795
 endloop
endfacet
facet normal 0.17708142 -0.238766 0.9547947
 outer loop
  vertex 29.905088 -180.41907 6.4801226
  vertex 21.260752 -175.79858 9.238795
  vertex 26.189396 -183.17482 6.4801226
 endloop
endfacet
facet normal -0.36114568 0.48695028 -0.79526925
 outer loop
  vertex 3.1090703 -147.76802 -4.1735454
  vertex 6.2181406 -151.55644 -7.905112
  vertex 5.4455395 -152.12944 -7.905112
 endloop
endfacet
facet normal -0.361159 0.48694232 -0.79526806
 outer loop
  vertex 3.1090703 -147.76802 -4.1735454
  vertex 5.4455395 -152.12944 -7.905112
  vertex 2.7227697 -148.05453 -4.1735454
 endloop
endfacet
facet normal 0.22109757 -0.29811594 -0.92857033
 outer loop
  vertex 60.707634 -217.95209 -2.9028468
  vertex 62.220314 -219.79532 -1.9509033
  vertex 54.489464 -225.5289 -1.9509033
 endloop
endfacet
facet normal 0.22109818 -0.29811642 -0.92857
 outer loop
  vertex 60.707634 -217.95209 -2.9028468
  vertex 54.489464 -225.5289 -1.9509033
  vertex 53.164738 -223.54628 -2.9028468
 endloop
endfacet
facet normal 0.035683855 -0.048113983 0.9982043
 outer loop
  vertex 35.244987 -186.92575 5.975606
  vertex 29.905088 -180.41907 6.4801226
  vertex 26.189396 -183.17482 6.4801226
 endloop
endfacet
facet normal 0.035683826 -0.04811405 0.9982043
 outer loop
  vertex 35.244987 -186.92575 5.975606
  vertex 26.189396 -183.17482 6.4801226
  vertex 30.865814 -190.17357 5.975606
 endloop
endfacet
facet normal 0.16052136 -0.21643803 -0.9630096
 outer loop
  vertex 58.610264 -215.39645 -3.8268344
  vertex 60.707634 -217.95209 -2.9028468
  vertex 53.164738 -223.54628 -2.9028468
 endloop
endfacet
facet normal 0.16052075 -0.21643762 -0.96300983
 outer loop
  vertex 58.610264 -215.39645 -3.8268344
  vertex 53.164738 -223.54628 -2.9028468
  vertex 51.327965 -220.79736 -3.8268344
 endloop
endfacet
facet normal -0.12957609 0.17471305 0.976056
 outer loop
  vertex 40.24547 -193.01886 7.730104
  vertex 35.244987 -186.92575 5.975606
  vertex 30.865814 -190.17357 5.975606
 endloop
endfacet
facet normal -0.12957598 0.17471333 0.976056
 outer loop
  vertex 40.24547 -193.01886 7.730104
  vertex 30.865814 -190.17357 5.975606
  vertex 35.244987 -196.72746 7.730104
 endloop
endfacet
facet normal 0.027934605 -0.046152323 0.99854386
 outer loop
  vertex 55.289482 -226.7262 -0.9801714
  vertex 44.885807 -211.8164 0
  vertex 38.085236 -215.93259 0
 endloop
endfacet
facet normal 0.027795346 -0.046373714 0.99853736
 outer loop
  vertex 55.289482 -226.7262 -0.9801714
  vertex 38.085236 -215.93259 0
  vertex 46.912663 -231.74707 -0.9801714
 endloop
endfacet
facet normal -0.11580402 0.19320871 0.97429967
 outer loop
  vertex 21.260752 -175.79858 9.238795
  vertex 16.127352 -168.1159 7.1051307
  vertex 13.683925 -169.58043 7.1051307
 endloop
endfacet
facet normal -0.115804225 0.19320847 0.97429967
 outer loop
  vertex 21.260752 -175.79858 9.238795
  vertex 13.683925 -169.58043 7.1051307
  vertex 18.03957 -177.72928 9.238795
 endloop
endfacet
facet normal -0.017887242 0.029842898 -0.99939454
 outer loop
  vertex 5.4455395 -152.12944 -7.905112
  vertex 10.838633 -160.20078 -8.242656
  vertex 9.196489 -161.18504 -8.242656
 endloop
endfacet
facet normal -0.017886998 0.029843 -0.9993946
 outer loop
  vertex 5.4455395 -152.12944 -7.905112
  vertex 9.196489 -161.18504 -8.242656
  vertex 4.620495 -152.62395 -7.905112
 endloop
endfacet
facet normal 0.28760937 -0.47984704 -0.82887125
 outer loop
  vertex 54.489464 -225.5289 -1.9509033
  vertex 55.289482 -226.7262 -0.9801714
  vertex 46.912663 -231.74707 -0.9801714
 endloop
endfacet
facet normal 0.28760728 -0.4798449 -0.82887334
 outer loop
  vertex 54.489464 -225.5289 -1.9509033
  vertex 46.912663 -231.74707 -0.9801714
  vertex 46.233852 -230.47711 -1.9509033
 endloop
endfacet
facet normal 0.15282482 -0.25497383 0.9547947
 outer loop
  vertex 26.189396 -183.17482 6.4801226
  vertex 21.260752 -175.79858 9.238795
  vertex 18.03957 -177.72928 9.238795
 endloop
endfacet
facet normal 0.15282483 -0.25497377 0.9547947
 outer loop
  vertex 26.189396 -183.17482 6.4801226
  vertex 18.03957 -177.72928 9.238795
  vertex 22.221485 -185.55309 6.4801226
 endloop
endfacet
facet normal -0.3116759 0.52000606 -0.7952685
 outer loop
  vertex 2.7227697 -148.05453 -4.1735454
  vertex 5.4455395 -152.12944 -7.905112
  vertex 4.620495 -152.62395 -7.905112
 endloop
endfacet
facet normal -0.31167623 0.52000606 -0.7952682
 outer loop
  vertex 2.7227697 -148.05453 -4.1735454
  vertex 4.620495 -152.62395 -7.905112
  vertex 2.3102474 -148.30179 -4.1735454
 endloop
endfacet
facet normal 0.19081263 -0.31835237 -0.9285701
 outer loop
  vertex 53.164738 -223.54628 -2.9028468
  vertex 54.489464 -225.5289 -1.9509033
  vertex 46.233852 -230.47711 -1.9509033
 endloop
endfacet
facet normal 0.19081403 -0.31835365 -0.9285693
 outer loop
  vertex 53.164738 -223.54628 -2.9028468
  vertex 46.233852 -230.47711 -1.9509033
  vertex 45.109837 -228.3742 -2.9028468
 endloop
endfacet
facet normal 0.030795904 -0.05138005 0.9982042
 outer loop
  vertex 30.865814 -190.17357 5.975606
  vertex 26.189396 -183.17482 6.4801226
  vertex 22.221485 -185.55309 6.4801226
 endloop
endfacet
facet normal 0.030795982 -0.051379897 0.9982042
 outer loop
  vertex 30.865814 -190.17357 5.975606
  vertex 22.221485 -185.55309 6.4801226
  vertex 26.189386 -192.97652 5.975606
 endloop
endfacet
facet normal 0.13853356 -0.23112905 -0.96300983
 outer loop
  vertex 51.327965 -220.79736 -3.8268344
  vertex 53.164738 -223.54628 -2.9028468
  vertex 45.109837 -228.3742 -2.9028468
 endloop
endfacet
facet normal 0.1385338 -0.23112924 -0.9630097
 outer loop
  vertex 51.327965 -220.79736 -3.8268344
  vertex 45.109837 -228.3742 -2.9028468
  vertex 43.55135 -225.4585 -3.8268344
 endloop
endfacet
facet normal -0.111827455 0.1865725 0.976056
 outer loop
  vertex 35.244987 -196.72746 7.730104
  vertex 30.865814 -190.17357 5.975606
  vertex 26.189386 -192.97652 5.975606
 endloop
endfacet
facet normal -0.11182744 0.18657254 0.97605604
 outer loop
  vertex 35.244987 -196.72746 7.730104
  vertex 26.189386 -192.97652 5.975606
  vertex 29.905079 -199.92809 7.730104
 endloop
endfacet
facet normal 0.106469736 -0.17763367 -0.9783202
 outer loop
  vertex 48.996895 -217.30865 -4.713968
  vertex 51.327965 -220.79736 -3.8268344
  vertex 43.55135 -225.4585 -3.8268344
 endloop
endfacet
facet normal 0.106469184 -0.17763335 -0.9783204
 outer loop
  vertex 48.996895 -217.30865 -4.713968
  vertex 43.55135 -225.4585 -3.8268344
  vertex 41.573456 -221.75809 -4.713968
 endloop
endfacet
facet normal 0.046460703 -0.077514894 0.99590814
 outer loop
  vertex 39.284744 -202.77339 7.071068
  vertex 35.244987 -196.72746 7.730104
  vertex 29.905079 -199.92809 7.730104
 endloop
endfacet
facet normal 0.046460696 -0.0775149 0.995908
 outer loop
  vertex 39.284744 -202.77339 7.071068
  vertex 29.905079 -199.92809 7.730104
  vertex 33.33278 -206.34087 7.071068
 endloop
endfacet
facet normal 0.08470328 -0.14131908 -0.9863337
 outer loop
  vertex 46.193977 -213.11378 -5.5557027
  vertex 48.996895 -217.30865 -4.713968
  vertex 41.573456 -221.75809 -4.713968
 endloop
endfacet
facet normal 0.08470339 -0.14131914 -0.9863338
 outer loop
  vertex 46.193977 -213.11378 -5.5557027
  vertex 41.573456 -221.75809 -4.713968
  vertex 39.195206 -217.30869 -5.5557027
 endloop
endfacet
facet normal 0.05644777 -0.09417731 0.9939539
 outer loop
  vertex 42.946125 -208.25307 6.3439336
  vertex 39.284744 -202.77339 7.071068
  vertex 33.33278 -206.34087 7.071068
 endloop
endfacet
facet normal 0.05644774 -0.09417741 0.9939538
 outer loop
  vertex 42.946125 -208.25307 6.3439336
  vertex 33.33278 -206.34087 7.071068
  vertex 36.439426 -212.15303 6.3439336
 endloop
endfacet
facet normal 0.06877808 -0.11474935 -0.99101067
 outer loop
  vertex 42.946125 -208.25307 -6.3439336
  vertex 46.193977 -213.11378 -5.5557027
  vertex 39.195206 -217.30869 -5.5557027
 endloop
endfacet
facet normal 0.068778075 -0.11474934 -0.99101067
 outer loop
  vertex 42.946125 -208.25307 -6.3439336
  vertex 39.195206 -217.30869 -5.5557027
  vertex 36.439426 -212.15303 -6.3439336
 endloop
endfacet
facet normal 0.06877808 -0.11474934 0.99101067
 outer loop
  vertex 46.193977 -213.11378 5.5557027
  vertex 42.946125 -208.25307 6.3439336
  vertex 36.439426 -212.15303 6.3439336
 endloop
endfacet
facet normal 0.06877808 -0.11474935 0.99101067
 outer loop
  vertex 46.193977 -213.11378 5.5557027
  vertex 36.439426 -212.15303 6.3439336
  vertex 39.195206 -217.30869 5.5557027
 endloop
endfacet
facet normal 0.056447707 -0.09417735 -0.9939538
 outer loop
  vertex 39.284744 -202.77339 -7.071068
  vertex 42.946125 -208.25307 -6.3439336
  vertex 36.439426 -212.15303 -6.3439336
 endloop
endfacet
facet normal 0.05644781 -0.09417739 -0.9939539
 outer loop
  vertex 39.284744 -202.77339 -7.071068
  vertex 36.439426 -212.15303 -6.3439336
  vertex 33.33278 -206.34087 -7.071068
 endloop
endfacet
facet normal 0.08470335 -0.14131905 0.9863338
 outer loop
  vertex 48.996895 -217.30865 4.713968
  vertex 46.193977 -213.11378 5.5557027
  vertex 39.195206 -217.30869 5.5557027
 endloop
endfacet
facet normal 0.08470335 -0.14131917 0.9863337
 outer loop
  vertex 48.996895 -217.30865 4.713968
  vertex 39.195206 -217.30869 5.5557027
  vertex 41.573456 -221.75809 4.713968
 endloop
endfacet
facet normal 0.046460688 -0.077514894 -0.995908
 outer loop
  vertex 35.244987 -196.72746 -7.730104
  vertex 39.284744 -202.77339 -7.071068
  vertex 33.33278 -206.34087 -7.071068
 endloop
endfacet
facet normal 0.046460707 -0.0775149 -0.995908
 outer loop
  vertex 35.244987 -196.72746 -7.730104
  vertex 33.33278 -206.34087 -7.071068
  vertex 29.905079 -199.92809 -7.730104
 endloop
endfacet
facet normal 0.10646949 -0.17763384 0.97832024
 outer loop
  vertex 51.327965 -220.79736 3.8268344
  vertex 48.996895 -217.30865 4.713968
  vertex 41.573456 -221.75809 4.713968
 endloop
endfacet
facet normal 0.10646943 -0.17763315 0.97832036
 outer loop
  vertex 51.327965 -220.79736 3.8268344
  vertex 41.573456 -221.75809 4.713968
  vertex 43.55135 -225.4585 3.8268344
 endloop
endfacet
facet normal -0.05656321 0.09436987 -0.9939291
 outer loop
  vertex 30.865814 -190.17357 -6.858623
  vertex 35.244987 -196.72746 -7.730104
  vertex 29.905079 -199.92809 -7.730104
 endloop
endfacet
facet normal 0.26377404 0.0600307 -0.9627147
 outer loop
  vertex 30.865814 -190.17357 -6.858623
  vertex 29.905079 -199.92809 -7.730104
  vertex 26.189386 -192.97652 -8.314696
 endloop
endfacet
facet normal 0.13853365 -0.23112898 0.9630098
 outer loop
  vertex 53.164738 -223.54628 2.9028468
  vertex 51.327965 -220.79736 3.8268344
  vertex 43.55135 -225.4585 3.8268344
 endloop
endfacet
facet normal 0.1385337 -0.23112929 0.9630097
 outer loop
  vertex 53.164738 -223.54628 2.9028468
  vertex 43.55135 -225.4585 3.8268344
  vertex 45.109837 -228.3742 2.9028468
 endloop
endfacet
facet normal 0.24435298 0.0936972 -0.96514887
 outer loop
  vertex 26.189396 -183.17482 -7.3631396
  vertex 30.865814 -190.17357 -6.858623
  vertex 26.189386 -192.97652 -8.314696
 endloop
endfacet
facet normal 0.2937692 0.09236274 -0.95140356
 outer loop
  vertex 26.189396 -183.17482 -7.3631396
  vertex 26.189386 -192.97652 -8.314696
  vertex 22.221485 -185.55309 -8.819213
 endloop
endfacet
facet normal 0.19081306 -0.31835207 0.9285701
 outer loop
  vertex 54.489464 -225.5289 1.9509033
  vertex 53.164738 -223.54628 2.9028468
  vertex 45.109837 -228.3742 2.9028468
 endloop
endfacet
facet normal 0.19081353 -0.31835386 0.9285693
 outer loop
  vertex 54.489464 -225.5289 1.9509033
  vertex 45.109837 -228.3742 2.9028468
  vertex 46.233852 -230.47711 1.9509033
 endloop
endfacet
facet normal 0.0025286283 -0.0042188144 0.99998796
 outer loop
  vertex 5.4455395 -152.12944 9.951847
  vertex 0 -143.97961 10
  vertex 4.620495 -152.62395 9.951847
 endloop
endfacet
facet normal 0.2730311 0.1281999 -0.9534248
 outer loop
  vertex 21.260752 -175.79858 -7.782722
  vertex 26.189396 -183.17482 -7.3631396
  vertex 22.221485 -185.55309 -8.819213
 endloop
endfacet
facet normal 0.3412433 0.1324919 -0.9305906
 outer loop
  vertex 21.260752 -175.79858 -7.782722
  vertex 22.221485 -185.55309 -8.819213
  vertex 18.03957 -177.72928 -9.238795
 endloop
endfacet
facet normal 0.28760883 -0.47984746 0.8288713
 outer loop
  vertex 55.289482 -226.7262 0.9801714
  vertex 54.489464 -225.5289 1.9509033
  vertex 46.233852 -230.47711 1.9509033
 endloop
endfacet
facet normal 0.28760782 -0.4798445 0.8288733
 outer loop
  vertex 55.289482 -226.7262 0.9801714
  vertex 46.233852 -230.47711 1.9509033
  vertex 46.912663 -231.74707 0.9801714
 endloop
endfacet
facet normal 0.13355215 -0.22282095 0.96566796
 outer loop
  vertex 10.838633 -160.20078 7.3435783
  vertex 5.4455395 -152.12944 9.951847
  vertex 4.620495 -152.62395 9.951847
 endloop
endfacet
facet normal 0.13355374 -0.22281972 0.9656681
 outer loop
  vertex 10.838633 -160.20078 7.3435783
  vertex 4.620495 -152.62395 9.951847
  vertex 9.196489 -161.18504 7.3435783
 endloop
endfacet
facet normal 0.3886242 0.045653798 -0.92026466
 outer loop
  vertex 16.127352 -168.1159 -9.569404
  vertex 21.260752 -175.79858 -7.782722
  vertex 18.03957 -177.72928 -9.238795
 endloop
endfacet
facet normal 0.018405182 -0.030707402 -0.99935895
 outer loop
  vertex 16.127352 -168.1159 -9.569404
  vertex 18.03957 -177.72928 -9.238795
  vertex 13.683925 -169.58043 -9.569404
 endloop
endfacet
facet normal 0.027742824 -0.04628609 -0.99854296
 outer loop
  vertex 44.885807 -211.8164 0
  vertex 55.289482 -226.7262 0.9801714
  vertex 46.912663 -231.74707 0.9801714
 endloop
endfacet
facet normal 0.027999595 -0.046259683 -0.99853694
 outer loop
  vertex 44.885807 -211.8164 0
  vertex 46.912663 -231.74707 0.9801714
  vertex 38.085236 -215.93259 0
 endloop
endfacet
facet normal 0.012889021 -0.021503916 0.99968565
 outer loop
  vertex 16.127352 -168.1159 7.1051307
  vertex 10.838633 -160.20078 7.3435783
  vertex 9.196489 -161.18504 7.3435783
 endloop
endfacet
facet normal 0.01288892 -0.021504017 0.9996857
 outer loop
  vertex 16.127352 -168.1159 7.1051307
  vertex 9.196489 -161.18504 7.3435783
  vertex 13.683925 -169.58043 7.1051307
 endloop
endfacet
facet normal -0.07104939 0.118539594 -0.9904041
 outer loop
  vertex 10.838633 -160.20078 -8.242656
  vertex 16.127352 -168.1159 -9.569404
  vertex 13.683925 -169.58043 -9.569404
 endloop
endfacet
facet normal -0.071050145 0.11853935 -0.9904041
 outer loop
  vertex 10.838633 -160.20078 -8.242656
  vertex 13.683925 -169.58043 -9.569404
  vertex 9.196489 -161.18504 -8.242656
 endloop
endfacet
facet normal 0.15869088 -0.33552366 -0.9285694
 outer loop
  vertex 45.109837 -228.3742 -2.9028468
  vertex 46.233852 -230.47711 -1.9509033
  vertex 37.532986 -234.59232 -1.9509033
 endloop
endfacet
facet normal 0.15869053 -0.33552325 -0.9285696
 outer loop
  vertex 45.109837 -228.3742 -2.9028468
  vertex 37.532986 -234.59232 -1.9509033
  vertex 36.620502 -232.38936 -2.9028468
 endloop
endfacet
facet normal 0.025611607 -0.05415101 0.9982043
 outer loop
  vertex 26.189386 -192.97652 5.975606
  vertex 22.221485 -185.55309 6.4801226
  vertex 18.03957 -187.53099 6.4801226
 endloop
endfacet
facet normal 0.02561152 -0.054151144 0.9982043
 outer loop
  vertex 26.189386 -192.97652 5.975606
  vertex 18.03957 -187.53099 6.4801226
  vertex 21.26074 -195.30759 5.975606
 endloop
endfacet
facet normal 0.1152118 -0.24359514 -0.96300966
 outer loop
  vertex 43.55135 -225.4585 -3.8268344
  vertex 45.109837 -228.3742 -2.9028468
  vertex 36.620502 -232.38936 -2.9028468
 endloop
endfacet
facet normal 0.115211785 -0.24359512 -0.96300966
 outer loop
  vertex 43.55135 -225.4585 -3.8268344
  vertex 36.620502 -232.38936 -2.9028468
  vertex 35.35531 -229.33493 -3.8268344
 endloop
endfacet
facet normal -0.093001336 0.19663532 0.97605604
 outer loop
  vertex 29.905079 -199.92809 7.730104
  vertex 26.189386 -192.97652 5.975606
  vertex 21.26074 -195.30759 5.975606
 endloop
endfacet
facet normal -0.09300119 0.19663559 0.976056
 outer loop
  vertex 29.905079 -199.92809 7.730104
  vertex 21.26074 -195.30759 5.975606
  vertex 24.277168 -202.58987 7.730104
 endloop
endfacet
facet normal 0.08854538 -0.18721369 -0.97832036
 outer loop
  vertex 41.573456 -221.75809 -4.713968
  vertex 43.55135 -225.4585 -3.8268344
  vertex 35.35531 -229.33493 -3.8268344
 endloop
endfacet
facet normal 0.08854524 -0.1872136 -0.9783204
 outer loop
  vertex 41.573456 -221.75809 -4.713968
  vertex 35.35531 -229.33493 -3.8268344
  vertex 33.749645 -225.45847 -4.713968
 endloop
endfacet
facet normal 0.038638975 -0.0816957 0.995908
 outer loop
  vertex 33.33278 -206.34087 7.071068
  vertex 29.905079 -199.92809 7.730104
  vertex 24.277168 -202.58987 7.730104
 endloop
endfacet
facet normal 0.03863912 -0.08169538 0.99590814
 outer loop
  vertex 33.33278 -206.34087 7.071068
  vertex 24.277168 -202.58987 7.730104
  vertex 27.059801 -209.30777 7.071068
 endloop
endfacet
facet normal 0.07044373 -0.14894108 -0.9863337
 outer loop
  vertex 39.195206 -217.30869 -5.5557027
  vertex 41.573456 -221.75809 -4.713968
  vertex 33.749645 -225.45847 -4.713968
 endloop
endfacet
facet normal 0.07044413 -0.14894134 -0.98633367
 outer loop
  vertex 39.195206 -217.30869 -5.5557027
  vertex 33.749645 -225.45847 -4.713968
  vertex 31.818964 -220.7974 -5.5557027
 endloop
endfacet
facet normal 0.046945017 -0.099256694 0.9939539
 outer loop
  vertex 36.439426 -212.15303 6.3439336
  vertex 33.33278 -206.34087 7.071068
  vertex 27.059801 -209.30777 7.071068
 endloop
endfacet
facet normal 0.046944935 -0.09925697 0.9939538
 outer loop
  vertex 36.439426 -212.15303 6.3439336
  vertex 27.059801 -209.30777 7.071068
  vertex 29.581799 -215.39644 6.3439336
 endloop
endfacet
facet normal 0.05719961 -0.12093821 -0.99101067
 outer loop
  vertex 36.439426 -212.15303 -6.3439336
  vertex 39.195206 -217.30869 -5.5557027
  vertex 31.818964 -220.7974 -5.5557027
 endloop
endfacet
facet normal 0.057199284 -0.12093804 -0.99101067
 outer loop
  vertex 36.439426 -212.15303 -6.3439336
  vertex 31.818964 -220.7974 -5.5557027
  vertex 29.581799 -215.39644 -6.3439336
 endloop
endfacet
facet normal 0.05719942 -0.12093831 0.99101067
 outer loop
  vertex 39.195206 -217.30869 5.5557027
  vertex 36.439426 -212.15303 6.3439336
  vertex 29.581799 -215.39644 6.3439336
 endloop
endfacet
facet normal 0.057199497 -0.120937966 0.9910107
 outer loop
  vertex 39.195206 -217.30869 5.5557027
  vertex 29.581799 -215.39644 6.3439336
  vertex 31.818964 -220.7974 5.5557027
 endloop
endfacet
facet normal 0.046944853 -0.0992568 -0.9939539
 outer loop
  vertex 33.33278 -206.34087 -7.071068
  vertex 36.439426 -212.15303 -6.3439336
  vertex 29.581799 -215.39644 -6.3439336
 endloop
endfacet
facet normal 0.046945114 -0.0992569 -0.9939539
 outer loop
  vertex 33.33278 -206.34087 -7.071068
  vertex 29.581799 -215.39644 -6.3439336
  vertex 27.059801 -209.30777 -7.071068
 endloop
endfacet
facet normal 0.07044395 -0.14894098 0.9863338
 outer loop
  vertex 41.573456 -221.75809 4.713968
  vertex 39.195206 -217.30869 5.5557027
  vertex 31.818964 -220.7974 5.5557027
 endloop
endfacet
facet normal 0.0704439 -0.14894144 0.9863336
 outer loop
  vertex 41.573456 -221.75809 4.713968
  vertex 31.818964 -220.7974 5.5557027
  vertex 33.749645 -225.45847 4.713968
 endloop
endfacet
facet normal 0.03863921 -0.08169557 -0.995908
 outer loop
  vertex 29.905079 -199.92809 -7.730104
  vertex 33.33278 -206.34087 -7.071068
  vertex 27.059801 -209.30777 -7.071068
 endloop
endfacet
facet normal 0.03863886 -0.08169547 -0.995908
 outer loop
  vertex 29.905079 -199.92809 -7.730104
  vertex 27.059801 -209.30777 -7.071068
  vertex 24.277168 -202.58987 -7.730104
 endloop
endfacet
facet normal 0.08854531 -0.18721375 0.9783203
 outer loop
  vertex 43.55135 -225.4585 3.8268344
  vertex 41.573456 -221.75809 4.713968
  vertex 33.749645 -225.45847 4.713968
 endloop
endfacet
facet normal 0.0885453 -0.18721354 0.97832036
 outer loop
  vertex 43.55135 -225.4585 3.8268344
  vertex 33.749645 -225.45847 4.713968
  vertex 35.35531 -229.33493 3.8268344
 endloop
endfacet
facet normal 0.031660642 -0.066941164 -0.9972545
 outer loop
  vertex 26.189386 -192.97652 -8.314696
  vertex 29.905079 -199.92809 -7.730104
  vertex 24.277168 -202.58987 -7.730104
 endloop
endfacet
facet normal 0.031660732 -0.06694119 -0.9972545
 outer loop
  vertex 26.189386 -192.97652 -8.314696
  vertex 24.277168 -202.58987 -7.730104
  vertex 21.26074 -195.30759 -8.314696
 endloop
endfacet
facet normal 0.11521179 -0.24359515 0.96300966
 outer loop
  vertex 45.109837 -228.3742 2.9028468
  vertex 43.55135 -225.4585 3.8268344
  vertex 35.35531 -229.33493 3.8268344
 endloop
endfacet
facet normal 0.11521179 -0.24359512 0.96300966
 outer loop
  vertex 45.109837 -228.3742 2.9028468
  vertex 35.35531 -229.33493 3.8268344
  vertex 36.620502 -232.38936 2.9028468
 endloop
endfacet
facet normal 0.025611486 -0.054151073 -0.9982043
 outer loop
  vertex 22.221485 -185.55309 -8.819213
  vertex 26.189386 -192.97652 -8.314696
  vertex 21.26074 -195.30759 -8.314696
 endloop
endfacet
facet normal 0.025611646 -0.054151084 -0.9982042
 outer loop
  vertex 22.221485 -185.55309 -8.819213
  vertex 21.26074 -195.30759 -8.314696
  vertex 18.03957 -187.53099 -8.819213
 endloop
endfacet
facet normal 0.15869075 -0.33552372 0.9285693
 outer loop
  vertex 46.233852 -230.47711 1.9509033
  vertex 45.109837 -228.3742 2.9028468
  vertex 36.620502 -232.38936 2.9028468
 endloop
endfacet
facet normal 0.15869066 -0.33552322 0.9285696
 outer loop
  vertex 46.233852 -230.47711 1.9509033
  vertex 36.620502 -232.38936 2.9028468
  vertex 37.532986 -234.59232 1.9509033
 endloop
endfacet
facet normal 0.0021029906 -0.0044463226 0.99998796
 outer loop
  vertex 4.620495 -152.62395 9.951847
  vertex 0 -143.97961 10
  vertex 3.7509527 -153.03522 9.951847
 endloop
endfacet
facet normal 0.020223632 -0.04275913 -0.9988807
 outer loop
  vertex 18.03957 -177.72928 -9.238795
  vertex 22.221485 -185.55309 -8.819213
  vertex 18.03957 -187.53099 -8.819213
 endloop
endfacet
facet normal 0.02022367 -0.042759135 -0.9988807
 outer loop
  vertex 18.03957 -177.72928 -9.238795
  vertex 18.03957 -187.53099 -8.819213
  vertex 14.644657 -179.33496 -9.238795
 endloop
endfacet
facet normal 0.23918992 -0.50572455 0.8288733
 outer loop
  vertex 46.912663 -231.74707 0.9801714
  vertex 46.233852 -230.47711 1.9509033
  vertex 37.532986 -234.59232 1.9509033
 endloop
endfacet
facet normal 0.23918965 -0.5057233 0.8288741
 outer loop
  vertex 46.912663 -231.74707 0.9801714
  vertex 37.532986 -234.59232 1.9509033
  vertex 38.08405 -235.9227 0.9801714
 endloop
endfacet
facet normal 0.11107145 -0.23483668 0.9656681
 outer loop
  vertex 9.196489 -161.18504 7.3435783
  vertex 4.620495 -152.62395 9.951847
  vertex 3.7509527 -153.03522 9.951847
 endloop
endfacet
facet normal 0.111069106 -0.23483819 0.96566796
 outer loop
  vertex 9.196489 -161.18504 7.3435783
  vertex 3.7509527 -153.03522 9.951847
  vertex 7.4657784 -162.0036 7.3435783
 endloop
endfacet
facet normal 0.015306865 -0.03236348 -0.99935895
 outer loop
  vertex 13.683925 -169.58043 -9.569404
  vertex 18.03957 -177.72928 -9.238795
  vertex 14.644657 -179.33496 -9.238795
 endloop
endfacet
facet normal 0.015306818 -0.03236349 -0.99935895
 outer loop
  vertex 13.683925 -169.58043 -9.569404
  vertex 14.644657 -179.33496 -9.238795
  vertex 11.108713 -170.79842 -9.569404
 endloop
endfacet
facet normal 0.02315743 -0.04896221 -0.9985321
 outer loop
  vertex 38.085236 -215.93259 0
  vertex 46.912663 -231.74707 0.9801714
  vertex 38.08405 -235.9227 0.9801714
 endloop
endfacet
facet normal 0.02338496 -0.048961964 -0.9985268
 outer loop
  vertex 38.085236 -215.93259 0
  vertex 38.08405 -235.9227 0.9801714
  vertex 30.917883 -219.35582 0
 endloop
endfacet
facet normal 0.010719089 -0.022663819 0.99968565
 outer loop
  vertex 13.683925 -169.58043 7.1051307
  vertex 9.196489 -161.18504 7.3435783
  vertex 7.4657784 -162.0036 7.3435783
 endloop
endfacet
facet normal 0.010719176 -0.022663746 0.9996857
 outer loop
  vertex 13.683925 -169.58043 7.1051307
  vertex 7.4657784 -162.0036 7.3435783
  vertex 11.108713 -170.79842 7.1051307
 endloop
endfacet
facet normal -0.05908893 0.124932766 -0.9904041
 outer loop
  vertex 9.196489 -161.18504 -8.242656
  vertex 13.683925 -169.58043 -9.569404
  vertex 11.108713 -170.79842 -9.569404
 endloop
endfacet
facet normal -0.059088305 0.12493292 -0.9904041
 outer loop
  vertex 9.196489 -161.18504 -8.242656
  vertex 11.108713 -170.79842 -9.569404
  vertex 7.4657784 -162.0036 -8.242656
 endloop
endfacet
facet normal 0.023337174 -0.048861925 0.9985329
 outer loop
  vertex 46.912663 -231.74707 -0.9801714
  vertex 38.085236 -215.93259 0
  vertex 30.917883 -219.35582 0
 endloop
endfacet
facet normal 0.023195988 -0.049043734 0.9985273
 outer loop
  vertex 46.912663 -231.74707 -0.9801714
  vertex 30.917883 -219.35582 0
  vertex 38.08405 -235.9227 -0.9801714
 endloop
endfacet
facet normal -0.09630939 0.20362864 0.97429967
 outer loop
  vertex 18.03957 -177.72928 9.238795
  vertex 13.683925 -169.58043 7.1051307
  vertex 11.108713 -170.79842 7.1051307
 endloop
endfacet
facet normal -0.09630957 0.20362848 0.9742997
 outer loop
  vertex 18.03957 -177.72928 9.238795
  vertex 11.108713 -170.79842 7.1051307
  vertex 14.644657 -179.33496 9.238795
 endloop
endfacet
facet normal -0.014875797 0.031452518 -0.99939454
 outer loop
  vertex 4.620495 -152.62395 -7.905112
  vertex 9.196489 -161.18504 -8.242656
  vertex 7.4657784 -162.0036 -8.242656
 endloop
endfacet
facet normal -0.014876157 0.03145241 -0.9993946
 outer loop
  vertex 4.620495 -152.62395 -7.905112
  vertex 7.4657784 -162.0036 -8.242656
  vertex 3.7509527 -153.03522 -7.905112
 endloop
endfacet
facet normal 0.23919013 -0.50572443 -0.8288732
 outer loop
  vertex 46.233852 -230.47711 -1.9509033
  vertex 46.912663 -231.74707 -0.9801714
  vertex 38.08405 -235.9227 -0.9801714
 endloop
endfacet
facet normal 0.23918937 -0.5057234 -0.8288741
 outer loop
  vertex 46.233852 -230.47711 -1.9509033
  vertex 38.08405 -235.9227 -0.9801714
  vertex 37.532986 -234.59232 -1.9509033
 endloop
endfacet
facet normal 0.12709811 -0.26872498 0.9547947
 outer loop
  vertex 22.221485 -185.55309 6.4801226
  vertex 18.03957 -177.72928 9.238795
  vertex 14.644657 -179.33496 9.238795
 endloop
endfacet
facet normal 0.12709795 -0.2687252 0.95479465
 outer loop
  vertex 22.221485 -185.55309 6.4801226
  vertex 14.644657 -179.33496 9.238795
  vertex 18.03957 -187.53099 6.4801226
 endloop
endfacet
facet normal -0.25921223 0.54804844 -0.7952684
 outer loop
  vertex 2.3102474 -148.30179 -4.1735454
  vertex 4.620495 -152.62395 -7.905112
  vertex 3.7509527 -153.03522 -7.905112
 endloop
endfacet
facet normal -0.25920424 0.5480514 -0.79526895
 outer loop
  vertex 2.3102474 -148.30179 -4.1735454
  vertex 3.7509527 -153.03522 -7.905112
  vertex 1.8754764 -148.50742 -4.1735454
 endloop
endfacet
facet normal 0.069768734 -0.19499095 -0.97832036
 outer loop
  vertex 33.749645 -225.45847 -4.713968
  vertex 35.35531 -229.33493 -3.8268344
  vertex 26.818779 -232.38934 -3.8268344
 endloop
endfacet
facet normal 0.069769315 -0.19499151 -0.9783203
 outer loop
  vertex 33.749645 -225.45847 -4.713968
  vertex 26.818779 -232.38934 -3.8268344
  vertex 25.600807 -228.37418 -4.713968
 endloop
endfacet
facet normal 0.030445388 -0.0850893 0.995908
 outer loop
  vertex 27.059801 -209.30777 7.071068
  vertex 24.277168 -202.58987 7.730104
  vertex 18.415455 -204.68723 7.730104
 endloop
endfacet
facet normal 0.03044531 -0.085089445 0.995908
 outer loop
  vertex 27.059801 -209.30777 7.071068
  vertex 18.415455 -204.68723 7.730104
  vertex 20.526222 -211.64551 7.071068
 endloop
endfacet
facet normal 0.055506177 -0.15512887 -0.9863337
 outer loop
  vertex 31.818964 -220.7974 -5.5557027
  vertex 33.749645 -225.45847 -4.713968
  vertex 25.600807 -228.37418 -4.713968
 endloop
endfacet
facet normal 0.055505805 -0.15512854 -0.98633367
 outer loop
  vertex 31.818964 -220.7974 -5.5557027
  vertex 25.600807 -228.37418 -4.713968
  vertex 24.136288 -223.5463 -5.5557027
 endloop
endfacet
facet normal 0.0369899 -0.10338046 0.9939538
 outer loop
  vertex 29.581799 -215.39644 6.3439336
  vertex 27.059801 -209.30777 7.071068
  vertex 20.526222 -211.64551 7.071068
 endloop
endfacet
facet normal 0.0369899 -0.103380464 0.9939538
 outer loop
  vertex 29.581799 -215.39644 6.3439336
  vertex 20.526222 -211.64551 7.071068
  vertex 22.439281 -217.95206 6.3439336
 endloop
endfacet
facet normal 0.04506994 -0.12596223 -0.9910107
 outer loop
  vertex 29.581799 -215.39644 -6.3439336
  vertex 31.818964 -220.7974 -5.5557027
  vertex 24.136288 -223.5463 -5.5557027
 endloop
endfacet
facet normal 0.045069676 -0.12596206 -0.9910108
 outer loop
  vertex 29.581799 -215.39644 -6.3439336
  vertex 24.136288 -223.5463 -5.5557027
  vertex 22.439281 -217.95206 -6.3439336
 endloop
endfacet
facet normal 0.04506976 -0.12596229 0.99101067
 outer loop
  vertex 31.818964 -220.7974 5.5557027
  vertex 29.581799 -215.39644 6.3439336
  vertex 22.439281 -217.95206 6.3439336
 endloop
endfacet
facet normal 0.045069862 -0.125962 0.9910107
 outer loop
  vertex 31.818964 -220.7974 5.5557027
  vertex 22.439281 -217.95206 6.3439336
  vertex 24.136288 -223.5463 5.5557027
 endloop
endfacet
facet normal 0.0369899 -0.103380464 -0.9939538
 outer loop
  vertex 27.059801 -209.30777 -7.071068
  vertex 29.581799 -215.39644 -6.3439336
  vertex 22.439281 -217.95206 -6.3439336
 endloop
endfacet
facet normal 0.03698991 -0.103380464 -0.9939538
 outer loop
  vertex 27.059801 -209.30777 -7.071068
  vertex 22.439281 -217.95206 -6.3439336
  vertex 20.526222 -211.64551 -7.071068
 endloop
endfacet
facet normal 0.055505943 -0.15512896 0.98633367
 outer loop
  vertex 33.749645 -225.45847 4.713968
  vertex 31.818964 -220.7974 5.5557027
  vertex 24.136288 -223.5463 5.5557027
 endloop
endfacet
facet normal 0.055506043 -0.15512848 0.9863337
 outer loop
  vertex 33.749645 -225.45847 4.713968
  vertex 24.136288 -223.5463 5.5557027
  vertex 25.600807 -228.37418 4.713968
 endloop
endfacet
facet normal 0.030445281 -0.08508936 -0.99590814
 outer loop
  vertex 24.277168 -202.58987 -7.730104
  vertex 27.059801 -209.30777 -7.071068
  vertex 20.526222 -211.64551 -7.071068
 endloop
endfacet
facet normal 0.03044543 -0.08508942 -0.995908
 outer loop
  vertex 24.277168 -202.58987 -7.730104
  vertex 20.526222 -211.64551 -7.071068
  vertex 18.415455 -204.68723 -7.730104
 endloop
endfacet
facet normal 0.06976906 -0.19499083 0.9783205
 outer loop
  vertex 35.35531 -229.33493 3.8268344
  vertex 33.749645 -225.45847 4.713968
  vertex 25.600807 -228.37418 4.713968
 endloop
endfacet
facet normal 0.06976897 -0.19499162 0.9783203
 outer loop
  vertex 35.35531 -229.33493 3.8268344
  vertex 25.600807 -228.37418 4.713968
  vertex 26.818779 -232.38934 3.8268344
 endloop
endfacet
facet normal 0.024946937 -0.06972214 -0.9972545
 outer loop
  vertex 21.26074 -195.30759 -8.314696
  vertex 24.277168 -202.58987 -7.730104
  vertex 18.415455 -204.68723 -7.730104
 endloop
endfacet
facet normal 0.02494702 -0.06972216 -0.9972545
 outer loop
  vertex 21.26074 -195.30759 -8.314696
  vertex 18.415455 -204.68723 -7.730104
  vertex 16.127342 -197.14435 -8.314696
 endloop
endfacet
facet normal 0.090780474 -0.25371495 0.96300966
 outer loop
  vertex 36.620502 -232.38936 2.9028468
  vertex 35.35531 -229.33493 3.8268344
  vertex 26.818779 -232.38934 3.8268344
 endloop
endfacet
facet normal 0.090780474 -0.25371522 0.9630096
 outer loop
  vertex 36.620502 -232.38936 2.9028468
  vertex 26.818779 -232.38934 3.8268344
  vertex 27.778494 -235.55307 2.9028468
 endloop
endfacet
facet normal 0.020180527 -0.056400727 -0.9982043
 outer loop
  vertex 18.03957 -187.53099 -8.819213
  vertex 21.26074 -195.30759 -8.314696
  vertex 16.127342 -197.14435 -8.314696
 endloop
endfacet
facet normal 0.020180447 -0.056400713 -0.9982043
 outer loop
  vertex 18.03957 -187.53099 -8.819213
  vertex 16.127342 -197.14435 -8.314696
  vertex 13.683922 -189.08946 -8.819213
 endloop
endfacet
facet normal 0.12503912 -0.349462 0.9285697
 outer loop
  vertex 37.532986 -234.59232 1.9509033
  vertex 36.620502 -232.38936 2.9028468
  vertex 27.778494 -235.55307 2.9028468
 endloop
endfacet
facet normal 0.12503903 -0.3494607 0.9285701
 outer loop
  vertex 37.532986 -234.59232 1.9509033
  vertex 27.778494 -235.55307 2.9028468
  vertex 28.470655 -237.83487 1.9509033
 endloop
endfacet
facet normal 0.0016570116 -0.0046310537 0.99998796
 outer loop
  vertex 3.7509527 -153.03522 9.951847
  vertex 0 -143.97961 10
  vertex 2.8452868 -153.35927 9.951847
 endloop
endfacet
facet normal 0.015935032 -0.04453555 -0.9988807
 outer loop
  vertex 14.644657 -179.33496 -9.238795
  vertex 18.03957 -187.53099 -8.819213
  vertex 13.683922 -189.08946 -8.819213
 endloop
endfacet
facet normal 0.015935076 -0.04453555 -0.9988807
 outer loop
  vertex 14.644657 -179.33496 -9.238795
  vertex 13.683922 -189.08946 -8.819213
  vertex 11.108709 -180.60014 -9.238795
 endloop
endfacet
facet normal 0.18846807 -0.5267329 0.8288741
 outer loop
  vertex 38.08405 -235.9227 0.9801714
  vertex 37.532986 -234.59232 1.9509033
  vertex 28.470655 -237.83487 1.9509033
 endloop
endfacet
facet normal 0.18846852 -0.5267365 0.82887167
 outer loop
  vertex 38.08405 -235.9227 0.9801714
  vertex 28.470655 -237.83487 1.9509033
  vertex 28.888668 -239.21284 0.9801714
 endloop
endfacet
facet normal 0.087516695 -0.24459393 0.9656679
 outer loop
  vertex 7.4657784 -162.0036 7.3435783
  vertex 3.7509527 -153.03522 9.951847
  vertex 2.8452868 -153.35927 9.951847
 endloop
endfacet
facet normal 0.08751756 -0.24459343 0.96566796
 outer loop
  vertex 7.4657784 -162.0036 7.3435783
  vertex 2.8452868 -153.35927 9.951847
  vertex 5.663168 -162.64859 7.3435783
 endloop
endfacet
facet normal 0.012060911 -0.033707988 -0.99935895
 outer loop
  vertex 11.108713 -170.79842 -9.569404
  vertex 14.644657 -179.33496 -9.238795
  vertex 11.108709 -180.60014 -9.238795
 endloop
endfacet
facet normal 0.012060872 -0.033707984 -0.99935895
 outer loop
  vertex 11.108713 -170.79842 -9.569404
  vertex 11.108709 -180.60014 -9.238795
  vertex 8.426519 -171.75812 -9.569404
 endloop
endfacet
facet normal 0.018304951 -0.05115913 -0.99852276
 outer loop
  vertex 30.917883 -219.35582 0
  vertex 38.08405 -235.9227 0.9801714
  vertex 28.888668 -239.21284 0.9801714
 endloop
endfacet
facet normal 0.01849176 -0.051178 -0.99851835
 outer loop
  vertex 30.917883 -219.35582 0
  vertex 28.888668 -239.21284 0.9801714
  vertex 23.452774 -222.05313 0
 endloop
endfacet
facet normal 0.008446159 -0.023605263 0.99968565
 outer loop
  vertex 11.108713 -170.79842 7.1051307
  vertex 7.4657784 -162.0036 7.3435783
  vertex 5.663168 -162.64859 7.3435783
 endloop
endfacet
facet normal 0.00844609 -0.02360531 0.9996857
 outer loop
  vertex 11.108713 -170.79842 7.1051307
  vertex 5.663168 -162.64859 7.3435783
  vertex 8.426519 -171.75812 7.1051307
 endloop
endfacet
facet normal -0.04655858 0.13012289 -0.99040407
 outer loop
  vertex 7.4657784 -162.0036 -8.242656
  vertex 11.108713 -170.79842 -9.569404
  vertex 8.426519 -171.75812 -9.569404
 endloop
endfacet
facet normal -0.046559025 0.13012284 -0.9904041
 outer loop
  vertex 7.4657784 -162.0036 -8.242656
  vertex 8.426519 -171.75812 -9.569404
  vertex 5.663168 -162.64859 -8.242656
 endloop
endfacet
facet normal 0.018460624 -0.051091827 0.9985234
 outer loop
  vertex 38.08405 -235.9227 -0.9801714
  vertex 30.917883 -219.35582 0
  vertex 23.452774 -222.05313 0
 endloop
endfacet
facet normal 0.018330036 -0.05122925 0.99851865
 outer loop
  vertex 38.08405 -235.9227 -0.9801714
  vertex 23.452774 -222.05313 0
  vertex 28.888668 -239.21284 -0.9801714
 endloop
endfacet
facet normal -0.07588612 0.21208812 0.9742997
 outer loop
  vertex 14.644657 -179.33496 9.238795
  vertex 11.108713 -170.79842 7.1051307
  vertex 8.426519 -171.75812 7.1051307
 endloop
endfacet
facet normal -0.07588628 0.21208799 0.9742997
 outer loop
  vertex 14.644657 -179.33496 9.238795
  vertex 8.426519 -171.75812 7.1051307
  vertex 11.108709 -180.60014 9.238795
 endloop
endfacet
facet normal -0.011721485 0.032759115 -0.99939454
 outer loop
  vertex 3.7509527 -153.03522 -7.905112
  vertex 7.4657784 -162.0036 -8.242656
  vertex 5.663168 -162.64859 -8.242656
 endloop
endfacet
facet normal -0.011721355 0.03275914 -0.9993946
 outer loop
  vertex 3.7509527 -153.03522 -7.905112
  vertex 5.663168 -162.64859 -8.242656
  vertex 2.8452868 -153.35927 -7.905112
 endloop
endfacet
facet normal 0.18846734 -0.52673316 -0.82887405
 outer loop
  vertex 37.532986 -234.59232 -1.9509033
  vertex 38.08405 -235.9227 -0.9801714
  vertex 28.888668 -239.21284 -0.9801714
 endloop
endfacet
facet normal 0.18846928 -0.5267363 -0.82887167
 outer loop
  vertex 37.532986 -234.59232 -1.9509033
  vertex 28.888668 -239.21284 -0.9801714
  vertex 28.470655 -237.83487 -1.9509033
 endloop
endfacet
facet normal 0.100145936 -0.2798891 0.9547947
 outer loop
  vertex 18.03957 -187.53099 6.4801226
  vertex 14.644657 -179.33496 9.238795
  vertex 11.108709 -180.60014 9.238795
 endloop
endfacet
facet normal 0.100145705 -0.27988932 0.95479465
 outer loop
  vertex 18.03957 -187.53099 6.4801226
  vertex 11.108709 -180.60014 9.238795
  vertex 13.683922 -189.08946 6.4801226
 endloop
endfacet
facet normal -0.20424092 0.5708178 -0.7952689
 outer loop
  vertex 1.8754764 -148.50742 -4.1735454
  vertex 3.7509527 -153.03522 -7.905112
  vertex 2.8452868 -153.35927 -7.905112
 endloop
endfacet
facet normal -0.20423199 0.57082015 -0.79526955
 outer loop
  vertex 1.8754764 -148.50742 -4.1735454
  vertex 2.8452868 -153.35927 -7.905112
  vertex 1.4226434 -148.66943 -4.1735454
 endloop
endfacet
facet normal 0.12503946 -0.34946182 -0.9285696
 outer loop
  vertex 36.620502 -232.38936 -2.9028468
  vertex 37.532986 -234.59232 -1.9509033
  vertex 28.470655 -237.83487 -1.9509033
 endloop
endfacet
facet normal 0.12503868 -0.34946078 -0.92857015
 outer loop
  vertex 36.620502 -232.38936 -2.9028468
  vertex 28.470655 -237.83487 -1.9509033
  vertex 27.778494 -235.55307 -2.9028468
 endloop
endfacet
facet normal 0.020180458 -0.05640075 0.9982042
 outer loop
  vertex 21.26074 -195.30759 5.975606
  vertex 18.03957 -187.53099 6.4801226
  vertex 13.683922 -189.08946 6.4801226
 endloop
endfacet
facet normal 0.020180518 -0.056400694 0.9982043
 outer loop
  vertex 21.26074 -195.30759 5.975606
  vertex 13.683922 -189.08946 6.4801226
  vertex 16.127342 -197.14435 5.975606
 endloop
endfacet
facet normal 0.0907804 -0.253715 -0.96300966
 outer loop
  vertex 35.35531 -229.33493 -3.8268344
  vertex 36.620502 -232.38936 -2.9028468
  vertex 27.778494 -235.55307 -2.9028468
 endloop
endfacet
facet normal 0.09078055 -0.2537152 -0.96300966
 outer loop
  vertex 35.35531 -229.33493 -3.8268344
  vertex 27.778494 -235.55307 -2.9028468
  vertex 26.818779 -232.38934 -3.8268344
 endloop
endfacet
facet normal -0.07328023 0.20480427 0.976056
 outer loop
  vertex 24.277168 -202.58987 7.730104
  vertex 21.26074 -195.30759 5.975606
  vertex 16.127342 -197.14435 5.975606
 endloop
endfacet
facet normal -0.07328009 0.20480448 0.9760559
 outer loop
  vertex 24.277168 -202.58987 7.730104
  vertex 16.127342 -197.14435 5.975606
  vertex 18.415455 -204.68723 7.730104
 endloop
endfacet
facet normal 0.03250648 -0.1297731 -0.9910107
 outer loop
  vertex 22.439281 -217.95206 -6.3439336
  vertex 24.136288 -223.5463 -5.5557027
  vertex 16.221167 -225.52893 -5.5557027
 endloop
endfacet
facet normal 0.0325063 -0.12977296 -0.9910108
 outer loop
  vertex 22.439281 -217.95206 -6.3439336
  vertex 16.221167 -225.52893 -5.5557027
  vertex 15.080662 -219.79529 -6.3439336
 endloop
endfacet
facet normal 0.03250635 -0.12977313 0.99101067
 outer loop
  vertex 24.136288 -223.5463 5.5557027
  vertex 22.439281 -217.95206 6.3439336
  vertex 15.080662 -219.79529 6.3439336
 endloop
endfacet
facet normal 0.032506444 -0.12977292 0.9910107
 outer loop
  vertex 24.136288 -223.5463 5.5557027
  vertex 15.080662 -219.79529 6.3439336
  vertex 16.221167 -225.52893 5.5557027
 endloop
endfacet
facet normal 0.026678832 -0.10650828 -0.9939539
 outer loop
  vertex 20.526222 -211.64551 -7.071068
  vertex 22.439281 -217.95206 -6.3439336
  vertex 15.080662 -219.79529 -6.3439336
 endloop
endfacet
facet normal 0.026679039 -0.10650841 -0.9939538
 outer loop
  vertex 20.526222 -211.64551 -7.071068
  vertex 15.080662 -219.79529 -6.3439336
  vertex 13.794966 -213.3316 -7.071068
 endloop
endfacet
facet normal 0.040033363 -0.15982206 0.98633367
 outer loop
  vertex 25.600807 -228.37418 4.713968
  vertex 24.136288 -223.5463 5.5557027
  vertex 16.221167 -225.52893 5.5557027
 endloop
endfacet
facet normal 0.04003335 -0.15982209 0.9863337
 outer loop
  vertex 25.600807 -228.37418 4.713968
  vertex 16.221167 -225.52893 5.5557027
  vertex 17.205418 -230.47711 4.713968
 endloop
endfacet
facet normal 0.021958703 -0.087663844 -0.99590814
 outer loop
  vertex 18.415455 -204.68723 -7.730104
  vertex 20.526222 -211.64551 -7.071068
  vertex 13.794966 -213.3316 -7.071068
 endloop
endfacet
facet normal 0.021958709 -0.08766384 -0.995908
 outer loop
  vertex 18.415455 -204.68723 -7.730104
  vertex 13.794966 -213.3316 -7.071068
  vertex 12.376391 -206.19994 -7.730104
 endloop
endfacet
facet normal 0.05032061 -0.20089112 0.9783203
 outer loop
  vertex 26.818779 -232.38934 3.8268344
  vertex 25.600807 -228.37418 4.713968
  vertex 17.205418 -230.47711 4.713968
 endloop
endfacet
facet normal 0.050320473 -0.20089175 0.9783201
 outer loop
  vertex 26.818779 -232.38934 3.8268344
  vertex 17.205418 -230.47711 4.713968
  vertex 18.02397 -234.59232 3.8268344
 endloop
endfacet
facet normal 0.017992942 -0.071831666 -0.9972545
 outer loop
  vertex 16.127342 -197.14435 -8.314696
  vertex 18.415455 -204.68723 -7.730104
  vertex 12.376391 -206.19994 -7.730104
 endloop
endfacet
facet normal 0.017992878 -0.07183164 -0.9972545
 outer loop
  vertex 16.127342 -197.14435 -8.314696
  vertex 12.376391 -206.19994 -7.730104
  vertex 10.83863 -198.4691 -8.314696
 endloop
endfacet
facet normal 0.06547483 -0.26139167 0.9630096
 outer loop
  vertex 27.778494 -235.55307 2.9028468
  vertex 26.818779 -232.38934 3.8268344
  vertex 18.02397 -234.59232 3.8268344
 endloop
endfacet
facet normal 0.06547506 -0.26138976 0.96301
 outer loop
  vertex 27.778494 -235.55307 2.9028468
  vertex 18.02397 -234.59232 3.8268344
  vertex 18.668964 -237.8349 2.9028468
 endloop
endfacet
facet normal 0.014555075 -0.05810715 -0.9982043
 outer loop
  vertex 13.683922 -189.08946 -8.819213
  vertex 16.127342 -197.14435 -8.314696
  vertex 10.83863 -198.4691 -8.314696
 endloop
endfacet
facet normal 0.014555028 -0.058107138 -0.9982043
 outer loop
  vertex 13.683922 -189.08946 -8.819213
  vertex 10.83863 -198.4691 -8.314696
  vertex 9.196491 -190.2135 -8.819213
 endloop
endfacet
facet normal 0.09018417 -0.3600336 0.9285702
 outer loop
  vertex 28.470655 -237.83487 1.9509033
  vertex 27.778494 -235.55307 2.9028468
  vertex 18.668964 -237.8349 2.9028468
 endloop
endfacet
facet normal 0.09018408 -0.36003616 0.9285692
 outer loop
  vertex 28.470655 -237.83487 1.9509033
  vertex 18.668964 -237.8349 2.9028468
  vertex 19.134136 -240.17354 1.9509033
 endloop
endfacet
facet normal 0.001195101 -0.0047711707 0.99998796
 outer loop
  vertex 2.8452868 -153.35927 9.951847
  vertex 0 -143.97961 10
  vertex 1.912219 -153.59299 9.951847
 endloop
endfacet
facet normal 0.011493057 -0.045883026 -0.9988807
 outer loop
  vertex 11.108709 -180.60014 -9.238795
  vertex 13.683922 -189.08946 -8.819213
  vertex 9.196491 -190.2135 -8.819213
 endloop
endfacet
facet normal 0.011493085 -0.045883037 -0.9988807
 outer loop
  vertex 11.108709 -180.60014 -9.238795
  vertex 9.196491 -190.2135 -8.819213
  vertex 7.4657784 -181.51265 -9.238795
 endloop
endfacet
facet normal 0.13593218 -0.5426734 0.82887155
 outer loop
  vertex 28.888668 -239.21284 0.9801714
  vertex 28.470655 -237.83487 1.9509033
  vertex 19.134136 -240.17354 1.9509033
 endloop
endfacet
facet normal 0.1359322 -0.5426743 0.828871
 outer loop
  vertex 28.888668 -239.21284 0.9801714
  vertex 19.134136 -240.17354 1.9509033
  vertex 19.415073 -241.58585 0.9801714
 endloop
endfacet
facet normal 0.0631206 -0.2519942 0.965668
 outer loop
  vertex 5.663168 -162.64859 7.3435783
  vertex 2.8452868 -153.35927 9.951847
  vertex 1.912219 -153.59299 9.951847
 endloop
endfacet
facet normal 0.06312164 -0.25199383 0.9656681
 outer loop
  vertex 5.663168 -162.64859 7.3435783
  vertex 1.912219 -153.59299 9.951847
  vertex 3.8060184 -163.11378 7.3435783
 endloop
endfacet
facet normal 0.008698865 -0.03472784 -0.99935895
 outer loop
  vertex 8.426519 -171.75812 -9.569404
  vertex 11.108709 -180.60014 -9.238795
  vertex 7.4657784 -181.51265 -9.238795
 endloop
endfacet
facet normal 0.008698902 -0.034727838 -0.99935895
 outer loop
  vertex 8.426519 -171.75812 -9.569404
  vertex 7.4657784 -181.51265 -9.238795
  vertex 5.6631737 -172.4503 -9.569404
 endloop
endfacet
facet normal 0.013236333 -0.052842643 -0.9985151
 outer loop
  vertex 23.452774 -222.05313 0
  vertex 28.888668 -239.21284 0.9801714
  vertex 19.415073 -241.58585 0.9801714
 endloop
endfacet
facet normal 0.013373715 -0.052870873 -0.9985118
 outer loop
  vertex 23.452774 -222.05313 0
  vertex 19.415073 -241.58585 0.9801714
  vertex 15.761801 -223.99857 0
 endloop
endfacet
facet normal 0.006091754 -0.02431949 0.99968565
 outer loop
  vertex 8.426519 -171.75812 7.1051307
  vertex 5.663168 -162.64859 7.3435783
  vertex 3.8060184 -163.11378 7.3435783
 endloop
endfacet
facet normal 0.0060917386 -0.024319494 0.9996857
 outer loop
  vertex 8.426519 -171.75812 7.1051307
  vertex 3.8060184 -163.11378 7.3435783
  vertex 5.6631737 -172.4503 7.1051307
 endloop
endfacet
facet normal -0.03358037 0.13405989 -0.99040407
 outer loop
  vertex 5.663168 -162.64859 -8.242656
  vertex 8.426519 -171.75812 -9.569404
  vertex 5.6631737 -172.4503 -9.569404
 endloop
endfacet
facet normal -0.033580463 0.13405988 -0.9904041
 outer loop
  vertex 5.663168 -162.64859 -8.242656
  vertex 5.6631737 -172.4503 -9.569404
  vertex 3.8060184 -163.11378 -8.242656
 endloop
endfacet
facet normal 0.01335691 -0.052804466 0.9985155
 outer loop
  vertex 28.888668 -239.21284 -0.9801714
  vertex 23.452774 -222.05313 0
  vertex 15.761801 -223.99857 0
 endloop
endfacet
facet normal 0.013249847 -0.05289662 0.9985121
 outer loop
  vertex 28.888668 -239.21284 -0.9801714
  vertex 15.761801 -223.99857 0
  vertex 19.415073 -241.58585 -0.9801714
 endloop
endfacet
facet normal -0.054732792 0.2185048 0.9742997
 outer loop
  vertex 11.108709 -180.60014 9.238795
  vertex 8.426519 -171.75812 7.1051307
  vertex 5.6631737 -172.4503 7.1051307
 endloop
endfacet
facet normal -0.054732583 0.21850494 0.9742997
 outer loop
  vertex 11.108709 -180.60014 9.238795
  vertex 5.6631737 -172.4503 7.1051307
  vertex 7.4657784 -181.51265 9.238795
 endloop
endfacet
facet normal -0.008454055 0.033750262 -0.99939454
 outer loop
  vertex 2.8452868 -153.35927 -7.905112
  vertex 5.663168 -162.64859 -8.242656
  vertex 3.8060184 -163.11378 -8.242656
 endloop
endfacet
facet normal -0.008453908 0.033750277 -0.9993945
 outer loop
  vertex 2.8452868 -153.35927 -7.905112
  vertex 3.8060184 -163.11378 -8.242656
  vertex 1.912219 -153.59299 -7.905112
 endloop
endfacet
facet normal 0.135932 -0.5426734 -0.8288715
 outer loop
  vertex 28.470655 -237.83487 -1.9509033
  vertex 28.888668 -239.21284 -0.9801714
  vertex 19.415073 -241.58585 -0.9801714
 endloop
endfacet
facet normal 0.13593239 -0.54267424 -0.82887095
 outer loop
  vertex 28.470655 -237.83487 -1.9509033
  vertex 19.415073 -241.58585 -0.9801714
  vertex 19.134136 -240.17354 -1.9509033
 endloop
endfacet
facet normal 0.07222975 -0.28835753 0.9547946
 outer loop
  vertex 13.683922 -189.08946 6.4801226
  vertex 11.108709 -180.60014 9.238795
  vertex 7.4657784 -181.51265 9.238795
 endloop
endfacet
facet normal 0.07222957 -0.28835765 0.9547946
 outer loop
  vertex 13.683922 -189.08946 6.4801226
  vertex 7.4657784 -181.51265 9.238795
  vertex 9.196491 -190.2135 6.4801226
 endloop
endfacet
facet normal -0.14730681 0.5880879 -0.7952693
 outer loop
  vertex 1.4226434 -148.66943 -4.1735454
  vertex 2.8452868 -153.35927 -7.905112
  vertex 1.912219 -153.59299 -7.905112
 endloop
endfacet
facet normal -0.14731573 0.58808655 -0.7952687
 outer loop
  vertex 1.4226434 -148.66943 -4.1735454
  vertex 1.912219 -153.59299 -7.905112
  vertex 0.9561095 -148.7863 -4.1735454
 endloop
endfacet
facet normal 0.09018348 -0.3600338 -0.9285702
 outer loop
  vertex 27.778494 -235.55307 -2.9028468
  vertex 28.470655 -237.83487 -1.9509033
  vertex 19.134136 -240.17354 -1.9509033
 endloop
endfacet
facet normal 0.09018478 -0.36003602 -0.9285692
 outer loop
  vertex 27.778494 -235.55307 -2.9028468
  vertex 19.134136 -240.17354 -1.9509033
  vertex 18.668964 -237.8349 -2.9028468
 endloop
endfacet
facet normal 0.014555033 -0.058107167 0.9982043
 outer loop
  vertex 16.127342 -197.14435 5.975606
  vertex 13.683922 -189.08946 6.4801226
  vertex 9.196491 -190.2135 6.4801226
 endloop
endfacet
facet normal 0.01455507 -0.058107127 0.9982043
 outer loop
  vertex 16.127342 -197.14435 5.975606
  vertex 9.196491 -190.2135 6.4801226
  vertex 10.83863 -198.4691 5.975606
 endloop
endfacet
facet normal 0.06547548 -0.26139146 -0.9630096
 outer loop
  vertex 26.818779 -232.38934 -3.8268344
  vertex 27.778494 -235.55307 -2.9028468
  vertex 18.668964 -237.8349 -2.9028468
 endloop
endfacet
facet normal 0.06547439 -0.2613899 -0.96301013
 outer loop
  vertex 26.818779 -232.38934 -3.8268344
  vertex 18.668964 -237.8349 -2.9028468
  vertex 18.02397 -234.59232 -3.8268344
 endloop
endfacet
facet normal -0.05285297 0.211001 0.9760559
 outer loop
  vertex 18.415455 -204.68723 7.730104
  vertex 16.127342 -197.14435 5.975606
  vertex 10.83863 -198.4691 5.975606
 endloop
endfacet
facet normal -0.05285308 0.21100084 0.9760559
 outer loop
  vertex 18.415455 -204.68723 7.730104
  vertex 10.83863 -198.4691 5.975606
  vertex 12.376391 -206.19994 7.730104
 endloop
endfacet
facet normal 0.050320342 -0.20089121 -0.9783203
 outer loop
  vertex 25.600807 -228.37418 -4.713968
  vertex 26.818779 -232.38934 -3.8268344
  vertex 18.02397 -234.59232 -3.8268344
 endloop
endfacet
facet normal 0.05032076 -0.2008917 -0.97832024
 outer loop
  vertex 25.600807 -228.37418 -4.713968
  vertex 18.02397 -234.59232 -3.8268344
  vertex 17.205418 -230.47711 -4.713968
 endloop
endfacet
facet normal 0.021958701 -0.08766382 0.995908
 outer loop
  vertex 20.526222 -211.64551 7.071068
  vertex 18.415455 -204.68723 7.730104
  vertex 12.376391 -206.19994 7.730104
 endloop
endfacet
facet normal 0.021958701 -0.087663844 0.99590814
 outer loop
  vertex 20.526222 -211.64551 7.071068
  vertex 12.376391 -206.19994 7.730104
  vertex 13.794966 -213.3316 7.071068
 endloop
endfacet
facet normal 0.040033348 -0.15982206 -0.9863337
 outer loop
  vertex 24.136288 -223.5463 -5.5557027
  vertex 25.600807 -228.37418 -4.713968
  vertex 17.205418 -230.47711 -4.713968
 endloop
endfacet
facet normal 0.040033363 -0.15982209 -0.9863338
 outer loop
  vertex 24.136288 -223.5463 -5.5557027
  vertex 17.205418 -230.47711 -4.713968
  vertex 16.221167 -225.52893 -5.5557027
 endloop
endfacet
facet normal 0.02667899 -0.10650823 0.9939539
 outer loop
  vertex 22.439281 -217.95206 6.3439336
  vertex 20.526222 -211.64551 7.071068
  vertex 13.794966 -213.3316 7.071068
 endloop
endfacet
facet normal 0.026678875 -0.10650845 0.9939539
 outer loop
  vertex 22.439281 -217.95206 6.3439336
  vertex 13.794966 -213.3316 7.071068
  vertex 15.080662 -219.79529 6.3439336
 endloop
endfacet
facet normal 0.013260277 -0.08939406 -0.995908
 outer loop
  vertex 12.376391 -206.19994 -7.730104
  vertex 13.794966 -213.3316 -7.071068
  vertex 6.9308558 -214.3498 -7.071068
 endloop
endfacet
facet normal 0.3240362 -0.28934878 -0.9007096
 outer loop
  vertex 12.376391 -206.19994 -7.730104
  vertex 6.9308558 -214.3498 -7.071068
  vertex 6.218137 -207.11343 -9.65212
 endloop
endfacet
facet normal 0.15209375 -0.17927928 0.9719705
 outer loop
  vertex 18.02397 -234.59232 3.8268344
  vertex 17.205418 -230.47711 4.713968
  vertex 8.182614 -225.89056 6.97184
 endloop
endfacet
facet normal -0.31274807 -0.6152471 0.72364336
 outer loop
  vertex 18.02397 -234.59232 3.8268344
  vertex 8.182614 -225.89056 6.97184
  vertex 8.571899 -229.78755 3.8268344
 endloop
endfacet
facet normal 0.29960218 -0.012543748 -0.95398176
 outer loop
  vertex 10.83863 -198.4691 -8.314696
  vertex 12.376391 -206.19994 -7.730104
  vertex 6.218137 -207.11343 -9.65212
 endloop
endfacet
facet normal 0.3402799 -0.036509193 -0.93961513
 outer loop
  vertex 10.83863 -198.4691 -8.314696
  vertex 6.218137 -207.11343 -9.65212
  vertex 5.4455357 -199.26909 -10.2367115
 endloop
endfacet
facet normal -0.15182981 -0.29868397 0.9421972
 outer loop
  vertex 18.668964 -237.8349 2.9028468
  vertex 18.02397 -234.59232 3.8268344
  vertex 8.571899 -229.78755 3.8268344
 endloop
endfacet
facet normal 0.014290893 -0.09634214 0.99524564
 outer loop
  vertex 18.668964 -237.8349 2.9028468
  vertex 8.571899 -229.78755 3.8268344
  vertex 9.379641 -239.21283 2.9028468
 endloop
endfacet
facet normal 0.3345112 0.008949418 -0.94234926
 outer loop
  vertex 9.196491 -190.2135 -8.819213
  vertex 10.83863 -198.4691 -8.314696
  vertex 5.4455357 -199.26909 -10.2367115
 endloop
endfacet
facet normal 0.38934958 -0.017118124 -0.920931
 outer loop
  vertex 9.196491 -190.2135 -8.819213
  vertex 5.4455357 -199.26909 -10.2367115
  vertex 4.6204934 -190.89229 -10.741228
 endloop
endfacet
facet normal 0.05445992 -0.36714196 0.92856926
 outer loop
  vertex 19.134136 -240.17354 1.9509033
  vertex 18.668964 -237.8349 2.9028468
  vertex 9.379641 -239.21283 2.9028468
 endloop
endfacet
facet normal 0.054460164 -0.3671402 0.9285699
 outer loop
  vertex 19.134136 -240.17354 1.9509033
  vertex 9.379641 -239.21283 2.9028468
  vertex 9.613346 -241.58582 1.9509033
 endloop
endfacet
facet normal 0.0007217295 -0.004865331 0.99998796
 outer loop
  vertex 1.912219 -153.59299 9.951847
  vertex 0 -143.97961 10
  vertex 0.9607357 -153.73413 9.951847
 endloop
endfacet
facet normal 0.38305685 0.0316763 -0.9231815
 outer loop
  vertex 7.4657784 -181.51265 -9.238795
  vertex 9.196491 -190.2135 -8.819213
  vertex 4.6204934 -190.89229 -10.741228
 endloop
endfacet
facet normal 0.45917305 0.003006048 -0.8883417
 outer loop
  vertex 7.4657784 -181.51265 -9.238795
  vertex 4.6204934 -190.89229 -10.741228
  vertex 3.7509482 -182.06369 -11.16081
 endloop
endfacet
facet normal 0.082087 -0.5533851 0.8288707
 outer loop
  vertex 19.415073 -241.58585 0.9801714
  vertex 19.134136 -240.17354 1.9509033
  vertex 9.613346 -241.58582 1.9509033
 endloop
endfacet
facet normal 0.08208703 -0.5533846 0.8288711
 outer loop
  vertex 19.415073 -241.58585 0.9801714
  vertex 9.613346 -241.58582 1.9509033
  vertex 9.7545 -243.01886 0.9801714
 endloop
endfacet
facet normal 0.03811872 -0.2569672 0.9656681
 outer loop
  vertex 3.8060184 -163.11378 7.3435783
  vertex 1.912219 -153.59299 9.951847
  vertex 0.9607357 -153.73413 9.951847
 endloop
endfacet
facet normal 0.038116816 -0.2569677 0.965668
 outer loop
  vertex 3.8060184 -163.11378 7.3435783
  vertex 0.9607357 -153.73413 9.951847
  vertex 1.9122149 -163.3947 7.3435783
 endloop
endfacet
facet normal 0.45203376 0.05744067 -0.89014953
 outer loop
  vertex 5.6631737 -172.4503 -9.569404
  vertex 7.4657784 -181.51265 -9.238795
  vertex 3.7509482 -182.06369 -11.16081
 endloop
endfacet
facet normal 0.560719 0.025469678 -0.82761437
 outer loop
  vertex 5.6631737 -172.4503 -9.569404
  vertex 3.7509482 -182.06369 -11.16081
  vertex 2.8452885 -172.8683 -11.49142
 endloop
endfacet
facet normal 0.0080079865 -0.053985335 -0.9985096
 outer loop
  vertex 15.761801 -223.99857 0
  vertex 19.415073 -241.58585 0.9801714
  vertex 9.7545 -243.01886 0.9801714
 endloop
endfacet
facet normal 0.00809061 -0.054011323 -0.99850756
 outer loop
  vertex 15.761801 -223.99857 0
  vertex 9.7545 -243.01886 0.9801714
  vertex 7.9190335 -225.17337 0
 endloop
endfacet
facet normal 0.003678595 -0.024799503 0.99968565
 outer loop
  vertex 5.6631737 -172.4503 7.1051307
  vertex 3.8060184 -163.11378 7.3435783
  vertex 1.9122149 -163.3947 7.3435783
 endloop
endfacet
facet normal 0.0036786986 -0.02479946 0.9996857
 outer loop
  vertex 5.6631737 -172.4503 7.1051307
  vertex 1.9122149 -163.3947 7.3435783
  vertex 2.8452885 -172.8683 7.1051307
 endloop
endfacet
facet normal 0.52686965 0.22141114 -0.8206006
 outer loop
  vertex 3.8060184 -163.11378 -8.242656
  vertex 5.6631737 -172.4503 -9.569404
  vertex 2.8452885 -172.8683 -11.49142
 endloop
endfacet
facet normal 0.6900778 0.16660197 -0.70429856
 outer loop
  vertex 3.8060184 -163.11378 -8.242656
  vertex 2.8452885 -172.8683 -11.49142
  vertex 1.9122149 -163.3947 -10.164671
 endloop
endfacet
facet normal 0.00808434 -0.053969484 0.9985099
 outer loop
  vertex 19.415073 -241.58585 -0.9801714
  vertex 15.761801 -223.99857 0
  vertex 7.9190335 -225.17337 0
 endloop
endfacet
facet normal 0.008013031 -0.05401931 0.99850774
 outer loop
  vertex 19.415073 -241.58585 -0.9801714
  vertex 7.9190335 -225.17337 0
  vertex 9.7545 -243.01886 -0.9801714
 endloop
endfacet
facet normal -0.033052277 0.2228174 0.9742998
 outer loop
  vertex 7.4657784 -181.51265 9.238795
  vertex 5.6631737 -172.4503 7.1051307
  vertex 2.8452885 -172.8683 7.1051307
 endloop
endfacet
facet normal -0.033051725 0.22281767 0.97429967
 outer loop
  vertex 7.4657784 -181.51265 9.238795
  vertex 2.8452885 -172.8683 7.1051307
  vertex 3.7509482 -182.06369 9.238795
 endloop
endfacet
facet normal 0.69088906 0.1624023 -0.7044841
 outer loop
  vertex 1.912219 -153.59299 -7.905112
  vertex 3.8060184 -163.11378 -8.242656
  vertex 1.9122149 -163.3947 -10.164671
 endloop
endfacet
facet normal 0.8883861 0.103129104 -0.447364
 outer loop
  vertex 1.912219 -153.59299 -7.905112
  vertex 1.9122149 -163.3947 -10.164671
  vertex 0.9607357 -153.73413 -9.827127
 endloop
endfacet
facet normal 0.0820871 -0.553385 -0.82887065
 outer loop
  vertex 19.134136 -240.17354 -1.9509033
  vertex 19.415073 -241.58585 -0.9801714
  vertex 9.7545 -243.01886 -0.9801714
 endloop
endfacet
facet normal 0.08208692 -0.5533846 -0.8288711
 outer loop
  vertex 19.134136 -240.17354 -1.9509033
  vertex 9.7545 -243.01886 -0.9801714
  vertex 9.613346 -241.58582 -1.9509033
 endloop
endfacet
facet normal 0.043617845 -0.29404888 0.9547946
 outer loop
  vertex 9.196491 -190.2135 6.4801226
  vertex 7.4657784 -181.51265 9.238795
  vertex 3.7509482 -182.06369 9.238795
 endloop
endfacet
facet normal 0.04361816 -0.29404873 0.95479465
 outer loop
  vertex 9.196491 -190.2135 6.4801226
  vertex 3.7509482 -182.06369 9.238795
  vertex 4.6204934 -190.89229 6.4801226
 endloop
endfacet
facet normal 0.77275276 0.47793946 -0.41764465
 outer loop
  vertex 0.9561095 -148.7863 -4.1735454
  vertex 1.912219 -153.59299 -7.905112
  vertex 0.9607357 -153.73413 -9.827127
 endloop
endfacet
facet normal 0.7727527 0.47793952 -0.4176447
 outer loop
  vertex 0.9561095 -148.7863 -4.1735454
  vertex 0.9607357 -153.73413 -9.827127
  vertex 0.48036784 -148.85687 -5.134553
 endloop
endfacet
facet normal 0.054460406 -0.36714184 -0.92856926
 outer loop
  vertex 18.668964 -237.8349 -2.9028468
  vertex 19.134136 -240.17354 -1.9509033
  vertex 9.613346 -241.58582 -1.9509033
 endloop
endfacet
facet normal 0.05445966 -0.36714023 -0.92857003
 outer loop
  vertex 18.668964 -237.8349 -2.9028468
  vertex 9.613346 -241.58582 -1.9509033
  vertex 9.379641 -239.21283 -2.9028468
 endloop
endfacet
facet normal 0.008789522 -0.05925396 0.9982042
 outer loop
  vertex 10.83863 -198.4691 5.975606
  vertex 9.196491 -190.2135 6.4801226
  vertex 4.6204934 -190.89229 6.4801226
 endloop
endfacet
facet normal 0.008789477 -0.059253994 0.9982043
 outer loop
  vertex 10.83863 -198.4691 5.975606
  vertex 4.6204934 -190.89229 6.4801226
  vertex 5.4455357 -199.26909 5.975606
 endloop
endfacet
facet normal 0.03953847 -0.2665489 -0.96301
 outer loop
  vertex 18.02397 -234.59232 -3.8268344
  vertex 18.668964 -237.8349 -2.9028468
  vertex 9.379641 -239.21283 -2.9028468
 endloop
endfacet
facet normal 0.039538413 -0.2665488 -0.96301013
 outer loop
  vertex 18.02397 -234.59232 -3.8268344
  vertex 9.379641 -239.21283 -2.9028468
  vertex 9.055582 -235.92264 -3.8268344
 endloop
endfacet
facet normal -0.03191668 0.21516536 0.9760559
 outer loop
  vertex 12.376391 -206.19994 7.730104
  vertex 10.83863 -198.4691 5.975606
  vertex 5.4455357 -199.26909 5.975606
 endloop
endfacet
facet normal 0.2445362 0.46054122 0.85329
 outer loop
  vertex 12.376391 -206.19994 7.730104
  vertex 5.4455357 -199.26909 5.975606
  vertex 6.218137 -207.11343 9.987976
 endloop
endfacet
facet normal 0.030387329 -0.20485663 -0.9783201
 outer loop
  vertex 17.205418 -230.47711 -4.713968
  vertex 18.02397 -234.59232 -3.8268344
  vertex 9.055582 -235.92264 -3.8268344
 endloop
endfacet
facet normal 0.030387549 -0.20485696 -0.97832006
 outer loop
  vertex 17.205418 -230.47711 -4.713968
  vertex 9.055582 -235.92264 -3.8268344
  vertex 8.644331 -231.74702 -4.713968
 endloop
endfacet
facet normal 0.34649915 -0.01774671 0.93788236
 outer loop
  vertex 13.794966 -213.3316 7.071068
  vertex 12.376391 -206.19994 7.730104
  vertex 6.218137 -207.11343 9.987976
 endloop
endfacet
facet normal 0.3193142 -0.05471141 0.94606817
 outer loop
  vertex 13.794966 -213.3316 7.071068
  vertex 6.218137 -207.11343 9.987976
  vertex 6.9308558 -214.3498 9.32894
 endloop
endfacet
facet normal 0.024175188 -0.16297646 -0.9863337
 outer loop
  vertex 16.221167 -225.52893 -5.5557027
  vertex 17.205418 -230.47711 -4.713968
  vertex 8.644331 -231.74702 -4.713968
 endloop
endfacet
facet normal 0.024175175 -0.16297644 -0.9863338
 outer loop
  vertex 16.221167 -225.52893 -5.5557027
  vertex 8.644331 -231.74702 -4.713968
  vertex 8.149826 -226.7262 -5.5557027
 endloop
endfacet
facet normal 0.3179651 -0.04329913 0.94711316
 outer loop
  vertex 15.080662 -219.79529 6.3439336
  vertex 13.794966 -213.3316 7.071068
  vertex 6.9308558 -214.3498 9.32894
 endloop
endfacet
facet normal 0.29764315 -0.07619033 0.951632
 outer loop
  vertex 15.080662 -219.79529 6.3439336
  vertex 6.9308558 -214.3498 9.32894
  vertex 7.576808 -220.90839 8.601806
 endloop
endfacet
facet normal 0.019629857 -0.13233426 -0.9910107
 outer loop
  vertex 15.080662 -219.79529 -6.3439336
  vertex 16.221167 -225.52893 -5.5557027
  vertex 8.149826 -226.7262 -5.5557027
 endloop
endfacet
facet normal 0.019630076 -0.1323345 -0.9910108
 outer loop
  vertex 15.080662 -219.79529 -6.3439336
  vertex 8.149826 -226.7262 -5.5557027
  vertex 7.576808 -220.90839 -6.3439336
 endloop
endfacet
facet normal 0.29714042 -0.07178843 0.9521313
 outer loop
  vertex 16.221167 -225.52893 5.5557027
  vertex 15.080662 -219.79529 6.3439336
  vertex 7.576808 -220.90839 8.601806
 endloop
endfacet
facet normal 0.28193986 -0.10149074 0.95404905
 outer loop
  vertex 16.221167 -225.52893 5.5557027
  vertex 7.576808 -220.90839 8.601806
  vertex 8.149826 -226.7262 7.8135753
 endloop
endfacet
facet normal 0.016110944 -0.10861051 -0.9939538
 outer loop
  vertex 13.794966 -213.3316 -7.071068
  vertex 15.080662 -219.79529 -6.3439336
  vertex 7.576808 -220.90839 -6.3439336
 endloop
endfacet
facet normal 0.016110728 -0.10861034 -0.9939539
 outer loop
  vertex 13.794966 -213.3316 -7.071068
  vertex 7.576808 -220.90839 -6.3439336
  vertex 6.9308558 -214.3498 -7.071068
 endloop
endfacet
facet normal 0.17770557 -0.13057454 0.97538245
 outer loop
  vertex 17.205418 -230.47711 4.713968
  vertex 16.221167 -225.52893 5.5557027
  vertex 8.182614 -225.89056 6.97184
 endloop
endfacet
facet normal -0.092195734 -0.70485437 -0.70333517
 outer loop
  vertex 16.221167 -225.52893 5.5557027
  vertex 8.149826 -226.7262 7.8135753
  vertex 8.182614 -225.89056 6.97184
 endloop
endfacet
facet normal 0.0029392142 -0.0598302 -0.9982043
 outer loop
  vertex 4.6204934 -190.89229 -10.741228
  vertex 5.4455357 -199.26909 -10.2367115
  vertex -1.9073486e-06 -199.5366 -10.2367115
 endloop
endfacet
facet normal 0.0029392617 -0.059830222 -0.9982042
 outer loop
  vertex 4.6204934 -190.89229 -10.741228
  vertex -1.9073486e-06 -199.5366 -10.2367115
  vertex -1.4305115e-06 -191.11928 -10.741228
 endloop
endfacet
facet normal 0.018212112 -0.37071016 0.92857003
 outer loop
  vertex 9.613346 -241.58582 1.9509033
  vertex 9.379641 -239.21283 2.9028468
  vertex -1.335144e-05 -239.67363 2.9028468
 endloop
endfacet
facet normal 0.018211389 -0.37071314 0.9285688
 outer loop
  vertex 9.613346 -241.58582 1.9509033
  vertex -1.335144e-05 -239.67363 2.9028468
  vertex -2.5749207e-05 -242.05807 1.9509033
 endloop
endfacet
facet normal 0.00024132775 -0.0049126456 0.99998796
 outer loop
  vertex 0.9607357 -153.73413 9.951847
  vertex 0 -143.97961 10
  vertex -5.9604645e-08 -153.78133 9.951847
 endloop
endfacet
facet normal 0.0023209222 -0.04724358 -0.9988807
 outer loop
  vertex 3.7509482 -182.06369 -11.16081
  vertex 4.6204934 -190.89229 -10.741228
  vertex -1.4305115e-06 -191.11928 -10.741228
 endloop
endfacet
facet normal 0.0023208328 -0.047243547 -0.9988808
 outer loop
  vertex 3.7509482 -182.06369 -11.16081
  vertex -1.4305115e-06 -191.11928 -10.741228
  vertex -5.4836273e-06 -182.24796 -11.16081
 endloop
endfacet
facet normal 0.027449539 -0.5587661 0.82887083
 outer loop
  vertex 9.7545 -243.01886 0.9801714
  vertex 9.613346 -241.58582 1.9509033
  vertex -2.5749207e-05 -242.05807 1.9509033
 endloop
endfacet
facet normal 0.02745062 -0.5587596 0.82887524
 outer loop
  vertex 9.7545 -243.01886 0.9801714
  vertex -2.5749207e-05 -242.05807 1.9509033
  vertex -1.335144e-05 -243.49808 0.9801714
 endloop
endfacet
facet normal 0.0127461 -0.2594665 0.96566796
 outer loop
  vertex 1.9122149 -163.3947 7.3435783
  vertex 0.9607357 -153.73413 9.951847
  vertex -5.9604645e-08 -153.78133 9.951847
 endloop
endfacet
facet normal 0.012747727 -0.25946623 0.9656681
 outer loop
  vertex 1.9122149 -163.3947 7.3435783
  vertex -5.9604645e-08 -153.78133 9.951847
  vertex -4.2915344e-06 -163.48865 7.3435783
 endloop
endfacet
facet normal 0.0017565956 -0.03575776 -0.99935895
 outer loop
  vertex 2.8452885 -172.8683 -11.49142
  vertex 3.7509482 -182.06369 -11.16081
  vertex -5.4836273e-06 -182.24796 -11.16081
 endloop
endfacet
facet normal 0.0017565426 -0.035757747 -0.99935895
 outer loop
  vertex 2.8452885 -172.8683 -11.49142
  vertex -5.4836273e-06 -182.24796 -11.16081
  vertex 1.66893e-06 -173.00807 -11.49142
 endloop
endfacet
facet normal 0.0026807885 -0.05456768 -0.9985065
 outer loop
  vertex 7.9190335 -225.17337 0
  vertex 9.7545 -243.01886 0.9801714
  vertex -1.335144e-05 -243.49808 0.9801714
 endloop
endfacet
facet normal 0.0027076048 -0.05457923 -0.9985057
 outer loop
  vertex 7.9190335 -225.17337 0
  vertex -1.335144e-05 -243.49808 0.9801714
  vertex 1.5238182e-06 -225.56622 0
 endloop
endfacet
facet normal 0.0012302588 -0.025040612 0.99968565
 outer loop
  vertex 2.8452885 -172.8683 7.1051307
  vertex 1.9122149 -163.3947 7.3435783
  vertex -4.2915344e-06 -163.48865 7.3435783
 endloop
endfacet
facet normal 0.0012300895 -0.025040664 0.9996857
 outer loop
  vertex 2.8452885 -172.8683 7.1051307
  vertex -4.2915344e-06 -163.48865 7.3435783
  vertex 1.66893e-06 -173.00807 7.1051307
 endloop
endfacet
facet normal -0.006780775 0.1380352 -0.9904041
 outer loop
  vertex 1.9122149 -163.3947 -10.164671
  vertex 2.8452885 -172.8683 -11.49142
  vertex 1.66893e-06 -173.00807 -11.49142
 endloop
endfacet
facet normal -0.006781718 0.13803539 -0.9904041
 outer loop
  vertex 1.9122149 -163.3947 -10.164671
  vertex 1.66893e-06 -173.00807 -11.49142
  vertex -4.2915344e-06 -163.48865 -10.164671
 endloop
endfacet
facet normal 0.002706898 -0.054565 0.99850655
 outer loop
  vertex 9.7545 -243.01886 -0.9801714
  vertex 7.9190335 -225.17337 0
  vertex 1.5238182e-06 -225.56622 0
 endloop
endfacet
facet normal 0.0026813552 -0.054579232 0.99850583
 outer loop
  vertex 9.7545 -243.01886 -0.9801714
  vertex 1.5238182e-06 -225.56622 0
  vertex -1.335144e-05 -243.49808 -0.9801714
 endloop
endfacet
facet normal -0.011052027 0.22498444 0.97429967
 outer loop
  vertex 3.7509482 -182.06369 9.238795
  vertex 2.8452885 -172.8683 7.1051307
  vertex 1.66893e-06 -173.00807 7.1051307
 endloop
endfacet
facet normal -0.011052323 0.2249843 0.9742997
 outer loop
  vertex 3.7509482 -182.06369 9.238795
  vertex 1.66893e-06 -173.00807 7.1051307
  vertex -5.4836273e-06 -182.24796 9.238795
 endloop
endfacet
facet normal -0.0017073366 0.034751024 -0.99939454
 outer loop
  vertex 0.9607357 -153.73413 -9.827127
  vertex 1.9122149 -163.3947 -10.164671
  vertex -4.2915344e-06 -163.48865 -10.164671
 endloop
endfacet
facet normal -0.001707107 0.034751005 -0.9993946
 outer loop
  vertex 0.9607357 -153.73413 -9.827127
  vertex -4.2915344e-06 -163.48865 -10.164671
  vertex -5.9604645e-08 -153.78133 -9.827127
 endloop
endfacet
facet normal 0.027450932 -0.55876607 -0.8288709
 outer loop
  vertex 9.613346 -241.58582 -1.9509033
  vertex 9.7545 -243.01886 -0.9801714
  vertex -1.335144e-05 -243.49808 -0.9801714
 endloop
endfacet
facet normal 0.027449217 -0.5587597 -0.8288752
 outer loop
  vertex 9.613346 -241.58582 -1.9509033
  vertex -1.335144e-05 -243.49808 -0.9801714
  vertex -2.5749207e-05 -242.05807 -1.9509033
 endloop
endfacet
facet normal 0.014585577 -0.29690817 0.9547946
 outer loop
  vertex 4.6204934 -190.89229 6.4801226
  vertex 3.7509482 -182.06369 9.238795
  vertex -5.4836273e-06 -182.24796 9.238795
 endloop
endfacet
facet normal 0.014586108 -0.29690793 0.9547947
 outer loop
  vertex 4.6204934 -190.89229 6.4801226
  vertex -5.4836273e-06 -182.24796 9.238795
  vertex -1.4305115e-06 -191.11928 6.4801226
 endloop
endfacet
facet normal -0.033954352 0.69119316 -0.721872
 outer loop
  vertex 0.48036784 -148.85687 -5.134553
  vertex 0.9607357 -153.73413 -9.827127
  vertex -5.9604645e-08 -153.78133 -9.827127
 endloop
endfacet
facet normal -0.0339435 0.6911928 -0.7218728
 outer loop
  vertex 0.48036784 -148.85687 -5.134553
  vertex -5.9604645e-08 -153.78133 -9.827127
  vertex -2.9802322e-08 -148.88046 -5.134553
 endloop
endfacet
facet normal 0.018211242 -0.37071025 -0.92857
 outer loop
  vertex 9.379641 -239.21283 -2.9028468
  vertex 9.613346 -241.58582 -1.9509033
  vertex -2.5749207e-05 -242.05807 -1.9509033
 endloop
endfacet
facet normal 0.018212255 -0.37071317 -0.92856884
 outer loop
  vertex 9.379641 -239.21283 -2.9028468
  vertex -2.5749207e-05 -242.05807 -1.9509033
  vertex -1.335144e-05 -239.67363 -2.9028468
 endloop
endfacet
facet normal 0.0029392613 -0.0598302 0.9982043
 outer loop
  vertex 5.4455357 -199.26909 5.975606
  vertex 4.6204934 -190.89229 6.4801226
  vertex -1.4305115e-06 -191.11928 6.4801226
 endloop
endfacet
facet normal 0.0029392159 -0.05983022 0.9982042
 outer loop
  vertex 5.4455357 -199.26909 5.975606
  vertex -1.4305115e-06 -191.11928 6.4801226
  vertex -1.9073486e-06 -199.5366 5.975606
 endloop
endfacet
facet normal 0.013222246 -0.26914075 -0.9630101
 outer loop
  vertex 9.055582 -235.92264 -3.8268344
  vertex 9.379641 -239.21283 -2.9028468
  vertex -1.335144e-05 -239.67363 -2.9028468
 endloop
endfacet
facet normal 0.013222426 -0.26914114 -0.96300995
 outer loop
  vertex 9.055582 -235.92264 -3.8268344
  vertex -1.335144e-05 -239.67363 -2.9028468
  vertex -1.6212463e-05 -236.36752 -3.8268344
 endloop
endfacet
facet normal -0.022280142 0.4535312 0.8909619
 outer loop
  vertex 6.218137 -207.11343 9.987976
  vertex 5.4455357 -199.26909 5.975606
  vertex -1.9073486e-06 -199.5366 5.975606
 endloop
endfacet
facet normal -0.022279708 0.45353147 0.89096177
 outer loop
  vertex 6.218137 -207.11343 9.987976
  vertex -1.9073486e-06 -199.5366 5.975606
  vertex -9.536743e-07 -207.4189 9.987976
 endloop
endfacet
facet normal 0.010162116 -0.20684893 -0.9783201
 outer loop
  vertex 8.644331 -231.74702 -4.713968
  vertex 9.055582 -235.92264 -3.8268344
  vertex -1.6212463e-05 -236.36752 -3.8268344
 endloop
endfacet
facet normal 0.01016177 -0.20684834 -0.97832024
 outer loop
  vertex 8.644331 -231.74702 -4.713968
  vertex -1.6212463e-05 -236.36752 -3.8268344
  vertex -4.7683716e-06 -232.17169 -4.713968
 endloop
endfacet
facet normal 0.004434187 -0.09026344 0.995908
 outer loop
  vertex 6.9308558 -214.3498 9.32894
  vertex 6.218137 -207.11343 9.987976
  vertex -9.536743e-07 -207.4189 9.987976
 endloop
endfacet
facet normal 0.004434456 -0.09026317 0.99590814
 outer loop
  vertex 6.9308558 -214.3498 9.32894
  vertex -9.536743e-07 -207.4189 9.987976
  vertex -2.3841858e-06 -214.69029 9.32894
 endloop
endfacet
facet normal 0.008084345 -0.16456126 -0.9863337
 outer loop
  vertex 8.149826 -226.7262 -5.5557027
  vertex 8.644331 -231.74702 -4.713968
  vertex -4.7683716e-06 -232.17169 -4.713968
 endloop
endfacet
facet normal 0.008084379 -0.1645613 -0.9863338
 outer loop
  vertex 8.149826 -226.7262 -5.5557027
  vertex -4.7683716e-06 -232.17169 -4.713968
  vertex -9.536743e-07 -227.12657 -5.5557027
 endloop
endfacet
facet normal 0.005387707 -0.10966652 0.9939539
 outer loop
  vertex 7.576808 -220.90839 8.601806
  vertex 6.9308558 -214.3498 9.32894
  vertex -2.3841858e-06 -214.69029 9.32894
 endloop
endfacet
facet normal 0.0053875423 -0.10966672 0.9939538
 outer loop
  vertex 7.576808 -220.90839 8.601806
  vertex -2.3841858e-06 -214.69029 9.32894
  vertex -1.4781952e-05 -221.28061 8.601806
 endloop
endfacet
facet normal 0.0065643974 -0.13362136 -0.9910107
 outer loop
  vertex 7.576808 -220.90839 -6.3439336
  vertex 8.149826 -226.7262 -5.5557027
  vertex -9.536743e-07 -227.12657 -5.5557027
 endloop
endfacet
facet normal 0.0065643457 -0.1336213 -0.99101067
 outer loop
  vertex 7.576808 -220.90839 -6.3439336
  vertex -9.536743e-07 -227.12657 -5.5557027
  vertex -1.4781952e-05 -221.28061 -6.3439336
 endloop
endfacet
facet normal 0.006564349 -0.1336213 0.9910108
 outer loop
  vertex 8.149826 -226.7262 7.8135753
  vertex 7.576808 -220.90839 8.601806
  vertex -1.4781952e-05 -221.28061 8.601806
 endloop
endfacet
facet normal 0.00656439 -0.13362125 0.9910107
 outer loop
  vertex 8.149826 -226.7262 7.8135753
  vertex -1.4781952e-05 -221.28061 8.601806
  vertex -9.536743e-07 -227.12657 7.8135753
 endloop
endfacet
facet normal 0.0053875316 -0.10966647 -0.9939539
 outer loop
  vertex 6.9308558 -214.3498 -7.071068
  vertex 7.576808 -220.90839 -6.3439336
  vertex -1.4781952e-05 -221.28061 -6.3439336
 endloop
endfacet
facet normal 0.0053877137 -0.10966665 -0.9939538
 outer loop
  vertex 6.9308558 -214.3498 -7.071068
  vertex -1.4781952e-05 -221.28061 -6.3439336
  vertex -2.3841858e-06 -214.69029 -7.071068
 endloop
endfacet
facet normal 0.034876242 -0.70992213 -0.7034162
 outer loop
  vertex 8.182614 -225.89056 6.97184
  vertex 8.149826 -226.7262 7.8135753
  vertex -9.536743e-07 -227.12657 7.8135753
 endloop
endfacet
facet normal 0.034271065 -0.70755637 -0.7058253
 outer loop
  vertex 8.182614 -225.89056 6.97184
  vertex -9.536743e-07 -227.12657 7.8135753
  vertex -3.870584e-06 -226.2869 6.97184
 endloop
endfacet
facet normal 0.016431717 -0.3344668 -0.9422642
 outer loop
  vertex 6.218137 -207.11343 -9.65212
  vertex 6.9308558 -214.3498 -7.071068
  vertex -2.3841858e-06 -214.69029 -7.071068
 endloop
endfacet
facet normal 0.016430642 -0.334466 -0.94226456
 outer loop
  vertex 6.218137 -207.11343 -9.65212
  vertex -2.3841858e-06 -214.69029 -7.071068
  vertex -9.536743e-07 -207.4189 -9.65212
 endloop
endfacet
facet normal 0.030316131 -0.6259031 0.7793114
 outer loop
  vertex 8.571899 -229.78755 3.8268344
  vertex 8.182614 -225.89056 6.97184
  vertex -3.870584e-06 -226.2869 6.97184
 endloop
endfacet
facet normal 0.030315354 -0.62590426 0.7793105
 outer loop
  vertex 8.571899 -229.78755 3.8268344
  vertex -3.870584e-06 -226.2869 6.97184
  vertex -1.4703415e-05 -230.20273 3.8268344
 endloop
endfacet
facet normal 0.003633356 -0.073961526 -0.9972545
 outer loop
  vertex 5.4455357 -199.26909 -10.2367115
  vertex 6.218137 -207.11343 -9.65212
  vertex -9.536743e-07 -207.4189 -9.65212
 endloop
endfacet
facet normal 0.0036334302 -0.07396157 -0.9972545
 outer loop
  vertex 5.4455357 -199.26909 -10.2367115
  vertex -9.536743e-07 -207.4189 -9.65212
  vertex -1.9073486e-06 -199.5366 -10.2367115
 endloop
endfacet
facet normal 0.004706123 -0.097164676 0.99525726
 outer loop
  vertex 9.379641 -239.21283 2.9028468
  vertex 8.571899 -229.78755 3.8268344
  vertex -1.4703415e-05 -230.20273 3.8268344
 endloop
endfacet
facet normal 0.004770223 -0.09709858 0.9952634
 outer loop
  vertex 9.379641 -239.21283 2.9028468
  vertex -1.4703415e-05 -230.20273 3.8268344
  vertex -1.335144e-05 -239.67363 2.9028468
 endloop
endfacet
facet normal -0.0017565947 -0.035757743 -0.99935895
 outer loop
  vertex 1.66893e-06 -173.00807 -11.49142
  vertex -5.4836273e-06 -182.24796 -11.16081
  vertex -3.7509592 -182.06369 -11.16081
 endloop
endfacet
facet normal -0.0017565435 -0.03575776 -0.99935895
 outer loop
  vertex 1.66893e-06 -173.00807 -11.49142
  vertex -3.7509592 -182.06369 -11.16081
  vertex -2.8452852 -172.8683 -11.49142
 endloop
endfacet
facet normal -0.0026813557 -0.054579232 -0.99850583
 outer loop
  vertex 1.5238182e-06 -225.56622 0
  vertex -1.335144e-05 -243.49808 0.9801714
  vertex -9.754528 -243.01886 0.9801714
 endloop
endfacet
facet normal -0.0027068986 -0.054565 -0.99850655
 outer loop
  vertex 1.5238182e-06 -225.56622 0
  vertex -9.754528 -243.01886 0.9801714
  vertex -7.9190307 -225.17337 0
 endloop
endfacet
facet normal -0.0012302615 -0.025040666 0.99968565
 outer loop
  vertex 1.66893e-06 -173.00807 7.1051307
  vertex -4.2915344e-06 -163.48865 7.3435783
  vertex -1.9122233 -163.3947 7.3435783
 endloop
endfacet
facet normal -0.0012300877 -0.02504063 0.9996857
 outer loop
  vertex 1.66893e-06 -173.00807 7.1051307
  vertex -1.9122233 -163.3947 7.3435783
  vertex -2.8452852 -172.8683 7.1051307
 endloop
endfacet
facet normal 0.0067807846 0.13803539 -0.99040407
 outer loop
  vertex -4.2915344e-06 -163.48865 -10.164671
  vertex 1.66893e-06 -173.00807 -11.49142
  vertex -2.8452852 -172.8683 -11.49142
 endloop
endfacet
facet normal 0.006781757 0.13803512 -0.9904041
 outer loop
  vertex -4.2915344e-06 -163.48865 -10.164671
  vertex -2.8452852 -172.8683 -11.49142
  vertex -1.9122233 -163.3947 -10.164671
 endloop
endfacet
facet normal -0.002707604 -0.054579232 0.99850583
 outer loop
  vertex -1.335144e-05 -243.49808 -0.9801714
  vertex 1.5238182e-06 -225.56622 0
  vertex -7.9190307 -225.17337 0
 endloop
endfacet
facet normal -0.0026807871 -0.054567676 0.9985065
 outer loop
  vertex -1.335144e-05 -243.49808 -0.9801714
  vertex -7.9190307 -225.17337 0
  vertex -9.754528 -243.01886 -0.9801714
 endloop
endfacet
facet normal 0.01105202 0.22498429 0.97429967
 outer loop
  vertex -5.4836273e-06 -182.24796 9.238795
  vertex 1.66893e-06 -173.00807 7.1051307
  vertex -2.8452852 -172.8683 7.1051307
 endloop
endfacet
facet normal 0.011052327 0.22498439 0.97429967
 outer loop
  vertex -5.4836273e-06 -182.24796 9.238795
  vertex -2.8452852 -172.8683 7.1051307
  vertex -3.7509592 -182.06369 9.238795
 endloop
endfacet
facet normal 0.0017073356 0.034750998 -0.99939454
 outer loop
  vertex -5.9604645e-08 -153.78133 -9.827127
  vertex -4.2915344e-06 -163.48865 -10.164671
  vertex -1.9122233 -163.3947 -10.164671
 endloop
endfacet
facet normal 0.0017071089 0.034751046 -0.9993946
 outer loop
  vertex -5.9604645e-08 -153.78133 -9.827127
  vertex -1.9122233 -163.3947 -10.164671
  vertex -0.96073586 -153.73413 -9.827127
 endloop
endfacet
facet normal -0.02745063 -0.55876 -0.82887495
 outer loop
  vertex -2.5749207e-05 -242.05807 -1.9509033
  vertex -1.335144e-05 -243.49808 -0.9801714
  vertex -9.754528 -243.01886 -0.9801714
 endloop
endfacet
facet normal -0.027449561 -0.55876654 -0.8288707
 outer loop
  vertex -2.5749207e-05 -242.05807 -1.9509033
  vertex -9.754528 -243.01886 -0.9801714
  vertex -9.613397 -241.58582 -1.9509033
 endloop
endfacet
facet normal -0.014585566 -0.29690793 0.95479476
 outer loop
  vertex -1.4305115e-06 -191.11928 6.4801226
  vertex -5.4836273e-06 -182.24796 9.238795
  vertex -3.7509592 -182.06369 9.238795
 endloop
endfacet
facet normal -0.014586117 -0.29690814 0.9547946
 outer loop
  vertex -1.4305115e-06 -191.11928 6.4801226
  vertex -3.7509592 -182.06369 9.238795
  vertex -4.6204963 -190.89229 6.4801226
 endloop
endfacet
facet normal 0.033954322 0.69119257 -0.7218725
 outer loop
  vertex -2.9802322e-08 -148.88046 -5.134553
  vertex -5.9604645e-08 -153.78133 -9.827127
  vertex -0.96073586 -153.73413 -9.827127
 endloop
endfacet
facet normal 0.033943556 0.69119394 -0.72187173
 outer loop
  vertex -2.9802322e-08 -148.88046 -5.134553
  vertex -0.96073586 -153.73413 -9.827127
  vertex -0.48036793 -148.85687 -5.134553
 endloop
endfacet
facet normal -0.018211382 -0.37071303 -0.9285689
 outer loop
  vertex -1.335144e-05 -239.67363 -2.9028468
  vertex -2.5749207e-05 -242.05807 -1.9509033
  vertex -9.613397 -241.58582 -1.9509033
 endloop
endfacet
facet normal -0.018212108 -0.37071 -0.9285701
 outer loop
  vertex -1.335144e-05 -239.67363 -2.9028468
  vertex -9.613397 -241.58582 -1.9509033
  vertex -9.379667 -239.21283 -2.9028468
 endloop
endfacet
facet normal -0.0029392624 -0.059830222 0.9982042
 outer loop
  vertex -1.9073486e-06 -199.5366 5.975606
  vertex -1.4305115e-06 -191.11928 6.4801226
  vertex -4.6204963 -190.89229 6.4801226
 endloop
endfacet
facet normal -0.002939215 -0.059830204 0.9982043
 outer loop
  vertex -1.9073486e-06 -199.5366 5.975606
  vertex -4.6204963 -190.89229 6.4801226
  vertex -5.4455395 -199.26909 5.975606
 endloop
endfacet
facet normal -0.013222267 -0.26914117 -0.96300995
 outer loop
  vertex -1.6212463e-05 -236.36752 -3.8268344
  vertex -1.335144e-05 -239.67363 -2.9028468
  vertex -9.379667 -239.21283 -2.9028468
 endloop
endfacet
facet normal -0.013222399 -0.26914075 -0.9630101
 outer loop
  vertex -1.6212463e-05 -236.36752 -3.8268344
  vertex -9.379667 -239.21283 -2.9028468
  vertex -9.055614 -235.92264 -3.8268344
 endloop
endfacet
facet normal 0.022280157 0.45353147 0.8909617
 outer loop
  vertex -9.536743e-07 -207.4189 9.987976
  vertex -1.9073486e-06 -199.5366 5.975606
  vertex -5.4455395 -199.26909 5.975606
 endloop
endfacet
facet normal 0.022279695 0.45353124 0.8909619
 outer loop
  vertex -9.536743e-07 -207.4189 9.987976
  vertex -5.4455395 -199.26909 5.975606
  vertex -6.2181387 -207.11343 9.987976
 endloop
endfacet
facet normal -0.010162083 -0.2068483 -0.9783203
 outer loop
  vertex -4.7683716e-06 -232.17169 -4.713968
  vertex -1.6212463e-05 -236.36752 -3.8268344
  vertex -9.055614 -235.92264 -3.8268344
 endloop
endfacet
facet normal -0.010161798 -0.20684892 -0.9783201
 outer loop
  vertex -4.7683716e-06 -232.17169 -4.713968
  vertex -9.055614 -235.92264 -3.8268344
  vertex -8.6443405 -231.74702 -4.713968
 endloop
endfacet
facet normal -0.0044341735 -0.090263166 0.995908
 outer loop
  vertex -2.3841858e-06 -214.69029 9.32894
  vertex -9.536743e-07 -207.4189 9.987976
  vertex -6.2181387 -207.11343 9.987976
 endloop
endfacet
facet normal -0.0044344673 -0.090263404 0.995908
 outer loop
  vertex -2.3841858e-06 -214.69029 9.32894
  vertex -6.2181387 -207.11343 9.987976
  vertex -6.930861 -214.3498 9.32894
 endloop
endfacet
facet normal -0.0080843475 -0.16456129 -0.9863337
 outer loop
  vertex -9.536743e-07 -227.12657 -5.5557027
  vertex -4.7683716e-06 -232.17169 -4.713968
  vertex -8.6443405 -231.74702 -4.713968
 endloop
endfacet
facet normal -0.008084375 -0.16456124 -0.9863338
 outer loop
  vertex -9.536743e-07 -227.12657 -5.5557027
  vertex -8.6443405 -231.74702 -4.713968
  vertex -8.149828 -226.7262 -5.5557027
 endloop
endfacet
facet normal -0.0053877155 -0.10966669 0.9939538
 outer loop
  vertex -1.4781952e-05 -221.28061 8.601806
  vertex -2.3841858e-06 -214.69029 9.32894
  vertex -6.930861 -214.3498 9.32894
 endloop
endfacet
facet normal -0.0053875316 -0.10966651 0.9939538
 outer loop
  vertex -1.4781952e-05 -221.28061 8.601806
  vertex -6.930861 -214.3498 9.32894
  vertex -7.576838 -220.90839 8.601806
 endloop
endfacet
facet normal -0.0065643964 -0.13362134 -0.9910107
 outer loop
  vertex -1.4781952e-05 -221.28061 -6.3439336
  vertex -9.536743e-07 -227.12657 -5.5557027
  vertex -8.149828 -226.7262 -5.5557027
 endloop
endfacet
facet normal -0.0065643606 -0.1336214 -0.99101067
 outer loop
  vertex -1.4781952e-05 -221.28061 -6.3439336
  vertex -8.149828 -226.7262 -5.5557027
  vertex -7.576838 -220.90839 -6.3439336
 endloop
endfacet
facet normal -0.006564347 -0.13362126 0.9910108
 outer loop
  vertex -9.536743e-07 -227.12657 7.8135753
  vertex -1.4781952e-05 -221.28061 8.601806
  vertex -7.576838 -220.90839 8.601806
 endloop
endfacet
facet normal -0.0065643936 -0.13362132 0.9910107
 outer loop
  vertex -9.536743e-07 -227.12657 7.8135753
  vertex -7.576838 -220.90839 8.601806
  vertex -8.149828 -226.7262 7.8135753
 endloop
endfacet
facet normal -0.005387539 -0.10966663 -0.9939539
 outer loop
  vertex -2.3841858e-06 -214.69029 -7.071068
  vertex -1.4781952e-05 -221.28061 -6.3439336
  vertex -7.576838 -220.90839 -6.3439336
 endloop
endfacet
facet normal -0.0053877025 -0.10966644 -0.9939539
 outer loop
  vertex -2.3841858e-06 -214.69029 -7.071068
  vertex -7.576838 -220.90839 -6.3439336
  vertex -6.930861 -214.3498 -7.071068
 endloop
endfacet
facet normal -0.03475944 -0.70754457 -0.7058133
 outer loop
  vertex -3.870584e-06 -226.2869 6.97184
  vertex -9.536743e-07 -227.12657 7.8135753
  vertex -8.149828 -226.7262 7.8135753
 endloop
endfacet
facet normal -0.034385785 -0.70992476 -0.7034377
 outer loop
  vertex -3.870584e-06 -226.2869 6.97184
  vertex -8.149828 -226.7262 7.8135753
  vertex -8.182622 -225.89056 6.97184
 endloop
endfacet
facet normal -0.016431678 -0.33446598 -0.94226456
 outer loop
  vertex -9.536743e-07 -207.4189 -9.65212
  vertex -2.3841858e-06 -214.69029 -7.071068
  vertex -6.930861 -214.3498 -7.071068
 endloop
endfacet
facet normal -0.016430644 -0.3344669 -0.94226426
 outer loop
  vertex -9.536743e-07 -207.4189 -9.65212
  vertex -6.930861 -214.3498 -7.071068
  vertex -6.2181387 -207.11343 -9.65212
 endloop
endfacet
facet normal -0.030316178 -0.62590414 0.7793106
 outer loop
  vertex -1.4703415e-05 -230.20273 3.8268344
  vertex -3.870584e-06 -226.2869 6.97184
  vertex -8.182622 -225.89056 6.97184
 endloop
endfacet
facet normal -0.030315295 -0.62590307 0.7793114
 outer loop
  vertex -1.4703415e-05 -230.20273 3.8268344
  vertex -8.182622 -225.89056 6.97184
  vertex -8.571929 -229.78755 3.8268344
 endloop
endfacet
facet normal -0.0036333585 -0.07396158 -0.9972545
 outer loop
  vertex -1.9073486e-06 -199.5366 -10.2367115
  vertex -9.536743e-07 -207.4189 -9.65212
  vertex -6.2181387 -207.11343 -9.65212
 endloop
endfacet
facet normal -0.0036334386 -0.07396152 -0.9972545
 outer loop
  vertex -1.9073486e-06 -199.5366 -10.2367115
  vertex -6.2181387 -207.11343 -9.65212
  vertex -5.4455395 -199.26909 -10.2367115
 endloop
endfacet
facet normal -0.004702922 -0.0970986 0.99526364
 outer loop
  vertex -1.335144e-05 -239.67363 2.9028468
  vertex -1.4703415e-05 -230.20273 3.8268344
  vertex -8.571929 -229.78755 3.8268344
 endloop
endfacet
facet normal -0.0047731884 -0.097158946 0.99525744
 outer loop
  vertex -1.335144e-05 -239.67363 2.9028468
  vertex -8.571929 -229.78755 3.8268344
  vertex -9.379667 -239.21283 2.9028468
 endloop
endfacet
facet normal -0.0029392152 -0.05983022 -0.9982042
 outer loop
  vertex -1.4305115e-06 -191.11928 -10.741228
  vertex -1.9073486e-06 -199.5366 -10.2367115
  vertex -5.4455395 -199.26909 -10.2367115
 endloop
endfacet
facet normal -0.0029392606 -0.059830192 -0.9982043
 outer loop
  vertex -1.4305115e-06 -191.11928 -10.741228
  vertex -5.4455395 -199.26909 -10.2367115
  vertex -4.6204963 -190.89229 -10.741228
 endloop
endfacet
facet normal -0.018212253 -0.37071303 0.92856884
 outer loop
  vertex -2.5749207e-05 -242.05807 1.9509033
  vertex -1.335144e-05 -239.67363 2.9028468
  vertex -9.379667 -239.21283 2.9028468
 endloop
endfacet
facet normal -0.018211229 -0.37071007 0.92857015
 outer loop
  vertex -2.5749207e-05 -242.05807 1.9509033
  vertex -9.379667 -239.21283 2.9028468
  vertex -9.613397 -241.58582 1.9509033
 endloop
endfacet
facet normal -0.00024132778 -0.0049126465 0.99998796
 outer loop
  vertex -5.9604645e-08 -153.78133 9.951847
  vertex 0 -143.97961 10
  vertex -0.96073586 -153.73413 9.951847
 endloop
endfacet
facet normal -0.0023209204 -0.047243547 -0.9988807
 outer loop
  vertex -5.4836273e-06 -182.24796 -11.16081
  vertex -1.4305115e-06 -191.11928 -10.741228
  vertex -4.6204963 -190.89229 -10.741228
 endloop
endfacet
facet normal -0.0023208344 -0.04724359 -0.9988807
 outer loop
  vertex -5.4836273e-06 -182.24796 -11.16081
  vertex -4.6204963 -190.89229 -10.741228
  vertex -3.7509592 -182.06369 -11.16081
 endloop
endfacet
facet normal -0.027449239 -0.5587599 0.828875
 outer loop
  vertex -1.335144e-05 -243.49808 0.9801714
  vertex -2.5749207e-05 -242.05807 1.9509033
  vertex -9.613397 -241.58582 1.9509033
 endloop
endfacet
facet normal -0.02745094 -0.5587663 0.8288706
 outer loop
  vertex -1.335144e-05 -243.49808 0.9801714
  vertex -9.613397 -241.58582 1.9509033
  vertex -9.754528 -243.01886 0.9801714
 endloop
endfacet
facet normal -0.012746085 -0.25946623 0.9656681
 outer loop
  vertex -4.2915344e-06 -163.48865 7.3435783
  vertex -5.9604645e-08 -153.78133 9.951847
  vertex -0.96073586 -153.73413 9.951847
 endloop
endfacet
facet normal -0.012747735 -0.25946635 0.965668
 outer loop
  vertex -4.2915344e-06 -163.48865 7.3435783
  vertex -0.96073586 -153.73413 9.951847
  vertex -1.9122233 -163.3947 7.3435783
 endloop
endfacet
facet normal -0.70228285 0.09382612 -0.70568794
 outer loop
  vertex -0.96073586 -153.73413 -9.827127
  vertex -1.9122233 -163.3947 -10.164671
  vertex -3.806027 -163.11378 -8.242656
 endloop
endfacet
facet normal -0.8743035 0.18974899 -0.44675344
 outer loop
  vertex -0.96073586 -153.73413 -9.827127
  vertex -3.806027 -163.11378 -8.242656
  vertex -1.9122192 -153.59299 -7.905112
 endloop
endfacet
facet normal -0.082087174 -0.55338544 -0.8288705
 outer loop
  vertex -9.613397 -241.58582 -1.9509033
  vertex -9.754528 -243.01886 -0.9801714
  vertex -19.4151 -241.58585 -0.9801714
 endloop
endfacet
facet normal -0.08208741 -0.5533818 -0.82887286
 outer loop
  vertex -9.613397 -241.58582 -1.9509033
  vertex -19.4151 -241.58585 -0.9801714
  vertex -19.134186 -240.17352 -1.9509033
 endloop
endfacet
facet normal -0.043617837 -0.2940488 0.9547946
 outer loop
  vertex -4.6204963 -190.89229 6.4801226
  vertex -3.7509592 -182.06369 9.238795
  vertex -7.465789 -181.51265 9.238795
 endloop
endfacet
facet normal -0.043618154 -0.29404888 0.9547946
 outer loop
  vertex -4.6204963 -190.89229 6.4801226
  vertex -7.465789 -181.51265 9.238795
  vertex -9.196493 -190.2135 6.4801226
 endloop
endfacet
facet normal -0.77275276 0.47793946 -0.41764465
 outer loop
  vertex -0.48036793 -148.85687 -5.134553
  vertex -0.96073586 -153.73413 -9.827127
  vertex -1.9122192 -153.59299 -7.905112
 endloop
endfacet
facet normal -0.7727527 0.47793943 -0.4176447
 outer loop
  vertex -0.48036793 -148.85687 -5.134553
  vertex -1.9122192 -153.59299 -7.905112
  vertex -0.9561096 -148.7863 -4.1735454
 endloop
endfacet
facet normal -0.05446068 -0.3671397 -0.9285701
 outer loop
  vertex -9.379667 -239.21283 -2.9028468
  vertex -9.613397 -241.58582 -1.9509033
  vertex -19.134186 -240.17352 -1.9509033
 endloop
endfacet
facet normal -0.05446016 -0.36714348 -0.92856866
 outer loop
  vertex -9.379667 -239.21283 -2.9028468
  vertex -19.134186 -240.17352 -1.9509033
  vertex -18.66899 -237.8349 -2.9028468
 endloop
endfacet
facet normal -0.008789528 -0.05925399 0.9982042
 outer loop
  vertex -5.4455395 -199.26909 5.975606
  vertex -4.6204963 -190.89229 6.4801226
  vertex -9.196493 -190.2135 6.4801226
 endloop
endfacet
facet normal -0.008789656 -0.059254047 0.9982043
 outer loop
  vertex -5.4455395 -199.26909 5.975606
  vertex -9.196493 -190.2135 6.4801226
  vertex -10.838634 -198.46909 5.975606
 endloop
endfacet
facet normal -0.039538473 -0.26654887 -0.96301013
 outer loop
  vertex -9.055614 -235.92264 -3.8268344
  vertex -9.379667 -239.21283 -2.9028468
  vertex -18.66899 -237.8349 -2.9028468
 endloop
endfacet
facet normal -0.039538447 -0.26654902 -0.96301
 outer loop
  vertex -9.055614 -235.92264 -3.8268344
  vertex -18.66899 -237.8349 -2.9028468
  vertex -18.024002 -234.59232 -3.8268344
 endloop
endfacet
facet normal 0.06662817 0.44916332 0.8909618
 outer loop
  vertex -6.2181387 -207.11343 9.987976
  vertex -5.4455395 -199.26909 5.975606
  vertex -10.838634 -198.46909 5.975606
 endloop
endfacet
facet normal -0.29655904 0.26707935 0.91690856
 outer loop
  vertex -6.2181387 -207.11343 9.987976
  vertex -10.838634 -198.46909 5.975606
  vertex -12.376392 -206.19994 7.730104
 endloop
endfacet
facet normal -0.030387357 -0.20485681 -0.9783201
 outer loop
  vertex -8.6443405 -231.74702 -4.713968
  vertex -9.055614 -235.92264 -3.8268344
  vertex -18.024002 -234.59232 -3.8268344
 endloop
endfacet
facet normal -0.03038748 -0.20485644 -0.97832024
 outer loop
  vertex -8.6443405 -231.74702 -4.713968
  vertex -18.024002 -234.59232 -3.8268344
  vertex -17.205425 -230.47711 -4.713968
 endloop
endfacet
facet normal -0.35040778 -0.05066138 0.9352261
 outer loop
  vertex -6.930861 -214.3498 9.32894
  vertex -6.2181387 -207.11343 9.987976
  vertex -12.376392 -206.19994 7.730104
 endloop
endfacet
facet normal -0.31569704 -0.02485774 0.94853437
 outer loop
  vertex -6.930861 -214.3498 9.32894
  vertex -12.376392 -206.19994 7.730104
  vertex -13.794971 -213.3316 7.071068
 endloop
endfacet
facet normal -0.024175186 -0.16297641 -0.9863337
 outer loop
  vertex -8.149828 -226.7262 -5.5557027
  vertex -8.6443405 -231.74702 -4.713968
  vertex -17.205425 -230.47711 -4.713968
 endloop
endfacet
facet normal -0.02417518 -0.16297644 -0.9863338
 outer loop
  vertex -8.149828 -226.7262 -5.5557027
  vertex -17.205425 -230.47711 -4.713968
  vertex -16.221169 -225.52893 -5.5557027
 endloop
endfacet
facet normal -0.32139122 -0.07301812 0.9441271
 outer loop
  vertex -7.576838 -220.90839 8.601806
  vertex -6.930861 -214.3498 9.32894
  vertex -13.794971 -213.3316 7.071068
 endloop
endfacet
facet normal -0.29442206 -0.0488038 0.95442855
 outer loop
  vertex -7.576838 -220.90839 8.601806
  vertex -13.794971 -213.3316 7.071068
  vertex -15.080692 -219.7953 6.3439336
 endloop
endfacet
facet normal -0.019629907 -0.13233459 -0.9910107
 outer loop
  vertex -7.576838 -220.90839 -6.3439336
  vertex -8.149828 -226.7262 -5.5557027
  vertex -16.221169 -225.52893 -5.5557027
 endloop
endfacet
facet normal -0.019629836 -0.1323347 -0.99101067
 outer loop
  vertex -7.576838 -220.90839 -6.3439336
  vertex -16.221169 -225.52893 -5.5557027
  vertex -15.080692 -219.7953 -6.3439336
 endloop
endfacet
facet normal -0.30015367 -0.098979175 0.94874173
 outer loop
  vertex -8.149828 -226.7262 7.8135753
  vertex -7.576838 -220.90839 8.601806
  vertex -15.080692 -219.7953 6.3439336
 endloop
endfacet
facet normal -0.27906787 -0.0760889 0.95725214
 outer loop
  vertex -8.149828 -226.7262 7.8135753
  vertex -15.080692 -219.7953 6.3439336
  vertex -16.221169 -225.52893 5.5557027
 endloop
endfacet
facet normal -0.016110688 -0.10861029 -0.9939539
 outer loop
  vertex -6.930861 -214.3498 -7.071068
  vertex -7.576838 -220.90839 -6.3439336
  vertex -15.080692 -219.7953 -6.3439336
 endloop
endfacet
facet normal -0.016110707 -0.10861025 -0.9939539
 outer loop
  vertex -6.930861 -214.3498 -7.071068
  vertex -15.080692 -219.7953 -6.3439336
  vertex -13.794971 -213.3316 -7.071068
 endloop
endfacet
facet normal 0.09219586 -0.704854 -0.7033354
 outer loop
  vertex -8.182622 -225.89056 6.97184
  vertex -8.149828 -226.7262 7.8135753
  vertex -16.221169 -225.52893 5.5557027
 endloop
endfacet
facet normal -0.1777057 -0.13057433 0.9753825
 outer loop
  vertex -8.182622 -225.89056 6.97184
  vertex -16.221169 -225.52893 5.5557027
  vertex -17.205425 -230.47711 4.713968
 endloop
endfacet
facet normal -0.04913537 -0.33124575 -0.94226426
 outer loop
  vertex -6.2181387 -207.11343 -9.65212
  vertex -6.930861 -214.3498 -7.071068
  vertex -13.794971 -213.3316 -7.071068
 endloop
endfacet
facet normal -0.30160573 -0.028075144 -0.9530193
 outer loop
  vertex -6.2181387 -207.11343 -9.65212
  vertex -13.794971 -213.3316 -7.071068
  vertex -12.376392 -206.19994 -7.730104
 endloop
endfacet
facet normal 0.12900583 -0.63055223 0.76535046
 outer loop
  vertex -8.571929 -229.78755 3.8268344
  vertex -8.182622 -225.89056 6.97184
  vertex -17.205425 -230.47711 4.713968
 endloop
endfacet
facet normal 0.11772379 -0.2315897 0.96566427
 outer loop
  vertex -8.571929 -229.78755 3.8268344
  vertex -17.205425 -230.47711 4.713968
  vertex -18.024002 -234.59232 3.8268344
 endloop
endfacet
facet normal -0.30322734 -0.041083995 -0.9520322
 outer loop
  vertex -5.4455395 -199.26909 -10.2367115
  vertex -6.2181387 -207.11343 -9.65212
  vertex -12.376392 -206.19994 -7.730104
 endloop
endfacet
facet normal -0.33626896 -0.004325891 -0.941756
 outer loop
  vertex -5.4455395 -199.26909 -10.2367115
  vertex -12.376392 -206.19994 -7.730104
  vertex -10.838634 -198.46909 -8.314696
 endloop
endfacet
facet normal 0.051761728 -0.1018272 0.9934546
 outer loop
  vertex -9.379667 -239.21283 2.9028468
  vertex -8.571929 -229.78755 3.8268344
  vertex -18.024002 -234.59232 3.8268344
 endloop
endfacet
facet normal -0.039538484 -0.266549 0.96301
 outer loop
  vertex -9.379667 -239.21283 2.9028468
  vertex -18.024002 -234.59232 3.8268344
  vertex -18.66899 -237.8349 2.9028468
 endloop
endfacet
facet normal -0.33867598 -0.023294505 -0.9406147
 outer loop
  vertex -4.6204963 -190.89229 -10.741228
  vertex -5.4455395 -199.26909 -10.2367115
  vertex -10.838634 -198.46909 -8.314696
 endloop
endfacet
facet normal -0.3846334 0.020111084 -0.9228503
 outer loop
  vertex -4.6204963 -190.89229 -10.741228
  vertex -10.838634 -198.46909 -8.314696
  vertex -9.196493 -190.2135 -8.819213
 endloop
endfacet
facet normal -0.054459605 -0.36713982 0.92857015
 outer loop
  vertex -9.613397 -241.58582 1.9509033
  vertex -9.379667 -239.21283 2.9028468
  vertex -18.66899 -237.8349 2.9028468
 endloop
endfacet
facet normal -0.054461207 -0.3671433 0.9285687
 outer loop
  vertex -9.613397 -241.58582 1.9509033
  vertex -18.66899 -237.8349 2.9028468
  vertex -19.134186 -240.17352 1.9509033
 endloop
endfacet
facet normal -0.0007217296 -0.004865332 0.99998796
 outer loop
  vertex -0.96073586 -153.73413 9.951847
  vertex 0 -143.97961 10
  vertex -1.9122192 -153.59299 9.951847
 endloop
endfacet
facet normal -0.38794816 -0.0055930526 -0.9216643
 outer loop
  vertex -3.7509592 -182.06369 -11.16081
  vertex -4.6204963 -190.89229 -10.741228
  vertex -9.196493 -190.2135 -8.819213
 endloop
endfacet
facet normal -0.45347157 0.047281615 -0.8900157
 outer loop
  vertex -3.7509592 -182.06369 -11.16081
  vertex -9.196493 -190.2135 -8.819213
  vertex -7.465789 -181.51265 -9.238795
 endloop
endfacet
facet normal -0.082087934 -0.5533853 0.8288704
 outer loop
  vertex -9.754528 -243.01886 0.9801714
  vertex -9.613397 -241.58582 1.9509033
  vertex -19.134186 -240.17352 1.9509033
 endloop
endfacet
facet normal -0.08208665 -0.5533819 0.8288728
 outer loop
  vertex -9.754528 -243.01886 0.9801714
  vertex -19.134186 -240.17352 1.9509033
  vertex -19.4151 -241.58585 0.9801714
 endloop
endfacet
facet normal -0.038118765 -0.2569675 0.96566796
 outer loop
  vertex -1.9122233 -163.3947 7.3435783
  vertex -0.96073586 -153.73413 9.951847
  vertex -1.9122192 -153.59299 9.951847
 endloop
endfacet
facet normal -0.038116783 -0.2569675 0.9656681
 outer loop
  vertex -1.9122233 -163.3947 7.3435783
  vertex -1.9122192 -153.59299 9.951847
  vertex -3.806027 -163.11378 7.3435783
 endloop
endfacet
facet normal -0.4579484 0.013145654 -0.8888816
 outer loop
  vertex -2.8452852 -172.8683 -11.49142
  vertex -3.7509592 -182.06369 -11.16081
  vertex -7.465789 -181.51265 -9.238795
 endloop
endfacet
facet normal -0.5535699 0.0798704 -0.8289639
 outer loop
  vertex -2.8452852 -172.8683 -11.49142
  vertex -7.465789 -181.51265 -9.238795
  vertex -5.66317 -172.4503 -9.569404
 endloop
endfacet
facet normal -0.008013024 -0.054019295 -0.99850774
 outer loop
  vertex -7.9190307 -225.17337 0
  vertex -9.754528 -243.01886 0.9801714
  vertex -19.4151 -241.58585 0.9801714
 endloop
endfacet
facet normal -0.008084343 -0.053969476 -0.9985099
 outer loop
  vertex -7.9190307 -225.17337 0
  vertex -19.4151 -241.58585 0.9801714
  vertex -15.761797 -223.99857 0
 endloop
endfacet
facet normal -0.0036785903 -0.024799474 0.99968565
 outer loop
  vertex -2.8452852 -172.8683 7.1051307
  vertex -1.9122233 -163.3947 7.3435783
  vertex -3.806027 -163.11378 7.3435783
 endloop
endfacet
facet normal -0.0036787116 -0.024799487 0.9996857
 outer loop
  vertex -2.8452852 -172.8683 7.1051307
  vertex -3.806027 -163.11378 7.3435783
  vertex -5.66317 -172.4503 7.1051307
 endloop
endfacet
facet normal -0.5382149 0.1686544 -0.82576054
 outer loop
  vertex -1.9122233 -163.3947 -10.164671
  vertex -2.8452852 -172.8683 -11.49142
  vertex -5.66317 -172.4503 -9.569404
 endloop
endfacet
facet normal -0.67528963 0.23372965 -0.69953877
 outer loop
  vertex -1.9122233 -163.3947 -10.164671
  vertex -5.66317 -172.4503 -9.569404
  vertex -3.806027 -163.11378 -8.242656
 endloop
endfacet
facet normal -0.008090606 -0.054011304 0.99850756
 outer loop
  vertex -9.754528 -243.01886 -0.9801714
  vertex -7.9190307 -225.17337 0
  vertex -15.761797 -223.99857 0
 endloop
endfacet
facet normal -0.00800799 -0.053985316 0.9985096
 outer loop
  vertex -9.754528 -243.01886 -0.9801714
  vertex -15.761797 -223.99857 0
  vertex -19.4151 -241.58585 -0.9801714
 endloop
endfacet
facet normal 0.033052307 0.22281757 0.97429967
 outer loop
  vertex -3.7509592 -182.06369 9.238795
  vertex -2.8452852 -172.8683 7.1051307
  vertex -5.66317 -172.4503 7.1051307
 endloop
endfacet
facet normal 0.033051696 0.22281745 0.9742997
 outer loop
  vertex -3.7509592 -182.06369 9.238795
  vertex -5.66317 -172.4503 7.1051307
  vertex -7.465789 -181.51265 9.238795
 endloop
endfacet
facet normal -0.06547509 -0.2613899 -0.9630101
 outer loop
  vertex -18.024002 -234.59232 -3.8268344
  vertex -18.66899 -237.8349 -2.9028468
  vertex -27.778519 -235.55307 -2.9028468
 endloop
endfacet
facet normal -0.06547516 -0.26138932 -0.9630102
 outer loop
  vertex -18.024002 -234.59232 -3.8268344
  vertex -27.778519 -235.55307 -2.9028468
  vertex -26.81881 -232.38931 -3.8268344
 endloop
endfacet
facet normal 0.052852266 0.21100062 0.97605604
 outer loop
  vertex -12.376392 -206.19994 7.730104
  vertex -10.838634 -198.46909 5.975606
  vertex -16.127346 -197.14435 5.975606
 endloop
endfacet
facet normal 0.052853145 0.211001 0.976056
 outer loop
  vertex -12.376392 -206.19994 7.730104
  vertex -16.127346 -197.14435 5.975606
  vertex -18.415455 -204.68723 7.730104
 endloop
endfacet
facet normal -0.050321084 -0.20089135 -0.9783202
 outer loop
  vertex -17.205425 -230.47711 -4.713968
  vertex -18.024002 -234.59232 -3.8268344
  vertex -26.81881 -232.38931 -3.8268344
 endloop
endfacet
facet normal -0.050320894 -0.20089221 -0.97832006
 outer loop
  vertex -17.205425 -230.47711 -4.713968
  vertex -26.81881 -232.38931 -3.8268344
  vertex -25.600813 -228.37418 -4.713968
 endloop
endfacet
facet normal -0.021958705 -0.08766382 0.99590814
 outer loop
  vertex -13.794971 -213.3316 7.071068
  vertex -12.376392 -206.19994 7.730104
  vertex -18.415455 -204.68723 7.730104
 endloop
endfacet
facet normal -0.021958694 -0.08766383 0.99590814
 outer loop
  vertex -13.794971 -213.3316 7.071068
  vertex -18.415455 -204.68723 7.730104
  vertex -20.52623 -211.64551 7.071068
 endloop
endfacet
facet normal -0.040033348 -0.15982203 -0.9863337
 outer loop
  vertex -16.221169 -225.52893 -5.5557027
  vertex -17.205425 -230.47711 -4.713968
  vertex -25.600813 -228.37418 -4.713968
 endloop
endfacet
facet normal -0.040033348 -0.15982203 -0.9863338
 outer loop
  vertex -16.221169 -225.52893 -5.5557027
  vertex -25.600813 -228.37418 -4.713968
  vertex -24.13629 -223.5463 -5.5557027
 endloop
endfacet
facet normal -0.026678944 -0.106508076 0.9939539
 outer loop
  vertex -15.080692 -219.7953 6.3439336
  vertex -13.794971 -213.3316 7.071068
  vertex -20.52623 -211.64551 7.071068
 endloop
endfacet
facet normal -0.026679017 -0.10650812 0.9939538
 outer loop
  vertex -15.080692 -219.7953 6.3439336
  vertex -20.52623 -211.64551 7.071068
  vertex -22.439312 -217.95206 6.3439336
 endloop
endfacet
facet normal -0.032506555 -0.1297734 -0.99101067
 outer loop
  vertex -15.080692 -219.7953 -6.3439336
  vertex -16.221169 -225.52893 -5.5557027
  vertex -24.13629 -223.5463 -5.5557027
 endloop
endfacet
facet normal -0.032506645 -0.12977321 -0.9910108
 outer loop
  vertex -15.080692 -219.7953 -6.3439336
  vertex -24.13629 -223.5463 -5.5557027
  vertex -22.439312 -217.95206 -6.3439336
 endloop
endfacet
facet normal -0.032506682 -0.12977336 0.99101067
 outer loop
  vertex -16.221169 -225.52893 5.5557027
  vertex -15.080692 -219.7953 6.3439336
  vertex -22.439312 -217.95206 6.3439336
 endloop
endfacet
facet normal -0.03250651 -0.12977324 0.9910107
 outer loop
  vertex -16.221169 -225.52893 5.5557027
  vertex -22.439312 -217.95206 6.3439336
  vertex -24.13629 -223.5463 5.5557027
 endloop
endfacet
facet normal -0.026679 -0.10650807 -0.9939538
 outer loop
  vertex -13.794971 -213.3316 -7.071068
  vertex -15.080692 -219.7953 -6.3439336
  vertex -22.439312 -217.95206 -6.3439336
 endloop
endfacet
facet normal -0.026678959 -0.10650814 -0.9939539
 outer loop
  vertex -13.794971 -213.3316 -7.071068
  vertex -22.439312 -217.95206 -6.3439336
  vertex -20.52623 -211.64551 -7.071068
 endloop
endfacet
facet normal -0.04003336 -0.15982205 0.9863338
 outer loop
  vertex -17.205425 -230.47711 4.713968
  vertex -16.221169 -225.52893 5.5557027
  vertex -24.13629 -223.5463 5.5557027
 endloop
endfacet
facet normal -0.040033348 -0.15982203 0.9863337
 outer loop
  vertex -17.205425 -230.47711 4.713968
  vertex -24.13629 -223.5463 5.5557027
  vertex -25.600813 -228.37418 4.713968
 endloop
endfacet
facet normal -0.021958692 -0.087663814 -0.995908
 outer loop
  vertex -12.376392 -206.19994 -7.730104
  vertex -13.794971 -213.3316 -7.071068
  vertex -20.52623 -211.64551 -7.071068
 endloop
endfacet
facet normal -0.0219587 -0.08766381 -0.995908
 outer loop
  vertex -12.376392 -206.19994 -7.730104
  vertex -20.52623 -211.64551 -7.071068
  vertex -18.415455 -204.68723 -7.730104
 endloop
endfacet
facet normal -0.0503207 -0.20089142 0.97832024
 outer loop
  vertex -18.024002 -234.59232 3.8268344
  vertex -17.205425 -230.47711 4.713968
  vertex -25.600813 -228.37418 4.713968
 endloop
endfacet
facet normal -0.050321277 -0.20089209 0.9783201
 outer loop
  vertex -18.024002 -234.59232 3.8268344
  vertex -25.600813 -228.37418 4.713968
  vertex -26.81881 -232.38931 3.8268344
 endloop
endfacet
facet normal -0.017992904 -0.0718315 -0.9972545
 outer loop
  vertex -10.838634 -198.46909 -8.314696
  vertex -12.376392 -206.19994 -7.730104
  vertex -18.415455 -204.68723 -7.730104
 endloop
endfacet
facet normal -0.017992701 -0.071831755 -0.9972545
 outer loop
  vertex -10.838634 -198.46909 -8.314696
  vertex -18.415455 -204.68723 -7.730104
  vertex -16.127346 -197.14435 -8.314696
 endloop
endfacet
facet normal -0.0654753 -0.26138985 0.96301
 outer loop
  vertex -18.66899 -237.8349 2.9028468
  vertex -18.024002 -234.59232 3.8268344
  vertex -26.81881 -232.38931 3.8268344
 endloop
endfacet
facet normal -0.06547497 -0.26138937 0.96301025
 outer loop
  vertex -18.66899 -237.8349 2.9028468
  vertex -26.81881 -232.38931 3.8268344
  vertex -27.778519 -235.55307 2.9028468
 endloop
endfacet
facet normal -0.014554935 -0.058107257 -0.9982043
 outer loop
  vertex -9.196493 -190.2135 -8.819213
  vertex -10.838634 -198.46909 -8.314696
  vertex -16.127346 -197.14435 -8.314696
 endloop
endfacet
facet normal -0.014555035 -0.058107153 -0.9982042
 outer loop
  vertex -9.196493 -190.2135 -8.819213
  vertex -16.127346 -197.14435 -8.314696
  vertex -13.683923 -189.08946 -8.819213
 endloop
endfacet
facet normal -0.09018507 -0.36003718 0.9285687
 outer loop
  vertex -19.134186 -240.17352 1.9509033
  vertex -18.66899 -237.8349 2.9028468
  vertex -27.778519 -235.55307 2.9028468
 endloop
endfacet
facet normal -0.09018483 -0.36003676 0.9285689
 outer loop
  vertex -19.134186 -240.17352 1.9509033
  vertex -27.778519 -235.55307 2.9028468
  vertex -28.470703 -237.83484 1.9509033
 endloop
endfacet
facet normal -0.001195101 -0.0047711697 0.99998796
 outer loop
  vertex -1.9122192 -153.59299 9.951847
  vertex 0 -143.97961 10
  vertex -2.8452868 -153.35927 9.951847
 endloop
endfacet
facet normal -0.011493066 -0.045883052 -0.9988807
 outer loop
  vertex -7.465789 -181.51265 -9.238795
  vertex -9.196493 -190.2135 -8.819213
  vertex -13.683923 -189.08946 -8.819213
 endloop
endfacet
facet normal -0.011493258 -0.045882896 -0.9988807
 outer loop
  vertex -7.465789 -181.51265 -9.238795
  vertex -13.683923 -189.08946 -8.819213
  vertex -11.10872 -180.60013 -9.238795
 endloop
endfacet
facet normal -0.13593265 -0.5426716 0.82887256
 outer loop
  vertex -19.4151 -241.58585 0.9801714
  vertex -19.134186 -240.17352 1.9509033
  vertex -28.470703 -237.83484 1.9509033
 endloop
endfacet
facet normal -0.13593219 -0.5426707 0.8288733
 outer loop
  vertex -19.4151 -241.58585 0.9801714
  vertex -28.470703 -237.83484 1.9509033
  vertex -28.888695 -239.21283 0.9801714
 endloop
endfacet
facet normal -0.06312055 -0.25199398 0.9656681
 outer loop
  vertex -3.806027 -163.11378 7.3435783
  vertex -1.9122192 -153.59299 9.951847
  vertex -2.8452868 -153.35927 9.951847
 endloop
endfacet
facet normal -0.06312154 -0.25199386 0.9656681
 outer loop
  vertex -3.806027 -163.11378 7.3435783
  vertex -2.8452868 -153.35927 9.951847
  vertex -5.6631765 -162.64859 7.3435783
 endloop
endfacet
facet normal -0.008699003 -0.034727804 -0.99935895
 outer loop
  vertex -5.66317 -172.4503 -9.569404
  vertex -7.465789 -181.51265 -9.238795
  vertex -11.10872 -180.60013 -9.238795
 endloop
endfacet
facet normal -0.008698901 -0.03472787 -0.99935895
 outer loop
  vertex -5.66317 -172.4503 -9.569404
  vertex -11.10872 -180.60013 -9.238795
  vertex -8.426516 -171.75812 -9.569404
 endloop
endfacet
facet normal -0.013249929 -0.05289658 -0.9985121
 outer loop
  vertex -15.761797 -223.99857 0
  vertex -19.4151 -241.58585 0.9801714
  vertex -28.888695 -239.21283 0.9801714
 endloop
endfacet
facet normal -0.01335691 -0.05280449 -0.9985155
 outer loop
  vertex -15.761797 -223.99857 0
  vertex -28.888695 -239.21283 0.9801714
  vertex -23.45277 -222.05313 0
 endloop
endfacet
facet normal -0.0060917563 -0.0243195 0.99968565
 outer loop
  vertex -5.66317 -172.4503 7.1051307
  vertex -3.806027 -163.11378 7.3435783
  vertex -5.6631765 -162.64859 7.3435783
 endloop
endfacet
facet normal -0.00609174 -0.024319503 0.9996857
 outer loop
  vertex -5.66317 -172.4503 7.1051307
  vertex -5.6631765 -162.64859 7.3435783
  vertex -8.426516 -171.75812 7.1051307
 endloop
endfacet
facet normal 0.033580385 0.13405995 -0.9904042
 outer loop
  vertex -3.806027 -163.11378 -8.242656
  vertex -5.66317 -172.4503 -9.569404
  vertex -8.426516 -171.75812 -9.569404
 endloop
endfacet
facet normal 0.033580467 0.1340599 -0.9904041
 outer loop
  vertex -3.806027 -163.11378 -8.242656
  vertex -8.426516 -171.75812 -9.569404
  vertex -5.6631765 -162.64859 -8.242656
 endloop
endfacet
facet normal -0.013373701 -0.052870847 0.9985118
 outer loop
  vertex -19.4151 -241.58585 -0.9801714
  vertex -15.761797 -223.99857 0
  vertex -23.45277 -222.05313 0
 endloop
endfacet
facet normal -0.013236425 -0.052842643 0.9985151
 outer loop
  vertex -19.4151 -241.58585 -0.9801714
  vertex -23.45277 -222.05313 0
  vertex -28.888695 -239.21283 -0.9801714
 endloop
endfacet
facet normal 0.054732792 0.2185048 0.9742997
 outer loop
  vertex -7.465789 -181.51265 9.238795
  vertex -5.66317 -172.4503 7.1051307
  vertex -8.426516 -171.75812 7.1051307
 endloop
endfacet
facet normal 0.054733485 0.21850488 0.9742997
 outer loop
  vertex -7.465789 -181.51265 9.238795
  vertex -8.426516 -171.75812 7.1051307
  vertex -11.10872 -180.60013 9.238795
 endloop
endfacet
facet normal 0.00845405 0.033750243 -0.99939454
 outer loop
  vertex -1.9122192 -153.59299 -7.905112
  vertex -3.806027 -163.11378 -8.242656
  vertex -5.6631765 -162.64859 -8.242656
 endloop
endfacet
facet normal 0.008453913 0.033750292 -0.9993946
 outer loop
  vertex -1.9122192 -153.59299 -7.905112
  vertex -5.6631765 -162.64859 -8.242656
  vertex -2.8452868 -153.35927 -7.905112
 endloop
endfacet
facet normal -0.13593243 -0.5426717 -0.8288726
 outer loop
  vertex -19.134186 -240.17352 -1.9509033
  vertex -19.4151 -241.58585 -0.9801714
  vertex -28.888695 -239.21283 -0.9801714
 endloop
endfacet
facet normal -0.1359324 -0.54267067 -0.8288732
 outer loop
  vertex -19.134186 -240.17352 -1.9509033
  vertex -28.888695 -239.21283 -0.9801714
  vertex -28.470703 -237.83484 -1.9509033
 endloop
endfacet
facet normal -0.07223094 -0.28835747 0.9547946
 outer loop
  vertex -9.196493 -190.2135 6.4801226
  vertex -7.465789 -181.51265 9.238795
  vertex -11.10872 -180.60013 9.238795
 endloop
endfacet
facet normal -0.07222947 -0.2883572 0.95479476
 outer loop
  vertex -9.196493 -190.2135 6.4801226
  vertex -11.10872 -180.60013 9.238795
  vertex -13.683923 -189.08946 6.4801226
 endloop
endfacet
facet normal 0.14730698 0.5880885 -0.7952689
 outer loop
  vertex -0.9561096 -148.7863 -4.1735454
  vertex -1.9122192 -153.59299 -7.905112
  vertex -2.8452868 -153.35927 -7.905112
 endloop
endfacet
facet normal 0.14731546 0.5880853 -0.7952696
 outer loop
  vertex -0.9561096 -148.7863 -4.1735454
  vertex -2.8452868 -153.35927 -7.905112
  vertex -1.4226434 -148.66943 -4.1735454
 endloop
endfacet
facet normal -0.09018494 -0.3600372 -0.9285687
 outer loop
  vertex -18.66899 -237.8349 -2.9028468
  vertex -19.134186 -240.17352 -1.9509033
  vertex -28.470703 -237.83484 -1.9509033
 endloop
endfacet
facet normal -0.090184964 -0.36003673 -0.92856896
 outer loop
  vertex -18.66899 -237.8349 -2.9028468
  vertex -28.470703 -237.83484 -1.9509033
  vertex -27.778519 -235.55307 -2.9028468
 endloop
endfacet
facet normal -0.014555053 -0.058107235 0.9982043
 outer loop
  vertex -10.838634 -198.46909 5.975606
  vertex -9.196493 -190.2135 6.4801226
  vertex -13.683923 -189.08946 6.4801226
 endloop
endfacet
facet normal -0.01455492 -0.058107194 0.9982043
 outer loop
  vertex -10.838634 -198.46909 5.975606
  vertex -13.683923 -189.08946 6.4801226
  vertex -16.127346 -197.14435 5.975606
 endloop
endfacet
facet normal -0.05550578 -0.15512852 -0.9863337
 outer loop
  vertex -24.13629 -223.5463 -5.5557027
  vertex -25.600813 -228.37418 -4.713968
  vertex -33.74965 -225.45848 -4.713968
 endloop
endfacet
facet normal -0.055505782 -0.15512851 -0.9863338
 outer loop
  vertex -24.13629 -223.5463 -5.5557027
  vertex -33.74965 -225.45848 -4.713968
  vertex -31.818966 -220.7974 -5.5557027
 endloop
endfacet
facet normal -0.03698986 -0.103380345 0.9939539
 outer loop
  vertex -22.439312 -217.95206 6.3439336
  vertex -20.52623 -211.64551 7.071068
  vertex -27.059809 -209.30777 7.071068
 endloop
endfacet
facet normal -0.036990136 -0.103380494 0.9939538
 outer loop
  vertex -22.439312 -217.95206 6.3439336
  vertex -27.059809 -209.30777 7.071068
  vertex -29.58183 -215.39642 6.3439336
 endloop
endfacet
facet normal -0.04506993 -0.1259622 -0.9910107
 outer loop
  vertex -22.439312 -217.95206 -6.3439336
  vertex -24.13629 -223.5463 -5.5557027
  vertex -31.818966 -220.7974 -5.5557027
 endloop
endfacet
facet normal -0.045069966 -0.12596211 -0.9910108
 outer loop
  vertex -22.439312 -217.95206 -6.3439336
  vertex -31.818966 -220.7974 -5.5557027
  vertex -29.58183 -215.39642 -6.3439336
 endloop
endfacet
facet normal -0.04506999 -0.12596218 0.99101067
 outer loop
  vertex -24.13629 -223.5463 5.5557027
  vertex -22.439312 -217.95206 6.3439336
  vertex -29.58183 -215.39642 6.3439336
 endloop
endfacet
facet normal -0.0450699 -0.12596212 0.9910107
 outer loop
  vertex -24.13629 -223.5463 5.5557027
  vertex -29.58183 -215.39642 6.3439336
  vertex -31.818966 -220.7974 5.5557027
 endloop
endfacet
facet normal -0.036990058 -0.10338028 -0.9939538
 outer loop
  vertex -20.52623 -211.64551 -7.071068
  vertex -22.439312 -217.95206 -6.3439336
  vertex -29.58183 -215.39642 -6.3439336
 endloop
endfacet
facet normal -0.036989942 -0.10338057 -0.9939538
 outer loop
  vertex -20.52623 -211.64551 -7.071068
  vertex -29.58183 -215.39642 -6.3439336
  vertex -27.059809 -209.30777 -7.071068
 endloop
endfacet
facet normal -0.05550579 -0.15512854 0.9863338
 outer loop
  vertex -25.600813 -228.37418 4.713968
  vertex -24.13629 -223.5463 5.5557027
  vertex -31.818966 -220.7974 5.5557027
 endloop
endfacet
facet normal -0.05550578 -0.15512851 0.9863337
 outer loop
  vertex -25.600813 -228.37418 4.713968
  vertex -31.818966 -220.7974 5.5557027
  vertex -33.74965 -225.45848 4.713968
 endloop
endfacet
facet normal -0.030445302 -0.08508942 -0.995908
 outer loop
  vertex -18.415455 -204.68723 -7.730104
  vertex -20.52623 -211.64551 -7.071068
  vertex -27.059809 -209.30777 -7.071068
 endloop
endfacet
facet normal -0.030445395 -0.08508926 -0.99590814
 outer loop
  vertex -18.415455 -204.68723 -7.730104
  vertex -27.059809 -209.30777 -7.071068
  vertex -24.277164 -202.58987 -7.730104
 endloop
endfacet
facet normal -0.069769315 -0.1949925 0.97832006
 outer loop
  vertex -26.81881 -232.38931 3.8268344
  vertex -25.600813 -228.37418 4.713968
  vertex -33.74965 -225.45848 4.713968
 endloop
endfacet
facet normal -0.06976932 -0.19499254 0.97832006
 outer loop
  vertex -26.81881 -232.38931 3.8268344
  vertex -33.74965 -225.45848 4.713968
  vertex -35.355335 -229.3349 3.8268344
 endloop
endfacet
facet normal -0.024946973 -0.0697222 -0.9972545
 outer loop
  vertex -16.127346 -197.14435 -8.314696
  vertex -18.415455 -204.68723 -7.730104
  vertex -24.277164 -202.58987 -7.730104
 endloop
endfacet
facet normal -0.024947021 -0.06972212 -0.9972545
 outer loop
  vertex -16.127346 -197.14435 -8.314696
  vertex -24.277164 -202.58987 -7.730104
  vertex -21.260742 -195.30759 -8.314696
 endloop
endfacet
facet normal -0.0907799 -0.25371325 0.96301013
 outer loop
  vertex -27.778519 -235.55307 2.9028468
  vertex -26.81881 -232.38931 3.8268344
  vertex -35.355335 -229.3349 3.8268344
 endloop
endfacet
facet normal -0.090779655 -0.25371298 0.9630103
 outer loop
  vertex -27.778519 -235.55307 2.9028468
  vertex -35.355335 -229.3349 3.8268344
  vertex -36.62053 -232.38936 2.9028468
 endloop
endfacet
facet normal -0.02018052 -0.056400683 -0.9982043
 outer loop
  vertex -13.683923 -189.08946 -8.819213
  vertex -16.127346 -197.14435 -8.314696
  vertex -21.260742 -195.30759 -8.314696
 endloop
endfacet
facet normal -0.020180607 -0.056400575 -0.9982043
 outer loop
  vertex -13.683923 -189.08946 -8.819213
  vertex -21.260742 -195.30759 -8.314696
  vertex -18.039568 -187.53098 -8.819213
 endloop
endfacet
facet normal -0.1250396 -0.34946343 0.9285691
 outer loop
  vertex -28.470703 -237.83484 1.9509033
  vertex -27.778519 -235.55307 2.9028468
  vertex -36.62053 -232.38936 2.9028468
 endloop
endfacet
facet normal -0.12504049 -0.34946463 0.9285684
 outer loop
  vertex -28.470703 -237.83484 1.9509033
  vertex -36.62053 -232.38936 2.9028468
  vertex -37.53303 -234.59229 1.9509033
 endloop
endfacet
facet normal -0.0016570116 -0.0046310537 0.99998796
 outer loop
  vertex -2.8452868 -153.35927 9.951847
  vertex 0 -143.97961 10
  vertex -3.7509527 -153.03522 9.951847
 endloop
endfacet
facet normal -0.015935168 -0.04453546 -0.9988807
 outer loop
  vertex -11.10872 -180.60013 -9.238795
  vertex -13.683923 -189.08946 -8.819213
  vertex -18.039568 -187.53098 -8.819213
 endloop
endfacet
facet normal -0.015934937 -0.04453569 -0.9988807
 outer loop
  vertex -11.10872 -180.60013 -9.238795
  vertex -18.039568 -187.53098 -8.819213
  vertex -14.644667 -179.33496 -9.238795
 endloop
endfacet
facet normal -0.18846862 -0.52673435 0.8288729
 outer loop
  vertex -28.888695 -239.21283 0.9801714
  vertex -28.470703 -237.83484 1.9509033
  vertex -37.53303 -234.59229 1.9509033
 endloop
endfacet
facet normal -0.18846868 -0.52673453 0.8288729
 outer loop
  vertex -28.888695 -239.21283 0.9801714
  vertex -37.53303 -234.59229 1.9509033
  vertex -38.084076 -235.92267 0.9801714
 endloop
endfacet
facet normal -0.08751661 -0.24459371 0.965668
 outer loop
  vertex -5.6631765 -162.64859 7.3435783
  vertex -2.8452868 -153.35927 9.951847
  vertex -3.7509527 -153.03522 9.951847
 endloop
endfacet
facet normal -0.08751761 -0.24459346 0.96566796
 outer loop
  vertex -5.6631765 -162.64859 7.3435783
  vertex -3.7509527 -153.03522 9.951847
  vertex -7.465786 -162.0036 7.3435783
 endloop
endfacet
facet normal -0.012060791 -0.033708047 -0.99935895
 outer loop
  vertex -8.426516 -171.75812 -9.569404
  vertex -11.10872 -180.60013 -9.238795
  vertex -14.644667 -179.33496 -9.238795
 endloop
endfacet
facet normal -0.012060882 -0.033707984 -0.99935895
 outer loop
  vertex -8.426516 -171.75812 -9.569404
  vertex -14.644667 -179.33496 -9.238795
  vertex -11.108709 -170.79842 -9.569404
 endloop
endfacet
facet normal -0.01833012 -0.051229235 -0.99851865
 outer loop
  vertex -23.45277 -222.05313 0
  vertex -28.888695 -239.21283 0.9801714
  vertex -38.084076 -235.92267 0.9801714
 endloop
endfacet
facet normal -0.018460646 -0.051091883 -0.9985233
 outer loop
  vertex -23.45277 -222.05313 0
  vertex -38.084076 -235.92267 0.9801714
  vertex -30.917881 -219.35582 0
 endloop
endfacet
facet normal -0.008446174 -0.02360529 0.99968565
 outer loop
  vertex -8.426516 -171.75812 7.1051307
  vertex -5.6631765 -162.64859 7.3435783
  vertex -7.465786 -162.0036 7.3435783
 endloop
endfacet
facet normal -0.008446091 -0.023605302 0.9996857
 outer loop
  vertex -8.426516 -171.75812 7.1051307
  vertex -7.465786 -162.0036 7.3435783
  vertex -11.108709 -170.79842 7.1051307
 endloop
endfacet
facet normal 0.04655863 0.13012302 -0.99040407
 outer loop
  vertex -5.6631765 -162.64859 -8.242656
  vertex -8.426516 -171.75812 -9.569404
  vertex -11.108709 -170.79842 -9.569404
 endloop
endfacet
facet normal 0.04655908 0.13012277 -0.9904041
 outer loop
  vertex -5.6631765 -162.64859 -8.242656
  vertex -11.108709 -170.79842 -9.569404
  vertex -7.465786 -162.0036 -8.242656
 endloop
endfacet
facet normal -0.01849176 -0.051178016 0.99851835
 outer loop
  vertex -28.888695 -239.21283 -0.9801714
  vertex -23.45277 -222.05313 0
  vertex -30.917881 -219.35582 0
 endloop
endfacet
facet normal -0.018305035 -0.051159155 0.99852276
 outer loop
  vertex -28.888695 -239.21283 -0.9801714
  vertex -30.917881 -219.35582 0
  vertex -38.084076 -235.92267 -0.9801714
 endloop
endfacet
facet normal 0.07588617 0.21208826 0.9742997
 outer loop
  vertex -11.10872 -180.60013 9.238795
  vertex -8.426516 -171.75812 7.1051307
  vertex -11.108709 -170.79842 7.1051307
 endloop
endfacet
facet normal 0.075885534 0.21208824 0.97429967
 outer loop
  vertex -11.10872 -180.60013 9.238795
  vertex -11.108709 -170.79842 7.1051307
  vertex -14.644667 -179.33496 9.238795
 endloop
endfacet
facet normal 0.011721482 0.03275909 -0.99939454
 outer loop
  vertex -2.8452868 -153.35927 -7.905112
  vertex -5.6631765 -162.64859 -8.242656
  vertex -7.465786 -162.0036 -8.242656
 endloop
endfacet
facet normal 0.011721362 0.032759156 -0.9993946
 outer loop
  vertex -2.8452868 -153.35927 -7.905112
  vertex -7.465786 -162.0036 -8.242656
  vertex -3.7509527 -153.03522 -7.905112
 endloop
endfacet
facet normal -0.18846865 -0.5267344 -0.828873
 outer loop
  vertex -28.470703 -237.83484 -1.9509033
  vertex -28.888695 -239.21283 -0.9801714
  vertex -38.084076 -235.92267 -0.9801714
 endloop
endfacet
facet normal -0.18846865 -0.5267345 -0.8288729
 outer loop
  vertex -28.470703 -237.83484 -1.9509033
  vertex -38.084076 -235.92267 -0.9801714
  vertex -37.53303 -234.59229 -1.9509033
 endloop
endfacet
facet normal -0.100144796 -0.27988923 0.9547947
 outer loop
  vertex -13.683923 -189.08946 6.4801226
  vertex -11.10872 -180.60013 9.238795
  vertex -14.644667 -179.33496 9.238795
 endloop
endfacet
facet normal -0.10014681 -0.27988932 0.95479447
 outer loop
  vertex -13.683923 -189.08946 6.4801226
  vertex -14.644667 -179.33496 9.238795
  vertex -18.039568 -187.53098 6.4801226
 endloop
endfacet
facet normal 0.20424071 0.5708173 -0.79526937
 outer loop
  vertex -1.4226434 -148.66943 -4.1735454
  vertex -2.8452868 -153.35927 -7.905112
  vertex -3.7509527 -153.03522 -7.905112
 endloop
endfacet
facet normal 0.20423241 0.5708213 -0.7952686
 outer loop
  vertex -1.4226434 -148.66943 -4.1735454
  vertex -3.7509527 -153.03522 -7.905112
  vertex -1.8754764 -148.50742 -4.1735454
 endloop
endfacet
facet normal -0.12504001 -0.34946328 -0.928569
 outer loop
  vertex -27.778519 -235.55307 -2.9028468
  vertex -28.470703 -237.83484 -1.9509033
  vertex -37.53303 -234.59229 -1.9509033
 endloop
endfacet
facet normal -0.1250401 -0.34946483 -0.9285685
 outer loop
  vertex -27.778519 -235.55307 -2.9028468
  vertex -37.53303 -234.59229 -1.9509033
  vertex -36.62053 -232.38936 -2.9028468
 endloop
endfacet
facet normal -0.020180631 -0.05640064 0.9982042
 outer loop
  vertex -16.127346 -197.14435 5.975606
  vertex -13.683923 -189.08946 6.4801226
  vertex -18.039568 -187.53098 6.4801226
 endloop
endfacet
facet normal -0.020180501 -0.056400623 0.9982043
 outer loop
  vertex -16.127346 -197.14435 5.975606
  vertex -18.039568 -187.53098 6.4801226
  vertex -21.260742 -195.30759 5.975606
 endloop
endfacet
facet normal -0.090779774 -0.2537133 -0.96301025
 outer loop
  vertex -26.81881 -232.38931 -3.8268344
  vertex -27.778519 -235.55307 -2.9028468
  vertex -36.62053 -232.38936 -2.9028468
 endloop
endfacet
facet normal -0.09077979 -0.2537129 -0.9630103
 outer loop
  vertex -26.81881 -232.38931 -3.8268344
  vertex -36.62053 -232.38936 -2.9028468
  vertex -35.355335 -229.3349 -3.8268344
 endloop
endfacet
facet normal 0.07328031 0.20480444 0.97605586
 outer loop
  vertex -18.415455 -204.68723 7.730104
  vertex -16.127346 -197.14435 5.975606
  vertex -21.260742 -195.30759 5.975606
 endloop
endfacet
facet normal 0.07328012 0.20480439 0.976056
 outer loop
  vertex -18.415455 -204.68723 7.730104
  vertex -21.260742 -195.30759 5.975606
  vertex -24.277164 -202.58987 7.730104
 endloop
endfacet
facet normal -0.06976932 -0.19499251 -0.97832006
 outer loop
  vertex -25.600813 -228.37418 -4.713968
  vertex -26.81881 -232.38931 -3.8268344
  vertex -35.355335 -229.3349 -3.8268344
 endloop
endfacet
facet normal -0.06976933 -0.19499256 -0.97832006
 outer loop
  vertex -25.600813 -228.37418 -4.713968
  vertex -35.355335 -229.3349 -3.8268344
  vertex -33.74965 -225.45848 -4.713968
 endloop
endfacet
facet normal -0.030445436 -0.085089386 0.995908
 outer loop
  vertex -20.52623 -211.64551 7.071068
  vertex -18.415455 -204.68723 7.730104
  vertex -24.277164 -202.58987 7.730104
 endloop
endfacet
facet normal -0.030445255 -0.0850893 0.995908
 outer loop
  vertex -20.52623 -211.64551 7.071068
  vertex -24.277164 -202.58987 7.730104
  vertex -27.059809 -209.30777 7.071068
 endloop
endfacet
facet normal -0.046945143 -0.099256955 -0.9939538
 outer loop
  vertex -27.059809 -209.30777 -7.071068
  vertex -29.58183 -215.39642 -6.3439336
  vertex -36.439457 -212.153 -6.3439336
 endloop
endfacet
facet normal -0.04694515 -0.09925697 -0.9939538
 outer loop
  vertex -27.059809 -209.30777 -7.071068
  vertex -36.439457 -212.153 -6.3439336
  vertex -33.332787 -206.34087 -7.071068
 endloop
endfacet
facet normal -0.07044395 -0.14894092 0.9863338
 outer loop
  vertex -33.74965 -225.45848 4.713968
  vertex -31.818966 -220.7974 5.5557027
  vertex -39.195206 -217.30869 5.5557027
 endloop
endfacet
facet normal -0.07044393 -0.1489409 0.9863337
 outer loop
  vertex -33.74965 -225.45848 4.713968
  vertex -39.195206 -217.30869 5.5557027
  vertex -41.57346 -221.75809 4.713968
 endloop
endfacet
facet normal -0.03863909 -0.08169532 -0.99590814
 outer loop
  vertex -24.277164 -202.58987 -7.730104
  vertex -27.059809 -209.30777 -7.071068
  vertex -33.332787 -206.34087 -7.071068
 endloop
endfacet
facet normal -0.03863907 -0.08169536 -0.995908
 outer loop
  vertex -24.277164 -202.58987 -7.730104
  vertex -33.332787 -206.34087 -7.071068
  vertex -29.905071 -199.92807 -7.730104
 endloop
endfacet
facet normal -0.08854617 -0.1872148 0.97832006
 outer loop
  vertex -35.355335 -229.3349 3.8268344
  vertex -33.74965 -225.45848 4.713968
  vertex -41.57346 -221.75809 4.713968
 endloop
endfacet
facet normal -0.08854588 -0.18721457 0.9783201
 outer loop
  vertex -35.355335 -229.3349 3.8268344
  vertex -41.57346 -221.75809 4.713968
  vertex -43.55137 -225.45847 3.8268344
 endloop
endfacet
facet normal -0.031660844 -0.06694117 -0.9972545
 outer loop
  vertex -21.260742 -195.30759 -8.314696
  vertex -24.277164 -202.58987 -7.730104
  vertex -29.905071 -199.92807 -7.730104
 endloop
endfacet
facet normal -0.031660907 -0.06694105 -0.9972545
 outer loop
  vertex -21.260742 -195.30759 -8.314696
  vertex -29.905071 -199.92807 -7.730104
  vertex -26.189384 -192.9765 -8.314696
 endloop
endfacet
facet normal -0.11521098 -0.2435932 0.9630103
 outer loop
  vertex -36.62053 -232.38936 2.9028468
  vertex -35.355335 -229.3349 3.8268344
  vertex -43.55137 -225.45847 3.8268344
 endloop
endfacet
facet normal -0.115210816 -0.24359302 0.9630103
 outer loop
  vertex -36.62053 -232.38936 2.9028468
  vertex -43.55137 -225.45847 3.8268344
  vertex -45.109863 -228.3742 2.9028468
 endloop
endfacet
facet normal -0.025611626 -0.054150976 -0.9982043
 outer loop
  vertex -18.039568 -187.53098 -8.819213
  vertex -21.260742 -195.30759 -8.314696
  vertex -26.189384 -192.9765 -8.314696
 endloop
endfacet
facet normal -0.025611497 -0.054151174 -0.9982043
 outer loop
  vertex -18.039568 -187.53098 -8.819213
  vertex -26.189384 -192.9765 -8.314696
  vertex -22.221481 -185.55309 -8.819213
 endloop
endfacet
facet normal -0.15869164 -0.33552563 0.92856854
 outer loop
  vertex -37.53303 -234.59229 1.9509033
  vertex -36.62053 -232.38936 2.9028468
  vertex -45.109863 -228.3742 2.9028468
 endloop
endfacet
facet normal -0.15869217 -0.33552623 0.92856824
 outer loop
  vertex -37.53303 -234.59229 1.9509033
  vertex -45.109863 -228.3742 2.9028468
  vertex -46.233894 -230.47708 1.9509033
 endloop
endfacet
facet normal -0.0021029906 -0.0044463226 0.99998796
 outer loop
  vertex -3.7509527 -153.03522 9.951847
  vertex 0 -143.97961 10
  vertex -4.620495 -152.62395 9.951847
 endloop
endfacet
facet normal -0.020223558 -0.04275929 -0.9988807
 outer loop
  vertex -14.644667 -179.33496 -9.238795
  vertex -18.039568 -187.53098 -8.819213
  vertex -22.221481 -185.55309 -8.819213
 endloop
endfacet
facet normal -0.020223677 -0.042759143 -0.9988807
 outer loop
  vertex -14.644667 -179.33496 -9.238795
  vertex -22.221481 -185.55309 -8.819213
  vertex -18.039577 -177.72928 -9.238795
 endloop
endfacet
facet normal -0.23919041 -0.5057254 0.8288726
 outer loop
  vertex -38.084076 -235.92267 0.9801714
  vertex -37.53303 -234.59229 1.9509033
  vertex -46.233894 -230.47708 1.9509033
 endloop
endfacet
facet normal -0.23919092 -0.505726 0.8288721
 outer loop
  vertex -38.084076 -235.92267 0.9801714
  vertex -46.233894 -230.47708 1.9509033
  vertex -46.91269 -231.74704 0.9801714
 endloop
endfacet
facet normal -0.11107164 -0.23483709 0.96566796
 outer loop
  vertex -7.465786 -162.0036 7.3435783
  vertex -3.7509527 -153.03522 9.951847
  vertex -4.620495 -152.62395 9.951847
 endloop
endfacet
facet normal -0.11106912 -0.2348379 0.9656681
 outer loop
  vertex -7.465786 -162.0036 7.3435783
  vertex -4.620495 -152.62395 9.951847
  vertex -9.196496 -161.18504 7.3435783
 endloop
endfacet
facet normal -0.015306858 -0.032363452 -0.99935895
 outer loop
  vertex -11.108709 -170.79842 -9.569404
  vertex -14.644667 -179.33496 -9.238795
  vertex -18.039577 -177.72928 -9.238795
 endloop
endfacet
facet normal -0.015306822 -0.03236348 -0.99935895
 outer loop
  vertex -11.108709 -170.79842 -9.569404
  vertex -18.039577 -177.72928 -9.238795
  vertex -13.68392 -169.58043 -9.569404
 endloop
endfacet
facet normal -0.023196006 -0.04904377 -0.9985273
 outer loop
  vertex -30.917881 -219.35582 0
  vertex -38.084076 -235.92267 0.9801714
  vertex -46.91269 -231.74704 0.9801714
 endloop
endfacet
facet normal -0.023337193 -0.048861977 -0.9985329
 outer loop
  vertex -30.917881 -219.35582 0
  vertex -46.91269 -231.74704 0.9801714
  vertex -38.085236 -215.93259 0
 endloop
endfacet
facet normal -0.010719085 -0.022663798 0.99968565
 outer loop
  vertex -11.108709 -170.79842 7.1051307
  vertex -7.465786 -162.0036 7.3435783
  vertex -9.196496 -161.18504 7.3435783
 endloop
endfacet
facet normal -0.010719199 -0.022663778 0.9996857
 outer loop
  vertex -11.108709 -170.79842 7.1051307
  vertex -9.196496 -161.18504 7.3435783
  vertex -13.68392 -169.58043 7.1051307
 endloop
endfacet
facet normal 0.05908893 0.12493272 -0.9904041
 outer loop
  vertex -7.465786 -162.0036 -8.242656
  vertex -11.108709 -170.79842 -9.569404
  vertex -13.68392 -169.58043 -9.569404
 endloop
endfacet
facet normal 0.05908843 0.124933116 -0.99040407
 outer loop
  vertex -7.465786 -162.0036 -8.242656
  vertex -13.68392 -169.58043 -9.569404
  vertex -9.196496 -161.18504 -8.242656
 endloop
endfacet
facet normal -0.023384968 -0.048962004 0.9985268
 outer loop
  vertex -38.084076 -235.92267 -0.9801714
  vertex -30.917881 -219.35582 0
  vertex -38.085236 -215.93259 0
 endloop
endfacet
facet normal -0.023157451 -0.048962254 0.9985321
 outer loop
  vertex -38.084076 -235.92267 -0.9801714
  vertex -38.085236 -215.93259 0
  vertex -46.91269 -231.74704 -0.9801714
 endloop
endfacet
facet normal 0.09630933 0.20362844 0.9742997
 outer loop
  vertex -14.644667 -179.33496 9.238795
  vertex -11.108709 -170.79842 7.1051307
  vertex -13.68392 -169.58043 7.1051307
 endloop
endfacet
facet normal 0.096309595 0.20362839 0.9742997
 outer loop
  vertex -14.644667 -179.33496 9.238795
  vertex -13.68392 -169.58043 7.1051307
  vertex -18.039577 -177.72928 9.238795
 endloop
endfacet
facet normal 0.014875813 0.031452537 -0.99939454
 outer loop
  vertex -3.7509527 -153.03522 -7.905112
  vertex -7.465786 -162.0036 -8.242656
  vertex -9.196496 -161.18504 -8.242656
 endloop
endfacet
facet normal 0.0148761235 0.031452347 -0.9993946
 outer loop
  vertex -3.7509527 -153.03522 -7.905112
  vertex -9.196496 -161.18504 -8.242656
  vertex -4.620495 -152.62395 -7.905112
 endloop
endfacet
facet normal -0.23919053 -0.50572526 -0.82887256
 outer loop
  vertex -37.53303 -234.59229 -1.9509033
  vertex -38.084076 -235.92267 -0.9801714
  vertex -46.91269 -231.74704 -0.9801714
 endloop
endfacet
facet normal -0.23919074 -0.50572604 -0.828872
 outer loop
  vertex -37.53303 -234.59229 -1.9509033
  vertex -46.91269 -231.74704 -0.9801714
  vertex -46.233894 -230.47708 -1.9509033
 endloop
endfacet
facet normal -0.12709847 -0.2687256 0.9547946
 outer loop
  vertex -18.039568 -187.53098 6.4801226
  vertex -14.644667 -179.33496 9.238795
  vertex -18.039577 -177.72928 9.238795
 endloop
endfacet
facet normal -0.12709723 -0.26872563 0.95479465
 outer loop
  vertex -18.039568 -187.53098 6.4801226
  vertex -18.039577 -177.72928 9.238795
  vertex -22.221481 -185.55309 6.4801226
 endloop
endfacet
facet normal 0.25921202 0.54804796 -0.79526883
 outer loop
  vertex -1.8754764 -148.50742 -4.1735454
  vertex -3.7509527 -153.03522 -7.905112
  vertex -4.620495 -152.62395 -7.905112
 endloop
endfacet
facet normal 0.25920415 0.54805243 -0.79526836
 outer loop
  vertex -1.8754764 -148.50742 -4.1735454
  vertex -4.620495 -152.62395 -7.905112
  vertex -2.3102474 -148.30179 -4.1735454
 endloop
endfacet
facet normal -0.15869184 -0.33552554 -0.92856854
 outer loop
  vertex -36.62053 -232.38936 -2.9028468
  vertex -37.53303 -234.59229 -1.9509033
  vertex -46.233894 -230.47708 -1.9509033
 endloop
endfacet
facet normal -0.15869197 -0.33552632 -0.92856824
 outer loop
  vertex -36.62053 -232.38936 -2.9028468
  vertex -46.233894 -230.47708 -1.9509033
  vertex -45.109863 -228.3742 -2.9028468
 endloop
endfacet
facet normal -0.025611442 -0.05415105 0.9982042
 outer loop
  vertex -21.260742 -195.30759 5.975606
  vertex -18.039568 -187.53098 6.4801226
  vertex -22.221481 -185.55309 6.4801226
 endloop
endfacet
facet normal -0.025611678 -0.054151077 0.9982043
 outer loop
  vertex -21.260742 -195.30759 5.975606
  vertex -22.221481 -185.55309 6.4801226
  vertex -26.189384 -192.9765 5.975606
 endloop
endfacet
facet normal -0.115210906 -0.24359323 -0.9630103
 outer loop
  vertex -35.355335 -229.3349 -3.8268344
  vertex -36.62053 -232.38936 -2.9028468
  vertex -45.109863 -228.3742 -2.9028468
 endloop
endfacet
facet normal -0.115210876 -0.24359299 -0.96301025
 outer loop
  vertex -35.355335 -229.3349 -3.8268344
  vertex -45.109863 -228.3742 -2.9028468
  vertex -43.55137 -225.45847 -3.8268344
 endloop
endfacet
facet normal 0.093002014 0.1966353 0.9760559
 outer loop
  vertex -24.277164 -202.58987 7.730104
  vertex -21.260742 -195.30759 5.975606
  vertex -26.189384 -192.9765 5.975606
 endloop
endfacet
facet normal 0.093001634 0.19663523 0.976056
 outer loop
  vertex -24.277164 -202.58987 7.730104
  vertex -26.189384 -192.9765 5.975606
  vertex -29.905071 -199.92807 7.730104
 endloop
endfacet
facet normal -0.08854602 -0.18721487 -0.9783201
 outer loop
  vertex -33.74965 -225.45848 -4.713968
  vertex -35.355335 -229.3349 -3.8268344
  vertex -43.55137 -225.45847 -3.8268344
 endloop
endfacet
facet normal -0.08854603 -0.1872145 -0.97832024
 outer loop
  vertex -33.74965 -225.45848 -4.713968
  vertex -43.55137 -225.45847 -3.8268344
  vertex -41.57346 -221.75809 -4.713968
 endloop
endfacet
facet normal -0.038639054 -0.08169533 0.995908
 outer loop
  vertex -27.059809 -209.30777 7.071068
  vertex -24.277164 -202.58987 7.730104
  vertex -29.905071 -199.92807 7.730104
 endloop
endfacet
facet normal -0.038639106 -0.08169535 0.995908
 outer loop
  vertex -27.059809 -209.30777 7.071068
  vertex -29.905071 -199.92807 7.730104
  vertex -33.332787 -206.34087 7.071068
 endloop
endfacet
facet normal -0.07044394 -0.14894092 -0.9863337
 outer loop
  vertex -31.818966 -220.7974 -5.5557027
  vertex -33.74965 -225.45848 -4.713968
  vertex -41.57346 -221.75809 -4.713968
 endloop
endfacet
facet normal -0.07044394 -0.14894092 -0.9863338
 outer loop
  vertex -31.818966 -220.7974 -5.5557027
  vertex -41.57346 -221.75809 -4.713968
  vertex -39.195206 -217.30869 -5.5557027
 endloop
endfacet
facet normal -0.04694514 -0.09925696 0.9939538
 outer loop
  vertex -29.58183 -215.39642 6.3439336
  vertex -27.059809 -209.30777 7.071068
  vertex -33.332787 -206.34087 7.071068
 endloop
endfacet
facet normal -0.046945143 -0.099256955 0.9939538
 outer loop
  vertex -29.58183 -215.39642 6.3439336
  vertex -33.332787 -206.34087 7.071068
  vertex -36.439457 -212.153 6.3439336
 endloop
endfacet
facet normal -0.057199493 -0.12093793 -0.9910107
 outer loop
  vertex -29.58183 -215.39642 -6.3439336
  vertex -31.818966 -220.7974 -5.5557027
  vertex -39.195206 -217.30869 -5.5557027
 endloop
endfacet
facet normal -0.057199493 -0.120937906 -0.99101067
 outer loop
  vertex -29.58183 -215.39642 -6.3439336
  vertex -39.195206 -217.30869 -5.5557027
  vertex -36.439457 -212.153 -6.3439336
 endloop
endfacet
facet normal -0.057199497 -0.12093792 0.99101067
 outer loop
  vertex -31.818966 -220.7974 5.5557027
  vertex -29.58183 -215.39642 6.3439336
  vertex -36.439457 -212.153 6.3439336
 endloop
endfacet
facet normal -0.05719949 -0.12093791 0.9910107
 outer loop
  vertex -31.818966 -220.7974 5.5557027
  vertex -36.439457 -212.153 6.3439336
  vertex -39.195206 -217.30869 5.5557027
 endloop
endfacet
facet normal -0.03806977 -0.06351544 -0.9972545
 outer loop
  vertex -26.189384 -192.9765 -8.314696
  vertex -29.905071 -199.92807 -7.730104
  vertex -35.244976 -196.72745 -7.730104
 endloop
endfacet
facet normal -0.038069777 -0.06351544 -0.9972545
 outer loop
  vertex -26.189384 -192.9765 -8.314696
  vertex -35.244976 -196.72745 -7.730104
  vertex -30.86581 -190.17355 -8.314696
 endloop
endfacet
facet normal -0.13853268 -0.23112726 0.9630104
 outer loop
  vertex -45.109863 -228.3742 2.9028468
  vertex -43.55137 -225.45847 3.8268344
  vertex -51.32798 -220.79733 3.8268344
 endloop
endfacet
facet normal -0.13853312 -0.23112759 0.96301025
 outer loop
  vertex -45.109863 -228.3742 2.9028468
  vertex -51.32798 -220.79733 3.8268344
  vertex -53.164764 -223.54626 2.9028468
 endloop
endfacet
facet normal -0.030796038 -0.05137997 -0.9982043
 outer loop
  vertex -22.221481 -185.55309 -8.819213
  vertex -26.189384 -192.9765 -8.314696
  vertex -30.86581 -190.17355 -8.314696
 endloop
endfacet
facet normal -0.030796045 -0.05137996 -0.9982043
 outer loop
  vertex -22.221481 -185.55309 -8.819213
  vertex -30.86581 -190.17355 -8.314696
  vertex -26.189392 -183.1748 -8.819213
 endloop
endfacet
facet normal -0.19081575 -0.31835553 0.9285683
 outer loop
  vertex -46.233894 -230.47708 1.9509033
  vertex -45.109863 -228.3742 2.9028468
  vertex -53.164764 -223.54626 2.9028468
 endloop
endfacet
facet normal -0.1908147 -0.31835455 0.92856884
 outer loop
  vertex -46.233894 -230.47708 1.9509033
  vertex -53.164764 -223.54626 2.9028468
  vertex -54.4895 -225.52885 1.9509033
 endloop
endfacet
facet normal -0.0025286283 -0.0042188144 0.99998796
 outer loop
  vertex -4.620495 -152.62395 9.951847
  vertex 0 -143.97961 10
  vertex -5.4455395 -152.12944 9.951847
 endloop
endfacet
facet normal -0.024317393 -0.040571008 -0.9988807
 outer loop
  vertex -18.039577 -177.72928 -9.238795
  vertex -22.221481 -185.55309 -8.819213
  vertex -26.189392 -183.1748 -8.819213
 endloop
endfacet
facet normal -0.024317315 -0.040571127 -0.9988808
 outer loop
  vertex -18.039577 -177.72928 -9.238795
  vertex -26.189392 -183.1748 -8.819213
  vertex -21.260757 -175.79858 -9.238795
 endloop
endfacet
facet normal -0.28760925 -0.47984618 0.8288719
 outer loop
  vertex -46.91269 -231.74704 0.9801714
  vertex -46.233894 -230.47708 1.9509033
  vertex -54.4895 -225.52885 1.9509033
 endloop
endfacet
facet normal -0.28760606 -0.47984278 0.828875
 outer loop
  vertex -46.91269 -231.74704 0.9801714
  vertex -54.4895 -225.52885 1.9509033
  vertex -55.289505 -226.72618 0.9801714
 endloop
endfacet
facet normal -0.13355193 -0.22282058 0.9656681
 outer loop
  vertex -9.196496 -161.18504 7.3435783
  vertex -4.620495 -152.62395 9.951847
  vertex -5.4455395 -152.12944 9.951847
 endloop
endfacet
facet normal -0.13355383 -0.22281978 0.96566796
 outer loop
  vertex -9.196496 -161.18504 7.3435783
  vertex -5.4455395 -152.12944 9.951847
  vertex -10.838638 -160.20078 7.3435783
 endloop
endfacet
facet normal -0.018405218 -0.030707352 -0.99935895
 outer loop
  vertex -13.68392 -169.58043 -9.569404
  vertex -18.039577 -177.72928 -9.238795
  vertex -21.260757 -175.79858 -9.238795
 endloop
endfacet
facet normal -0.018405294 -0.030707255 -0.99935895
 outer loop
  vertex -13.68392 -169.58043 -9.569404
  vertex -21.260757 -175.79858 -9.238795
  vertex -16.127346 -168.11589 -9.569404
 endloop
endfacet
facet normal -0.027795311 -0.04637378 -0.9985374
 outer loop
  vertex -38.085236 -215.93259 0
  vertex -46.91269 -231.74704 0.9801714
  vertex -55.289505 -226.72618 0.9801714
 endloop
endfacet
facet normal -0.027934609 -0.04615233 -0.99854374
 outer loop
  vertex -38.085236 -215.93259 0
  vertex -55.289505 -226.72618 0.9801714
  vertex -44.885807 -211.8164 0
 endloop
endfacet
facet normal -0.0128890565 -0.02150396 0.99968565
 outer loop
  vertex -13.68392 -169.58043 7.1051307
  vertex -9.196496 -161.18504 7.3435783
  vertex -10.838638 -160.20078 7.3435783
 endloop
endfacet
facet normal -0.012889029 -0.021503972 0.9996857
 outer loop
  vertex -13.68392 -169.58043 7.1051307
  vertex -10.838638 -160.20078 7.3435783
  vertex -16.127346 -168.11589 7.1051307
 endloop
endfacet
facet normal 0.07105009 0.11853948 -0.99040407
 outer loop
  vertex -9.196496 -161.18504 -8.242656
  vertex -13.68392 -169.58043 -9.569404
  vertex -16.127346 -168.11589 -9.569404
 endloop
endfacet
facet normal 0.07105019 0.11853937 -0.9904041
 outer loop
  vertex -9.196496 -161.18504 -8.242656
  vertex -16.127346 -168.11589 -9.569404
  vertex -10.838638 -160.20078 -8.242656
 endloop
endfacet
facet normal -0.027999608 -0.04625972 0.99853694
 outer loop
  vertex -46.91269 -231.74704 -0.9801714
  vertex -38.085236 -215.93259 0
  vertex -44.885807 -211.8164 0
 endloop
endfacet
facet normal -0.027742773 -0.04628612 0.99854296
 outer loop
  vertex -46.91269 -231.74704 -0.9801714
  vertex -44.885807 -211.8164 0
  vertex -55.289505 -226.72618 -0.9801714
 endloop
endfacet
facet normal 0.11580483 0.19320798 0.9742998
 outer loop
  vertex -18.039577 -177.72928 9.238795
  vertex -13.68392 -169.58043 7.1051307
  vertex -16.127346 -168.11589 7.1051307
 endloop
endfacet
facet normal 0.115804076 0.19320811 0.9742997
 outer loop
  vertex -18.039577 -177.72928 9.238795
  vertex -16.127346 -168.11589 7.1051307
  vertex -21.260757 -175.79858 9.238795
 endloop
endfacet
facet normal 0.017887231 0.029842861 -0.99939454
 outer loop
  vertex -4.620495 -152.62395 -7.905112
  vertex -9.196496 -161.18504 -8.242656
  vertex -10.838638 -160.20078 -8.242656
 endloop
endfacet
facet normal 0.01788702 0.029843038 -0.9993946
 outer loop
  vertex -4.620495 -152.62395 -7.905112
  vertex -10.838638 -160.20078 -8.242656
  vertex -5.4455395 -152.12944 -7.905112
 endloop
endfacet
facet normal -0.28760839 -0.47984666 -0.8288719
 outer loop
  vertex -46.233894 -230.47708 -1.9509033
  vertex -46.91269 -231.74704 -0.9801714
  vertex -55.289505 -226.72618 -0.9801714
 endloop
endfacet
facet normal -0.28760687 -0.47984225 -0.82887495
 outer loop
  vertex -46.233894 -230.47708 -1.9509033
  vertex -55.289505 -226.72618 -0.9801714
  vertex -54.4895 -225.52885 -1.9509033
 endloop
endfacet
facet normal -0.15282498 -0.25497392 0.95479465
 outer loop
  vertex -22.221481 -185.55309 6.4801226
  vertex -18.039577 -177.72928 9.238795
  vertex -21.260757 -175.79858 9.238795
 endloop
endfacet
facet normal -0.15282582 -0.25497377 0.9547945
 outer loop
  vertex -22.221481 -185.55309 6.4801226
  vertex -21.260757 -175.79858 9.238795
  vertex -26.189392 -183.1748 6.4801226
 endloop
endfacet
facet normal 0.31167588 0.520006 -0.7952684
 outer loop
  vertex -2.3102474 -148.30179 -4.1735454
  vertex -4.620495 -152.62395 -7.905112
  vertex -5.4455395 -152.12944 -7.905112
 endloop
endfacet
facet normal 0.31168935 0.5199961 -0.79526967
 outer loop
  vertex -2.3102474 -148.30179 -4.1735454
  vertex -5.4455395 -152.12944 -7.905112
  vertex -2.7227697 -148.05452 -4.1735454
 endloop
endfacet
facet normal -0.19081539 -0.3183557 -0.9285683
 outer loop
  vertex -45.109863 -228.3742 -2.9028468
  vertex -46.233894 -230.47708 -1.9509033
  vertex -54.4895 -225.52885 -1.9509033
 endloop
endfacet
facet normal -0.19081503 -0.3183543 -0.9285689
 outer loop
  vertex -45.109863 -228.3742 -2.9028468
  vertex -54.4895 -225.52885 -1.9509033
  vertex -53.164764 -223.54626 -2.9028468
 endloop
endfacet
facet normal -0.030796051 -0.051379967 0.9982043
 outer loop
  vertex -26.189384 -192.9765 5.975606
  vertex -22.221481 -185.55309 6.4801226
  vertex -26.189392 -183.1748 6.4801226
 endloop
endfacet
facet normal -0.03079604 -0.051379967 0.9982043
 outer loop
  vertex -26.189384 -192.9765 5.975606
  vertex -26.189392 -183.1748 6.4801226
  vertex -30.86581 -190.17355 5.975606
 endloop
endfacet
facet normal -0.13853286 -0.23112716 -0.9630104
 outer loop
  vertex -43.55137 -225.45847 -3.8268344
  vertex -45.109863 -228.3742 -2.9028468
  vertex -53.164764 -223.54626 -2.9028468
 endloop
endfacet
facet normal -0.13853295 -0.23112772 -0.9630102
 outer loop
  vertex -43.55137 -225.45847 -3.8268344
  vertex -53.164764 -223.54626 -2.9028468
  vertex -51.32798 -220.79733 -3.8268344
 endloop
endfacet
facet normal 0.11182755 0.18657258 0.976056
 outer loop
  vertex -29.905071 -199.92807 7.730104
  vertex -26.189384 -192.9765 5.975606
  vertex -30.86581 -190.17355 5.975606
 endloop
endfacet
facet normal 0.11182756 0.18657258 0.9760559
 outer loop
  vertex -29.905071 -199.92807 7.730104
  vertex -30.86581 -190.17355 5.975606
  vertex -35.244976 -196.72745 7.730104
 endloop
endfacet
facet normal -0.106469914 -0.17763388 -0.9783202
 outer loop
  vertex -41.57346 -221.75809 -4.713968
  vertex -43.55137 -225.45847 -3.8268344
  vertex -51.32798 -220.79733 -3.8268344
 endloop
endfacet
facet normal -0.106469974 -0.17763455 -0.97832006
 outer loop
  vertex -41.57346 -221.75809 -4.713968
  vertex -51.32798 -220.79733 -3.8268344
  vertex -48.996895 -217.30865 -4.713968
 endloop
endfacet
facet normal -0.04646059 -0.077514656 0.9959081
 outer loop
  vertex -33.332787 -206.34087 7.071068
  vertex -29.905071 -199.92807 7.730104
  vertex -35.244976 -196.72745 7.730104
 endloop
endfacet
facet normal -0.046460535 -0.07751464 0.9959081
 outer loop
  vertex -33.332787 -206.34087 7.071068
  vertex -35.244976 -196.72745 7.730104
  vertex -39.28475 -202.77339 7.071068
 endloop
endfacet
facet normal -0.08470334 -0.1413191 -0.9863337
 outer loop
  vertex -39.195206 -217.30869 -5.5557027
  vertex -41.57346 -221.75809 -4.713968
  vertex -48.996895 -217.30865 -4.713968
 endloop
endfacet
facet normal -0.084703356 -0.14131905 -0.9863338
 outer loop
  vertex -39.195206 -217.30869 -5.5557027
  vertex -48.996895 -217.30865 -4.713968
  vertex -46.193977 -213.11378 -5.5557027
 endloop
endfacet
facet normal -0.056447934 -0.09417758 0.9939538
 outer loop
  vertex -36.439457 -212.153 6.3439336
  vertex -33.332787 -206.34087 7.071068
  vertex -39.28475 -202.77339 7.071068
 endloop
endfacet
facet normal -0.056448147 -0.09417765 0.9939538
 outer loop
  vertex -36.439457 -212.153 6.3439336
  vertex -39.28475 -202.77339 7.071068
  vertex -42.94615 -208.25302 6.3439336
 endloop
endfacet
facet normal -0.068777956 -0.11474914 -0.9910107
 outer loop
  vertex -36.439457 -212.153 -6.3439336
  vertex -39.195206 -217.30869 -5.5557027
  vertex -46.193977 -213.11378 -5.5557027
 endloop
endfacet
facet normal -0.068778 -0.11474869 -0.9910107
 outer loop
  vertex -36.439457 -212.153 -6.3439336
  vertex -46.193977 -213.11378 -5.5557027
  vertex -42.94615 -208.25302 -6.3439336
 endloop
endfacet
facet normal -0.068778194 -0.11474902 0.99101067
 outer loop
  vertex -39.195206 -217.30869 5.5557027
  vertex -36.439457 -212.153 6.3439336
  vertex -42.94615 -208.25302 6.3439336
 endloop
endfacet
facet normal -0.068777785 -0.11474885 0.9910107
 outer loop
  vertex -39.195206 -217.30869 5.5557027
  vertex -42.94615 -208.25302 6.3439336
  vertex -46.193977 -213.11378 5.5557027
 endloop
endfacet
facet normal -0.056448065 -0.094177514 -0.9939538
 outer loop
  vertex -33.332787 -206.34087 -7.071068
  vertex -36.439457 -212.153 -6.3439336
  vertex -42.94615 -208.25302 -6.3439336
 endloop
endfacet
facet normal -0.056448016 -0.09417772 -0.9939538
 outer loop
  vertex -33.332787 -206.34087 -7.071068
  vertex -42.94615 -208.25302 -6.3439336
  vertex -39.28475 -202.77339 -7.071068
 endloop
endfacet
facet normal -0.08470337 -0.1413191 0.9863338
 outer loop
  vertex -41.57346 -221.75809 4.713968
  vertex -39.195206 -217.30869 5.5557027
  vertex -46.193977 -213.11378 5.5557027
 endloop
endfacet
facet normal -0.08470331 -0.14131907 0.9863337
 outer loop
  vertex -41.57346 -221.75809 4.713968
  vertex -46.193977 -213.11378 5.5557027
  vertex -48.996895 -217.30865 4.713968
 endloop
endfacet
facet normal -0.04646056 -0.077514686 -0.995908
 outer loop
  vertex -29.905071 -199.92807 -7.730104
  vertex -33.332787 -206.34087 -7.071068
  vertex -39.28475 -202.77339 -7.071068
 endloop
endfacet
facet normal -0.046460573 -0.077514626 -0.9959081
 outer loop
  vertex -29.905071 -199.92807 -7.730104
  vertex -39.28475 -202.77339 -7.071068
  vertex -35.244976 -196.72745 -7.730104
 endloop
endfacet
facet normal -0.10646967 -0.17763405 0.97832024
 outer loop
  vertex -43.55137 -225.45847 3.8268344
  vertex -41.57346 -221.75809 4.713968
  vertex -48.996895 -217.30865 4.713968
 endloop
endfacet
facet normal -0.10647021 -0.17763439 0.97832
 outer loop
  vertex -43.55137 -225.45847 3.8268344
  vertex -48.996895 -217.30865 4.713968
  vertex -51.32798 -220.79733 3.8268344
 endloop
endfacet
facet normal -0.0029299853 -0.003950636 0.99998796
 outer loop
  vertex -5.4455395 -152.12944 9.951847
  vertex 0 -143.97961 10
  vertex -6.21814 -151.55644 9.951847
 endloop
endfacet
facet normal -0.2763475 0.13048783 -0.9521581
 outer loop
  vertex -21.260757 -175.79858 -9.238795
  vertex -26.189392 -183.1748 -8.819213
  vertex -29.905083 -180.41907 -7.3631396
 endloop
endfacet
facet normal -0.30597386 0.1940784 -0.9320481
 outer loop
  vertex -21.260757 -175.79858 -9.238795
  vertex -29.905083 -180.41907 -7.3631396
  vertex -24.277184 -173.56143 -7.782722
 endloop
endfacet
facet normal -0.33325526 -0.44934148 0.8288746
 outer loop
  vertex -55.289505 -226.72618 0.9801714
  vertex -54.4895 -225.52885 1.9509033
  vertex -62.220337 -219.79526 1.9509033
 endloop
endfacet
facet normal -0.33325285 -0.44933933 0.8288768
 outer loop
  vertex -55.289505 -226.72618 0.9801714
  vertex -62.220337 -219.79526 1.9509033
  vertex -63.13385 -220.90842 0.9801714
 endloop
endfacet
facet normal -0.15475003 -0.20865686 0.965668
 outer loop
  vertex -10.838638 -160.20078 7.3435783
  vertex -5.4455395 -152.12944 9.951847
  vertex -6.21814 -151.55644 9.951847
 endloop
endfacet
facet normal -0.15475105 -0.20865642 0.96566796
 outer loop
  vertex -10.838638 -160.20078 7.3435783
  vertex -6.21814 -151.55644 9.951847
  vertex -12.376399 -159.06029 7.3435783
 endloop
endfacet
facet normal -0.32041565 0.17402461 -0.93115485
 outer loop
  vertex -16.127346 -168.11589 -9.569404
  vertex -21.260757 -175.79858 -9.238795
  vertex -24.277184 -173.56143 -7.782722
 endloop
endfacet
facet normal -0.11322456 -0.15266606 -0.98177046
 outer loop
  vertex -16.127346 -168.11589 -9.569404
  vertex -24.277184 -173.56143 -7.782722
  vertex -18.415459 -166.41891 -9.569404
 endloop
endfacet
facet normal -0.032082554 -0.043258306 -0.9985486
 outer loop
  vertex -44.885807 -211.8164 0
  vertex -55.289505 -226.72618 0.9801714
  vertex -63.13385 -220.90842 0.9801714
 endloop
endfacet
facet normal -0.032208774 -0.043005705 -0.99855554
 outer loop
  vertex -44.885807 -211.8164 0
  vertex -63.13385 -220.90842 0.9801714
  vertex -51.254105 -207.04692 0
 endloop
endfacet
facet normal -0.01493475 -0.020137066 0.99968565
 outer loop
  vertex -16.127346 -168.11589 7.1051307
  vertex -10.838638 -160.20078 7.3435783
  vertex -12.376399 -159.06029 7.3435783
 endloop
endfacet
facet normal -0.014934658 -0.020137105 0.9996857
 outer loop
  vertex -16.127346 -168.11589 7.1051307
  vertex -12.376399 -159.06029 7.3435783
  vertex -18.415459 -166.41891 7.1051307
 endloop
endfacet
facet normal 0.08232654 0.11100477 -0.99040407
 outer loop
  vertex -10.838638 -160.20078 -8.242656
  vertex -16.127346 -168.11589 -9.569404
  vertex -18.415459 -166.41891 -9.569404
 endloop
endfacet
facet normal 0.082326904 0.1110043 -0.9904041
 outer loop
  vertex -10.838638 -160.20078 -8.242656
  vertex -18.415459 -166.41891 -9.569404
  vertex -12.376399 -159.06029 -8.242656
 endloop
endfacet
facet normal -0.032289695 -0.043113746 0.9985482
 outer loop
  vertex -55.289505 -226.72618 -0.9801714
  vertex -44.885807 -211.8164 0
  vertex -51.254105 -207.04692 0
 endloop
endfacet
facet normal -0.03201704 -0.04316997 0.9985546
 outer loop
  vertex -55.289505 -226.72618 -0.9801714
  vertex -51.254105 -207.04692 0
  vertex -63.13385 -220.90842 -0.9801714
 endloop
endfacet
facet normal 0.13418421 0.18092693 0.9742998
 outer loop
  vertex -21.260757 -175.79858 9.238795
  vertex -16.127346 -168.11589 7.1051307
  vertex -18.415459 -166.41891 7.1051307
 endloop
endfacet
facet normal 0.13418533 0.18092655 0.97429967
 outer loop
  vertex -21.260757 -175.79858 9.238795
  vertex -18.415459 -166.41891 7.1051307
  vertex -24.277184 -173.56143 9.238795
 endloop
endfacet
facet normal 0.020726234 0.02794593 -0.99939454
 outer loop
  vertex -5.4455395 -152.12944 -7.905112
  vertex -10.838638 -160.20078 -8.242656
  vertex -12.376399 -159.06029 -8.242656
 endloop
endfacet
facet normal 0.020726128 0.027946033 -0.9993945
 outer loop
  vertex -5.4455395 -152.12944 -7.905112
  vertex -12.376399 -159.06029 -8.242656
  vertex -6.21814 -151.55644 -7.905112
 endloop
endfacet
facet normal -0.33325472 -0.44934186 -0.8288747
 outer loop
  vertex -54.4895 -225.52885 -1.9509033
  vertex -55.289505 -226.72618 -0.9801714
  vertex -63.13385 -220.90842 -0.9801714
 endloop
endfacet
facet normal -0.3332534 -0.4493389 -0.8288768
 outer loop
  vertex -54.4895 -225.52885 -1.9509033
  vertex -63.13385 -220.90842 -0.9801714
  vertex -62.220337 -219.79526 -1.9509033
 endloop
endfacet
facet normal -0.1770824 -0.23876606 0.9547945
 outer loop
  vertex -26.189392 -183.1748 6.4801226
  vertex -21.260757 -175.79858 9.238795
  vertex -24.277184 -173.56143 9.238795
 endloop
endfacet
facet normal -0.17708081 -0.23876643 0.9547947
 outer loop
  vertex -26.189392 -183.1748 6.4801226
  vertex -24.277184 -173.56143 9.238795
  vertex -29.905083 -180.41907 6.4801226
 endloop
endfacet
facet normal 0.36114585 0.4869502 -0.7952693
 outer loop
  vertex -2.7227697 -148.05452 -4.1735454
  vertex -5.4455395 -152.12944 -7.905112
  vertex -6.21814 -151.55644 -7.905112
 endloop
endfacet
facet normal 0.36114606 0.4869502 -0.7952692
 outer loop
  vertex -2.7227697 -148.05452 -4.1735454
  vertex -6.21814 -151.55644 -7.905112
  vertex -3.10907 -147.76802 -4.1735454
 endloop
endfacet
facet normal -0.2211002 -0.2981183 -0.9285689
 outer loop
  vertex -53.164764 -223.54626 -2.9028468
  vertex -54.4895 -225.52885 -1.9509033
  vertex -62.220337 -219.79526 -1.9509033
 endloop
endfacet
facet normal -0.22110134 -0.29812133 -0.9285677
 outer loop
  vertex -53.164764 -223.54626 -2.9028468
  vertex -62.220337 -219.79526 -1.9509033
  vertex -60.707657 -217.95209 -2.9028468
 endloop
endfacet
facet normal -0.03568375 -0.048114087 0.9982042
 outer loop
  vertex -30.86581 -190.17355 5.975606
  vertex -26.189392 -183.1748 6.4801226
  vertex -29.905083 -180.41907 6.4801226
 endloop
endfacet
facet normal -0.03568372 -0.0481141 0.9982043
 outer loop
  vertex -30.86581 -190.17355 5.975606
  vertex -29.905083 -180.41907 6.4801226
  vertex -35.24498 -186.92575 5.975606
 endloop
endfacet
facet normal -0.16051987 -0.21643649 -0.96301025
 outer loop
  vertex -51.32798 -220.79733 -3.8268344
  vertex -53.164764 -223.54626 -2.9028468
  vertex -60.707657 -217.95209 -2.9028468
 endloop
endfacet
facet normal -0.1605198 -0.21643622 -0.96301025
 outer loop
  vertex -51.32798 -220.79733 -3.8268344
  vertex -60.707657 -217.95209 -2.9028468
  vertex -58.610275 -215.39642 -3.8268344
 endloop
endfacet
facet normal 0.12957595 0.1747135 0.976056
 outer loop
  vertex -35.244976 -196.72745 7.730104
  vertex -30.86581 -190.17355 5.975606
  vertex -35.24498 -186.92575 5.975606
 endloop
endfacet
facet normal 0.12957676 0.17471348 0.9760558
 outer loop
  vertex -35.244976 -196.72745 7.730104
  vertex -35.24498 -186.92575 5.975606
  vertex -40.245453 -193.01883 7.730104
 endloop
endfacet
facet normal -0.12336839 -0.16634329 -0.97832006
 outer loop
  vertex -48.996895 -217.30865 -4.713968
  vertex -51.32798 -220.79733 -3.8268344
  vertex -58.610275 -215.39642 -3.8268344
 endloop
endfacet
facet normal -0.123368286 -0.16634272 -0.97832024
 outer loop
  vertex -48.996895 -217.30865 -4.713968
  vertex -58.610275 -215.39642 -3.8268344
  vertex -55.948463 -212.15302 -4.713968
 endloop
endfacet
facet normal -0.05383467 -0.072587416 0.9959081
 outer loop
  vertex -39.28475 -202.77339 7.071068
  vertex -35.244976 -196.72745 7.730104
  vertex -40.245453 -193.01883 7.730104
 endloop
endfacet
facet normal -0.05383442 -0.07258739 0.99590814
 outer loop
  vertex -39.28475 -202.77339 7.071068
  vertex -40.245453 -193.01883 7.730104
  vertex -44.858383 -198.63971 7.071068
 endloop
endfacet
facet normal -0.09814726 -0.13233614 -0.9863337
 outer loop
  vertex -46.193977 -213.11378 -5.5557027
  vertex -48.996895 -217.30865 -4.713968
  vertex -55.948463 -212.15302 -4.713968
 endloop
endfacet
facet normal -0.09814727 -0.13233618 -0.9863338
 outer loop
  vertex -46.193977 -213.11378 -5.5557027
  vertex -55.948463 -212.15302 -4.713968
  vertex -52.74787 -208.25308 -5.5557027
 endloop
endfacet
facet normal -0.06540713 -0.088191405 0.9939538
 outer loop
  vertex -42.94615 -208.25302 6.3439336
  vertex -39.28475 -202.77339 7.071068
  vertex -44.858383 -198.63971 7.071068
 endloop
endfacet
facet normal -0.065407254 -0.08819143 0.9939539
 outer loop
  vertex -42.94615 -208.25302 6.3439336
  vertex -44.858383 -198.63971 7.071068
  vertex -49.03925 -203.73407 6.3439336
 endloop
endfacet
facet normal -0.07969404 -0.1074549 -0.9910107
 outer loop
  vertex -42.94615 -208.25302 -6.3439336
  vertex -46.193977 -213.11378 -5.5557027
  vertex -52.74787 -208.25308 -5.5557027
 endloop
endfacet
facet normal -0.07969405 -0.10745493 -0.9910108
 outer loop
  vertex -42.94615 -208.25302 -6.3439336
  vertex -52.74787 -208.25308 -5.5557027
  vertex -49.03925 -203.73407 -6.3439336
 endloop
endfacet
facet normal -0.07969404 -0.10745492 0.9910108
 outer loop
  vertex -46.193977 -213.11378 5.5557027
  vertex -42.94615 -208.25302 6.3439336
  vertex -49.03925 -203.73407 6.3439336
 endloop
endfacet
facet normal -0.07969406 -0.107454926 0.9910107
 outer loop
  vertex -46.193977 -213.11378 5.5557027
  vertex -49.03925 -203.73407 6.3439336
  vertex -52.74787 -208.25308 5.5557027
 endloop
endfacet
facet normal -0.065407194 -0.08819135 -0.9939538
 outer loop
  vertex -39.28475 -202.77339 -7.071068
  vertex -42.94615 -208.25302 -6.3439336
  vertex -49.03925 -203.73407 -6.3439336
 endloop
endfacet
facet normal -0.06540719 -0.08819149 -0.9939538
 outer loop
  vertex -39.28475 -202.77339 -7.071068
  vertex -49.03925 -203.73407 -6.3439336
  vertex -44.858383 -198.63971 -7.071068
 endloop
endfacet
facet normal -0.09814724 -0.13233614 0.9863338
 outer loop
  vertex -48.996895 -217.30865 4.713968
  vertex -46.193977 -213.11378 5.5557027
  vertex -52.74787 -208.25308 5.5557027
 endloop
endfacet
facet normal -0.09814728 -0.13233617 0.9863337
 outer loop
  vertex -48.996895 -217.30865 4.713968
  vertex -52.74787 -208.25308 5.5557027
  vertex -55.948463 -212.15302 4.713968
 endloop
endfacet
facet normal -0.05383451 -0.07258751 -0.995908
 outer loop
  vertex -35.244976 -196.72745 -7.730104
  vertex -39.28475 -202.77339 -7.071068
  vertex -44.858383 -198.63971 -7.071068
 endloop
endfacet
facet normal -0.05383457 -0.07258727 -0.9959081
 outer loop
  vertex -35.244976 -196.72745 -7.730104
  vertex -44.858383 -198.63971 -7.071068
  vertex -40.245453 -193.01883 -7.730104
 endloop
endfacet
facet normal -0.123368606 -0.16634314 0.97832006
 outer loop
  vertex -51.32798 -220.79733 3.8268344
  vertex -48.996895 -217.30865 4.713968
  vertex -55.948463 -212.15302 4.713968
 endloop
endfacet
facet normal -0.1233681 -0.1663429 0.97832024
 outer loop
  vertex -51.32798 -220.79733 3.8268344
  vertex -55.948463 -212.15302 4.713968
  vertex -58.610275 -215.39642 3.8268344
 endloop
endfacet
facet normal -0.0441121 -0.059478093 -0.9972545
 outer loop
  vertex -30.86581 -190.17355 -8.314696
  vertex -35.244976 -196.72745 -7.730104
  vertex -40.245453 -193.01883 -7.730104
 endloop
endfacet
facet normal -0.13502437 0.2480186 -0.95929927
 outer loop
  vertex -30.86581 -190.17355 -8.314696
  vertex -40.245453 -193.01883 -7.730104
  vertex -35.24498 -186.92575 -6.858623
 endloop
endfacet
facet normal -0.16051994 -0.21643643 0.9630102
 outer loop
  vertex -53.164764 -223.54626 2.9028468
  vertex -51.32798 -220.79733 3.8268344
  vertex -58.610275 -215.39642 3.8268344
 endloop
endfacet
facet normal -0.16051972 -0.2164363 0.96301025
 outer loop
  vertex -53.164764 -223.54626 2.9028468
  vertex -58.610275 -215.39642 3.8268344
  vertex -60.707657 -217.95209 2.9028468
 endloop
endfacet
facet normal -0.24871479 0.09671349 -0.96373624
 outer loop
  vertex -26.189392 -183.1748 -8.819213
  vertex -30.86581 -190.17355 -8.314696
  vertex -35.24498 -186.92575 -6.858623
 endloop
endfacet
facet normal -0.26622203 0.14458838 -0.9530058
 outer loop
  vertex -26.189392 -183.1748 -8.819213
  vertex -35.24498 -186.92575 -6.858623
  vertex -29.905083 -180.41907 -7.3631396
 endloop
endfacet
facet normal -0.22109944 -0.29811877 0.9285689
 outer loop
  vertex -54.4895 -225.52885 1.9509033
  vertex -53.164764 -223.54626 2.9028468
  vertex -60.707657 -217.95209 2.9028468
 endloop
endfacet
facet normal -0.22110206 -0.29812077 0.9285677
 outer loop
  vertex -54.4895 -225.52885 1.9509033
  vertex -60.707657 -217.95209 2.9028468
  vertex -62.220337 -219.79526 1.9509033
 endloop
endfacet
facet normal -0.016836584 -0.018576233 0.99968565
 outer loop
  vertex -18.415459 -166.41891 7.1051307
  vertex -12.376399 -159.06029 7.3435783
  vertex -13.794968 -157.77457 7.3435783
 endloop
endfacet
facet normal -0.016836569 -0.018576244 0.9996857
 outer loop
  vertex -18.415459 -166.41891 7.1051307
  vertex -13.794968 -157.77457 7.3435783
  vertex -20.526218 -164.50583 7.1051307
 endloop
endfacet
facet normal 0.092810676 0.10240054 -0.9904041
 outer loop
  vertex -12.376399 -159.06029 -8.242656
  vertex -18.415459 -166.41891 -9.569404
  vertex -20.526218 -164.50583 -9.569404
 endloop
endfacet
facet normal 0.09281073 0.10240045 -0.9904041
 outer loop
  vertex -12.376399 -159.06029 -8.242656
  vertex -20.526218 -164.50583 -9.569404
  vertex -13.794968 -157.77457 -8.242656
 endloop
endfacet
facet normal -0.036217324 -0.03957059 0.9985602
 outer loop
  vertex -63.13385 -220.90842 -0.9801714
  vertex -51.254105 -207.04692 0
  vertex -57.128796 -201.67006 0
 endloop
endfacet
facet normal -0.03594266 -0.039656654 0.99856675
 outer loop
  vertex -63.13385 -220.90842 -0.9801714
  vertex -57.128796 -201.67006 0
  vertex -70.370186 -214.3498 -0.9801714
 endloop
endfacet
facet normal 0.15127273 0.16690332 0.97429967
 outer loop
  vertex -24.277184 -173.56143 9.238795
  vertex -18.415459 -166.41891 7.1051307
  vertex -20.526218 -164.50583 7.1051307
 endloop
endfacet
facet normal 0.15127216 0.16690354 0.97429967
 outer loop
  vertex -24.277184 -173.56143 9.238795
  vertex -20.526218 -164.50583 7.1051307
  vertex -27.059809 -171.03941 9.238795
 endloop
endfacet
facet normal 0.023365604 0.02577987 -0.99939454
 outer loop
  vertex -6.21814 -151.55644 -7.905112
  vertex -12.376399 -159.06029 -8.242656
  vertex -13.794968 -157.77457 -8.242656
 endloop
endfacet
facet normal 0.023365522 0.025779989 -0.9993946
 outer loop
  vertex -6.21814 -151.55644 -7.905112
  vertex -13.794968 -157.77457 -8.242656
  vertex -6.9308567 -150.91048 -7.905112
 endloop
endfacet
facet normal -0.37569126 -0.41451195 -0.8288763
 outer loop
  vertex -62.220337 -219.79526 -1.9509033
  vertex -63.13385 -220.90842 -0.9801714
  vertex -70.370186 -214.3498 -0.9801714
 endloop
endfacet
facet normal -0.37569 -0.41450977 -0.828878
 outer loop
  vertex -62.220337 -219.79526 -1.9509033
  vertex -70.370186 -214.3498 -0.9801714
  vertex -69.35196 -213.33153 -1.9509033
 endloop
endfacet
facet normal -0.19963132 -0.22025976 0.9547947
 outer loop
  vertex -29.905083 -180.41907 6.4801226
  vertex -24.277184 -173.56143 9.238795
  vertex -27.059809 -171.03941 9.238795
 endloop
endfacet
facet normal -0.19963162 -0.22025964 0.9547947
 outer loop
  vertex -29.905083 -180.41907 6.4801226
  vertex -27.059809 -171.03941 9.238795
  vertex -33.33277 -177.3124 6.4801226
 endloop
endfacet
facet normal 0.4071358 0.44920725 -0.7952693
 outer loop
  vertex -3.10907 -147.76802 -4.1735454
  vertex -6.21814 -151.55644 -7.905112
  vertex -6.9308567 -150.91048 -7.905112
 endloop
endfacet
facet normal 0.40713602 0.44920728 -0.79526925
 outer loop
  vertex -3.10907 -147.76802 -4.1735454
  vertex -6.9308567 -150.91048 -7.905112
  vertex -3.4654284 -147.44504 -4.1735454
 endloop
endfacet
facet normal -0.24925786 -0.2750135 -0.92856777
 outer loop
  vertex -60.707657 -217.95209 -2.9028468
  vertex -62.220337 -219.79526 -1.9509033
  vertex -69.35196 -213.33153 -1.9509033
 endloop
endfacet
facet normal -0.2492569 -0.2750115 -0.9285686
 outer loop
  vertex -60.707657 -217.95209 -2.9028468
  vertex -69.35196 -213.33153 -1.9509033
  vertex -67.6659 -211.64548 -2.9028468
 endloop
endfacet
facet normal -0.040227965 -0.04438474 0.9982043
 outer loop
  vertex -35.24498 -186.92575 5.975606
  vertex -29.905083 -180.41907 6.4801226
  vertex -33.33277 -177.3124 6.4801226
 endloop
endfacet
facet normal -0.040227976 -0.04438474 0.9982043
 outer loop
  vertex -35.24498 -186.92575 5.975606
  vertex -33.33277 -177.3124 6.4801226
  vertex -39.28472 -183.26434 5.975606
 endloop
endfacet
facet normal -0.18096183 -0.19965984 -0.9630102
 outer loop
  vertex -58.610275 -215.39642 -3.8268344
  vertex -60.707657 -217.95209 -2.9028468
  vertex -67.6659 -211.64548 -2.9028468
 endloop
endfacet
facet normal -0.18096201 -0.19966026 -0.96301013
 outer loop
  vertex -58.610275 -215.39642 -3.8268344
  vertex -67.6659 -211.64548 -2.9028468
  vertex -65.32812 -209.30771 -3.8268344
 endloop
endfacet
facet normal 0.14607745 0.16117167 0.9760559
 outer loop
  vertex -40.245453 -193.01883 7.730104
  vertex -35.24498 -186.92575 5.975606
  vertex -39.28472 -183.26434 5.975606
 endloop
endfacet
facet normal 0.14607738 0.16117169 0.9760559
 outer loop
  vertex -40.245453 -193.01883 7.730104
  vertex -39.28472 -183.26434 5.975606
  vertex -44.858345 -188.83795 7.730104
 endloop
endfacet
facet normal -0.13907878 -0.15344936 -0.9783202
 outer loop
  vertex -55.948463 -212.15302 -4.713968
  vertex -58.610275 -215.39642 -3.8268344
  vertex -65.32812 -209.30771 -3.8268344
 endloop
endfacet
facet normal -0.13907881 -0.15344948 -0.9783201
 outer loop
  vertex -55.948463 -212.15302 -4.713968
  vertex -65.32812 -209.30771 -3.8268344
  vertex -62.361217 -206.34082 -4.713968
 endloop
endfacet
facet normal -0.060690004 -0.06696116 0.9959081
 outer loop
  vertex -44.858383 -198.63971 7.071068
  vertex -40.245453 -193.01883 7.730104
  vertex -44.858345 -188.83795 7.730104
 endloop
endfacet
facet normal -0.060690135 -0.06696116 0.9959081
 outer loop
  vertex -44.858383 -198.63971 7.071068
  vertex -44.858345 -188.83795 7.730104
  vertex -50 -193.97961 7.071068
 endloop
endfacet
facet normal -0.11064598 -0.12207874 -0.9863338
 outer loop
  vertex -52.74787 -208.25308 -5.5557027
  vertex -55.948463 -212.15302 -4.713968
  vertex -62.361217 -206.34082 -4.713968
 endloop
endfacet
facet normal -0.11064603 -0.12207906 -0.98633367
 outer loop
  vertex -52.74787 -208.25308 -5.5557027
  vertex -62.361217 -206.34082 -4.713968
  vertex -58.793777 -202.77339 -5.5557027
 endloop
endfacet
facet normal -0.07373657 -0.081355676 0.9939538
 outer loop
  vertex -49.03925 -203.73407 6.3439336
  vertex -44.858383 -198.63971 7.071068
  vertex -50 -193.97961 7.071068
 endloop
endfacet
facet normal -0.07373655 -0.081355676 0.9939538
 outer loop
  vertex -49.03925 -203.73407 6.3439336
  vertex -50 -193.97961 7.071068
  vertex -54.660072 -198.63965 6.3439336
 endloop
endfacet
facet normal -0.08984275 -0.09912619 -0.9910107
 outer loop
  vertex -49.03925 -203.73407 -6.3439336
  vertex -52.74787 -208.25308 -5.5557027
  vertex -58.793777 -202.77339 -5.5557027
 endloop
endfacet
facet normal -0.08984274 -0.0991261 -0.9910108
 outer loop
  vertex -49.03925 -203.73407 -6.3439336
  vertex -58.793777 -202.77339 -5.5557027
  vertex -54.660072 -198.63965 -6.3439336
 endloop
endfacet
facet normal -0.08984279 -0.09912615 0.9910108
 outer loop
  vertex -52.74787 -208.25308 5.5557027
  vertex -49.03925 -203.73407 6.3439336
  vertex -54.660072 -198.63965 6.3439336
 endloop
endfacet
facet normal -0.08984271 -0.09912613 0.9910107
 outer loop
  vertex -52.74787 -208.25308 5.5557027
  vertex -54.660072 -198.63965 6.3439336
  vertex -58.793777 -202.77339 5.5557027
 endloop
endfacet
facet normal -0.073736556 -0.08135568 -0.9939539
 outer loop
  vertex -44.858383 -198.63971 -7.071068
  vertex -49.03925 -203.73407 -6.3439336
  vertex -54.660072 -198.63965 -6.3439336
 endloop
endfacet
facet normal -0.073736556 -0.08135567 -0.9939538
 outer loop
  vertex -44.858383 -198.63971 -7.071068
  vertex -54.660072 -198.63965 -6.3439336
  vertex -50 -193.97961 -7.071068
 endloop
endfacet
facet normal -0.11064584 -0.12207886 0.9863338
 outer loop
  vertex -55.948463 -212.15302 4.713968
  vertex -52.74787 -208.25308 5.5557027
  vertex -58.793777 -202.77339 5.5557027
 endloop
endfacet
facet normal -0.110646166 -0.12207894 0.98633367
 outer loop
  vertex -55.948463 -212.15302 4.713968
  vertex -58.793777 -202.77339 5.5557027
  vertex -62.361217 -206.34082 4.713968
 endloop
endfacet
facet normal -0.060690075 -0.0669611 -0.9959081
 outer loop
  vertex -40.245453 -193.01883 -7.730104
  vertex -44.858383 -198.63971 -7.071068
  vertex -50 -193.97961 -7.071068
 endloop
endfacet
facet normal -0.06069006 -0.06696124 -0.9959081
 outer loop
  vertex -40.245453 -193.01883 -7.730104
  vertex -50 -193.97961 -7.071068
  vertex -44.858345 -188.83795 -7.730104
 endloop
endfacet
facet normal -0.13907874 -0.15344939 0.9783201
 outer loop
  vertex -58.610275 -215.39642 3.8268344
  vertex -55.948463 -212.15302 4.713968
  vertex -62.361217 -206.34082 4.713968
 endloop
endfacet
facet normal -0.13907887 -0.15344945 0.9783201
 outer loop
  vertex -58.610275 -215.39642 3.8268344
  vertex -62.361217 -206.34082 4.713968
  vertex -65.32812 -209.30771 3.8268344
 endloop
endfacet
facet normal 0.07388712 0.08152196 -0.993929
 outer loop
  vertex -35.24498 -186.92575 -6.858623
  vertex -40.245453 -193.01883 -7.730104
  vertex -44.858345 -188.83795 -7.730104
 endloop
endfacet
facet normal 0.07388714 0.08152191 -0.993929
 outer loop
  vertex -35.24498 -186.92575 -6.858623
  vertex -44.858345 -188.83795 -7.730104
  vertex -39.28472 -183.26434 -6.858623
 endloop
endfacet
facet normal -0.18096173 -0.19965993 0.96301025
 outer loop
  vertex -60.707657 -217.95209 2.9028468
  vertex -58.610275 -215.39642 3.8268344
  vertex -65.32812 -209.30771 3.8268344
 endloop
endfacet
facet normal -0.1809621 -0.19966012 0.9630101
 outer loop
  vertex -60.707657 -217.95209 2.9028468
  vertex -65.32812 -209.30771 3.8268344
  vertex -67.6659 -211.64548 2.9028468
 endloop
endfacet
facet normal -0.04022797 -0.044384737 -0.9982043
 outer loop
  vertex -29.905083 -180.41907 -7.3631396
  vertex -35.24498 -186.92575 -6.858623
  vertex -39.28472 -183.26434 -6.858623
 endloop
endfacet
facet normal -0.040227965 -0.04438474 -0.9982042
 outer loop
  vertex -29.905083 -180.41907 -7.3631396
  vertex -39.28472 -183.26434 -6.858623
  vertex -33.33277 -177.3124 -7.3631396
 endloop
endfacet
facet normal -0.24925834 -0.2750131 0.92856777
 outer loop
  vertex -62.220337 -219.79526 1.9509033
  vertex -60.707657 -217.95209 2.9028468
  vertex -67.6659 -211.64548 2.9028468
 endloop
endfacet
facet normal -0.24925646 -0.27501196 0.9285686
 outer loop
  vertex -62.220337 -219.79526 1.9509033
  vertex -67.6659 -211.64548 2.9028468
  vertex -69.35196 -213.33153 1.9509033
 endloop
endfacet
facet normal -0.0033031006 -0.0036444257 0.99998796
 outer loop
  vertex -6.21814 -151.55644 9.951847
  vertex 0 -143.97961 10
  vertex -6.9308567 -150.91048 9.951847
 endloop
endfacet
facet normal -0.03176507 -0.035047375 -0.9988807
 outer loop
  vertex -24.277184 -173.56143 -7.782722
  vertex -29.905083 -180.41907 -7.3631396
  vertex -33.33277 -177.3124 -7.3631396
 endloop
endfacet
facet normal -0.03176505 -0.035047416 -0.9988808
 outer loop
  vertex -24.277184 -173.56143 -7.782722
  vertex -33.33277 -177.3124 -7.3631396
  vertex -27.059809 -171.03941 -7.782722
 endloop
endfacet
facet normal -0.37569165 -0.4145116 0.8288763
 outer loop
  vertex -63.13385 -220.90842 0.9801714
  vertex -62.220337 -219.79526 1.9509033
  vertex -69.35196 -213.33153 1.9509033
 endloop
endfacet
facet normal -0.37568966 -0.4145102 0.8288779
 outer loop
  vertex -63.13385 -220.90842 0.9801714
  vertex -69.35196 -213.33153 1.9509033
  vertex -70.370186 -214.3498 0.9801714
 endloop
endfacet
facet normal -0.1744567 -0.19248423 0.96566796
 outer loop
  vertex -12.376399 -159.06029 7.3435783
  vertex -6.21814 -151.55644 9.951847
  vertex -6.9308567 -150.91048 9.951847
 endloop
endfacet
facet normal -0.17445771 -0.19248362 0.96566796
 outer loop
  vertex -12.376399 -159.06029 7.3435783
  vertex -6.9308567 -150.91048 9.951847
  vertex -13.794968 -157.77457 7.3435783
 endloop
endfacet
facet normal -0.12764324 -0.14083296 -0.9817705
 outer loop
  vertex -18.415459 -166.41891 -9.569404
  vertex -24.277184 -173.56143 -7.782722
  vertex -27.059809 -171.03941 -7.782722
 endloop
endfacet
facet normal -0.12764348 -0.14083251 -0.9817705
 outer loop
  vertex -18.415459 -166.41891 -9.569404
  vertex -27.059809 -171.03941 -7.782722
  vertex -20.526218 -164.50583 -9.569404
 endloop
endfacet
facet normal -0.03601885 -0.039740723 -0.9985606
 outer loop
  vertex -51.254105 -207.04692 0
  vertex -63.13385 -220.90842 0.9801714
  vertex -70.370186 -214.3498 0.9801714
 endloop
endfacet
facet normal -0.0361234 -0.039467975 -0.9985677
 outer loop
  vertex -51.254105 -207.04692 0
  vertex -70.370186 -214.3498 0.9801714
  vertex -57.128796 -201.67006 0
 endloop
endfacet
facet normal -0.22025958 -0.19963177 0.9547947
 outer loop
  vertex -33.33277 -177.3124 6.4801226
  vertex -27.059809 -171.03941 9.238795
  vertex -29.581833 -168.25679 9.238795
 endloop
endfacet
facet normal -0.22025974 -0.19963169 0.9547947
 outer loop
  vertex -33.33277 -177.3124 6.4801226
  vertex -29.581833 -168.25679 9.238795
  vertex -36.439445 -173.8847 6.4801226
 endloop
endfacet
facet normal 0.44920808 0.4071351 -0.79526925
 outer loop
  vertex -3.4654284 -147.44504 -4.1735454
  vertex -6.9308567 -150.91048 -7.905112
  vertex -7.5768256 -150.19775 -7.905112
 endloop
endfacet
facet normal 0.44920412 0.40714034 -0.7952688
 outer loop
  vertex -3.4654284 -147.44504 -4.1735454
  vertex -7.5768256 -150.19775 -7.905112
  vertex -3.7884128 -147.08868 -4.1735454
 endloop
endfacet
facet normal -0.2750119 -0.2492564 -0.92856866
 outer loop
  vertex -67.6659 -211.64548 -2.9028468
  vertex -69.35196 -213.33153 -1.9509033
  vertex -75.81569 -206.1999 -1.9509033
 endloop
endfacet
facet normal -0.27501217 -0.24925686 -0.9285684
 outer loop
  vertex -67.6659 -211.64548 -2.9028468
  vertex -75.81569 -206.1999 -1.9509033
  vertex -73.97249 -204.68724 -2.9028468
 endloop
endfacet
facet normal -0.04438474 -0.040227965 0.9982043
 outer loop
  vertex -39.28472 -183.26434 5.975606
  vertex -33.33277 -177.3124 6.4801226
  vertex -36.439445 -173.8847 6.4801226
 endloop
endfacet
facet normal -0.044384796 -0.040227953 0.9982043
 outer loop
  vertex -39.28472 -183.26434 5.975606
  vertex -36.439445 -173.8847 6.4801226
  vertex -42.94613 -179.2246 5.975606
 endloop
endfacet
facet normal -0.1996603 -0.1809618 -0.96301013
 outer loop
  vertex -65.32812 -209.30771 -3.8268344
  vertex -67.6659 -211.64548 -2.9028468
  vertex -73.97249 -204.68724 -2.9028468
 endloop
endfacet
facet normal -0.19965993 -0.1809611 -0.96301043
 outer loop
  vertex -65.32812 -209.30771 -3.8268344
  vertex -73.97249 -204.68724 -2.9028468
  vertex -71.41682 -202.58986 -3.8268344
 endloop
endfacet
facet normal 0.16117175 0.14607726 0.9760559
 outer loop
  vertex -44.858345 -188.83795 7.730104
  vertex -39.28472 -183.26434 5.975606
  vertex -42.94613 -179.2246 5.975606
 endloop
endfacet
facet normal 0.1611714 0.14607733 0.9760559
 outer loop
  vertex -44.858345 -188.83795 7.730104
  vertex -42.94613 -179.2246 5.975606
  vertex -49.039223 -184.22507 7.730104
 endloop
endfacet
facet normal -0.15344968 -0.13907857 -0.9783201
 outer loop
  vertex -62.361217 -206.34082 -4.713968
  vertex -65.32812 -209.30771 -3.8268344
  vertex -71.41682 -202.58986 -3.8268344
 endloop
endfacet
facet normal -0.15344983 -0.13907896 -0.97832006
 outer loop
  vertex -62.361217 -206.34082 -4.713968
  vertex -71.41682 -202.58986 -3.8268344
  vertex -68.1734 -199.92807 -4.713968
 endloop
endfacet
facet normal -0.066961184 -0.06069012 0.995908
 outer loop
  vertex -50 -193.97961 7.071068
  vertex -44.858345 -188.83795 7.730104
  vertex -49.039223 -184.22507 7.730104
 endloop
endfacet
facet normal -0.06696121 -0.06069012 0.99590814
 outer loop
  vertex -50 -193.97961 7.071068
  vertex -49.039223 -184.22507 7.730104
  vertex -54.66009 -188.838 7.071068
 endloop
endfacet
facet normal -0.12207902 -0.11064607 -0.9863337
 outer loop
  vertex -58.793777 -202.77339 -5.5557027
  vertex -62.361217 -206.34082 -4.713968
  vertex -68.1734 -199.92807 -4.713968
 endloop
endfacet
facet normal -0.12207892 -0.11064576 -0.9863338
 outer loop
  vertex -58.793777 -202.77339 -5.5557027
  vertex -68.1734 -199.92807 -4.713968
  vertex -64.27347 -196.72748 -5.5557027
 endloop
endfacet
facet normal -0.08135566 -0.073736496 0.9939538
 outer loop
  vertex -54.660072 -198.63965 6.3439336
  vertex -50 -193.97961 7.071068
  vertex -54.66009 -188.838 7.071068
 endloop
endfacet
facet normal -0.08135561 -0.07373649 0.9939538
 outer loop
  vertex -54.660072 -198.63965 6.3439336
  vertex -54.66009 -188.838 7.071068
  vertex -59.75449 -193.01883 6.3439336
 endloop
endfacet
facet normal -0.099126235 -0.089842685 -0.9910107
 outer loop
  vertex -54.660072 -198.63965 -6.3439336
  vertex -58.793777 -202.77339 -5.5557027
  vertex -64.27347 -196.72748 -5.5557027
 endloop
endfacet
facet normal -0.09912629 -0.0898429 -0.99101067
 outer loop
  vertex -54.660072 -198.63965 -6.3439336
  vertex -64.27347 -196.72748 -5.5557027
  vertex -59.75449 -193.01883 -6.3439336
 endloop
endfacet
facet normal -0.09912616 -0.08984278 0.9910108
 outer loop
  vertex -58.793777 -202.77339 5.5557027
  vertex -54.660072 -198.63965 6.3439336
  vertex -59.75449 -193.01883 6.3439336
 endloop
endfacet
facet normal -0.09912637 -0.0898428 0.9910107
 outer loop
  vertex -58.793777 -202.77339 5.5557027
  vertex -59.75449 -193.01883 6.3439336
  vertex -64.27347 -196.72748 5.5557027
 endloop
endfacet
facet normal -0.08135564 -0.07373651 -0.99395376
 outer loop
  vertex -50 -193.97961 -7.071068
  vertex -54.660072 -198.63965 -6.3439336
  vertex -59.75449 -193.01883 -6.3439336
 endloop
endfacet
facet normal -0.08135563 -0.073736474 -0.9939538
 outer loop
  vertex -50 -193.97961 -7.071068
  vertex -59.75449 -193.01883 -6.3439336
  vertex -54.66009 -188.838 -7.071068
 endloop
endfacet
facet normal -0.122079134 -0.11064595 0.98633367
 outer loop
  vertex -62.361217 -206.34082 4.713968
  vertex -58.793777 -202.77339 5.5557027
  vertex -64.27347 -196.72748 5.5557027
 endloop
endfacet
facet normal -0.12207881 -0.11064589 0.9863337
 outer loop
  vertex -62.361217 -206.34082 4.713968
  vertex -64.27347 -196.72748 5.5557027
  vertex -68.1734 -199.92807 4.713968
 endloop
endfacet
facet normal -0.0669612 -0.060690112 -0.99590814
 outer loop
  vertex -44.858345 -188.83795 -7.730104
  vertex -50 -193.97961 -7.071068
  vertex -54.66009 -188.838 -7.071068
 endloop
endfacet
facet normal -0.0669612 -0.060690135 -0.99590814
 outer loop
  vertex -44.858345 -188.83795 -7.730104
  vertex -54.66009 -188.838 -7.071068
  vertex -49.039223 -184.22507 -7.730104
 endloop
endfacet
facet normal -0.15344955 -0.13907869 0.9783201
 outer loop
  vertex -65.32812 -209.30771 3.8268344
  vertex -62.361217 -206.34082 4.713968
  vertex -68.1734 -199.92807 4.713968
 endloop
endfacet
facet normal -0.15344995 -0.13907881 0.9783201
 outer loop
  vertex -65.32812 -209.30771 3.8268344
  vertex -68.1734 -199.92807 4.713968
  vertex -71.41682 -202.58986 3.8268344
 endloop
endfacet
facet normal 0.081521854 0.073887154 -0.99392897
 outer loop
  vertex -39.28472 -183.26434 -6.858623
  vertex -44.858345 -188.83795 -7.730104
  vertex -49.039223 -184.22507 -7.730104
 endloop
endfacet
facet normal 0.081521876 0.07388696 -0.99392897
 outer loop
  vertex -39.28472 -183.26434 -6.858623
  vertex -49.039223 -184.22507 -7.730104
  vertex -42.94613 -179.2246 -6.858623
 endloop
endfacet
facet normal -0.19966051 -0.1809616 0.96301013
 outer loop
  vertex -67.6659 -211.64548 2.9028468
  vertex -65.32812 -209.30771 3.8268344
  vertex -71.41682 -202.58986 3.8268344
 endloop
endfacet
facet normal -0.19965975 -0.18096131 0.96301043
 outer loop
  vertex -67.6659 -211.64548 2.9028468
  vertex -71.41682 -202.58986 3.8268344
  vertex -73.97249 -204.68724 2.9028468
 endloop
endfacet
facet normal -0.044384778 -0.04022793 -0.9982043
 outer loop
  vertex -33.33277 -177.3124 -7.3631396
  vertex -39.28472 -183.26434 -6.858623
  vertex -42.94613 -179.2246 -6.858623
 endloop
endfacet
facet normal -0.044384763 -0.040227983 -0.9982042
 outer loop
  vertex -33.33277 -177.3124 -7.3631396
  vertex -42.94613 -179.2246 -6.858623
  vertex -36.439445 -173.8847 -7.3631396
 endloop
endfacet
facet normal -0.27501178 -0.2492565 0.9285686
 outer loop
  vertex -69.35196 -213.33153 1.9509033
  vertex -67.6659 -211.64548 2.9028468
  vertex -73.97249 -204.68724 2.9028468
 endloop
endfacet
facet normal -0.27501225 -0.24925673 0.92856836
 outer loop
  vertex -69.35196 -213.33153 1.9509033
  vertex -73.97249 -204.68724 2.9028468
  vertex -75.81569 -206.1999 1.9509033
 endloop
endfacet
facet normal -0.0036444322 -0.0033030969 0.99998796
 outer loop
  vertex -6.9308567 -150.91048 9.951847
  vertex 0 -143.97961 10
  vertex -7.5768256 -150.19775 9.951847
 endloop
endfacet
facet normal -0.03504739 -0.031765085 -0.9988807
 outer loop
  vertex -27.059809 -171.03941 -7.782722
  vertex -33.33277 -177.3124 -7.3631396
  vertex -36.439445 -173.8847 -7.3631396
 endloop
endfacet
facet normal -0.035047386 -0.031765115 -0.9988807
 outer loop
  vertex -27.059809 -171.03941 -7.782722
  vertex -36.439445 -173.8847 -7.3631396
  vertex -29.581833 -168.25679 -7.782722
 endloop
endfacet
facet normal -0.4145103 -0.3756905 0.8288775
 outer loop
  vertex -70.370186 -214.3498 0.9801714
  vertex -69.35196 -213.33153 1.9509033
  vertex -75.81569 -206.1999 1.9509033
 endloop
endfacet
facet normal -0.41451234 -0.37569168 0.8288759
 outer loop
  vertex -70.370186 -214.3498 0.9801714
  vertex -75.81569 -206.1999 1.9509033
  vertex -76.92882 -207.11345 0.9801714
 endloop
endfacet
facet normal -0.1924847 -0.17445652 0.96566796
 outer loop
  vertex -13.794968 -157.77457 7.3435783
  vertex -6.9308567 -150.91048 9.951847
  vertex -7.5768256 -150.19775 9.951847
 endloop
endfacet
facet normal -0.19248344 -0.17445749 0.96566796
 outer loop
  vertex -13.794968 -157.77457 7.3435783
  vertex -7.5768256 -150.19775 9.951847
  vertex -15.080684 -156.356 7.3435783
 endloop
endfacet
facet normal -0.14083265 -0.12764335 -0.9817705
 outer loop
  vertex -20.526218 -164.50583 -9.569404
  vertex -27.059809 -171.03941 -7.782722
  vertex -29.581833 -168.25679 -7.782722
 endloop
endfacet
facet normal -0.14083244 -0.12764384 -0.98177046
 outer loop
  vertex -20.526218 -164.50583 -9.569404
  vertex -29.581833 -168.25679 -7.782722
  vertex -22.4393 -162.39508 -9.569404
 endloop
endfacet
facet normal -0.039572556 -0.035866432 -0.99857277
 outer loop
  vertex -57.128796 -201.67006 0
  vertex -70.370186 -214.3498 0.9801714
  vertex -76.92882 -207.11345 0.9801714
 endloop
endfacet
facet normal -0.039649826 -0.03558662 -0.9985798
 outer loop
  vertex -57.128796 -201.67006 0
  vertex -76.92882 -207.11345 0.9801714
  vertex -62.453304 -195.73761 0
 endloop
endfacet
facet normal -0.018576233 -0.016836578 0.99968565
 outer loop
  vertex -20.526218 -164.50583 7.1051307
  vertex -13.794968 -157.77457 7.3435783
  vertex -15.080684 -156.356 7.3435783
 endloop
endfacet
facet normal -0.018576212 -0.016836597 0.99968565
 outer loop
  vertex -20.526218 -164.50583 7.1051307
  vertex -15.080684 -156.356 7.3435783
  vertex -22.4393 -162.39508 7.1051307
 endloop
endfacet
facet normal 0.10240036 0.09281083 -0.9904041
 outer loop
  vertex -13.794968 -157.77457 -8.242656
  vertex -20.526218 -164.50583 -9.569404
  vertex -22.4393 -162.39508 -9.569404
 endloop
endfacet
facet normal 0.102400444 0.09281068 -0.9904042
 outer loop
  vertex -13.794968 -157.77457 -8.242656
  vertex -22.4393 -162.39508 -9.569404
  vertex -15.080684 -156.356 -8.242656
 endloop
endfacet
facet normal -0.03975235 -0.03567864 0.99857235
 outer loop
  vertex -70.370186 -214.3498 -0.9801714
  vertex -57.128796 -201.67006 0
  vertex -62.453304 -195.73761 0
 endloop
endfacet
facet normal -0.039489217 -0.03579091 0.99857885
 outer loop
  vertex -70.370186 -214.3498 -0.9801714
  vertex -62.453304 -195.73761 0
  vertex -76.92882 -207.11345 -0.9801714
 endloop
endfacet
facet normal 0.16690287 0.15127285 0.9742997
 outer loop
  vertex -27.059809 -171.03941 9.238795
  vertex -20.526218 -164.50583 7.1051307
  vertex -22.4393 -162.39508 7.1051307
 endloop
endfacet
facet normal 0.16690342 0.15127252 0.97429967
 outer loop
  vertex -27.059809 -171.03941 9.238795
  vertex -22.4393 -162.39508 7.1051307
  vertex -29.581833 -168.25679 9.238795
 endloop
endfacet
facet normal 0.02577988 0.023365607 -0.99939454
 outer loop
  vertex -6.9308567 -150.91048 -7.905112
  vertex -13.794968 -157.77457 -8.242656
  vertex -15.080684 -156.356 -8.242656
 endloop
endfacet
facet normal 0.025779994 0.023365421 -0.9993945
 outer loop
  vertex -6.9308567 -150.91048 -7.905112
  vertex -15.080684 -156.356 -8.242656
  vertex -7.5768256 -150.19775 -7.905112
 endloop
endfacet
facet normal -0.41451067 -0.37569013 -0.8288775
 outer loop
  vertex -69.35196 -213.33153 -1.9509033
  vertex -70.370186 -214.3498 -0.9801714
  vertex -76.92882 -207.11345 -0.9801714
 endloop
endfacet
facet normal -0.41451204 -0.375692 -0.82887596
 outer loop
  vertex -69.35196 -213.33153 -1.9509033
  vertex -76.92882 -207.11345 -0.9801714
  vertex -75.81569 -206.1999 -1.9509033
 endloop
endfacet
facet normal 0.17471337 0.12957641 0.9760559
 outer loop
  vertex -49.039223 -184.22507 7.730104
  vertex -42.94613 -179.2246 5.975606
  vertex -46.193943 -174.84543 5.975606
 endloop
endfacet
facet normal 0.17471378 0.12957625 0.9760559
 outer loop
  vertex -49.039223 -184.22507 7.730104
  vertex -46.193943 -174.84543 5.975606
  vertex -52.74783 -179.22458 7.730104
 endloop
endfacet
facet normal -0.16634315 -0.12336833 -0.9783201
 outer loop
  vertex -68.1734 -199.92807 -4.713968
  vertex -71.41682 -202.58986 -3.8268344
  vertex -76.81773 -195.30756 -3.8268344
 endloop
endfacet
facet normal -0.16634321 -0.12336847 -0.97832006
 outer loop
  vertex -68.1734 -199.92807 -4.713968
  vertex -76.81773 -195.30756 -3.8268344
  vertex -73.32903 -192.9765 -4.713968
 endloop
endfacet
facet normal -0.07258751 -0.05383445 0.9959081
 outer loop
  vertex -54.66009 -188.838 7.071068
  vertex -49.039223 -184.22507 7.730104
  vertex -52.74783 -179.22458 7.730104
 endloop
endfacet
facet normal -0.07258747 -0.05383445 0.9959081
 outer loop
  vertex -54.66009 -188.838 7.071068
  vertex -52.74783 -179.22458 7.730104
  vertex -58.793777 -183.26436 7.071068
 endloop
endfacet
facet normal -0.13233623 -0.09814719 -0.9863337
 outer loop
  vertex -64.27347 -196.72748 -5.5557027
  vertex -68.1734 -199.92807 -4.713968
  vertex -73.32903 -192.9765 -4.713968
 endloop
endfacet
facet normal -0.13233629 -0.098147355 -0.98633367
 outer loop
  vertex -64.27347 -196.72748 -5.5557027
  vertex -73.32903 -192.9765 -4.713968
  vertex -69.13417 -190.17358 -5.5557027
 endloop
endfacet
facet normal -0.08819135 -0.06540707 0.9939538
 outer loop
  vertex -59.75449 -193.01883 6.3439336
  vertex -54.66009 -188.838 7.071068
  vertex -58.793777 -183.26436 7.071068
 endloop
endfacet
facet normal -0.08819142 -0.06540706 0.9939538
 outer loop
  vertex -59.75449 -193.01883 6.3439336
  vertex -58.793777 -183.26436 7.071068
  vertex -64.27344 -186.92572 6.3439336
 endloop
endfacet
facet normal -0.10745514 -0.07969422 -0.9910107
 outer loop
  vertex -59.75449 -193.01883 -6.3439336
  vertex -64.27347 -196.72748 -5.5557027
  vertex -69.13417 -190.17358 -5.5557027
 endloop
endfacet
facet normal -0.10745505 -0.07969392 -0.9910108
 outer loop
  vertex -59.75449 -193.01883 -6.3439336
  vertex -69.13417 -190.17358 -5.5557027
  vertex -64.27344 -186.92572 -6.3439336
 endloop
endfacet
facet normal -0.10745525 -0.07969407 0.99101067
 outer loop
  vertex -64.27347 -196.72748 5.5557027
  vertex -59.75449 -193.01883 6.3439336
  vertex -64.27344 -186.92572 6.3439336
 endloop
endfacet
facet normal -0.107454956 -0.07969407 0.9910107
 outer loop
  vertex -64.27347 -196.72748 5.5557027
  vertex -64.27344 -186.92572 6.3439336
  vertex -69.13417 -190.17358 5.5557027
 endloop
endfacet
facet normal -0.088191375 -0.06540704 -0.9939538
 outer loop
  vertex -54.66009 -188.838 -7.071068
  vertex -59.75449 -193.01883 -6.3439336
  vertex -64.27344 -186.92572 -6.3439336
 endloop
endfacet
facet normal -0.08819138 -0.06540709 -0.9939538
 outer loop
  vertex -54.66009 -188.838 -7.071068
  vertex -64.27344 -186.92572 -6.3439336
  vertex -58.793777 -183.26436 -7.071068
 endloop
endfacet
facet normal -0.13233617 -0.098147266 0.9863338
 outer loop
  vertex -68.1734 -199.92807 4.713968
  vertex -64.27347 -196.72748 5.5557027
  vertex -69.13417 -190.17358 5.5557027
 endloop
endfacet
facet normal -0.13233635 -0.09814727 0.9863337
 outer loop
  vertex -68.1734 -199.92807 4.713968
  vertex -69.13417 -190.17358 5.5557027
  vertex -73.32903 -192.9765 4.713968
 endloop
endfacet
facet normal -0.0725875 -0.053834476 -0.9959081
 outer loop
  vertex -49.039223 -184.22507 -7.730104
  vertex -54.66009 -188.838 -7.071068
  vertex -58.793777 -183.26436 -7.071068
 endloop
endfacet
facet normal -0.07258749 -0.05383443 -0.9959081
 outer loop
  vertex -49.039223 -184.22507 -7.730104
  vertex -58.793777 -183.26436 -7.071068
  vertex -52.74783 -179.22458 -7.730104
 endloop
endfacet
facet normal -0.1663431 -0.12336838 0.97832006
 outer loop
  vertex -71.41682 -202.58986 3.8268344
  vertex -68.1734 -199.92807 4.713968
  vertex -73.32903 -192.9765 4.713968
 endloop
endfacet
facet normal -0.16634326 -0.12336841 0.9783201
 outer loop
  vertex -71.41682 -202.58986 3.8268344
  vertex -73.32903 -192.9765 4.713968
  vertex -76.81773 -195.30756 3.8268344
 endloop
endfacet
facet normal 0.088371515 0.06554064 -0.99392897
 outer loop
  vertex -42.94613 -179.2246 -6.858623
  vertex -49.039223 -184.22507 -7.730104
  vertex -52.74783 -179.22458 -7.730104
 endloop
endfacet
facet normal 0.085595705 -0.25662056 -0.96271455
 outer loop
  vertex -42.94613 -179.2246 -6.858623
  vertex -52.74783 -179.22458 -7.730104
  vertex -46.193943 -174.84543 -8.314696
 endloop
endfacet
facet normal -0.21643583 -0.16051956 0.9630104
 outer loop
  vertex -73.97249 -204.68724 2.9028468
  vertex -71.41682 -202.58986 3.8268344
  vertex -76.81773 -195.30756 3.8268344
 endloop
endfacet
facet normal -0.21643573 -0.16051953 0.9630104
 outer loop
  vertex -73.97249 -204.68724 2.9028468
  vertex -76.81773 -195.30756 3.8268344
  vertex -79.56667 -197.14435 2.9028468
 endloop
endfacet
facet normal 0.117196836 -0.23399292 -0.96514875
 outer loop
  vertex -36.439445 -173.8847 -7.3631396
  vertex -42.94613 -179.2246 -6.858623
  vertex -46.193943 -174.84543 -8.314696
 endloop
endfacet
facet normal 0.12071237 -0.283301 -0.9514037
 outer loop
  vertex -36.439445 -173.8847 -7.3631396
  vertex -46.193943 -174.84543 -8.314696
  vertex -39.19519 -170.169 -8.819213
 endloop
endfacet
facet normal -0.29811952 -0.22110027 0.9285685
 outer loop
  vertex -75.81569 -206.1999 1.9509033
  vertex -73.97249 -204.68724 2.9028468
  vertex -79.56667 -197.14435 2.9028468
 endloop
endfacet
facet normal -0.29811978 -0.22110039 0.9285684
 outer loop
  vertex -75.81569 -206.1999 1.9509033
  vertex -79.56667 -197.14435 2.9028468
  vertex -81.54927 -198.46906 1.9509033
 endloop
endfacet
facet normal -0.0039506294 -0.002929993 0.99998784
 outer loop
  vertex -7.5768256 -150.19775 9.951847
  vertex 0 -143.97961 10
  vertex -8.149825 -149.42516 9.951847
 endloop
endfacet
facet normal 0.1543443 -0.25914997 -0.953425
 outer loop
  vertex -29.581833 -168.25679 -7.782722
  vertex -36.439445 -173.8847 -7.3631396
  vertex -39.19519 -170.169 -8.819213
 endloop
endfacet
facet normal 0.16530162 -0.32661298 -0.93059087
 outer loop
  vertex -29.581833 -168.25679 -7.782722
  vertex -39.19519 -170.169 -8.819213
  vertex -31.818968 -165.24036 -9.238795
 endloop
endfacet
facet normal -0.449341 -0.33325356 0.8288756
 outer loop
  vertex -76.92882 -207.11345 0.9801714
  vertex -75.81569 -206.1999 1.9509033
  vertex -81.54927 -198.46906 1.9509033
 endloop
endfacet
facet normal -0.44933915 -0.3332527 0.828877
 outer loop
  vertex -76.92882 -207.11345 0.9801714
  vertex -81.54927 -198.46906 1.9509033
  vertex -82.74658 -199.2691 0.9801714
 endloop
endfacet
facet normal -0.2086565 -0.15475063 0.9656681
 outer loop
  vertex -15.080684 -156.356 7.3435783
  vertex -7.5768256 -150.19775 9.951847
  vertex -8.149825 -149.42516 9.951847
 endloop
endfacet
facet normal -0.20865701 -0.15475012 0.965668
 outer loop
  vertex -15.080684 -156.356 7.3435783
  vertex -8.149825 -149.42516 9.951847
  vertex -16.221165 -154.81824 7.3435783
 endloop
endfacet
facet normal 0.083525226 -0.38227785 -0.9202647
 outer loop
  vertex -22.4393 -162.39508 -9.569404
  vertex -29.581833 -168.25679 -7.782722
  vertex -31.818968 -165.24036 -9.238795
 endloop
endfacet
facet normal -0.028755467 -0.021326467 -0.99935895
 outer loop
  vertex -22.4393 -162.39508 -9.569404
  vertex -31.818968 -165.24036 -9.238795
  vertex -24.13628 -160.10696 -9.569404
 endloop
endfacet
facet normal -0.042718507 -0.031682212 -0.9985846
 outer loop
  vertex -62.453304 -195.73761 0
  vertex -76.92882 -207.11345 0.9801714
  vertex -82.74658 -199.2691 0.9801714
 endloop
endfacet
facet normal -0.04276639 -0.0314089 -0.99859124
 outer loop
  vertex -62.453304 -195.73761 0
  vertex -82.74658 -199.2691 0.9801714
  vertex -67.17635 -189.3067 0
 endloop
endfacet
facet normal -0.020137101 -0.014934645 0.99968565
 outer loop
  vertex -22.4393 -162.39508 7.1051307
  vertex -15.080684 -156.356 7.3435783
  vertex -16.221165 -154.81824 7.3435783
 endloop
endfacet
facet normal -0.02013709 -0.014934655 0.9996857
 outer loop
  vertex -22.4393 -162.39508 7.1051307
  vertex -16.221165 -154.81824 7.3435783
  vertex -24.13628 -160.10696 7.1051307
 endloop
endfacet
facet normal 0.11100463 0.08232648 -0.9904041
 outer loop
  vertex -15.080684 -156.356 -8.242656
  vertex -22.4393 -162.39508 -9.569404
  vertex -24.13628 -160.10696 -9.569404
 endloop
endfacet
facet normal 0.11100466 0.082326375 -0.9904041
 outer loop
  vertex -15.080684 -156.356 -8.242656
  vertex -24.13628 -160.10696 -9.569404
  vertex -16.221165 -154.81824 -8.242656
 endloop
endfacet
facet normal -0.0428722 -0.031486608 0.99858433
 outer loop
  vertex -76.92882 -207.11345 -0.9801714
  vertex -62.453304 -195.73761 0
  vertex -67.17635 -189.3067 0
 endloop
endfacet
facet normal -0.04263235 -0.031618312 0.9985904
 outer loop
  vertex -76.92882 -207.11345 -0.9801714
  vertex -67.17635 -189.3067 0
  vertex -82.74658 -199.2691 -0.9801714
 endloop
endfacet
facet normal 0.18092719 0.1341845 0.9742997
 outer loop
  vertex -29.581833 -168.25679 9.238795
  vertex -22.4393 -162.39508 7.1051307
  vertex -24.13628 -160.10696 7.1051307
 endloop
endfacet
facet normal 0.18092725 0.13418448 0.9742997
 outer loop
  vertex -29.581833 -168.25679 9.238795
  vertex -24.13628 -160.10696 7.1051307
  vertex -31.818968 -165.24036 9.238795
 endloop
endfacet
facet normal 0.027946025 0.020726118 -0.99939454
 outer loop
  vertex -7.5768256 -150.19775 -7.905112
  vertex -15.080684 -156.356 -8.242656
  vertex -16.221165 -154.81824 -8.242656
 endloop
endfacet
facet normal 0.027945979 0.020726189 -0.9993946
 outer loop
  vertex -7.5768256 -150.19775 -7.905112
  vertex -16.221165 -154.81824 -8.242656
  vertex -8.149825 -149.42516 -7.905112
 endloop
endfacet
facet normal -0.4493407 -0.33325386 -0.82887566
 outer loop
  vertex -75.81569 -206.1999 -1.9509033
  vertex -76.92882 -207.11345 -0.9801714
  vertex -82.74658 -199.2691 -0.9801714
 endloop
endfacet
facet normal -0.4493394 -0.33325234 -0.828877
 outer loop
  vertex -75.81569 -206.1999 -1.9509033
  vertex -82.74658 -199.2691 -0.9801714
  vertex -81.54927 -198.46906 -1.9509033
 endloop
endfacet
facet normal -0.23876664 -0.17708103 0.95479465
 outer loop
  vertex -36.439445 -173.8847 6.4801226
  vertex -29.581833 -168.25679 9.238795
  vertex -31.818968 -165.24036 9.238795
 endloop
endfacet
facet normal -0.23876658 -0.17708103 0.95479465
 outer loop
  vertex -36.439445 -173.8847 6.4801226
  vertex -31.818968 -165.24036 9.238795
  vertex -39.19519 -170.169 6.4801226
 endloop
endfacet
facet normal 0.48694962 0.3611474 -0.7952689
 outer loop
  vertex -3.7884128 -147.08868 -4.1735454
  vertex -7.5768256 -150.19775 -7.905112
  vertex -8.149825 -149.42516 -7.905112
 endloop
endfacet
facet normal 0.48695263 0.36114222 -0.79526937
 outer loop
  vertex -3.7884128 -147.08868 -4.1735454
  vertex -8.149825 -149.42516 -7.905112
  vertex -4.0749125 -146.70238 -4.1735454
 endloop
endfacet
facet normal -0.29811954 -0.22110023 -0.9285685
 outer loop
  vertex -73.97249 -204.68724 -2.9028468
  vertex -75.81569 -206.1999 -1.9509033
  vertex -81.54927 -198.46906 -1.9509033
 endloop
endfacet
facet normal -0.2981197 -0.22110043 -0.92856836
 outer loop
  vertex -73.97249 -204.68724 -2.9028468
  vertex -81.54927 -198.46906 -1.9509033
  vertex -79.56667 -197.14435 -2.9028468
 endloop
endfacet
facet normal -0.04811409 -0.035683785 0.9982043
 outer loop
  vertex -42.94613 -179.2246 5.975606
  vertex -36.439445 -173.8847 6.4801226
  vertex -39.19519 -170.169 6.4801226
 endloop
endfacet
facet normal -0.048114013 -0.03568382 0.9982043
 outer loop
  vertex -42.94613 -179.2246 5.975606
  vertex -39.19519 -170.169 6.4801226
  vertex -46.193943 -174.84543 5.975606
 endloop
endfacet
facet normal -0.21643582 -0.1605196 -0.96301043
 outer loop
  vertex -71.41682 -202.58986 -3.8268344
  vertex -73.97249 -204.68724 -2.9028468
  vertex -79.56667 -197.14435 -2.9028468
 endloop
endfacet
facet normal -0.21643575 -0.16051948 -0.96301043
 outer loop
  vertex -71.41682 -202.58986 -3.8268344
  vertex -79.56667 -197.14435 -2.9028468
  vertex -76.81773 -195.30756 -3.8268344
 endloop
endfacet
facet normal -0.09417767 -0.056447923 0.9939538
 outer loop
  vertex -64.27344 -186.92572 6.3439336
  vertex -58.793777 -183.26436 7.071068
  vertex -62.361248 -177.3124 7.071068
 endloop
endfacet
facet normal -0.09417753 -0.05644795 0.9939539
 outer loop
  vertex -64.27344 -186.92572 6.3439336
  vertex -62.361248 -177.3124 7.071068
  vertex -68.1734 -180.41904 6.3439336
 endloop
endfacet
facet normal -0.11474894 -0.06877791 -0.9910107
 outer loop
  vertex -64.27344 -186.92572 -6.3439336
  vertex -69.13417 -190.17358 -5.5557027
  vertex -73.32907 -183.17482 -5.5557027
 endloop
endfacet
facet normal -0.11474899 -0.06877802 -0.9910108
 outer loop
  vertex -64.27344 -186.92572 -6.3439336
  vertex -73.32907 -183.17482 -5.5557027
  vertex -68.1734 -180.41904 -6.3439336
 endloop
endfacet
facet normal -0.11474891 -0.06877798 0.9910108
 outer loop
  vertex -69.13417 -190.17358 5.5557027
  vertex -64.27344 -186.92572 6.3439336
  vertex -68.1734 -180.41904 6.3439336
 endloop
endfacet
facet normal -0.11474903 -0.06877796 0.9910107
 outer loop
  vertex -69.13417 -190.17358 5.5557027
  vertex -68.1734 -180.41904 6.3439336
  vertex -73.32907 -183.17482 5.5557027
 endloop
endfacet
facet normal -0.09417762 -0.056447998 -0.99395376
 outer loop
  vertex -58.793777 -183.26436 -7.071068
  vertex -64.27344 -186.92572 -6.3439336
  vertex -68.1734 -180.41904 -6.3439336
 endloop
endfacet
facet normal -0.09417758 -0.05644786 -0.9939538
 outer loop
  vertex -58.793777 -183.26436 -7.071068
  vertex -68.1734 -180.41904 -6.3439336
  vertex -62.361248 -177.3124 -7.071068
 endloop
endfacet
facet normal -0.14131919 -0.08470352 0.9863337
 outer loop
  vertex -73.32903 -192.9765 4.713968
  vertex -69.13417 -190.17358 5.5557027
  vertex -73.32907 -183.17482 5.5557027
 endloop
endfacet
facet normal -0.14131933 -0.08470352 0.9863337
 outer loop
  vertex -73.32903 -192.9765 4.713968
  vertex -73.32907 -183.17482 5.5557027
  vertex -77.778465 -185.55307 4.713968
 endloop
endfacet
facet normal -0.07751463 -0.04646048 -0.99590814
 outer loop
  vertex -52.74783 -179.22458 -7.730104
  vertex -58.793777 -183.26436 -7.071068
  vertex -62.361248 -177.3124 -7.071068
 endloop
endfacet
facet normal -0.07751462 -0.046460453 -0.9959081
 outer loop
  vertex -52.74783 -179.22458 -7.730104
  vertex -62.361248 -177.3124 -7.071068
  vertex -55.948444 -173.88467 -7.730104
 endloop
endfacet
facet normal -0.17763436 -0.10646991 0.97832006
 outer loop
  vertex -76.81773 -195.30756 3.8268344
  vertex -73.32903 -192.9765 4.713968
  vertex -77.778465 -185.55307 4.713968
 endloop
endfacet
facet normal -0.17763415 -0.1064699 0.9783201
 outer loop
  vertex -76.81773 -195.30756 3.8268344
  vertex -77.778465 -185.55307 4.713968
  vertex -81.47886 -187.53094 3.8268344
 endloop
endfacet
facet normal -0.0635156 -0.03806978 -0.9972545
 outer loop
  vertex -46.193943 -174.84543 -8.314696
  vertex -52.74783 -179.22458 -7.730104
  vertex -55.948444 -173.88467 -7.730104
 endloop
endfacet
facet normal -0.063515596 -0.038069725 -0.9972545
 outer loop
  vertex -46.193943 -174.84543 -8.314696
  vertex -55.948444 -173.88467 -7.730104
  vertex -48.996887 -170.16899 -8.314696
 endloop
endfacet
facet normal -0.23112713 -0.13853237 0.9630104
 outer loop
  vertex -79.56667 -197.14435 2.9028468
  vertex -76.81773 -195.30756 3.8268344
  vertex -81.47886 -187.53094 3.8268344
 endloop
endfacet
facet normal -0.23112759 -0.13853247 0.9630103
 outer loop
  vertex -79.56667 -197.14435 2.9028468
  vertex -81.47886 -187.53094 3.8268344
  vertex -84.39459 -189.08945 2.9028468
 endloop
endfacet
facet normal -0.05137999 -0.030795932 -0.9982043
 outer loop
  vertex -39.19519 -170.169 -8.819213
  vertex -46.193943 -174.84543 -8.314696
  vertex -48.996887 -170.16899 -8.314696
 endloop
endfacet
facet normal -0.05137999 -0.030795971 -0.9982043
 outer loop
  vertex -39.19519 -170.169 -8.819213
  vertex -48.996887 -170.16899 -8.314696
  vertex -41.573463 -166.2011 -8.819213
 endloop
endfacet
facet normal -0.3183556 -0.19081488 0.9285685
 outer loop
  vertex -81.54927 -198.46906 1.9509033
  vertex -79.56667 -197.14435 2.9028468
  vertex -84.39459 -189.08945 2.9028468
 endloop
endfacet
facet normal -0.31835574 -0.19081491 0.9285684
 outer loop
  vertex -81.54927 -198.46906 1.9509033
  vertex -84.39459 -189.08945 2.9028468
  vertex -86.49748 -190.21346 1.9509033
 endloop
endfacet
facet normal -0.004218798 -0.002528656 0.99998796
 outer loop
  vertex -8.149825 -149.42516 9.951847
  vertex 0 -143.97961 10
  vertex -8.644338 -148.60011 9.951847
 endloop
endfacet
facet normal -0.040571045 -0.024317337 -0.9988807
 outer loop
  vertex -31.818968 -165.24036 -9.238795
  vertex -39.19519 -170.169 -8.819213
  vertex -41.573463 -166.2011 -8.819213
 endloop
endfacet
facet normal -0.04057104 -0.02431737 -0.9988807
 outer loop
  vertex -31.818968 -165.24036 -9.238795
  vertex -41.573463 -166.2011 -8.819213
  vertex -33.74967 -162.01918 -9.238795
 endloop
endfacet
facet normal -0.47984064 -0.28760517 0.8288765
 outer loop
  vertex -82.74658 -199.2691 0.9801714
  vertex -81.54927 -198.46906 1.9509033
  vertex -86.49748 -190.21346 1.9509033
 endloop
endfacet
facet normal -0.47984082 -0.2876052 0.8288764
 outer loop
  vertex -82.74658 -199.2691 0.9801714
  vertex -86.49748 -190.21346 1.9509033
  vertex -87.767456 -190.89227 0.9801714
 endloop
endfacet
facet normal -0.2228201 -0.13355349 0.965668
 outer loop
  vertex -16.221165 -154.81824 7.3435783
  vertex -8.149825 -149.42516 9.951847
  vertex -8.644338 -148.60011 9.951847
 endloop
endfacet
facet normal -0.22281994 -0.13355367 0.965668
 outer loop
  vertex -16.221165 -154.81824 7.3435783
  vertex -8.644338 -148.60011 9.951847
  vertex -17.205427 -153.1761 7.3435783
 endloop
endfacet
facet normal -0.030707339 -0.018405285 -0.99935895
 outer loop
  vertex -24.13628 -160.10696 -9.569404
  vertex -31.818968 -165.24036 -9.238795
  vertex -33.74967 -162.01918 -9.238795
 endloop
endfacet
facet normal -0.03070735 -0.018405221 -0.99935895
 outer loop
  vertex -24.13628 -160.10696 -9.569404
  vertex -33.74967 -162.01918 -9.238795
  vertex -25.600815 -157.66353 -9.569404
 endloop
endfacet
facet normal -0.045437742 -0.027234308 -0.9985959
 outer loop
  vertex -67.17635 -189.3067 0
  vertex -82.74658 -199.2691 0.9801714
  vertex -87.767456 -190.89227 0.9801714
 endloop
endfacet
facet normal -0.04545753 -0.026981022 -0.99860185
 outer loop
  vertex -67.17635 -189.3067 0
  vertex -87.767456 -190.89227 0.9801714
  vertex -71.252464 -182.43929 0
 endloop
endfacet
facet normal -0.021503944 -0.012889024 0.99968565
 outer loop
  vertex -24.13628 -160.10696 7.1051307
  vertex -16.221165 -154.81824 7.3435783
  vertex -17.205427 -153.1761 7.3435783
 endloop
endfacet
facet normal -0.021504005 -0.012888966 0.9996857
 outer loop
  vertex -24.13628 -160.10696 7.1051307
  vertex -17.205427 -153.1761 7.3435783
  vertex -25.600815 -157.66353 7.1051307
 endloop
endfacet
facet normal 0.118539564 0.071049675 -0.9904041
 outer loop
  vertex -16.221165 -154.81824 -8.242656
  vertex -24.13628 -160.10696 -9.569404
  vertex -25.600815 -157.66353 -9.569404
 endloop
endfacet
facet normal 0.11853941 0.0710501 -0.99040407
 outer loop
  vertex -16.221165 -154.81824 -8.242656
  vertex -25.600815 -157.66353 -9.569404
  vertex -17.205427 -153.1761 -8.242656
 endloop
endfacet
facet normal -0.045560624 -0.027042216 0.9985955
 outer loop
  vertex -82.74658 -199.2691 -0.9801714
  vertex -67.17635 -189.3067 0
  vertex -71.252464 -182.43929 0
 endloop
endfacet
facet normal -0.04535365 -0.027183907 0.99860114
 outer loop
  vertex -82.74658 -199.2691 -0.9801714
  vertex -71.252464 -182.43929 0
  vertex -87.767456 -190.89227 -0.9801714
 endloop
endfacet
facet normal 0.19320838 0.115804315 0.97429967
 outer loop
  vertex -31.818968 -165.24036 9.238795
  vertex -24.13628 -160.10696 7.1051307
  vertex -25.600815 -157.66353 7.1051307
 endloop
endfacet
facet normal 0.19320813 0.115804546 0.97429967
 outer loop
  vertex -31.818968 -165.24036 9.238795
  vertex -25.600815 -157.66353 7.1051307
  vertex -33.74967 -162.01918 9.238795
 endloop
endfacet
facet normal 0.029842913 0.017887231 -0.99939454
 outer loop
  vertex -8.149825 -149.42516 -7.905112
  vertex -16.221165 -154.81824 -8.242656
  vertex -17.205427 -153.1761 -8.242656
 endloop
endfacet
facet normal 0.029842937 0.017887203 -0.9993946
 outer loop
  vertex -8.149825 -149.42516 -7.905112
  vertex -17.205427 -153.1761 -8.242656
  vertex -8.644338 -148.60011 -7.905112
 endloop
endfacet
facet normal -0.47984073 -0.28760514 -0.8288765
 outer loop
  vertex -81.54927 -198.46906 -1.9509033
  vertex -82.74658 -199.2691 -0.9801714
  vertex -87.767456 -190.89227 -0.9801714
 endloop
endfacet
facet normal -0.47984082 -0.28760523 -0.8288764
 outer loop
  vertex -81.54927 -198.46906 -1.9509033
  vertex -87.767456 -190.89227 -0.9801714
  vertex -86.49748 -190.21346 -1.9509033
 endloop
endfacet
facet normal -0.25497368 -0.15282547 0.95479465
 outer loop
  vertex -39.19519 -170.169 6.4801226
  vertex -31.818968 -165.24036 9.238795
  vertex -33.74967 -162.01918 9.238795
 endloop
endfacet
facet normal -0.25497383 -0.15282534 0.9547946
 outer loop
  vertex -39.19519 -170.169 6.4801226
  vertex -33.74967 -162.01918 9.238795
  vertex -41.573463 -166.2011 6.4801226
 endloop
endfacet
facet normal 0.5200033 0.31167862 -0.7952692
 outer loop
  vertex -4.0749125 -146.70238 -4.1735454
  vertex -8.149825 -149.42516 -7.905112
  vertex -8.644338 -148.60011 -7.905112
 endloop
endfacet
facet normal 0.5200033 0.31167856 -0.7952692
 outer loop
  vertex -4.0749125 -146.70238 -4.1735454
  vertex -8.644338 -148.60011 -7.905112
  vertex -4.322169 -146.28986 -4.1735454
 endloop
endfacet
facet normal -0.3183556 -0.19081484 -0.92856854
 outer loop
  vertex -79.56667 -197.14435 -2.9028468
  vertex -81.54927 -198.46906 -1.9509033
  vertex -86.49748 -190.21346 -1.9509033
 endloop
endfacet
facet normal -0.3183557 -0.19081496 -0.9285684
 outer loop
  vertex -79.56667 -197.14435 -2.9028468
  vertex -86.49748 -190.21346 -1.9509033
  vertex -84.39459 -189.08945 -2.9028468
 endloop
endfacet
facet normal -0.051379967 -0.030795954 0.9982042
 outer loop
  vertex -46.193943 -174.84543 5.975606
  vertex -39.19519 -170.169 6.4801226
  vertex -41.573463 -166.2011 6.4801226
 endloop
endfacet
facet normal -0.05138 -0.03079594 0.9982043
 outer loop
  vertex -46.193943 -174.84543 5.975606
  vertex -41.573463 -166.2011 6.4801226
  vertex -48.996887 -170.16899 5.975606
 endloop
endfacet
facet normal -0.23112722 -0.13853224 -0.9630104
 outer loop
  vertex -76.81773 -195.30756 -3.8268344
  vertex -79.56667 -197.14435 -2.9028468
  vertex -84.39459 -189.08945 -2.9028468
 endloop
endfacet
facet normal -0.23112752 -0.13853261 -0.9630103
 outer loop
  vertex -76.81773 -195.30756 -3.8268344
  vertex -84.39459 -189.08945 -2.9028468
  vertex -81.47886 -187.53094 -3.8268344
 endloop
endfacet
facet normal 0.18657309 0.111827426 0.97605586
 outer loop
  vertex -52.74783 -179.22458 7.730104
  vertex -46.193943 -174.84543 5.975606
  vertex -48.996887 -170.16899 5.975606
 endloop
endfacet
facet normal 0.18657298 0.11182751 0.976056
 outer loop
  vertex -52.74783 -179.22458 7.730104
  vertex -48.996887 -170.16899 5.975606
  vertex -55.948444 -173.88467 7.730104
 endloop
endfacet
facet normal -0.17763434 -0.10647001 -0.9783201
 outer loop
  vertex -73.32903 -192.9765 -4.713968
  vertex -76.81773 -195.30756 -3.8268344
  vertex -81.47886 -187.53094 -3.8268344
 endloop
endfacet
facet normal -0.1776342 -0.1064698 -0.97832006
 outer loop
  vertex -73.32903 -192.9765 -4.713968
  vertex -81.47886 -187.53094 -3.8268344
  vertex -77.778465 -185.55307 -4.713968
 endloop
endfacet
facet normal -0.077514626 -0.046460465 0.9959081
 outer loop
  vertex -58.793777 -183.26436 7.071068
  vertex -52.74783 -179.22458 7.730104
  vertex -55.948444 -173.88467 7.730104
 endloop
endfacet
facet normal -0.07751461 -0.046460476 0.99590814
 outer loop
  vertex -58.793777 -183.26436 7.071068
  vertex -55.948444 -173.88467 7.730104
  vertex -62.361248 -177.3124 7.071068
 endloop
endfacet
facet normal -0.14131923 -0.08470346 -0.9863337
 outer loop
  vertex -69.13417 -190.17358 -5.5557027
  vertex -73.32903 -192.9765 -4.713968
  vertex -77.778465 -185.55307 -4.713968
 endloop
endfacet
facet normal -0.14131929 -0.08470358 -0.9863337
 outer loop
  vertex -69.13417 -190.17358 -5.5557027
  vertex -77.778465 -185.55307 -4.713968
  vertex -73.32907 -183.17482 -5.5557027
 endloop
endfacet
facet normal -0.14894122 -0.07044397 0.9863337
 outer loop
  vertex -77.778465 -185.55307 4.713968
  vertex -73.32907 -183.17482 5.5557027
  vertex -76.81777 -175.79858 5.5557027
 endloop
endfacet
facet normal -0.14894143 -0.070443936 0.9863336
 outer loop
  vertex -77.778465 -185.55307 4.713968
  vertex -76.81777 -175.79858 5.5557027
  vertex -81.47885 -177.72925 4.713968
 endloop
endfacet
facet normal -0.08169527 -0.038639005 -0.9959081
 outer loop
  vertex -55.948444 -173.88467 -7.730104
  vertex -62.361248 -177.3124 -7.071068
  vertex -65.32815 -171.03941 -7.071068
 endloop
endfacet
facet normal -0.08169525 -0.03863891 -0.99590814
 outer loop
  vertex -55.948444 -173.88467 -7.730104
  vertex -65.32815 -171.03941 -7.071068
  vertex -58.610245 -168.25676 -7.730104
 endloop
endfacet
facet normal -0.18721466 -0.088545784 0.9783201
 outer loop
  vertex -81.47886 -187.53094 3.8268344
  vertex -77.778465 -185.55307 4.713968
  vertex -81.47885 -177.72925 4.713968
 endloop
endfacet
facet normal -0.18721433 -0.0885458 0.97832024
 outer loop
  vertex -81.47886 -187.53094 3.8268344
  vertex -81.47885 -177.72925 4.713968
  vertex -85.35529 -179.33492 3.8268344
 endloop
endfacet
facet normal -0.06694124 -0.031660788 -0.9972545
 outer loop
  vertex -48.996887 -170.16899 -8.314696
  vertex -55.948444 -173.88467 -7.730104
  vertex -58.610245 -168.25676 -7.730104
 endloop
endfacet
facet normal -0.06694126 -0.031660896 -0.9972545
 outer loop
  vertex -48.996887 -170.16899 -8.314696
  vertex -58.610245 -168.25676 -7.730104
  vertex -51.32796 -165.24036 -8.314696
 endloop
endfacet
facet normal -0.24359323 -0.11521105 0.96301025
 outer loop
  vertex -84.39459 -189.08945 2.9028468
  vertex -81.47886 -187.53094 3.8268344
  vertex -85.35529 -179.33492 3.8268344
 endloop
endfacet
facet normal -0.24359412 -0.11521112 0.9630101
 outer loop
  vertex -84.39459 -189.08945 2.9028468
  vertex -85.35529 -179.33492 3.8268344
  vertex -88.409744 -180.6001 2.9028468
 endloop
endfacet
facet normal -0.054151088 -0.025611592 -0.9982043
 outer loop
  vertex -41.573463 -166.2011 -8.819213
  vertex -48.996887 -170.16899 -8.314696
  vertex -51.32796 -165.24036 -8.314696
 endloop
endfacet
facet normal -0.054151084 -0.025611548 -0.9982043
 outer loop
  vertex -41.573463 -166.2011 -8.819213
  vertex -51.32796 -165.24036 -8.314696
  vertex -43.55136 -162.01918 -8.819213
 endloop
endfacet
facet normal -0.33552596 -0.15869151 0.9285684
 outer loop
  vertex -86.49748 -190.21346 1.9509033
  vertex -84.39459 -189.08945 2.9028468
  vertex -88.409744 -180.6001 2.9028468
 endloop
endfacet
facet normal -0.33552545 -0.15869144 0.92856866
 outer loop
  vertex -86.49748 -190.21346 1.9509033
  vertex -88.409744 -180.6001 2.9028468
  vertex -90.61268 -181.51259 1.9509033
 endloop
endfacet
facet normal -0.004446346 -0.002102938 0.99998796
 outer loop
  vertex -8.644338 -148.60011 9.951847
  vertex 0 -143.97961 10
  vertex -9.0556 -147.73056 9.951847
 endloop
endfacet
facet normal -0.042759217 -0.020223593 -0.9988807
 outer loop
  vertex -33.74967 -162.01918 -9.238795
  vertex -41.573463 -166.2011 -8.819213
  vertex -43.55136 -162.01918 -8.819213
 endloop
endfacet
facet normal -0.042759217 -0.02022361 -0.9988807
 outer loop
  vertex -33.74967 -162.01918 -9.238795
  vertex -43.55136 -162.01918 -8.819213
  vertex -35.355343 -158.62427 -9.238795
 endloop
endfacet
facet normal -0.5057206 -0.23918763 0.8288764
 outer loop
  vertex -87.767456 -190.89227 0.9801714
  vertex -86.49748 -190.21346 1.9509033
  vertex -90.61268 -181.51259 1.9509033
 endloop
endfacet
facet normal -0.5057193 -0.23918732 0.82887715
 outer loop
  vertex -87.767456 -190.89227 0.9801714
  vertex -90.61268 -181.51259 1.9509033
  vertex -91.94308 -182.06366 0.9801714
 endloop
endfacet
facet normal -0.23483832 -0.11106884 0.96566796
 outer loop
  vertex -17.205427 -153.1761 7.3435783
  vertex -8.644338 -148.60011 9.951847
  vertex -9.0556 -147.73056 9.951847
 endloop
endfacet
facet normal -0.23483779 -0.11106959 0.9656681
 outer loop
  vertex -17.205427 -153.1761 7.3435783
  vertex -9.0556 -147.73056 9.951847
  vertex -18.02399 -151.44539 7.3435783
 endloop
endfacet
facet normal -0.032363493 -0.015306798 -0.99935895
 outer loop
  vertex -25.600815 -157.66353 -9.569404
  vertex -33.74967 -162.01918 -9.238795
  vertex -35.355343 -158.62427 -9.238795
 endloop
endfacet
facet normal -0.032363497 -0.015306782 -0.99935895
 outer loop
  vertex -25.600815 -157.66353 -9.569404
  vertex -35.355343 -158.62427 -9.238795
  vertex -26.818798 -155.08832 -9.569404
 endloop
endfacet
facet normal -0.047716428 -0.02256818 -0.9986059
 outer loop
  vertex -71.252464 -182.43929 0
  vertex -87.767456 -190.89227 0.9801714
  vertex -91.94308 -182.06366 0.9801714
 endloop
endfacet
facet normal -0.047712654 -0.022346707 -0.9986111
 outer loop
  vertex -71.252464 -182.43929 0
  vertex -91.94308 -182.06366 0.9801714
  vertex -74.64237 -175.20146 0
 endloop
endfacet
facet normal -0.022663796 -0.010719141 0.99968565
 outer loop
  vertex -25.600815 -157.66353 7.1051307
  vertex -17.205427 -153.1761 7.3435783
  vertex -18.02399 -151.44539 7.3435783
 endloop
endfacet
facet normal -0.022663781 -0.010719161 0.9996857
 outer loop
  vertex -25.600815 -157.66353 7.1051307
  vertex -18.02399 -151.44539 7.3435783
  vertex -26.818798 -155.08832 7.1051307
 endloop
endfacet
facet normal 0.12493287 0.05908881 -0.99040407
 outer loop
  vertex -17.205427 -153.1761 -8.242656
  vertex -25.600815 -157.66353 -9.569404
  vertex -26.818798 -155.08832 -9.569404
 endloop
endfacet
facet normal 0.12493291 0.05908865 -0.9904041
 outer loop
  vertex -17.205427 -153.1761 -8.242656
  vertex -26.818798 -155.08832 -9.569404
  vertex -18.02399 -151.44539 -8.242656
 endloop
endfacet
facet normal -0.047807124 -0.02239095 0.99860555
 outer loop
  vertex -87.767456 -190.89227 -0.9801714
  vertex -71.252464 -182.43929 0
  vertex -74.64237 -175.20146 0
 endloop
endfacet
facet normal -0.04763925 -0.022531668 0.99861044
 outer loop
  vertex -87.767456 -190.89227 -0.9801714
  vertex -74.64237 -175.20146 0
  vertex -91.94308 -182.06366 -0.9801714
 endloop
endfacet
facet normal 0.20362861 0.09630911 0.97429967
 outer loop
  vertex -33.74967 -162.01918 9.238795
  vertex -25.600815 -157.66353 7.1051307
  vertex -26.818798 -155.08832 7.1051307
 endloop
endfacet
facet normal 0.20362857 0.09630917 0.9742997
 outer loop
  vertex -33.74967 -162.01918 9.238795
  vertex -26.818798 -155.08832 7.1051307
  vertex -35.355343 -158.62427 9.238795
 endloop
endfacet
facet normal 0.03145251 0.014875878 -0.99939454
 outer loop
  vertex -8.644338 -148.60011 -7.905112
  vertex -17.205427 -153.1761 -8.242656
  vertex -18.02399 -151.44539 -8.242656
 endloop
endfacet
facet normal 0.03145254 0.014875759 -0.9993945
 outer loop
  vertex -8.644338 -148.60011 -7.905112
  vertex -18.02399 -151.44539 -8.242656
  vertex -9.0556 -147.73056 -7.905112
 endloop
endfacet
facet normal -0.5057205 -0.23918785 -0.8288763
 outer loop
  vertex -86.49748 -190.21346 -1.9509033
  vertex -87.767456 -190.89227 -0.9801714
  vertex -91.94308 -182.06366 -0.9801714
 endloop
endfacet
facet normal -0.5057195 -0.23918705 -0.82887715
 outer loop
  vertex -86.49748 -190.21346 -1.9509033
  vertex -91.94308 -182.06366 -0.9801714
  vertex -90.61268 -181.51259 -1.9509033
 endloop
endfacet
facet normal -0.26872554 -0.12709777 0.9547946
 outer loop
  vertex -41.573463 -166.2011 6.4801226
  vertex -33.74967 -162.01918 9.238795
  vertex -35.355343 -158.62427 9.238795
 endloop
endfacet
facet normal -0.26872563 -0.12709771 0.9547946
 outer loop
  vertex -41.573463 -166.2011 6.4801226
  vertex -35.355343 -158.62427 9.238795
  vertex -43.55136 -162.01918 6.4801226
 endloop
endfacet
facet normal 0.5480508 0.25920543 -0.795269
 outer loop
  vertex -4.322169 -146.28986 -4.1735454
  vertex -8.644338 -148.60011 -7.905112
  vertex -9.0556 -147.73056 -7.905112
 endloop
endfacet
facet normal 0.54804957 0.25920925 -0.79526865
 outer loop
  vertex -4.322169 -146.28986 -4.1735454
  vertex -9.0556 -147.73056 -7.905112
  vertex -4.5278 -145.85509 -4.1735454
 endloop
endfacet
facet normal -0.33552584 -0.15869163 -0.9285684
 outer loop
  vertex -84.39459 -189.08945 -2.9028468
  vertex -86.49748 -190.21346 -1.9509033
  vertex -90.61268 -181.51259 -1.9509033
 endloop
endfacet
facet normal -0.33552548 -0.15869129 -0.92856866
 outer loop
  vertex -84.39459 -189.08945 -2.9028468
  vertex -90.61268 -181.51259 -1.9509033
  vertex -88.409744 -180.6001 -2.9028468
 endloop
endfacet
facet normal -0.054151107 -0.025611553 0.9982042
 outer loop
  vertex -48.996887 -170.16899 5.975606
  vertex -41.573463 -166.2011 6.4801226
  vertex -43.55136 -162.01918 6.4801226
 endloop
endfacet
facet normal -0.054151062 -0.02561158 0.9982042
 outer loop
  vertex -48.996887 -170.16899 5.975606
  vertex -43.55136 -162.01918 6.4801226
  vertex -51.32796 -165.24036 5.975606
 endloop
endfacet
facet normal -0.24359335 -0.11521075 -0.9630102
 outer loop
  vertex -81.47886 -187.53094 -3.8268344
  vertex -84.39459 -189.08945 -2.9028468
  vertex -88.409744 -180.6001 -2.9028468
 endloop
endfacet
facet normal -0.24359399 -0.115211405 -0.9630101
 outer loop
  vertex -81.47886 -187.53094 -3.8268344
  vertex -88.409744 -180.6001 -2.9028468
  vertex -85.35529 -179.33492 -3.8268344
 endloop
endfacet
facet normal 0.1966355 0.09300179 0.97605586
 outer loop
  vertex -55.948444 -173.88467 7.730104
  vertex -48.996887 -170.16899 5.975606
  vertex -51.32796 -165.24036 5.975606
 endloop
endfacet
facet normal 0.1966358 0.09300163 0.97605586
 outer loop
  vertex -55.948444 -173.88467 7.730104
  vertex -51.32796 -165.24036 5.975606
  vertex -58.610245 -168.25676 7.730104
 endloop
endfacet
facet normal -0.18721457 -0.088545926 -0.9783201
 outer loop
  vertex -77.778465 -185.55307 -4.713968
  vertex -81.47886 -187.53094 -3.8268344
  vertex -85.35529 -179.33492 -3.8268344
 endloop
endfacet
facet normal -0.18721439 -0.08854566 -0.97832024
 outer loop
  vertex -77.778465 -185.55307 -4.713968
  vertex -85.35529 -179.33492 -3.8268344
  vertex -81.47885 -177.72925 -4.713968
 endloop
endfacet
facet normal -0.08169531 -0.038638934 0.9959081
 outer loop
  vertex -62.361248 -177.3124 7.071068
  vertex -55.948444 -173.88467 7.730104
  vertex -58.610245 -168.25676 7.730104
 endloop
endfacet
facet normal -0.08169522 -0.038638975 0.99590814
 outer loop
  vertex -62.361248 -177.3124 7.071068
  vertex -58.610245 -168.25676 7.730104
  vertex -65.32815 -171.03941 7.071068
 endloop
endfacet
facet normal -0.14894128 -0.070443854 -0.9863337
 outer loop
  vertex -73.32907 -183.17482 -5.5557027
  vertex -77.778465 -185.55307 -4.713968
  vertex -81.47885 -177.72925 -4.713968
 endloop
endfacet
facet normal -0.1489414 -0.070444055 -0.9863337
 outer loop
  vertex -73.32907 -183.17482 -5.5557027
  vertex -81.47885 -177.72925 -4.713968
  vertex -76.81777 -175.79858 -5.5557027
 endloop
endfacet
facet normal -0.09925691 -0.046945047 0.9939539
 outer loop
  vertex -68.1734 -180.41904 6.3439336
  vertex -62.361248 -177.3124 7.071068
  vertex -65.32815 -171.03941 7.071068
 endloop
endfacet
facet normal -0.099257156 -0.046944965 0.9939538
 outer loop
  vertex -68.1734 -180.41904 6.3439336
  vertex -65.32815 -171.03941 7.071068
  vertex -71.41681 -173.5614 6.3439336
 endloop
endfacet
facet normal -0.12093794 -0.057199404 -0.9910107
 outer loop
  vertex -68.1734 -180.41904 -6.3439336
  vertex -73.32907 -183.17482 -5.5557027
  vertex -76.81777 -175.79858 -5.5557027
 endloop
endfacet
facet normal -0.12093779 -0.0571991 -0.9910108
 outer loop
  vertex -68.1734 -180.41904 -6.3439336
  vertex -76.81777 -175.79858 -5.5557027
  vertex -71.41681 -173.5614 -6.3439336
 endloop
endfacet
facet normal -0.12093804 -0.05719922 0.99101067
 outer loop
  vertex -73.32907 -183.17482 5.5557027
  vertex -68.1734 -180.41904 6.3439336
  vertex -71.41681 -173.5614 6.3439336
 endloop
endfacet
facet normal -0.120937705 -0.057199296 0.9910107
 outer loop
  vertex -73.32907 -183.17482 5.5557027
  vertex -71.41681 -173.5614 6.3439336
  vertex -76.81777 -175.79858 5.5557027
 endloop
endfacet
facet normal -0.09925699 -0.04694489 -0.9939538
 outer loop
  vertex -62.361248 -177.3124 -7.071068
  vertex -68.1734 -180.41904 -6.3439336
  vertex -71.41681 -173.5614 -6.3439336
 endloop
endfacet
facet normal -0.09925709 -0.046945136 -0.9939538
 outer loop
  vertex -62.361248 -177.3124 -7.071068
  vertex -71.41681 -173.5614 -6.3439336
  vertex -65.32815 -171.03941 -7.071068
 endloop
endfacet
facet normal -0.2537137 -0.09078003 0.96301
 outer loop
  vertex -88.409744 -180.6001 2.9028468
  vertex -85.35529 -179.33492 3.8268344
  vertex -88.409706 -170.79839 3.8268344
 endloop
endfacet
facet normal -0.253713 -0.09078004 0.96301025
 outer loop
  vertex -88.409744 -180.6001 2.9028468
  vertex -88.409706 -170.79839 3.8268344
  vertex -91.57346 -171.7581 2.9028468
 endloop
endfacet
facet normal -0.056400724 -0.020180447 -0.9982043
 outer loop
  vertex -43.55136 -162.01918 -8.819213
  vertex -51.32796 -165.24036 -8.314696
  vertex -53.16472 -160.10695 -8.314696
 endloop
endfacet
facet normal -0.056400746 -0.02018056 -0.9982043
 outer loop
  vertex -43.55136 -162.01918 -8.819213
  vertex -53.16472 -160.10695 -8.314696
  vertex -45.109837 -157.66354 -8.819213
 endloop
endfacet
facet normal -0.34946418 -0.1250404 0.92856866
 outer loop
  vertex -90.61268 -181.51259 1.9509033
  vertex -88.409744 -180.6001 2.9028468
  vertex -91.57346 -171.7581 2.9028468
 endloop
endfacet
facet normal -0.34946564 -0.12504049 0.9285681
 outer loop
  vertex -90.61268 -181.51259 1.9509033
  vertex -91.57346 -171.7581 2.9028468
  vertex -93.855225 -172.45026 1.9509033
 endloop
endfacet
facet normal -0.0046310457 -0.0016570353 0.99998796
 outer loop
  vertex -9.0556 -147.73056 9.951847
  vertex 0 -143.97961 10
  vertex -9.379653 -146.8249 9.951847
 endloop
endfacet
facet normal -0.04453557 -0.015935121 -0.9988807
 outer loop
  vertex -35.355343 -158.62427 -9.238795
  vertex -43.55136 -162.01918 -8.819213
  vertex -45.109837 -157.66354 -8.819213
 endloop
endfacet
facet normal -0.044535562 -0.015935075 -0.9988807
 outer loop
  vertex -35.355343 -158.62427 -9.238795
  vertex -45.109837 -157.66354 -8.819213
  vertex -36.620525 -155.08832 -9.238795
 endloop
endfacet
facet normal -0.5267288 -0.1884661 0.82887715
 outer loop
  vertex -91.94308 -182.06366 0.9801714
  vertex -90.61268 -181.51259 1.9509033
  vertex -93.855225 -172.45026 1.9509033
 endloop
endfacet
facet normal -0.5267276 -0.18846594 0.82887787
 outer loop
  vertex -91.94308 -182.06366 0.9801714
  vertex -93.855225 -172.45026 1.9509033
  vertex -95.23323 -172.86829 0.9801714
 endloop
endfacet
facet normal -0.24459322 -0.087518014 0.965668
 outer loop
  vertex -18.02399 -151.44539 7.3435783
  vertex -9.0556 -147.73056 9.951847
  vertex -9.379653 -146.8249 9.951847
 endloop
endfacet
facet normal -0.24459378 -0.0875169 0.96566796
 outer loop
  vertex -18.02399 -151.44539 7.3435783
  vertex -9.379653 -146.8249 9.951847
  vertex -18.668974 -149.64278 7.3435783
 endloop
endfacet
facet normal -0.03370798 -0.012060902 -0.99935895
 outer loop
  vertex -26.818798 -155.08832 -9.569404
  vertex -35.355343 -158.62427 -9.238795
  vertex -36.620525 -155.08832 -9.238795
 endloop
endfacet
facet normal -0.03370798 -0.012060916 -0.99935895
 outer loop
  vertex -26.818798 -155.08832 -9.569404
  vertex -36.620525 -155.08832 -9.238795
  vertex -27.778502 -152.40613 -9.569404
 endloop
endfacet
facet normal -0.04954503 -0.017727476 -0.9986145
 outer loop
  vertex -74.64237 -175.20146 0
  vertex -91.94308 -182.06366 0.9801714
  vertex -95.23323 -172.86829 0.9801714
 endloop
endfacet
facet normal -0.049524866 -0.01754777 -0.9986187
 outer loop
  vertex -74.64237 -175.20146 0
  vertex -95.23323 -172.86829 0.9801714
  vertex -77.31343 -167.66296 0
 endloop
endfacet
facet normal -0.023605313 -0.008446095 0.99968565
 outer loop
  vertex -26.818798 -155.08832 7.1051307
  vertex -18.02399 -151.44539 7.3435783
  vertex -18.668974 -149.64278 7.3435783
 endloop
endfacet
facet normal -0.0236053 -0.008446116 0.9996857
 outer loop
  vertex -26.818798 -155.08832 7.1051307
  vertex -18.668974 -149.64278 7.3435783
  vertex -27.778502 -152.40613 7.1051307
 endloop
endfacet
facet normal 0.13012296 0.046558764 -0.9904041
 outer loop
  vertex -18.02399 -151.44539 -8.242656
  vertex -26.818798 -155.08832 -9.569404
  vertex -27.778502 -152.40613 -9.569404
 endloop
endfacet
facet normal 0.13012296 0.04655866 -0.9904041
 outer loop
  vertex -18.02399 -151.44539 -8.242656
  vertex -27.778502 -152.40613 -9.569404
  vertex -18.668974 -149.64278 -8.242656
 endloop
endfacet
facet normal -0.049605027 -0.017576171 0.99861425
 outer loop
  vertex -91.94308 -182.06366 -0.9801714
  vertex -74.64237 -175.20146 0
  vertex -77.31343 -167.66296 0
 endloop
endfacet
facet normal -0.049479447 -0.017704006 0.9986182
 outer loop
  vertex -91.94308 -182.06366 -0.9801714
  vertex -77.31343 -167.66296 0
  vertex -95.23323 -172.86829 -0.9801714
 endloop
endfacet
facet normal 0.21208797 0.07588634 0.9742997
 outer loop
  vertex -35.355343 -158.62427 9.238795
  vertex -26.818798 -155.08832 7.1051307
  vertex -27.778502 -152.40613 7.1051307
 endloop
endfacet
facet normal 0.21208805 0.075886264 0.9742997
 outer loop
  vertex -35.355343 -158.62427 9.238795
  vertex -27.778502 -152.40613 7.1051307
  vertex -36.620525 -155.08832 9.238795
 endloop
endfacet
facet normal 0.032759134 0.0117213745 -0.99939454
 outer loop
  vertex -9.0556 -147.73056 -7.905112
  vertex -18.02399 -151.44539 -8.242656
  vertex -18.668974 -149.64278 -8.242656
 endloop
endfacet
facet normal 0.032759096 0.011721531 -0.9993946
 outer loop
  vertex -9.0556 -147.73056 -7.905112
  vertex -18.668974 -149.64278 -8.242656
  vertex -9.379653 -146.8249 -7.905112
 endloop
endfacet
facet normal -0.52672875 -0.18846633 -0.8288771
 outer loop
  vertex -90.61268 -181.51259 -1.9509033
  vertex -91.94308 -182.06366 -0.9801714
  vertex -95.23323 -172.86829 -0.9801714
 endloop
endfacet
facet normal -0.52672774 -0.18846571 -0.8288779
 outer loop
  vertex -90.61268 -181.51259 -1.9509033
  vertex -95.23323 -172.86829 -0.9801714
  vertex -93.855225 -172.45026 -1.9509033
 endloop
endfacet
facet normal -0.2798894 -0.10014599 0.9547946
 outer loop
  vertex -43.55136 -162.01918 6.4801226
  vertex -35.355343 -158.62427 9.238795
  vertex -36.620525 -155.08832 9.238795
 endloop
endfacet
facet normal -0.27988923 -0.100146204 0.9547946
 outer loop
  vertex -43.55136 -162.01918 6.4801226
  vertex -36.620525 -155.08832 9.238795
  vertex -45.109837 -157.66354 6.4801226
 endloop
endfacet
facet normal 0.5708167 0.2042442 -0.79526883
 outer loop
  vertex -4.5278 -145.85509 -4.1735454
  vertex -9.0556 -147.73056 -7.905112
  vertex -9.379653 -146.8249 -7.905112
 endloop
endfacet
facet normal 0.57081753 0.20424108 -0.7952691
 outer loop
  vertex -4.5278 -145.85509 -4.1735454
  vertex -9.379653 -146.8249 -7.905112
  vertex -4.6898265 -145.40225 -4.1735454
 endloop
endfacet
facet normal -0.34946433 -0.12504002 -0.9285686
 outer loop
  vertex -88.409744 -180.6001 -2.9028468
  vertex -90.61268 -181.51259 -1.9509033
  vertex -93.855225 -172.45026 -1.9509033
 endloop
endfacet
facet normal -0.34946552 -0.12504087 -0.92856807
 outer loop
  vertex -88.409744 -180.6001 -2.9028468
  vertex -93.855225 -172.45026 -1.9509033
  vertex -91.57346 -171.7581 -2.9028468
 endloop
endfacet
facet normal -0.056400687 -0.020180538 0.9982043
 outer loop
  vertex -51.32796 -165.24036 5.975606
  vertex -43.55136 -162.01918 6.4801226
  vertex -45.109837 -157.66354 6.4801226
 endloop
endfacet
facet normal -0.056400765 -0.020180466 0.9982042
 outer loop
  vertex -51.32796 -165.24036 5.975606
  vertex -45.109837 -157.66354 6.4801226
  vertex -53.16472 -160.10695 5.975606
 endloop
endfacet
facet normal -0.2537136 -0.09078026 -0.9630101
 outer loop
  vertex -85.35529 -179.33492 -3.8268344
  vertex -88.409744 -180.6001 -2.9028468
  vertex -91.57346 -171.7581 -2.9028468
 endloop
endfacet
facet normal -0.2537131 -0.09077981 -0.96301025
 outer loop
  vertex -85.35529 -179.33492 -3.8268344
  vertex -91.57346 -171.7581 -2.9028468
  vertex -88.409706 -170.79839 -3.8268344
 endloop
endfacet
facet normal 0.20480469 0.07328009 0.97605586
 outer loop
  vertex -58.610245 -168.25676 7.730104
  vertex -51.32796 -165.24036 5.975606
  vertex -53.16472 -160.10695 5.975606
 endloop
endfacet
facet normal 0.20480458 0.07328017 0.9760559
 outer loop
  vertex -58.610245 -168.25676 7.730104
  vertex -53.16472 -160.10695 5.975606
  vertex -60.707596 -162.39505 7.730104
 endloop
endfacet
facet normal -0.19499184 -0.069769055 -0.9783202
 outer loop
  vertex -81.47885 -177.72925 -4.713968
  vertex -85.35529 -179.33492 -3.8268344
  vertex -88.409706 -170.79839 -3.8268344
 endloop
endfacet
facet normal -0.19499218 -0.0697694 -0.9783201
 outer loop
  vertex -81.47885 -177.72925 -4.713968
  vertex -88.409706 -170.79839 -3.8268344
  vertex -84.394554 -169.58041 -4.713968
 endloop
endfacet
facet normal -0.08508914 -0.030445348 0.99590814
 outer loop
  vertex -65.32815 -171.03941 7.071068
  vertex -58.610245 -168.25676 7.730104
  vertex -60.707596 -162.39505 7.730104
 endloop
endfacet
facet normal -0.08508923 -0.0304453 0.99590814
 outer loop
  vertex -65.32815 -171.03941 7.071068
  vertex -60.707596 -162.39505 7.730104
  vertex -67.66589 -164.50583 7.071068
 endloop
endfacet
facet normal -0.15512885 -0.05550605 -0.9863336
 outer loop
  vertex -76.81777 -175.79858 -5.5557027
  vertex -81.47885 -177.72925 -4.713968
  vertex -84.394554 -169.58041 -4.713968
 endloop
endfacet
facet normal -0.15512885 -0.05550605 -0.98633367
 outer loop
  vertex -76.81777 -175.79858 -5.5557027
  vertex -84.394554 -169.58041 -4.713968
  vertex -79.56668 -168.1159 -5.5557027
 endloop
endfacet
facet normal -0.10338059 -0.036990035 0.9939538
 outer loop
  vertex -71.41681 -173.5614 6.3439336
  vertex -65.32815 -171.03941 7.071068
  vertex -67.66589 -164.50583 7.071068
 endloop
endfacet
facet normal -0.10338057 -0.036990043 0.9939539
 outer loop
  vertex -71.41681 -173.5614 6.3439336
  vertex -67.66589 -164.50583 7.071068
  vertex -73.972435 -166.41888 6.3439336
 endloop
endfacet
facet normal -0.12596191 -0.04506994 -0.9910107
 outer loop
  vertex -71.41681 -173.5614 -6.3439336
  vertex -76.81777 -175.79858 -5.5557027
  vertex -79.56668 -168.1159 -5.5557027
 endloop
endfacet
facet normal -0.12596175 -0.045069706 -0.9910108
 outer loop
  vertex -71.41681 -173.5614 -6.3439336
  vertex -79.56668 -168.1159 -5.5557027
  vertex -73.972435 -166.41888 -6.3439336
 endloop
endfacet
facet normal -0.12596197 -0.045069784 0.9910108
 outer loop
  vertex -76.81777 -175.79858 5.5557027
  vertex -71.41681 -173.5614 6.3439336
  vertex -73.972435 -166.41888 6.3439336
 endloop
endfacet
facet normal -0.1259617 -0.045069866 0.99101084
 outer loop
  vertex -76.81777 -175.79858 5.5557027
  vertex -73.972435 -166.41888 6.3439336
  vertex -79.56668 -168.1159 5.5557027
 endloop
endfacet
facet normal -0.10338058 -0.036990054 -0.9939538
 outer loop
  vertex -65.32815 -171.03941 -7.071068
  vertex -71.41681 -173.5614 -6.3439336
  vertex -73.972435 -166.41888 -6.3439336
 endloop
endfacet
facet normal -0.103380576 -0.03699004 -0.9939538
 outer loop
  vertex -65.32815 -171.03941 -7.071068
  vertex -73.972435 -166.41888 -6.3439336
  vertex -67.66589 -164.50583 -7.071068
 endloop
endfacet
facet normal -0.15512885 -0.055506043 0.98633367
 outer loop
  vertex -81.47885 -177.72925 4.713968
  vertex -76.81777 -175.79858 5.5557027
  vertex -79.56668 -168.1159 5.5557027
 endloop
endfacet
facet normal -0.15512885 -0.055506054 0.9863337
 outer loop
  vertex -81.47885 -177.72925 4.713968
  vertex -79.56668 -168.1159 5.5557027
  vertex -84.394554 -169.58041 4.713968
 endloop
endfacet
facet normal -0.08508917 -0.030445283 -0.99590814
 outer loop
  vertex -58.610245 -168.25676 -7.730104
  vertex -65.32815 -171.03941 -7.071068
  vertex -67.66589 -164.50583 -7.071068
 endloop
endfacet
facet normal -0.0850892 -0.030445373 -0.9959081
 outer loop
  vertex -58.610245 -168.25676 -7.730104
  vertex -67.66589 -164.50583 -7.071068
  vertex -60.707596 -162.39505 -7.730104
 endloop
endfacet
facet normal -0.19499177 -0.06976925 0.97832024
 outer loop
  vertex -85.35529 -179.33492 3.8268344
  vertex -81.47885 -177.72925 4.713968
  vertex -84.394554 -169.58041 4.713968
 endloop
endfacet
facet normal -0.19499224 -0.069769196 0.9783201
 outer loop
  vertex -85.35529 -179.33492 3.8268344
  vertex -84.394554 -169.58041 4.713968
  vertex -88.409706 -170.79839 3.8268344
 endloop
endfacet
facet normal -0.069722235 -0.024946988 -0.9972545
 outer loop
  vertex -51.32796 -165.24036 -8.314696
  vertex -58.610245 -168.25676 -7.730104
  vertex -60.707596 -162.39505 -7.730104
 endloop
endfacet
facet normal -0.069722235 -0.024946943 -0.9972545
 outer loop
  vertex -51.32796 -165.24036 -8.314696
  vertex -60.707596 -162.39505 -7.730104
  vertex -53.16472 -160.10695 -8.314696
 endloop
endfacet
facet normal -0.54266465 -0.13593 0.82887757
 outer loop
  vertex -95.23323 -172.86829 0.9801714
  vertex -93.855225 -172.45026 1.9509033
  vertex -96.19389 -163.11374 1.9509033
 endloop
endfacet
facet normal -0.5426641 -0.13592999 0.8288779
 outer loop
  vertex -95.23323 -172.86829 0.9801714
  vertex -96.19389 -163.11374 1.9509033
  vertex -97.60624 -163.39468 0.9801714
 endloop
endfacet
facet normal -0.25199428 -0.063120656 0.965668
 outer loop
  vertex -18.668974 -149.64278 7.3435783
  vertex -9.379653 -146.8249 9.951847
  vertex -9.613374 -145.89183 9.951847
 endloop
endfacet
facet normal -0.251994 -0.06312118 0.965668
 outer loop
  vertex -18.668974 -149.64278 7.3435783
  vertex -9.613374 -145.89183 9.951847
  vertex -19.134165 -147.78563 7.3435783
 endloop
endfacet
facet normal -0.03472784 -0.00869887 -0.99935895
 outer loop
  vertex -27.778502 -152.40613 -9.569404
  vertex -36.620525 -155.08832 -9.238795
  vertex -37.53303 -151.44539 -9.238795
 endloop
endfacet
facet normal -0.03472784 -0.008698916 -0.9993589
 outer loop
  vertex -27.778502 -152.40613 -9.569404
  vertex -37.53303 -151.44539 -9.238795
  vertex -28.470684 -149.64279 -9.569404
 endloop
endfacet
facet normal -0.05091746 -0.012754132 -0.99862134
 outer loop
  vertex -77.31343 -167.66296 0
  vertex -95.23323 -172.86829 0.9801714
  vertex -97.60624 -163.39468 0.9801714
 endloop
endfacet
facet normal -0.050890073 -0.01262322 -0.99862444
 outer loop
  vertex -77.31343 -167.66296 0
  vertex -97.60624 -163.39468 0.9801714
  vertex -79.23992 -159.89638 0
 endloop
endfacet
facet normal -0.0243195 -0.0060917144 0.99968565
 outer loop
  vertex -27.778502 -152.40613 7.1051307
  vertex -18.668974 -149.64278 7.3435783
  vertex -19.134165 -147.78563 7.3435783
 endloop
endfacet
facet normal -0.02431949 -0.00609174 0.99968565
 outer loop
  vertex -27.778502 -152.40613 7.1051307
  vertex -19.134165 -147.78563 7.3435783
  vertex -28.470684 -149.64279 7.1051307
 endloop
endfacet
facet normal 0.13405988 0.03358039 -0.99040407
 outer loop
  vertex -18.668974 -149.64278 -8.242656
  vertex -27.778502 -152.40613 -9.569404
  vertex -28.470684 -149.64279 -9.569404
 endloop
endfacet
facet normal 0.13405988 0.033580247 -0.9904041
 outer loop
  vertex -18.668974 -149.64278 -8.242656
  vertex -28.470684 -149.64279 -9.569404
  vertex -19.134165 -147.78563 -8.242656
 endloop
endfacet
facet normal -0.050951086 -0.012638345 0.99862117
 outer loop
  vertex -95.23323 -172.86829 -0.9801714
  vertex -77.31343 -167.66296 0
  vertex -79.23992 -159.89638 0
 endloop
endfacet
facet normal -0.050867498 -0.012741613 0.9986241
 outer loop
  vertex -95.23323 -172.86829 -0.9801714
  vertex -79.23992 -159.89638 0
  vertex -97.60624 -163.39468 -0.9801714
 endloop
endfacet
facet normal 0.21850485 0.05473284 0.9742997
 outer loop
  vertex -36.620525 -155.08832 9.238795
  vertex -27.778502 -152.40613 7.1051307
  vertex -28.470684 -149.64279 7.1051307
 endloop
endfacet
facet normal 0.21850495 0.05473262 0.97429967
 outer loop
  vertex -36.620525 -155.08832 9.238795
  vertex -28.470684 -149.64279 7.1051307
  vertex -37.53303 -151.44539 9.238795
 endloop
endfacet
facet normal 0.033750292 0.008454003 -0.99939454
 outer loop
  vertex -9.379653 -146.8249 -7.905112
  vertex -18.668974 -149.64278 -8.242656
  vertex -19.134165 -147.78563 -8.242656
 endloop
endfacet
facet normal 0.0337503 0.008453925 -0.9993945
 outer loop
  vertex -9.379653 -146.8249 -7.905112
  vertex -19.134165 -147.78563 -8.242656
  vertex -9.613374 -145.89183 -7.905112
 endloop
endfacet
facet normal -0.5426646 -0.1359301 -0.82887757
 outer loop
  vertex -93.855225 -172.45026 -1.9509033
  vertex -95.23323 -172.86829 -0.9801714
  vertex -97.60624 -163.39468 -0.9801714
 endloop
endfacet
facet normal -0.5426641 -0.13592987 -0.8288779
 outer loop
  vertex -93.855225 -172.45026 -1.9509033
  vertex -97.60624 -163.39468 -0.9801714
  vertex -96.19389 -163.11374 -1.9509033
 endloop
endfacet
facet normal -0.28835765 -0.07222981 0.9547946
 outer loop
  vertex -45.109837 -157.66354 6.4801226
  vertex -36.620525 -155.08832 9.238795
  vertex -37.53303 -151.44539 9.238795
 endloop
endfacet
facet normal -0.28835776 -0.07222963 0.9547946
 outer loop
  vertex -45.109837 -157.66354 6.4801226
  vertex -37.53303 -151.44539 9.238795
  vertex -46.23388 -153.1761 6.4801226
 endloop
endfacet
facet normal 0.58808833 0.14730701 -0.795269
 outer loop
  vertex -4.6898265 -145.40225 -4.1735454
  vertex -9.379653 -146.8249 -7.905112
  vertex -9.613374 -145.89183 -7.905112
 endloop
endfacet
facet normal 0.5880876 0.14731133 -0.7952688
 outer loop
  vertex -4.6898265 -145.40225 -4.1735454
  vertex -9.613374 -145.89183 -7.905112
  vertex -4.806687 -144.93573 -4.1735454
 endloop
endfacet
facet normal -0.36003885 -0.09018476 -0.9285681
 outer loop
  vertex -91.57346 -171.7581 -2.9028468
  vertex -93.855225 -172.45026 -1.9509033
  vertex -96.19389 -163.11374 -1.9509033
 endloop
endfacet
facet normal -0.3600397 -0.09018527 -0.9285677
 outer loop
  vertex -91.57346 -171.7581 -2.9028468
  vertex -96.19389 -163.11374 -1.9509033
  vertex -93.855286 -162.64856 -2.9028468
 endloop
endfacet
facet normal -0.058107212 -0.014555057 0.9982043
 outer loop
  vertex -53.16472 -160.10695 5.975606
  vertex -45.109837 -157.66354 6.4801226
  vertex -46.23388 -153.1761 6.4801226
 endloop
endfacet
facet normal -0.058107182 -0.0145550845 0.9982043
 outer loop
  vertex -53.16472 -160.10695 5.975606
  vertex -46.23388 -153.1761 6.4801226
  vertex -54.48947 -154.81824 5.975606
 endloop
endfacet
facet normal -0.26138934 -0.06547464 -0.96301025
 outer loop
  vertex -88.409706 -170.79839 -3.8268344
  vertex -91.57346 -171.7581 -2.9028468
  vertex -93.855286 -162.64856 -2.9028468
 endloop
endfacet
facet normal -0.26138887 -0.06547432 -0.9630104
 outer loop
  vertex -88.409706 -170.79839 -3.8268344
  vertex -93.855286 -162.64856 -2.9028468
  vertex -90.612686 -162.00357 -3.8268344
 endloop
endfacet
facet normal 0.21100105 0.052852996 0.9760559
 outer loop
  vertex -60.707596 -162.39505 7.730104
  vertex -53.16472 -160.10695 5.975606
  vertex -54.48947 -154.81824 5.975606
 endloop
endfacet
facet normal 0.21100116 0.052852906 0.97605586
 outer loop
  vertex -60.707596 -162.39505 7.730104
  vertex -54.48947 -154.81824 5.975606
  vertex -62.2203 -156.35599 7.730104
 endloop
endfacet
facet normal -0.20089185 -0.050320644 -0.9783201
 outer loop
  vertex -84.394554 -169.58041 -4.713968
  vertex -88.409706 -170.79839 -3.8268344
  vertex -90.612686 -162.00357 -3.8268344
 endloop
endfacet
facet normal -0.20089215 -0.050320886 -0.97832006
 outer loop
  vertex -84.394554 -169.58041 -4.713968
  vertex -90.612686 -162.00357 -3.8268344
  vertex -86.49749 -161.18503 -4.713968
 endloop
endfacet
facet normal -0.08766364 -0.02195855 0.9959081
 outer loop
  vertex -67.66589 -164.50583 7.071068
  vertex -60.707596 -162.39505 7.730104
  vertex -62.2203 -156.35599 7.730104
 endloop
endfacet
facet normal -0.0876635 -0.021958651 0.9959081
 outer loop
  vertex -67.66589 -164.50583 7.071068
  vertex -62.2203 -156.35599 7.730104
  vertex -69.35199 -157.77458 7.071068
 endloop
endfacet
facet normal -0.15982239 -0.040033445 -0.9863337
 outer loop
  vertex -79.56668 -168.1159 -5.5557027
  vertex -84.394554 -169.58041 -4.713968
  vertex -86.49749 -161.18503 -4.713968
 endloop
endfacet
facet normal -0.1598223 -0.040033367 -0.98633367
 outer loop
  vertex -79.56668 -168.1159 -5.5557027
  vertex -86.49749 -161.18503 -4.713968
  vertex -81.54932 -160.20078 -5.5557027
 endloop
endfacet
facet normal -0.10650836 -0.02667906 0.9939538
 outer loop
  vertex -73.972435 -166.41888 6.3439336
  vertex -67.66589 -164.50583 7.071068
  vertex -69.35199 -157.77458 7.071068
 endloop
endfacet
facet normal -0.10650858 -0.026678931 0.9939539
 outer loop
  vertex -73.972435 -166.41888 6.3439336
  vertex -69.35199 -157.77458 7.071068
  vertex -75.81567 -159.06027 6.3439336
 endloop
endfacet
facet normal -0.12977286 -0.032506384 -0.9910107
 outer loop
  vertex -73.972435 -166.41888 -6.3439336
  vertex -79.56668 -168.1159 -5.5557027
  vertex -81.54932 -160.20078 -5.5557027
 endloop
endfacet
facet normal -0.12977278 -0.032506302 -0.9910108
 outer loop
  vertex -73.972435 -166.41888 -6.3439336
  vertex -81.54932 -160.20078 -5.5557027
  vertex -75.81567 -159.06027 -6.3439336
 endloop
endfacet
facet normal -0.12977287 -0.032506324 0.9910108
 outer loop
  vertex -79.56668 -168.1159 5.5557027
  vertex -73.972435 -166.41888 6.3439336
  vertex -75.81567 -159.06027 6.3439336
 endloop
endfacet
facet normal -0.12977277 -0.03250636 0.99101084
 outer loop
  vertex -79.56668 -168.1159 5.5557027
  vertex -75.81567 -159.06027 6.3439336
  vertex -81.54932 -160.20078 5.5557027
 endloop
endfacet
facet normal -0.106508404 -0.026678894 -0.9939539
 outer loop
  vertex -67.66589 -164.50583 -7.071068
  vertex -73.972435 -166.41888 -6.3439336
  vertex -75.81567 -159.06027 -6.3439336
 endloop
endfacet
facet normal -0.10650853 -0.026679108 -0.99395376
 outer loop
  vertex -67.66589 -164.50583 -7.071068
  vertex -75.81567 -159.06027 -6.3439336
  vertex -69.35199 -157.77458 -7.071068
 endloop
endfacet
facet normal -0.15982239 -0.040033396 0.98633367
 outer loop
  vertex -84.394554 -169.58041 4.713968
  vertex -79.56668 -168.1159 5.5557027
  vertex -81.54932 -160.20078 5.5557027
 endloop
endfacet
facet normal -0.15982231 -0.04003343 0.9863337
 outer loop
  vertex -84.394554 -169.58041 4.713968
  vertex -81.54932 -160.20078 5.5557027
  vertex -86.49749 -161.18503 4.713968
 endloop
endfacet
facet normal -0.08766361 -0.021958677 -0.995908
 outer loop
  vertex -60.707596 -162.39505 -7.730104
  vertex -67.66589 -164.50583 -7.071068
  vertex -69.35199 -157.77458 -7.071068
 endloop
endfacet
facet normal -0.087663524 -0.021958517 -0.9959081
 outer loop
  vertex -60.707596 -162.39505 -7.730104
  vertex -69.35199 -157.77458 -7.071068
  vertex -62.2203 -156.35599 -7.730104
 endloop
endfacet
facet normal -0.20089181 -0.050320804 0.9783201
 outer loop
  vertex -88.409706 -170.79839 3.8268344
  vertex -84.394554 -169.58041 4.713968
  vertex -86.49749 -161.18503 4.713968
 endloop
endfacet
facet normal -0.20089217 -0.05032072 0.97832
 outer loop
  vertex -88.409706 -170.79839 3.8268344
  vertex -86.49749 -161.18503 4.713968
  vertex -90.612686 -162.00357 3.8268344
 endloop
endfacet
facet normal -0.071831726 -0.017992867 -0.9972545
 outer loop
  vertex -53.16472 -160.10695 -8.314696
  vertex -60.707596 -162.39505 -7.730104
  vertex -62.2203 -156.35599 -7.730104
 endloop
endfacet
facet normal -0.07183173 -0.017992904 -0.9972545
 outer loop
  vertex -53.16472 -160.10695 -8.314696
  vertex -62.2203 -156.35599 -7.730104
  vertex -54.48947 -154.81824 -8.314696
 endloop
endfacet
facet normal -0.26138937 -0.065474436 0.9630102
 outer loop
  vertex -91.57346 -171.7581 2.9028468
  vertex -88.409706 -170.79839 3.8268344
  vertex -90.612686 -162.00357 3.8268344
 endloop
endfacet
facet normal -0.26138884 -0.06547451 0.9630104
 outer loop
  vertex -91.57346 -171.7581 2.9028468
  vertex -90.612686 -162.00357 3.8268344
  vertex -93.855286 -162.64856 2.9028468
 endloop
endfacet
facet normal -0.058107197 -0.01455509 -0.9982043
 outer loop
  vertex -45.109837 -157.66354 -8.819213
  vertex -53.16472 -160.10695 -8.314696
  vertex -54.48947 -154.81824 -8.314696
 endloop
endfacet
facet normal -0.058107182 -0.014555051 -0.9982042
 outer loop
  vertex -45.109837 -157.66354 -8.819213
  vertex -54.48947 -154.81824 -8.314696
  vertex -46.23388 -153.1761 -8.819213
 endloop
endfacet
facet normal -0.36003876 -0.09018504 0.9285681
 outer loop
  vertex -93.855225 -172.45026 1.9509033
  vertex -91.57346 -171.7581 2.9028468
  vertex -93.855286 -162.64856 2.9028468
 endloop
endfacet
facet normal -0.36003977 -0.090184994 0.9285677
 outer loop
  vertex -93.855225 -172.45026 1.9509033
  vertex -93.855286 -162.64856 2.9028468
  vertex -96.19389 -163.11374 1.9509033
 endloop
endfacet
facet normal -0.0047711697 -0.0011951041 0.99998784
 outer loop
  vertex -9.379653 -146.8249 9.951847
  vertex 0 -143.97961 10
  vertex -9.613374 -145.89183 9.951847
 endloop
endfacet
facet normal -0.04588305 -0.011493072 -0.9988807
 outer loop
  vertex -36.620525 -155.08832 -9.238795
  vertex -45.109837 -157.66354 -8.819213
  vertex -46.23388 -153.1761 -8.819213
 endloop
endfacet
facet normal -0.045883056 -0.011493103 -0.9988807
 outer loop
  vertex -36.620525 -155.08832 -9.238795
  vertex -46.23388 -153.1761 -8.819213
  vertex -37.53303 -151.44539 -9.238795
 endloop
endfacet
facet normal -0.051844016 -0.0076154326 0.9986261
 outer loop
  vertex -97.60624 -163.39468 -0.9801714
  vertex -79.23992 -159.89638 0
  vertex -80.40328 -151.9765 0
 endloop
endfacet
facet normal -0.051798858 -0.007683609 0.9986279
 outer loop
  vertex -97.60624 -163.39468 -0.9801714
  vertex -80.40328 -151.9765 0
  vertex -99.039246 -153.73412 -0.9801714
 endloop
endfacet
facet normal 0.22281753 0.033051822 0.9742997
 outer loop
  vertex -37.53303 -151.44539 9.238795
  vertex -28.470684 -149.64279 7.1051307
  vertex -28.888678 -146.8249 7.1051307
 endloop
endfacet
facet normal 0.22281753 0.03305172 0.97429967
 outer loop
  vertex -37.53303 -151.44539 9.238795
  vertex -28.888678 -146.8249 7.1051307
  vertex -38.084072 -147.73056 9.238795
 endloop
endfacet
facet normal 0.1624025 -0.6908897 -0.7044834
 outer loop
  vertex -9.613374 -145.89183 -7.905112
  vertex -19.134165 -147.78563 -8.242656
  vertex -19.415083 -145.89183 -10.164671
 endloop
endfacet
facet normal 0.10312892 -0.8883873 -0.44736144
 outer loop
  vertex -9.613374 -145.89183 -7.905112
  vertex -19.415083 -145.89183 -10.164671
  vertex -9.754513 -144.94035 -9.827127
 endloop
endfacet
facet normal -0.5533748 -0.08208519 -0.82887775
 outer loop
  vertex -96.19389 -163.11374 -1.9509033
  vertex -97.60624 -163.39468 -0.9801714
  vertex -99.039246 -153.73412 -0.9801714
 endloop
endfacet
facet normal -0.55337447 -0.08208505 -0.82887805
 outer loop
  vertex -96.19389 -163.11374 -1.9509033
  vertex -99.039246 -153.73412 -0.9801714
  vertex -97.60616 -153.59296 -1.9509033
 endloop
endfacet
facet normal -0.29404902 -0.043617886 0.9547945
 outer loop
  vertex -46.23388 -153.1761 6.4801226
  vertex -37.53303 -151.44539 9.238795
  vertex -38.084072 -147.73056 9.238795
 endloop
endfacet
facet normal -0.29404894 -0.043618016 0.9547946
 outer loop
  vertex -46.23388 -153.1761 6.4801226
  vertex -38.084072 -147.73056 9.238795
  vertex -46.912663 -148.60011 6.4801226
 endloop
endfacet
facet normal 0.47793666 -0.77275574 -0.41764224
 outer loop
  vertex -4.806687 -144.93573 -4.1735454
  vertex -9.613374 -145.89183 -7.905112
  vertex -9.754513 -144.94035 -9.827127
 endloop
endfacet
facet normal 0.47794598 -0.7727456 -0.41765034
 outer loop
  vertex -4.806687 -144.93573 -4.1735454
  vertex -9.754513 -144.94035 -9.827127
  vertex -4.8772564 -144.45998 -5.134553
 endloop
endfacet
facet normal -0.3671458 -0.05446074 -0.92856777
 outer loop
  vertex -93.855286 -162.64856 -2.9028468
  vertex -96.19389 -163.11374 -1.9509033
  vertex -97.60616 -153.59296 -1.9509033
 endloop
endfacet
facet normal -0.36714596 -0.054460824 -0.92856765
 outer loop
  vertex -93.855286 -162.64856 -2.9028468
  vertex -97.60616 -153.59296 -1.9509033
  vertex -95.23322 -153.35924 -2.9028468
 endloop
endfacet
facet normal -0.05925403 -0.008789499 0.9982043
 outer loop
  vertex -54.48947 -154.81824 5.975606
  vertex -46.23388 -153.1761 6.4801226
  vertex -46.912663 -148.60011 6.4801226
 endloop
endfacet
facet normal -0.059254047 -0.008789479 0.9982043
 outer loop
  vertex -54.48947 -154.81824 5.975606
  vertex -46.912663 -148.60011 6.4801226
  vertex -55.28946 -149.42514 5.975606
 endloop
endfacet
facet normal -0.2665478 -0.039538532 -0.9630103
 outer loop
  vertex -90.612686 -162.00357 -3.8268344
  vertex -93.855286 -162.64856 -2.9028468
  vertex -95.23322 -153.35924 -2.9028468
 endloop
endfacet
facet normal -0.26654774 -0.0395385 -0.96301043
 outer loop
  vertex -90.612686 -162.00357 -3.8268344
  vertex -95.23322 -153.35924 -2.9028468
  vertex -91.943016 -153.03519 -3.8268344
 endloop
endfacet
facet normal 0.21516563 0.0319167 0.9760559
 outer loop
  vertex -62.2203 -156.35599 7.730104
  vertex -54.48947 -154.81824 5.975606
  vertex -55.28946 -149.42514 5.975606
 endloop
endfacet
facet normal 0.46054184 -0.24453674 0.85328954
 outer loop
  vertex -62.2203 -156.35599 7.730104
  vertex -55.28946 -149.42514 5.975606
  vertex -63.13379 -150.19774 9.987976
 endloop
endfacet
facet normal -0.20485704 -0.030387577 -0.9783201
 outer loop
  vertex -86.49749 -161.18503 -4.713968
  vertex -90.612686 -162.00357 -3.8268344
  vertex -91.943016 -153.03519 -3.8268344
 endloop
endfacet
facet normal -0.20485696 -0.030387515 -0.9783201
 outer loop
  vertex -86.49749 -161.18503 -4.713968
  vertex -91.943016 -153.03519 -3.8268344
  vertex -87.7674 -152.62393 -4.713968
 endloop
endfacet
facet normal -0.017745648 -0.34649926 0.93788236
 outer loop
  vertex -69.35199 -157.77458 7.071068
  vertex -62.2203 -156.35599 7.730104
  vertex -63.13379 -150.19774 9.987976
 endloop
endfacet
facet normal -0.054710276 -0.31931436 0.9460682
 outer loop
  vertex -69.35199 -157.77458 7.071068
  vertex -63.13379 -150.19774 9.987976
  vertex -70.370186 -150.91048 9.32894
 endloop
endfacet
facet normal -0.1629767 -0.024175195 -0.9863337
 outer loop
  vertex -81.54932 -160.20078 -5.5557027
  vertex -86.49749 -161.18503 -4.713968
  vertex -87.7674 -152.62393 -4.713968
 endloop
endfacet
facet normal -0.16297676 -0.024175238 -0.9863337
 outer loop
  vertex -81.54932 -160.20078 -5.5557027
  vertex -87.7674 -152.62393 -4.713968
  vertex -82.74658 -152.12944 -5.5557027
 endloop
endfacet
facet normal -0.043299407 -0.31796542 0.94711316
 outer loop
  vertex -75.81567 -159.06027 6.3439336
  vertex -69.35199 -157.77458 7.071068
  vertex -70.370186 -150.91048 9.32894
 endloop
endfacet
facet normal -0.07619139 -0.29764298 0.951632
 outer loop
  vertex -75.81567 -159.06027 6.3439336
  vertex -70.370186 -150.91048 9.32894
  vertex -76.92876 -151.55641 8.601806
 endloop
endfacet
facet normal -0.1323341 -0.019629847 -0.9910108
 outer loop
  vertex -75.81567 -159.06027 -6.3439336
  vertex -81.54932 -160.20078 -5.5557027
  vertex -82.74658 -152.12944 -5.5557027
 endloop
endfacet
facet normal -0.13233411 -0.019629875 -0.9910107
 outer loop
  vertex -75.81567 -159.06027 -6.3439336
  vertex -82.74658 -152.12944 -5.5557027
  vertex -76.92876 -151.55641 -6.3439336
 endloop
endfacet
facet normal -0.07178852 -0.29714015 0.9521314
 outer loop
  vertex -81.54932 -160.20078 5.5557027
  vertex -75.81567 -159.06027 6.3439336
  vertex -76.92876 -151.55641 8.601806
 endloop
endfacet
facet normal -0.10148996 -0.28193992 0.95404905
 outer loop
  vertex -81.54932 -160.20078 5.5557027
  vertex -76.92876 -151.55641 8.601806
  vertex -82.74658 -152.12944 7.8135753
 endloop
endfacet
facet normal -0.108610675 -0.016110843 -0.9939538
 outer loop
  vertex -69.35199 -157.77458 -7.071068
  vertex -75.81567 -159.06027 -6.3439336
  vertex -76.92876 -151.55641 -6.3439336
 endloop
endfacet
facet normal -0.10861074 -0.016110912 -0.9939538
 outer loop
  vertex -69.35199 -157.77458 -7.071068
  vertex -76.92876 -151.55641 -6.3439336
  vertex -70.370186 -150.91048 -7.071068
 endloop
endfacet
facet normal -0.10600602 -0.2824317 0.9534123
 outer loop
  vertex -86.49749 -161.18503 4.713968
  vertex -81.54932 -160.20078 5.5557027
  vertex -82.74658 -152.12944 7.8135753
 endloop
endfacet
facet normal -0.8941428 0.2412363 0.3772449
 outer loop
  vertex -86.49749 -161.18503 4.713968
  vertex -82.74658 -152.12944 7.8135753
  vertex -83.079506 -152.04712 6.97184
 endloop
endfacet
facet normal -0.08939371 -0.013260336 -0.9959081
 outer loop
  vertex -62.2203 -156.35599 -7.730104
  vertex -69.35199 -157.77458 -7.071068
  vertex -70.370186 -150.91048 -7.071068
 endloop
endfacet
facet normal -0.28934667 -0.32403606 -0.90071034
 outer loop
  vertex -62.2203 -156.35599 -7.730104
  vertex -70.370186 -150.91048 -7.071068
  vertex -63.13379 -150.19774 -9.65212
 endloop
endfacet
facet normal -0.1742584 -0.17428623 0.96915334
 outer loop
  vertex -90.612686 -162.00357 3.8268344
  vertex -86.49749 -161.18503 4.713968
  vertex -83.079506 -152.04712 6.97184
 endloop
endfacet
facet normal -0.61937004 0.23167239 0.75013906
 outer loop
  vertex -90.612686 -162.00357 3.8268344
  vertex -83.079506 -152.04712 6.97184
  vertex -87.03209 -152.43094 3.8268344
 endloop
endfacet
facet normal -0.012544144 -0.29960248 -0.9539817
 outer loop
  vertex -54.48947 -154.81824 -8.314696
  vertex -62.2203 -156.35599 -7.730104
  vertex -63.13379 -150.19774 -9.65212
 endloop
endfacet
facet normal -0.036509406 -0.3402798 -0.93961525
 outer loop
  vertex -54.48947 -154.81824 -8.314696
  vertex -63.13379 -150.19774 -9.65212
  vertex -55.28946 -149.42514 -10.2367115
 endloop
endfacet
facet normal -0.29246455 0.10939497 0.9499985
 outer loop
  vertex -93.855286 -162.64856 2.9028468
  vertex -90.612686 -162.00357 3.8268344
  vertex -87.03209 -152.43094 3.8268344
 endloop
endfacet
facet normal -0.11011667 -0.01633422 0.9937844
 outer loop
  vertex -93.855286 -162.64856 2.9028468
  vertex -87.03209 -152.43094 3.8268344
  vertex -95.23322 -153.35924 2.9028468
 endloop
endfacet
facet normal 0.00894928 -0.334511 -0.9423493
 outer loop
  vertex -46.23388 -153.1761 -8.819213
  vertex -54.48947 -154.81824 -8.314696
  vertex -55.28946 -149.42514 -10.2367115
 endloop
endfacet
facet normal -0.017118728 -0.3893503 -0.9209307
 outer loop
  vertex -46.23388 -153.1761 -8.819213
  vertex -55.28946 -149.42514 -10.2367115
  vertex -46.912663 -148.60011 -10.741228
 endloop
endfacet
facet normal -0.36714578 -0.054460797 0.9285677
 outer loop
  vertex -96.19389 -163.11374 1.9509033
  vertex -93.855286 -162.64856 2.9028468
  vertex -95.23322 -153.35924 2.9028468
 endloop
endfacet
facet normal -0.36714602 -0.05446077 0.92856765
 outer loop
  vertex -96.19389 -163.11374 1.9509033
  vertex -95.23322 -153.35924 2.9028468
  vertex -97.60616 -153.59296 1.9509033
 endloop
endfacet
facet normal -0.004865335 -0.00072170957 0.99998796
 outer loop
  vertex -9.613374 -145.89183 9.951847
  vertex 0 -143.97961 10
  vertex -9.754513 -144.94035 9.951847
 endloop
endfacet
facet normal 0.031676456 -0.38305753 -0.9231812
 outer loop
  vertex -37.53303 -151.44539 -9.238795
  vertex -46.23388 -153.1761 -8.819213
  vertex -46.912663 -148.60011 -10.741228
 endloop
endfacet
facet normal 0.0030064492 -0.45917314 -0.8883417
 outer loop
  vertex -37.53303 -151.44539 -9.238795
  vertex -46.912663 -148.60011 -10.741228
  vertex -38.084072 -147.73056 -11.16081
 endloop
endfacet
facet normal -0.5533748 -0.08208511 0.8288777
 outer loop
  vertex -97.60624 -163.39468 0.9801714
  vertex -96.19389 -163.11374 1.9509033
  vertex -97.60616 -153.59296 1.9509033
 endloop
endfacet
facet normal -0.55337447 -0.08208514 0.82887805
 outer loop
  vertex -97.60624 -163.39468 0.9801714
  vertex -97.60616 -153.59296 1.9509033
  vertex -99.039246 -153.73412 0.9801714
 endloop
endfacet
facet normal -0.25696754 -0.038117737 0.965668
 outer loop
  vertex -19.134165 -147.78563 7.3435783
  vertex -9.613374 -145.89183 9.951847
  vertex -9.754513 -144.94035 9.951847
 endloop
endfacet
facet normal -0.2569676 -0.038117487 0.9656681
 outer loop
  vertex -19.134165 -147.78563 7.3435783
  vertex -9.754513 -144.94035 9.951847
  vertex -19.415083 -145.89183 7.3435783
 endloop
endfacet
facet normal 0.057440333 -0.45203394 -0.89014935
 outer loop
  vertex -28.470684 -149.64279 -9.569404
  vertex -37.53303 -151.44539 -9.238795
  vertex -38.084072 -147.73056 -11.16081
 endloop
endfacet
facet normal 0.025469359 -0.56071895 -0.8276144
 outer loop
  vertex -28.470684 -149.64279 -9.569404
  vertex -38.084072 -147.73056 -11.16081
  vertex -28.888678 -146.8249 -11.49142
 endloop
endfacet
facet normal -0.05183015 -0.0076882574 -0.99862623
 outer loop
  vertex -79.23992 -159.89638 0
  vertex -97.60624 -163.39468 0.9801714
  vertex -99.039246 -153.73412 0.9801714
 endloop
endfacet
facet normal -0.05180583 -0.007609826 -0.99862814
 outer loop
  vertex -79.23992 -159.89638 0
  vertex -99.039246 -153.73412 0.9801714
  vertex -80.40328 -151.9765 0
 endloop
endfacet
facet normal -0.024799481 -0.0036786506 0.99968565
 outer loop
  vertex -28.470684 -149.64279 7.1051307
  vertex -19.134165 -147.78563 7.3435783
  vertex -19.415083 -145.89183 7.3435783
 endloop
endfacet
facet normal -0.024799485 -0.0036786476 0.9996857
 outer loop
  vertex -28.470684 -149.64279 7.1051307
  vertex -19.415083 -145.89183 7.3435783
  vertex -28.888678 -146.8249 7.1051307
 endloop
endfacet
facet normal 0.2214115 -0.5268697 -0.82060057
 outer loop
  vertex -19.134165 -147.78563 -8.242656
  vertex -28.470684 -149.64279 -9.569404
  vertex -28.888678 -146.8249 -11.49142
 endloop
endfacet
facet normal 0.16660215 -0.69007844 -0.70429784
 outer loop
  vertex -19.134165 -147.78563 -8.242656
  vertex -28.888678 -146.8249 -11.49142
  vertex -19.415083 -145.89183 -10.164671
 endloop
endfacet
facet normal -0.37071624 -0.018211829 -0.9285676
 outer loop
  vertex -95.23322 -153.35924 -2.9028468
  vertex -97.60616 -153.59296 -1.9509033
  vertex -98.07843 -143.97958 -1.9509033
 endloop
endfacet
facet normal -0.3707172 -0.018212155 -0.9285672
 outer loop
  vertex -95.23322 -153.35924 -2.9028468
  vertex -98.07843 -143.97958 -1.9509033
  vertex -95.694016 -143.97958 -2.9028468
 endloop
endfacet
facet normal -0.05983023 -0.0029392603 0.9982043
 outer loop
  vertex -55.28946 -149.42514 5.975606
  vertex -46.912663 -148.60011 6.4801226
  vertex -47.139652 -143.97961 6.4801226
 endloop
endfacet
facet normal -0.059830222 -0.0029392638 0.9982043
 outer loop
  vertex -55.28946 -149.42514 5.975606
  vertex -47.139652 -143.97961 6.4801226
  vertex -55.55698 -143.97961 5.975606
 endloop
endfacet
facet normal -0.26913965 -0.0132219745 -0.9630105
 outer loop
  vertex -91.943016 -153.03519 -3.8268344
  vertex -95.23322 -153.35924 -2.9028468
  vertex -95.694016 -143.97958 -2.9028468
 endloop
endfacet
facet normal -0.26913944 -0.0132219 -0.96301043
 outer loop
  vertex -91.943016 -153.03519 -3.8268344
  vertex -95.694016 -143.97958 -2.9028468
  vertex -92.387886 -143.9796 -3.8268344
 endloop
endfacet
facet normal 0.45353183 0.022280537 0.89096147
 outer loop
  vertex -63.13379 -150.19774 9.987976
  vertex -55.28946 -149.42514 5.975606
  vertex -55.55698 -143.97961 5.975606
 endloop
endfacet
facet normal 0.45353204 0.022280317 0.89096147
 outer loop
  vertex -63.13379 -150.19774 9.987976
  vertex -55.55698 -143.97961 5.975606
  vertex -63.439262 -143.9796 9.987976
 endloop
endfacet
facet normal -0.20684895 -0.010161781 -0.9783201
 outer loop
  vertex -87.7674 -152.62393 -4.713968
  vertex -91.943016 -153.03519 -3.8268344
  vertex -92.387886 -143.9796 -3.8268344
 endloop
endfacet
facet normal -0.206849 -0.010161812 -0.97832006
 outer loop
  vertex -87.7674 -152.62393 -4.713968
  vertex -92.387886 -143.9796 -3.8268344
  vertex -88.19207 -143.9796 -4.713968
 endloop
endfacet
facet normal -0.090262935 -0.0044342717 0.9959081
 outer loop
  vertex -70.370186 -150.91048 9.32894
  vertex -63.13379 -150.19774 9.987976
  vertex -63.439262 -143.9796 9.987976
 endloop
endfacet
facet normal -0.090262875 -0.0044343444 0.9959081
 outer loop
  vertex -70.370186 -150.91048 9.32894
  vertex -63.439262 -143.9796 9.987976
  vertex -70.71068 -143.97961 9.32894
 endloop
endfacet
facet normal -0.16456151 -0.0080843605 -0.9863337
 outer loop
  vertex -82.74658 -152.12944 -5.5557027
  vertex -87.7674 -152.62393 -4.713968
  vertex -88.19207 -143.9796 -4.713968
 endloop
endfacet
facet normal -0.16456155 -0.008084392 -0.98633367
 outer loop
  vertex -82.74658 -152.12944 -5.5557027
  vertex -88.19207 -143.9796 -4.713968
  vertex -83.14696 -143.97961 -5.5557027
 endloop
endfacet
facet normal -0.109666914 -0.005387603 0.99395376
 outer loop
  vertex -76.92876 -151.55641 8.601806
  vertex -70.370186 -150.91048 9.32894
  vertex -70.71068 -143.97961 9.32894
 endloop
endfacet
facet normal -0.10966696 -0.0053875614 0.99395376
 outer loop
  vertex -76.92876 -151.55641 8.601806
  vertex -70.71068 -143.97961 9.32894
  vertex -77.30098 -143.9796 8.601806
 endloop
endfacet
facet normal -0.133621 -0.0065643806 -0.9910107
 outer loop
  vertex -76.92876 -151.55641 -6.3439336
  vertex -82.74658 -152.12944 -5.5557027
  vertex -83.14696 -143.97961 -5.5557027
 endloop
endfacet
facet normal -0.13362096 -0.0065643378 -0.9910108
 outer loop
  vertex -76.92876 -151.55641 -6.3439336
  vertex -83.14696 -143.97961 -5.5557027
  vertex -77.30098 -143.9796 -6.3439336
 endloop
endfacet
facet normal -0.13362093 -0.00656434 0.9910108
 outer loop
  vertex -82.74658 -152.12944 7.8135753
  vertex -76.92876 -151.55641 8.601806
  vertex -77.30098 -143.9796 8.601806
 endloop
endfacet
facet normal -0.13362089 -0.0065643736 0.9910107
 outer loop
  vertex -82.74658 -152.12944 7.8135753
  vertex -77.30098 -143.9796 8.601806
  vertex -83.14696 -143.97961 7.8135753
 endloop
endfacet
facet normal -0.10966686 -0.005387558 -0.9939539
 outer loop
  vertex -70.370186 -150.91048 -7.071068
  vertex -76.92876 -151.55641 -6.3439336
  vertex -77.30098 -143.9796 -6.3439336
 endloop
endfacet
facet normal -0.10966691 -0.0053876084 -0.9939538
 outer loop
  vertex -70.370186 -150.91048 -7.071068
  vertex -77.30098 -143.9796 -6.3439336
  vertex -70.71068 -143.97961 -7.071068
 endloop
endfacet
facet normal -0.9304549 -0.045710333 0.3635439
 outer loop
  vertex -83.079506 -152.04712 6.97184
  vertex -82.74658 -152.12944 7.8135753
  vertex -83.14696 -143.97961 7.8135753
 endloop
endfacet
facet normal -0.9283025 -0.046255086 0.36893755
 outer loop
  vertex -83.079506 -152.04712 6.97184
  vertex -83.14696 -143.97961 7.8135753
  vertex -83.48149 -143.9796 6.97184
 endloop
endfacet
facet normal -0.33446524 -0.016431263 -0.94226485
 outer loop
  vertex -63.13379 -150.19774 -9.65212
  vertex -70.370186 -150.91048 -7.071068
  vertex -70.71068 -143.97961 -7.071068
 endloop
endfacet
facet normal -0.33446506 -0.016430985 -0.9422649
 outer loop
  vertex -63.13379 -150.19774 -9.65212
  vertex -70.71068 -143.97961 -7.071068
  vertex -63.439262 -143.9796 -9.65212
 endloop
endfacet
facet normal -0.6204955 -0.030917801 0.7836003
 outer loop
  vertex -87.03209 -152.43094 3.8268344
  vertex -83.079506 -152.04712 6.97184
  vertex -83.48149 -143.9796 6.97184
 endloop
endfacet
facet normal -0.6204961 -0.03091741 0.78359985
 outer loop
  vertex -87.03209 -152.43094 3.8268344
  vertex -83.48149 -143.9796 6.97184
  vertex -87.45319 -143.9796 3.8268344
 endloop
endfacet
facet normal -0.07396166 -0.0036334526 -0.9972545
 outer loop
  vertex -55.28946 -149.42514 -10.2367115
  vertex -63.13379 -150.19774 -9.65212
  vertex -63.439262 -143.9796 -9.65212
 endloop
endfacet
facet normal -0.0739617 -0.003633488 -0.99725443
 outer loop
  vertex -55.28946 -149.42514 -10.2367115
  vertex -63.439262 -143.9796 -9.65212
  vertex -55.55698 -143.97961 -10.2367115
 endloop
endfacet
facet normal -0.1113357 -0.005547518 0.9937674
 outer loop
  vertex -95.23322 -153.35924 2.9028468
  vertex -87.03209 -152.43094 3.8268344
  vertex -87.45319 -143.9796 3.8268344
 endloop
endfacet
facet normal -0.111423366 -0.0054738796 0.9937579
 outer loop
  vertex -95.23322 -153.35924 2.9028468
  vertex -87.45319 -143.9796 3.8268344
  vertex -95.694016 -143.97958 2.9028468
 endloop
endfacet
facet normal -0.05983023 -0.0029392638 -0.9982043
 outer loop
  vertex -46.912663 -148.60011 -10.741228
  vertex -55.28946 -149.42514 -10.2367115
  vertex -55.55698 -143.97961 -10.2367115
 endloop
endfacet
facet normal -0.05983022 -0.0029392592 -0.9982042
 outer loop
  vertex -46.912663 -148.60011 -10.741228
  vertex -55.55698 -143.97961 -10.2367115
  vertex -47.139652 -143.97961 -10.741228
 endloop
endfacet
facet normal -0.3707162 -0.018212108 0.9285676
 outer loop
  vertex -97.60616 -153.59296 1.9509033
  vertex -95.23322 -153.35924 2.9028468
  vertex -95.694016 -143.97958 2.9028468
 endloop
endfacet
facet normal -0.3707172 -0.018211875 0.92856723
 outer loop
  vertex -97.60616 -153.59296 1.9509033
  vertex -95.694016 -143.97958 2.9028468
  vertex -98.07843 -143.97958 1.9509033
 endloop
endfacet
facet normal -0.004912647 -0.00024134277 0.99998796
 outer loop
  vertex -9.754513 -144.94035 9.951847
  vertex 0 -143.97961 10
  vertex -9.801711 -143.97961 9.951847
 endloop
endfacet
facet normal -0.047243617 -0.002320922 -0.9988807
 outer loop
  vertex -38.084072 -147.73056 -11.16081
  vertex -46.912663 -148.60011 -10.741228
  vertex -47.139652 -143.97961 -10.741228
 endloop
endfacet
facet normal -0.047243625 -0.0023209248 -0.9988807
 outer loop
  vertex -38.084072 -147.73056 -11.16081
  vertex -47.139652 -143.97961 -10.741228
  vertex -38.268345 -143.9796 -11.16081
 endloop
endfacet
facet normal -0.5587558 -0.027449476 0.8288777
 outer loop
  vertex -99.039246 -153.73412 0.9801714
  vertex -97.60616 -153.59296 1.9509033
  vertex -98.07843 -143.97958 1.9509033
 endloop
endfacet
facet normal -0.5587535 -0.02744987 0.8288794
 outer loop
  vertex -99.039246 -153.73412 0.9801714
  vertex -98.07843 -143.97958 1.9509033
  vertex -99.518456 -143.9796 0.9801714
 endloop
endfacet
facet normal -0.25946638 -0.012746822 0.96566796
 outer loop
  vertex -19.415083 -145.89183 7.3435783
  vertex -9.754513 -144.94035 9.951847
  vertex -9.801711 -143.97961 9.951847
 endloop
endfacet
facet normal -0.2594664 -0.012746764 0.96566796
 outer loop
  vertex -19.415083 -145.89183 7.3435783
  vertex -9.801711 -143.97961 9.951847
  vertex -19.509024 -143.97961 7.3435783
 endloop
endfacet
facet normal -0.035757728 -0.0017566632 -0.99935895
 outer loop
  vertex -28.888678 -146.8249 -11.49142
  vertex -38.084072 -147.73056 -11.16081
  vertex -38.268345 -143.9796 -11.16081
 endloop
endfacet
facet normal -0.03575773 -0.0017566662 -0.99935895
 outer loop
  vertex -28.888678 -146.8249 -11.49142
  vertex -38.268345 -143.9796 -11.16081
  vertex -29.028458 -143.97961 -11.49142
 endloop
endfacet
facet normal -0.05228135 -0.0025684247 -0.99862915
 outer loop
  vertex -80.40328 -151.9765 0
  vertex -99.039246 -153.73412 0.9801714
  vertex -99.518456 -143.9796 0.9801714
 endloop
endfacet
facet normal -0.052270703 -0.0025428934 -0.9986297
 outer loop
  vertex -80.40328 -151.9765 0
  vertex -99.518456 -143.9796 0.9801714
  vertex -80.79232 -143.97961 0
 endloop
endfacet
facet normal -0.025040641 -0.0012301622 0.99968565
 outer loop
  vertex -28.888678 -146.8249 7.1051307
  vertex -19.415083 -145.89183 7.3435783
  vertex -19.509024 -143.97961 7.3435783
 endloop
endfacet
facet normal -0.02504064 -0.0012301656 0.9996857
 outer loop
  vertex -28.888678 -146.8249 7.1051307
  vertex -19.509024 -143.97961 7.3435783
  vertex -29.028458 -143.97961 7.1051307
 endloop
endfacet
facet normal 0.13803527 0.0067812307 -0.9904041
 outer loop
  vertex -19.415083 -145.89183 -10.164671
  vertex -28.888678 -146.8249 -11.49142
  vertex -29.028458 -143.97961 -11.49142
 endloop
endfacet
facet normal 0.13803525 0.0067812027 -0.99040407
 outer loop
  vertex -19.415083 -145.89183 -10.164671
  vertex -29.028458 -143.97961 -11.49142
  vertex -19.509024 -143.97961 -10.164671
 endloop
endfacet
facet normal -0.052283697 -0.0025435335 0.99862903
 outer loop
  vertex -99.039246 -153.73412 -0.9801714
  vertex -80.40328 -151.9765 0
  vertex -80.79232 -143.97961 0
 endloop
endfacet
facet normal -0.052270707 -0.0025678999 0.9986296
 outer loop
  vertex -99.039246 -153.73412 -0.9801714
  vertex -80.79232 -143.97961 0
  vertex -99.518456 -143.9796 -0.9801714
 endloop
endfacet
facet normal 0.22498424 0.011052756 0.9742997
 outer loop
  vertex -38.084072 -147.73056 9.238795
  vertex -28.888678 -146.8249 7.1051307
  vertex -29.028458 -143.97961 7.1051307
 endloop
endfacet
facet normal 0.22498424 0.01105278 0.9742997
 outer loop
  vertex -38.084072 -147.73056 9.238795
  vertex -29.028458 -143.97961 7.1051307
  vertex -38.268345 -143.9796 9.238795
 endloop
endfacet
facet normal 0.03475103 0.0017072009 -0.99939454
 outer loop
  vertex -9.754513 -144.94035 -9.827127
  vertex -19.415083 -145.89183 -10.164671
  vertex -19.509024 -143.97961 -10.164671
 endloop
endfacet
facet normal 0.03475103 0.0017072046 -0.9993946
 outer loop
  vertex -9.754513 -144.94035 -9.827127
  vertex -19.509024 -143.97961 -10.164671
  vertex -9.801711 -143.97961 -9.827127
 endloop
endfacet
facet normal -0.5587559 -0.027449984 -0.8288778
 outer loop
  vertex -97.60616 -153.59296 -1.9509033
  vertex -99.039246 -153.73412 -0.9801714
  vertex -99.518456 -143.9796 -0.9801714
 endloop
endfacet
facet normal -0.55875355 -0.027449362 -0.82887936
 outer loop
  vertex -97.60616 -153.59296 -1.9509033
  vertex -99.518456 -143.9796 -0.9801714
  vertex -98.07843 -143.97958 -1.9509033
 endloop
endfacet
facet normal -0.29690835 -0.01458616 0.9547945
 outer loop
  vertex -46.912663 -148.60011 6.4801226
  vertex -38.084072 -147.73056 9.238795
  vertex -38.268345 -143.9796 9.238795
 endloop
endfacet
facet normal -0.29690838 -0.014586117 0.9547945
 outer loop
  vertex -46.912663 -148.60011 6.4801226
  vertex -38.268345 -143.9796 9.238795
  vertex -47.139652 -143.97961 6.4801226
 endloop
endfacet
facet normal 0.6911931 0.03395629 -0.7218719
 outer loop
  vertex -4.8772564 -144.45998 -5.134553
  vertex -9.754513 -144.94035 -9.827127
  vertex -9.801711 -143.97961 -9.827127
 endloop
endfacet
facet normal 0.69119316 0.0339568 -0.7218719
 outer loop
  vertex -4.8772564 -144.45998 -5.134553
  vertex -9.801711 -143.97961 -9.827127
  vertex -4.9008555 -143.97961 -5.134553
 endloop
endfacet
facet normal -0.20684901 0.010161767 -0.9783201
 outer loop
  vertex -88.19207 -143.9796 -4.713968
  vertex -92.387886 -143.9796 -3.8268344
  vertex -91.943016 -134.924 -3.8268344
 endloop
endfacet
facet normal -0.20684892 0.010161802 -0.97832006
 outer loop
  vertex -88.19207 -143.9796 -4.713968
  vertex -91.943016 -134.924 -3.8268344
  vertex -87.7674 -135.33527 -4.713968
 endloop
endfacet
facet normal -0.09026289 0.0044343355 0.99590814
 outer loop
  vertex -70.71068 -143.97961 9.32894
  vertex -63.439262 -143.9796 9.987976
  vertex -63.133785 -137.76147 9.987976
 endloop
endfacet
facet normal -0.09026291 0.004434337 0.99590814
 outer loop
  vertex -70.71068 -143.97961 9.32894
  vertex -63.133785 -137.76147 9.987976
  vertex -70.370186 -137.04875 9.32894
 endloop
endfacet
facet normal -0.16456151 0.0080843605 -0.9863337
 outer loop
  vertex -83.14696 -143.97961 -5.5557027
  vertex -88.19207 -143.9796 -4.713968
  vertex -87.7674 -135.33527 -4.713968
 endloop
endfacet
facet normal -0.16456145 0.008084393 -0.98633367
 outer loop
  vertex -83.14696 -143.97961 -5.5557027
  vertex -87.7674 -135.33527 -4.713968
  vertex -82.74658 -135.82979 -5.5557027
 endloop
endfacet
facet normal -0.10966695 0.0053876047 0.9939538
 outer loop
  vertex -77.30098 -143.9796 8.601806
  vertex -70.71068 -143.97961 9.32894
  vertex -70.370186 -137.04875 9.32894
 endloop
endfacet
facet normal -0.109666884 0.0053875563 0.9939538
 outer loop
  vertex -77.30098 -143.9796 8.601806
  vertex -70.370186 -137.04875 9.32894
  vertex -76.92876 -136.40277 8.601806
 endloop
endfacet
facet normal -0.133621 0.0065643806 -0.9910108
 outer loop
  vertex -77.30098 -143.9796 -6.3439336
  vertex -83.14696 -143.97961 -5.5557027
  vertex -82.74658 -135.82979 -5.5557027
 endloop
endfacet
facet normal -0.13362107 0.0065643294 -0.9910108
 outer loop
  vertex -77.30098 -143.9796 -6.3439336
  vertex -82.74658 -135.82979 -5.5557027
  vertex -76.92876 -136.40277 -6.3439336
 endloop
endfacet
facet normal -0.13362092 0.006564326 0.9910108
 outer loop
  vertex -83.14696 -143.97961 7.8135753
  vertex -77.30098 -143.9796 8.601806
  vertex -76.92876 -136.40277 8.601806
 endloop
endfacet
facet normal -0.13362098 0.0065643783 0.9910107
 outer loop
  vertex -83.14696 -143.97961 7.8135753
  vertex -76.92876 -136.40277 8.601806
  vertex -82.74658 -135.82979 7.8135753
 endloop
endfacet
facet normal -0.10966687 0.005387548 -0.99395376
 outer loop
  vertex -70.71068 -143.97961 -7.071068
  vertex -77.30098 -143.9796 -6.3439336
  vertex -76.92876 -136.40277 -6.3439336
 endloop
endfacet
facet normal -0.10966682 0.0053876042 -0.9939538
 outer loop
  vertex -70.71068 -143.97961 -7.071068
  vertex -76.92876 -136.40277 -6.3439336
  vertex -70.370186 -137.04875 -7.071068
 endloop
endfacet
facet normal -0.9283297 0.045605924 0.36894998
 outer loop
  vertex -83.48149 -143.9796 6.97184
  vertex -83.14696 -143.97961 7.8135753
  vertex -82.74658 -135.82979 7.8135753
 endloop
endfacet
facet normal -0.93044806 0.046361994 0.3634791
 outer loop
  vertex -83.48149 -143.9796 6.97184
  vertex -82.74658 -135.82979 7.8135753
  vertex -83.079506 -135.91208 6.97184
 endloop
endfacet
facet normal -0.33446512 0.016431255 -0.9422649
 outer loop
  vertex -63.439262 -143.9796 -9.65212
  vertex -70.71068 -143.97961 -7.071068
  vertex -70.370186 -137.04875 -7.071068
 endloop
endfacet
facet normal -0.3344651 0.016431227 -0.94226485
 outer loop
  vertex -63.439262 -143.9796 -9.65212
  vertex -70.370186 -137.04875 -7.071068
  vertex -63.133785 -137.76147 -9.65212
 endloop
endfacet
facet normal -0.6204961 0.03091783 0.78359985
 outer loop
  vertex -87.45319 -143.9796 3.8268344
  vertex -83.48149 -143.9796 6.97184
  vertex -83.079506 -135.91208 6.97184
 endloop
endfacet
facet normal -0.62049556 0.030917406 0.7836002
 outer loop
  vertex -87.45319 -143.9796 3.8268344
  vertex -83.079506 -135.91208 6.97184
  vertex -87.03209 -135.52826 3.8268344
 endloop
endfacet
facet normal -0.073961675 0.0036335073 -0.9972545
 outer loop
  vertex -55.55698 -143.97961 -10.2367115
  vertex -63.439262 -143.9796 -9.65212
  vertex -63.133785 -137.76147 -9.65212
 endloop
endfacet
facet normal -0.0739617 0.0036334891 -0.9972545
 outer loop
  vertex -55.55698 -143.97961 -10.2367115
  vertex -63.133785 -137.76147 -9.65212
  vertex -55.28946 -138.53407 -10.2367115
 endloop
endfacet
facet normal -0.1114233 0.005551882 0.99375755
 outer loop
  vertex -95.694016 -143.97958 2.9028468
  vertex -87.45319 -143.9796 3.8268344
  vertex -87.03209 -135.52826 3.8268344
 endloop
endfacet
facet normal -0.1113444 0.005469994 0.99376684
 outer loop
  vertex -95.694016 -143.97958 2.9028468
  vertex -87.03209 -135.52826 3.8268344
  vertex -95.23322 -134.59993 2.9028468
 endloop
endfacet
facet normal -0.059830226 0.0029392554 -0.9982043
 outer loop
  vertex -47.139652 -143.97961 -10.741228
  vertex -55.55698 -143.97961 -10.2367115
  vertex -55.28946 -138.53407 -10.2367115
 endloop
endfacet
facet normal -0.059830215 0.002939269 -0.9982043
 outer loop
  vertex -47.139652 -143.97961 -10.741228
  vertex -55.28946 -138.53407 -10.2367115
  vertex -46.912663 -139.35913 -10.741228
 endloop
endfacet
facet normal -0.3707172 0.018212155 0.9285672
 outer loop
  vertex -98.07843 -143.97958 1.9509033
  vertex -95.694016 -143.97958 2.9028468
  vertex -95.23322 -134.59993 2.9028468
 endloop
endfacet
facet normal -0.3707173 0.018212179 0.92856723
 outer loop
  vertex -98.07843 -143.97958 1.9509033
  vertex -95.23322 -134.59993 2.9028468
  vertex -97.606155 -134.36621 1.9509033
 endloop
endfacet
facet normal -0.004912647 0.00024134277 0.99998796
 outer loop
  vertex -9.801711 -143.97961 9.951847
  vertex 0 -143.97961 10
  vertex -9.754513 -143.01888 9.951847
 endloop
endfacet
facet normal -0.047243632 0.0023209304 -0.9988807
 outer loop
  vertex -38.268345 -143.9796 -11.16081
  vertex -47.139652 -143.97961 -10.741228
  vertex -46.912663 -139.35913 -10.741228
 endloop
endfacet
facet normal -0.047243625 0.0023209413 -0.9988807
 outer loop
  vertex -38.268345 -143.9796 -11.16081
  vertex -46.912663 -139.35913 -10.741228
  vertex -38.084072 -140.22865 -11.16081
 endloop
endfacet
facet normal -0.5587539 0.027449824 0.8288791
 outer loop
  vertex -99.518456 -143.9796 0.9801714
  vertex -98.07843 -143.97958 1.9509033
  vertex -97.606155 -134.36621 1.9509033
 endloop
endfacet
facet normal -0.55875427 0.027449904 0.8288789
 outer loop
  vertex -99.518456 -143.9796 0.9801714
  vertex -97.606155 -134.36621 1.9509033
  vertex -99.039246 -134.22508 0.9801714
 endloop
endfacet
facet normal -0.25946644 0.012746826 0.9656681
 outer loop
  vertex -19.509024 -143.97961 7.3435783
  vertex -9.801711 -143.97961 9.951847
  vertex -9.754513 -143.01888 9.951847
 endloop
endfacet
facet normal -0.2594664 0.012746662 0.96566796
 outer loop
  vertex -19.509024 -143.97961 7.3435783
  vertex -9.754513 -143.01888 9.951847
  vertex -19.415083 -142.06738 7.3435783
 endloop
endfacet
facet normal -0.035757728 0.0017566702 -0.99935895
 outer loop
  vertex -29.028458 -143.97961 -11.49142
  vertex -38.268345 -143.9796 -11.16081
  vertex -38.084072 -140.22865 -11.16081
 endloop
endfacet
facet normal -0.035757728 0.0017566661 -0.99935895
 outer loop
  vertex -29.028458 -143.97961 -11.49142
  vertex -38.084072 -140.22865 -11.16081
  vertex -28.888678 -141.13432 -11.49142
 endloop
endfacet
facet normal -0.0522707 0.0025679013 -0.9986296
 outer loop
  vertex -80.79232 -143.97961 0
  vertex -99.518456 -143.9796 0.9801714
  vertex -99.039246 -134.22508 0.9801714
 endloop
endfacet
facet normal -0.052283693 0.0025435255 -0.99862903
 outer loop
  vertex -80.79232 -143.97961 0
  vertex -99.039246 -134.22508 0.9801714
  vertex -80.40328 -135.98273 0
 endloop
endfacet
facet normal -0.025040638 0.0012301523 0.99968565
 outer loop
  vertex -29.028458 -143.97961 7.1051307
  vertex -19.509024 -143.97961 7.3435783
  vertex -19.415083 -142.06738 7.3435783
 endloop
endfacet
facet normal -0.025040643 0.0012301746 0.9996857
 outer loop
  vertex -29.028458 -143.97961 7.1051307
  vertex -19.415083 -142.06738 7.3435783
  vertex -28.888678 -141.13432 7.1051307
 endloop
endfacet
facet normal 0.13803525 -0.00678123 -0.9904041
 outer loop
  vertex -19.509024 -143.97961 -10.164671
  vertex -29.028458 -143.97961 -11.49142
  vertex -28.888678 -141.13432 -11.49142
 endloop
endfacet
facet normal 0.13803527 -0.00678115 -0.99040407
 outer loop
  vertex -19.509024 -143.97961 -10.164671
  vertex -28.888678 -141.13432 -11.49142
  vertex -19.415083 -142.06738 -10.164671
 endloop
endfacet
facet normal -0.0522707 0.002542901 0.9986297
 outer loop
  vertex -99.518456 -143.9796 -0.9801714
  vertex -80.79232 -143.97961 0
  vertex -80.40328 -135.98273 0
 endloop
endfacet
facet normal -0.052281342 0.0025684224 0.99862903
 outer loop
  vertex -99.518456 -143.9796 -0.9801714
  vertex -80.40328 -135.98273 0
  vertex -99.039246 -134.22508 -0.9801714
 endloop
endfacet
facet normal 0.2249842 -0.011052753 0.97429967
 outer loop
  vertex -38.268345 -143.9796 9.238795
  vertex -29.028458 -143.97961 7.1051307
  vertex -28.888678 -141.13432 7.1051307
 endloop
endfacet
facet normal 0.22498423 -0.01105277 0.97429967
 outer loop
  vertex -38.268345 -143.9796 9.238795
  vertex -28.888678 -141.13432 7.1051307
  vertex -38.084072 -140.22865 9.238795
 endloop
endfacet
facet normal 0.03475103 -0.0017071874 -0.99939454
 outer loop
  vertex -9.801711 -143.97961 -9.827127
  vertex -19.509024 -143.97961 -10.164671
  vertex -19.415083 -142.06738 -10.164671
 endloop
endfacet
facet normal 0.034751024 -0.0017072299 -0.9993946
 outer loop
  vertex -9.801711 -143.97961 -9.827127
  vertex -19.415083 -142.06738 -10.164671
  vertex -9.754513 -143.01888 -9.827127
 endloop
endfacet
facet normal -0.5587539 0.02744989 -0.82887906
 outer loop
  vertex -98.07843 -143.97958 -1.9509033
  vertex -99.518456 -143.9796 -0.9801714
  vertex -99.039246 -134.22508 -0.9801714
 endloop
endfacet
facet normal -0.55875427 0.027449843 -0.82887894
 outer loop
  vertex -98.07843 -143.97958 -1.9509033
  vertex -99.039246 -134.22508 -0.9801714
  vertex -97.606155 -134.36621 -1.9509033
 endloop
endfacet
facet normal -0.29690844 0.014586223 0.9547946
 outer loop
  vertex -47.139652 -143.97961 6.4801226
  vertex -38.268345 -143.9796 9.238795
  vertex -38.084072 -140.22865 9.238795
 endloop
endfacet
facet normal -0.29690838 0.0145861665 0.9547945
 outer loop
  vertex -47.139652 -143.97961 6.4801226
  vertex -38.084072 -140.22865 9.238795
  vertex -46.912663 -139.35913 6.4801226
 endloop
endfacet
facet normal 0.69119316 -0.033956293 -0.7218719
 outer loop
  vertex -4.9008555 -143.97961 -5.134553
  vertex -9.801711 -143.97961 -9.827127
  vertex -9.754513 -143.01888 -9.827127
 endloop
endfacet
facet normal 0.6911931 -0.0339568 -0.7218719
 outer loop
  vertex -4.9008555 -143.97961 -5.134553
  vertex -9.754513 -143.01888 -9.827127
  vertex -4.8772564 -143.49925 -5.134553
 endloop
endfacet
facet normal -0.3707172 0.01821217 -0.92856723
 outer loop
  vertex -95.694016 -143.97958 -2.9028468
  vertex -98.07843 -143.97958 -1.9509033
  vertex -97.606155 -134.36621 -1.9509033
 endloop
endfacet
facet normal -0.37071726 0.018212153 -0.9285672
 outer loop
  vertex -95.694016 -143.97958 -2.9028468
  vertex -97.606155 -134.36621 -1.9509033
  vertex -95.23322 -134.59993 -2.9028468
 endloop
endfacet
facet normal -0.059830222 0.0029392699 0.9982043
 outer loop
  vertex -55.55698 -143.97961 5.975606
  vertex -47.139652 -143.97961 6.4801226
  vertex -46.912663 -139.35913 6.4801226
 endloop
endfacet
facet normal -0.059830215 0.0029392552 0.9982043
 outer loop
  vertex -55.55698 -143.97961 5.975606
  vertex -46.912663 -139.35913 6.4801226
  vertex -55.28946 -138.53407 5.975606
 endloop
endfacet
facet normal -0.26913938 0.0132219605 -0.9630105
 outer loop
  vertex -92.387886 -143.9796 -3.8268344
  vertex -95.694016 -143.97958 -2.9028468
  vertex -95.23322 -134.59993 -2.9028468
 endloop
endfacet
facet normal -0.26913962 0.013221884 -0.96301043
 outer loop
  vertex -92.387886 -143.9796 -3.8268344
  vertex -95.23322 -134.59993 -2.9028468
  vertex -91.943016 -134.924 -3.8268344
 endloop
endfacet
facet normal 0.45353195 -0.02228048 0.89096147
 outer loop
  vertex -63.439262 -143.9796 9.987976
  vertex -55.55698 -143.97961 5.975606
  vertex -55.28946 -138.53407 5.975606
 endloop
endfacet
facet normal 0.45353204 -0.022280648 0.89096147
 outer loop
  vertex -63.439262 -143.9796 9.987976
  vertex -55.28946 -138.53407 5.975606
  vertex -63.133785 -137.76147 9.987976
 endloop
endfacet
facet normal -0.13233428 0.019629855 -0.9910107
 outer loop
  vertex -76.92876 -136.40277 -6.3439336
  vertex -82.74658 -135.82979 -5.5557027
  vertex -81.54932 -127.758446 -5.5557027
 endloop
endfacet
facet normal -0.13233416 0.019629922 -0.9910108
 outer loop
  vertex -76.92876 -136.40277 -6.3439336
  vertex -81.54932 -127.758446 -5.5557027
  vertex -75.81567 -128.89893 -6.3439336
 endloop
endfacet
facet normal -0.098979235 0.30015412 0.9487416
 outer loop
  vertex -82.74658 -135.82979 7.8135753
  vertex -76.92876 -136.40277 8.601806
  vertex -75.81567 -128.89893 6.3439336
 endloop
endfacet
facet normal -0.07608845 0.2790678 0.9572522
 outer loop
  vertex -82.74658 -135.82979 7.8135753
  vertex -75.81567 -128.89893 6.3439336
  vertex -81.54932 -127.758446 5.5557027
 endloop
endfacet
facet normal -0.10861063 0.01611087 -0.99395376
 outer loop
  vertex -70.370186 -137.04875 -7.071068
  vertex -76.92876 -136.40277 -6.3439336
  vertex -75.81567 -128.89893 -6.3439336
 endloop
endfacet
facet normal -0.10861059 0.016110893 -0.9939538
 outer loop
  vertex -70.370186 -137.04875 -7.071068
  vertex -75.81567 -128.89893 -6.3439336
  vertex -69.35199 -130.18465 -7.071068
 endloop
endfacet
facet normal -0.9124545 0.23001525 0.33840773
 outer loop
  vertex -83.079506 -135.91208 6.97184
  vertex -82.74658 -135.82979 7.8135753
  vertex -81.54932 -127.758446 5.5557027
 endloop
endfacet
facet normal -0.12715 0.19284686 0.97295576
 outer loop
  vertex -83.079506 -135.91208 6.97184
  vertex -81.54932 -127.758446 5.5557027
  vertex -86.49748 -126.774185 4.713968
 endloop
endfacet
facet normal -0.33124402 0.049135517 -0.9422648
 outer loop
  vertex -63.133785 -137.76147 -9.65212
  vertex -70.370186 -137.04875 -7.071068
  vertex -69.35199 -130.18465 -7.071068
 endloop
endfacet
facet normal -0.028075755 0.30160534 -0.9530194
 outer loop
  vertex -63.133785 -137.76147 -9.65212
  vertex -69.35199 -130.18465 -7.071068
  vertex -62.22029 -131.60321 -7.730104
 endloop
endfacet
facet normal -0.6245411 -0.040896315 0.7799204
 outer loop
  vertex -87.03209 -135.52826 3.8268344
  vertex -83.079506 -135.91208 6.97184
  vertex -86.49748 -126.774185 4.713968
 endloop
endfacet
facet normal -0.22602063 -0.08454162 0.97044694
 outer loop
  vertex -87.03209 -135.52826 3.8268344
  vertex -86.49748 -126.774185 4.713968
  vertex -90.61268 -125.95561 3.8268344
 endloop
endfacet
facet normal -0.041084193 0.3032269 -0.9520323
 outer loop
  vertex -55.28946 -138.53407 -10.2367115
  vertex -63.133785 -137.76147 -9.65212
  vertex -62.22029 -131.60321 -7.730104
 endloop
endfacet
facet normal -0.004325659 0.33626878 -0.9417562
 outer loop
  vertex -55.28946 -138.53407 -10.2367115
  vertex -62.22029 -131.60321 -7.730104
  vertex -54.489468 -133.14098 -8.314696
 endloop
endfacet
facet normal -0.11672978 -0.04366205 0.9922035
 outer loop
  vertex -95.23322 -134.59993 2.9028468
  vertex -87.03209 -135.52826 3.8268344
  vertex -90.61268 -125.95561 3.8268344
 endloop
endfacet
facet normal -0.26654768 0.03953876 0.96301043
 outer loop
  vertex -95.23322 -134.59993 2.9028468
  vertex -90.61268 -125.95561 3.8268344
  vertex -93.85528 -125.310616 2.9028468
 endloop
endfacet
facet normal -0.023293952 0.33867568 -0.94061476
 outer loop
  vertex -46.912663 -139.35913 -10.741228
  vertex -55.28946 -138.53407 -10.2367115
  vertex -54.489468 -133.14098 -8.314696
 endloop
endfacet
facet normal 0.02011142 0.3846328 -0.9228505
 outer loop
  vertex -46.912663 -139.35913 -10.741228
  vertex -54.489468 -133.14098 -8.314696
  vertex -46.233875 -134.78313 -8.819213
 endloop
endfacet
facet normal -0.36714694 0.054461315 0.92856723
 outer loop
  vertex -97.606155 -134.36621 1.9509033
  vertex -95.23322 -134.59993 2.9028468
  vertex -93.85528 -125.310616 2.9028468
 endloop
endfacet
facet normal -0.3671466 0.054461144 0.9285674
 outer loop
  vertex -97.606155 -134.36621 1.9509033
  vertex -93.85528 -125.310616 2.9028468
  vertex -96.19388 -124.84543 1.9509033
 endloop
endfacet
facet normal -0.004865335 0.00072170957 0.99998796
 outer loop
  vertex -9.754513 -143.01888 9.951847
  vertex 0 -143.97961 10
  vertex -9.613374 -142.0674 9.951847
 endloop
endfacet
facet normal -0.005593766 0.38794762 -0.9216644
 outer loop
  vertex -38.084072 -140.22865 -11.16081
  vertex -46.912663 -139.35913 -10.741228
  vertex -46.233875 -134.78313 -8.819213
 endloop
endfacet
facet normal 0.047281314 0.4534717 -0.89001566
 outer loop
  vertex -38.084072 -140.22865 -11.16081
  vertex -46.233875 -134.78313 -8.819213
  vertex -37.533028 -136.51382 -9.238795
 endloop
endfacet
facet normal -0.55337363 0.08208537 0.8288786
 outer loop
  vertex -99.039246 -134.22508 0.9801714
  vertex -97.606155 -134.36621 1.9509033
  vertex -96.19388 -124.84543 1.9509033
 endloop
endfacet
facet normal -0.5533721 0.08208479 0.8288797
 outer loop
  vertex -99.039246 -134.22508 0.9801714
  vertex -96.19388 -124.84543 1.9509033
  vertex -97.60624 -124.564514 0.9801714
 endloop
endfacet
facet normal -0.25696754 0.038117737 0.965668
 outer loop
  vertex -19.415083 -142.06738 7.3435783
  vertex -9.754513 -143.01888 9.951847
  vertex -9.613374 -142.0674 9.951847
 endloop
endfacet
facet normal -0.25696757 0.038117677 0.9656681
 outer loop
  vertex -19.415083 -142.06738 7.3435783
  vertex -9.613374 -142.0674 9.951847
  vertex -19.134163 -140.17358 7.3435783
 endloop
endfacet
facet normal 0.013145466 0.45794848 -0.8888815
 outer loop
  vertex -28.888678 -141.13432 -11.49142
  vertex -38.084072 -140.22865 -11.16081
  vertex -37.533028 -136.51382 -9.238795
 endloop
endfacet
facet normal 0.07987001 0.5535698 -0.82896394
 outer loop
  vertex -28.888678 -141.13432 -11.49142
  vertex -37.533028 -136.51382 -9.238795
  vertex -28.470684 -138.31644 -9.569404
 endloop
endfacet
facet normal -0.051798843 0.007683614 -0.9986279
 outer loop
  vertex -80.40328 -135.98273 0
  vertex -99.039246 -134.22508 0.9801714
  vertex -97.60624 -124.564514 0.9801714
 endloop
endfacet
facet normal -0.051843975 0.007615467 -0.9986261
 outer loop
  vertex -80.40328 -135.98273 0
  vertex -97.60624 -124.564514 0.9801714
  vertex -79.239914 -128.06285 0
 endloop
endfacet
facet normal -0.024799487 0.0036786762 0.99968565
 outer loop
  vertex -28.888678 -141.13432 7.1051307
  vertex -19.415083 -142.06738 7.3435783
  vertex -19.134163 -140.17358 7.3435783
 endloop
endfacet
facet normal -0.024799483 0.0036786564 0.9996857
 outer loop
  vertex -28.888678 -141.13432 7.1051307
  vertex -19.134163 -140.17358 7.3435783
  vertex -28.470684 -138.31644 7.1051307
 endloop
endfacet
facet normal 0.16865441 0.5382149 -0.8257605
 outer loop
  vertex -19.415083 -142.06738 -10.164671
  vertex -28.888678 -141.13432 -11.49142
  vertex -28.470684 -138.31644 -9.569404
 endloop
endfacet
facet normal 0.23372987 0.6752901 -0.6995381
 outer loop
  vertex -19.415083 -142.06738 -10.164671
  vertex -28.470684 -138.31644 -9.569404
  vertex -19.134163 -140.17358 -8.242656
 endloop
endfacet
facet normal -0.051805813 0.0076098717 0.99862814
 outer loop
  vertex -99.039246 -134.22508 -0.9801714
  vertex -80.40328 -135.98273 0
  vertex -79.239914 -128.06285 0
 endloop
endfacet
facet normal -0.05183011 0.0076882555 0.99862623
 outer loop
  vertex -99.039246 -134.22508 -0.9801714
  vertex -79.239914 -128.06285 0
  vertex -97.60624 -124.564514 -0.9801714
 endloop
endfacet
facet normal 0.22281748 -0.03305182 0.9742997
 outer loop
  vertex -38.084072 -140.22865 9.238795
  vertex -28.888678 -141.13432 7.1051307
  vertex -28.470684 -138.31644 7.1051307
 endloop
endfacet
facet normal 0.22281753 -0.033051934 0.97429967
 outer loop
  vertex -38.084072 -140.22865 9.238795
  vertex -28.470684 -138.31644 7.1051307
  vertex -37.533028 -136.51382 9.238795
 endloop
endfacet
facet normal 0.093826495 0.70228356 -0.70568717
 outer loop
  vertex -9.754513 -143.01888 -9.827127
  vertex -19.415083 -142.06738 -10.164671
  vertex -19.134163 -140.17358 -8.242656
 endloop
endfacet
facet normal 0.18974988 0.8743047 -0.4467508
 outer loop
  vertex -9.754513 -143.01888 -9.827127
  vertex -19.134163 -140.17358 -8.242656
  vertex -9.613374 -142.0674 -7.905112
 endloop
endfacet
facet normal -0.55337363 0.08208501 -0.82887864
 outer loop
  vertex -97.606155 -134.36621 -1.9509033
  vertex -99.039246 -134.22508 -0.9801714
  vertex -97.60624 -124.564514 -0.9801714
 endloop
endfacet
facet normal -0.55337197 0.08208513 -0.82887965
 outer loop
  vertex -97.606155 -134.36621 -1.9509033
  vertex -97.60624 -124.564514 -0.9801714
  vertex -96.19388 -124.84543 -1.9509033
 endloop
endfacet
facet normal -0.29404905 0.043618195 0.9547945
 outer loop
  vertex -46.912663 -139.35913 6.4801226
  vertex -38.084072 -140.22865 9.238795
  vertex -37.533028 -136.51382 9.238795
 endloop
endfacet
facet normal -0.29404902 0.04361815 0.9547945
 outer loop
  vertex -46.912663 -139.35913 6.4801226
  vertex -37.533028 -136.51382 9.238795
  vertex -46.233875 -134.78313 6.4801226
 endloop
endfacet
facet normal 0.47793865 0.7727547 -0.41764185
 outer loop
  vertex -4.8772564 -143.49925 -5.134553
  vertex -9.754513 -143.01888 -9.827127
  vertex -9.613374 -142.0674 -7.905112
 endloop
endfacet
facet normal 0.47794193 0.7727477 -0.4176511
 outer loop
  vertex -4.8772564 -143.49925 -5.134553
  vertex -9.613374 -142.0674 -7.905112
  vertex -4.806687 -143.0235 -4.1735454
 endloop
endfacet
facet normal -0.36714694 0.054461204 -0.9285672
 outer loop
  vertex -95.23322 -134.59993 -2.9028468
  vertex -97.606155 -134.36621 -1.9509033
  vertex -96.19388 -124.84543 -1.9509033
 endloop
endfacet
facet normal -0.36714655 0.054461263 -0.92856735
 outer loop
  vertex -95.23322 -134.59993 -2.9028468
  vertex -96.19388 -124.84543 -1.9509033
  vertex -93.85528 -125.310616 -2.9028468
 endloop
endfacet
facet normal -0.059253998 0.008789516 0.9982042
 outer loop
  vertex -55.28946 -138.53407 5.975606
  vertex -46.912663 -139.35913 6.4801226
  vertex -46.233875 -134.78313 6.4801226
 endloop
endfacet
facet normal -0.059254006 0.00878951 0.9982043
 outer loop
  vertex -55.28946 -138.53407 5.975606
  vertex -46.233875 -134.78313 6.4801226
  vertex -54.489468 -133.14098 5.975606
 endloop
endfacet
facet normal -0.26654756 0.03953875 -0.96301043
 outer loop
  vertex -91.943016 -134.924 -3.8268344
  vertex -95.23322 -134.59993 -2.9028468
  vertex -93.85528 -125.310616 -2.9028468
 endloop
endfacet
facet normal -0.26654765 0.03953872 -0.9630104
 outer loop
  vertex -91.943016 -134.924 -3.8268344
  vertex -93.85528 -125.310616 -2.9028468
  vertex -90.61268 -125.95561 -3.8268344
 endloop
endfacet
facet normal 0.44916424 -0.06662733 0.8909614
 outer loop
  vertex -63.133785 -137.76147 9.987976
  vertex -55.28946 -138.53407 5.975606
  vertex -54.489468 -133.14098 5.975606
 endloop
endfacet
facet normal 0.2670804 0.29655847 0.91690844
 outer loop
  vertex -63.133785 -137.76147 9.987976
  vertex -54.489468 -133.14098 5.975606
  vertex -62.22029 -131.60321 7.730104
 endloop
endfacet
facet normal -0.20485681 0.030387715 -0.9783201
 outer loop
  vertex -87.7674 -135.33527 -4.713968
  vertex -91.943016 -134.924 -3.8268344
  vertex -90.61268 -125.95561 -3.8268344
 endloop
endfacet
facet normal -0.20485677 0.030387724 -0.9783201
 outer loop
  vertex -87.7674 -135.33527 -4.713968
  vertex -90.61268 -125.95561 -3.8268344
  vertex -86.49748 -126.774185 -4.713968
 endloop
endfacet
facet normal -0.050661147 0.35040718 0.9352263
 outer loop
  vertex -70.370186 -137.04875 9.32894
  vertex -63.133785 -137.76147 9.987976
  vertex -62.22029 -131.60321 7.730104
 endloop
endfacet
facet normal -0.02485824 0.31569737 0.94853425
 outer loop
  vertex -70.370186 -137.04875 9.32894
  vertex -62.22029 -131.60321 7.730104
  vertex -69.35199 -130.18465 7.071068
 endloop
endfacet
facet normal -0.16297661 0.02417537 -0.9863337
 outer loop
  vertex -82.74658 -135.82979 -5.5557027
  vertex -87.7674 -135.33527 -4.713968
  vertex -86.49748 -126.774185 -4.713968
 endloop
endfacet
facet normal -0.1629769 0.024175242 -0.98633367
 outer loop
  vertex -82.74658 -135.82979 -5.5557027
  vertex -86.49748 -126.774185 -4.713968
  vertex -81.54932 -127.758446 -5.5557027
 endloop
endfacet
facet normal -0.073018156 0.32139155 0.94412696
 outer loop
  vertex -76.92876 -136.40277 8.601806
  vertex -70.370186 -137.04875 9.32894
  vertex -69.35199 -130.18465 7.071068
 endloop
endfacet
facet normal -0.04880388 0.29442245 0.95442843
 outer loop
  vertex -76.92876 -136.40277 8.601806
  vertex -69.35199 -130.18465 7.071068
  vertex -75.81567 -128.89893 6.3439336
 endloop
endfacet
facet normal -0.08766354 0.02195851 -0.99590814
 outer loop
  vertex -62.22029 -131.60321 -7.730104
  vertex -69.35199 -130.18465 -7.071068
  vertex -67.6659 -123.453384 -7.071068
 endloop
endfacet
facet normal -0.0876634 0.021958604 -0.9959081
 outer loop
  vertex -62.22029 -131.60321 -7.730104
  vertex -67.6659 -123.453384 -7.071068
  vertex -60.707584 -125.56416 -7.730104
 endloop
endfacet
facet normal -0.20089181 0.050320804 0.9783201
 outer loop
  vertex -90.61268 -125.95561 3.8268344
  vertex -86.49748 -126.774185 4.713968
  vertex -84.39455 -118.3788 4.713968
 endloop
endfacet
facet normal -0.20089188 0.05032086 0.9783201
 outer loop
  vertex -90.61268 -125.95561 3.8268344
  vertex -84.39455 -118.3788 4.713968
  vertex -88.40969 -117.160805 3.8268344
 endloop
endfacet
facet normal -0.071831726 0.01799296 -0.9972545
 outer loop
  vertex -54.489468 -133.14098 -8.314696
  vertex -62.22029 -131.60321 -7.730104
  vertex -60.707584 -125.56416 -7.730104
 endloop
endfacet
facet normal -0.071831755 0.017992942 -0.9972545
 outer loop
  vertex -54.489468 -133.14098 -8.314696
  vertex -60.707584 -125.56416 -7.730104
  vertex -53.164715 -127.85227 -8.314696
 endloop
endfacet
facet normal -0.2613887 0.065474555 0.9630104
 outer loop
  vertex -93.85528 -125.310616 2.9028468
  vertex -90.61268 -125.95561 3.8268344
  vertex -88.40969 -117.160805 3.8268344
 endloop
endfacet
facet normal -0.26138863 0.06547451 0.9630104
 outer loop
  vertex -93.85528 -125.310616 2.9028468
  vertex -88.40969 -117.160805 3.8268344
  vertex -91.573456 -116.20108 2.9028468
 endloop
endfacet
facet normal -0.05810715 0.0145550985 -0.9982043
 outer loop
  vertex -46.233875 -134.78313 -8.819213
  vertex -54.489468 -133.14098 -8.314696
  vertex -53.164715 -127.85227 -8.314696
 endloop
endfacet
facet normal -0.058107156 0.014555094 -0.9982043
 outer loop
  vertex -46.233875 -134.78313 -8.819213
  vertex -53.164715 -127.85227 -8.314696
  vertex -45.109833 -130.2957 -8.819213
 endloop
endfacet
facet normal -0.36004046 0.09018553 0.9285674
 outer loop
  vertex -96.19388 -124.84543 1.9509033
  vertex -93.85528 -125.310616 2.9028468
  vertex -91.573456 -116.20108 2.9028468
 endloop
endfacet
facet normal -0.36004132 0.09018605 0.928567
 outer loop
  vertex -96.19388 -124.84543 1.9509033
  vertex -91.573456 -116.20108 2.9028468
  vertex -93.855194 -115.50892 1.9509033
 endloop
endfacet
facet normal -0.0047711693 0.0011951103 0.99998796
 outer loop
  vertex -9.613374 -142.0674 9.951847
  vertex 0 -143.97961 10
  vertex -9.379652 -141.13432 9.951847
 endloop
endfacet
facet normal -0.04588307 0.011493117 -0.9988807
 outer loop
  vertex -37.533028 -136.51382 -9.238795
  vertex -46.233875 -134.78313 -8.819213
  vertex -45.109833 -130.2957 -8.819213
 endloop
endfacet
facet normal -0.045883045 0.01149315 -0.9988807
 outer loop
  vertex -37.533028 -136.51382 -9.238795
  vertex -45.109833 -130.2957 -8.819213
  vertex -36.620518 -132.8709 -9.238795
 endloop
endfacet
facet normal -0.542662 0.13593034 0.82887924
 outer loop
  vertex -97.60624 -124.564514 0.9801714
  vertex -96.19388 -124.84543 1.9509033
  vertex -93.855194 -115.50892 1.9509033
 endloop
endfacet
facet normal -0.5426606 0.13592967 0.82888025
 outer loop
  vertex -97.60624 -124.564514 0.9801714
  vertex -93.855194 -115.50892 1.9509033
  vertex -95.23322 -115.09092 0.9801714
 endloop
endfacet
facet normal -0.2519941 0.063120864 0.965668
 outer loop
  vertex -19.134163 -140.17358 7.3435783
  vertex -9.613374 -142.0674 9.951847
  vertex -9.379652 -141.13432 9.951847
 endloop
endfacet
facet normal -0.251994 0.06312147 0.965668
 outer loop
  vertex -19.134163 -140.17358 7.3435783
  vertex -9.379652 -141.13432 9.951847
  vertex -18.66897 -138.31644 7.3435783
 endloop
endfacet
facet normal -0.034727845 0.008698909 -0.99935895
 outer loop
  vertex -28.470684 -138.31644 -9.569404
  vertex -37.533028 -136.51382 -9.238795
  vertex -36.620518 -132.8709 -9.238795
 endloop
endfacet
facet normal -0.034727845 0.008698906 -0.9993589
 outer loop
  vertex -28.470684 -138.31644 -9.569404
  vertex -36.620518 -132.8709 -9.238795
  vertex -27.778502 -135.5531 -9.569404
 endloop
endfacet
facet normal -0.050867457 0.012741659 -0.99862415
 outer loop
  vertex -79.239914 -128.06285 0
  vertex -97.60624 -124.564514 0.9801714
  vertex -95.23322 -115.09092 0.9801714
 endloop
endfacet
facet normal -0.050951097 0.012638317 -0.99862117
 outer loop
  vertex -79.239914 -128.06285 0
  vertex -95.23322 -115.09092 0.9801714
  vertex -77.31343 -120.29627 0
 endloop
endfacet
facet normal -0.024319492 0.006091737 0.99968565
 outer loop
  vertex -28.470684 -138.31644 7.1051307
  vertex -19.134163 -140.17358 7.3435783
  vertex -18.66897 -138.31644 7.3435783
 endloop
endfacet
facet normal -0.024319494 0.0060917414 0.99968565
 outer loop
  vertex -28.470684 -138.31644 7.1051307
  vertex -18.66897 -138.31644 7.3435783
  vertex -27.778502 -135.5531 7.1051307
 endloop
endfacet
facet normal 0.13405988 -0.03358039 -0.99040407
 outer loop
  vertex -19.134163 -140.17358 -8.242656
  vertex -28.470684 -138.31644 -9.569404
  vertex -27.778502 -135.5531 -9.569404
 endloop
endfacet
facet normal 0.13405988 -0.0335804 -0.9904041
 outer loop
  vertex -19.134163 -140.17358 -8.242656
  vertex -27.778502 -135.5531 -9.569404
  vertex -18.66897 -138.31644 -8.242656
 endloop
endfacet
facet normal -0.050890043 0.012623165 0.99862444
 outer loop
  vertex -97.60624 -124.564514 -0.9801714
  vertex -79.239914 -128.06285 0
  vertex -77.31343 -120.29627 0
 endloop
endfacet
facet normal -0.05091745 0.012754177 0.99862134
 outer loop
  vertex -97.60624 -124.564514 -0.9801714
  vertex -77.31343 -120.29627 0
  vertex -95.23322 -115.09092 -0.9801714
 endloop
endfacet
facet normal 0.21850494 -0.054732863 0.97429967
 outer loop
  vertex -37.533028 -136.51382 9.238795
  vertex -28.470684 -138.31644 7.1051307
  vertex -27.778502 -135.5531 7.1051307
 endloop
endfacet
facet normal 0.21850492 -0.054732874 0.9742997
 outer loop
  vertex -37.533028 -136.51382 9.238795
  vertex -27.778502 -135.5531 7.1051307
  vertex -36.620518 -132.8709 9.238795
 endloop
endfacet
facet normal 0.033750273 -0.008454033 -0.99939454
 outer loop
  vertex -9.613374 -142.0674 -7.905112
  vertex -19.134163 -140.17358 -8.242656
  vertex -18.66897 -138.31644 -8.242656
 endloop
endfacet
facet normal 0.0337503 -0.008453977 -0.9993945
 outer loop
  vertex -9.613374 -142.0674 -7.905112
  vertex -18.66897 -138.31644 -8.242656
  vertex -9.379652 -141.13432 -7.905112
 endloop
endfacet
facet normal -0.5426621 0.13593003 -0.8288793
 outer loop
  vertex -96.19388 -124.84543 -1.9509033
  vertex -97.60624 -124.564514 -0.9801714
  vertex -95.23322 -115.09092 -0.9801714
 endloop
endfacet
facet normal -0.5426606 0.13592999 -0.8288803
 outer loop
  vertex -96.19388 -124.84543 -1.9509033
  vertex -95.23322 -115.09092 -0.9801714
  vertex -93.855194 -115.50892 -1.9509033
 endloop
endfacet
facet normal -0.2883578 0.07223015 0.9547945
 outer loop
  vertex -46.233875 -134.78313 6.4801226
  vertex -37.533028 -136.51382 9.238795
  vertex -36.620518 -132.8709 9.238795
 endloop
endfacet
facet normal -0.28835773 0.072229914 0.9547945
 outer loop
  vertex -46.233875 -134.78313 6.4801226
  vertex -36.620518 -132.8709 9.238795
  vertex -45.109833 -130.2957 6.4801226
 endloop
endfacet
facet normal 0.58808845 -0.14730762 -0.7952687
 outer loop
  vertex -4.806687 -143.0235 -4.1735454
  vertex -9.613374 -142.0674 -7.905112
  vertex -9.379652 -141.13432 -7.905112
 endloop
endfacet
facet normal 0.5880869 -0.14731179 -0.7952692
 outer loop
  vertex -4.806687 -143.0235 -4.1735454
  vertex -9.379652 -141.13432 -7.905112
  vertex -4.689826 -142.55698 -4.1735454
 endloop
endfacet
facet normal -0.36004037 0.09018581 -0.9285674
 outer loop
  vertex -93.85528 -125.310616 -2.9028468
  vertex -96.19388 -124.84543 -1.9509033
  vertex -93.855194 -115.50892 -1.9509033
 endloop
endfacet
facet normal -0.3600414 0.09018577 -0.928567
 outer loop
  vertex -93.85528 -125.310616 -2.9028468
  vertex -93.855194 -115.50892 -1.9509033
  vertex -91.573456 -116.20108 -2.9028468
 endloop
endfacet
facet normal -0.058107145 0.014555089 0.9982042
 outer loop
  vertex -54.489468 -133.14098 5.975606
  vertex -46.233875 -134.78313 6.4801226
  vertex -45.109833 -130.2957 6.4801226
 endloop
endfacet
facet normal -0.058107156 0.014555099 0.9982042
 outer loop
  vertex -54.489468 -133.14098 5.975606
  vertex -45.109833 -130.2957 6.4801226
  vertex -53.164715 -127.85227 5.975606
 endloop
endfacet
facet normal -0.2613887 0.06547453 -0.9630104
 outer loop
  vertex -90.61268 -125.95561 -3.8268344
  vertex -93.85528 -125.310616 -2.9028468
  vertex -91.573456 -116.20108 -2.9028468
 endloop
endfacet
facet normal -0.26138863 0.06547454 -0.9630104
 outer loop
  vertex -90.61268 -125.95561 -3.8268344
  vertex -91.573456 -116.20108 -2.9028468
  vertex -88.40969 -117.160805 -3.8268344
 endloop
endfacet
facet normal 0.21100113 -0.05285309 0.97605586
 outer loop
  vertex -62.22029 -131.60321 7.730104
  vertex -54.489468 -133.14098 5.975606
  vertex -53.164715 -127.85227 5.975606
 endloop
endfacet
facet normal 0.21100116 -0.052853186 0.9760558
 outer loop
  vertex -62.22029 -131.60321 7.730104
  vertex -53.164715 -127.85227 5.975606
  vertex -60.707584 -125.56416 7.730104
 endloop
endfacet
facet normal -0.20089178 0.05032084 -0.9783201
 outer loop
  vertex -86.49748 -126.774185 -4.713968
  vertex -90.61268 -125.95561 -3.8268344
  vertex -88.40969 -117.160805 -3.8268344
 endloop
endfacet
facet normal -0.2008919 0.050320826 -0.9783201
 outer loop
  vertex -86.49748 -126.774185 -4.713968
  vertex -88.40969 -117.160805 -3.8268344
  vertex -84.39455 -118.3788 -4.713968
 endloop
endfacet
facet normal -0.08766352 0.021958629 0.99590814
 outer loop
  vertex -69.35199 -130.18465 7.071068
  vertex -62.22029 -131.60321 7.730104
  vertex -60.707584 -125.56416 7.730104
 endloop
endfacet
facet normal -0.087663434 0.021958482 0.99590814
 outer loop
  vertex -69.35199 -130.18465 7.071068
  vertex -60.707584 -125.56416 7.730104
  vertex -67.6659 -123.453384 7.071068
 endloop
endfacet
facet normal -0.15982248 0.04003347 -0.9863337
 outer loop
  vertex -81.54932 -127.758446 -5.5557027
  vertex -86.49748 -126.774185 -4.713968
  vertex -84.39455 -118.3788 -4.713968
 endloop
endfacet
facet normal -0.15982248 0.040033452 -0.98633367
 outer loop
  vertex -81.54932 -127.758446 -5.5557027
  vertex -84.39455 -118.3788 -4.713968
  vertex -79.56668 -119.84332 -5.5557027
 endloop
endfacet
facet normal -0.10650846 0.026678905 0.9939538
 outer loop
  vertex -75.81567 -128.89893 6.3439336
  vertex -69.35199 -130.18465 7.071068
  vertex -67.6659 -123.453384 7.071068
 endloop
endfacet
facet normal -0.10650853 0.026679004 0.99395376
 outer loop
  vertex -75.81567 -128.89893 6.3439336
  vertex -67.6659 -123.453384 7.071068
  vertex -73.97243 -121.540306 6.3439336
 endloop
endfacet
facet normal -0.1297729 0.032506425 -0.9910108
 outer loop
  vertex -75.81567 -128.89893 -6.3439336
  vertex -81.54932 -127.758446 -5.5557027
  vertex -79.56668 -119.84332 -5.5557027
 endloop
endfacet
facet normal -0.12977289 0.032506425 -0.9910108
 outer loop
  vertex -75.81567 -128.89893 -6.3439336
  vertex -79.56668 -119.84332 -5.5557027
  vertex -73.97243 -121.540306 -6.3439336
 endloop
endfacet
facet normal -0.1297729 0.03250643 0.9910108
 outer loop
  vertex -81.54932 -127.758446 5.5557027
  vertex -75.81567 -128.89893 6.3439336
  vertex -73.97243 -121.540306 6.3439336
 endloop
endfacet
facet normal -0.12977287 0.03250642 0.9910107
 outer loop
  vertex -81.54932 -127.758446 5.5557027
  vertex -73.97243 -121.540306 6.3439336
  vertex -79.56668 -119.84332 5.5557027
 endloop
endfacet
facet normal -0.10650845 0.026678987 -0.9939539
 outer loop
  vertex -69.35199 -130.18465 -7.071068
  vertex -75.81567 -128.89893 -6.3439336
  vertex -73.97243 -121.540306 -6.3439336
 endloop
endfacet
facet normal -0.10650856 0.02667893 -0.9939538
 outer loop
  vertex -69.35199 -130.18465 -7.071068
  vertex -73.97243 -121.540306 -6.3439336
  vertex -67.6659 -123.453384 -7.071068
 endloop
endfacet
facet normal -0.15982246 0.040033452 0.98633367
 outer loop
  vertex -86.49748 -126.774185 4.713968
  vertex -81.54932 -127.758446 5.5557027
  vertex -79.56668 -119.84332 5.5557027
 endloop
endfacet
facet normal -0.15982248 0.04003347 0.9863337
 outer loop
  vertex -86.49748 -126.774185 4.713968
  vertex -79.56668 -119.84332 5.5557027
  vertex -84.39455 -118.3788 4.713968
 endloop
endfacet
facet normal -0.2537123 0.09077983 0.96301043
 outer loop
  vertex -91.573456 -116.20108 2.9028468
  vertex -88.40969 -117.160805 3.8268344
  vertex -85.35527 -108.62428 3.8268344
 endloop
endfacet
facet normal -0.2537121 0.090779625 0.9630105
 outer loop
  vertex -91.573456 -116.20108 2.9028468
  vertex -85.35527 -108.62428 3.8268344
  vertex -88.40974 -107.35908 2.9028468
 endloop
endfacet
facet normal -0.0564007 0.02018051 -0.9982043
 outer loop
  vertex -45.109833 -130.2957 -8.819213
  vertex -53.164715 -127.85227 -8.314696
  vertex -51.327953 -122.71887 -8.314696
 endloop
endfacet
facet normal -0.0564007 0.02018051 -0.9982043
 outer loop
  vertex -45.109833 -130.2957 -8.819213
  vertex -51.327953 -122.71887 -8.314696
  vertex -43.551357 -125.940056 -8.819213
 endloop
endfacet
facet normal -0.34946796 0.12504163 0.92856705
 outer loop
  vertex -93.855194 -115.50892 1.9509033
  vertex -91.573456 -116.20108 2.9028468
  vertex -88.40974 -107.35908 2.9028468
 endloop
endfacet
facet normal -0.34946898 0.12504236 0.9285666
 outer loop
  vertex -93.855194 -115.50892 1.9509033
  vertex -88.40974 -107.35908 2.9028468
  vertex -90.61263 -106.446594 1.9509033
 endloop
endfacet
facet normal -0.0046310457 0.0016570353 0.99998796
 outer loop
  vertex -9.379652 -141.13432 9.951847
  vertex 0 -143.97961 10
  vertex -9.055599 -140.22867 9.951847
 endloop
endfacet
facet normal -0.044535596 0.015935102 -0.9988807
 outer loop
  vertex -36.620518 -132.8709 -9.238795
  vertex -45.109833 -130.2957 -8.819213
  vertex -43.551357 -125.940056 -8.819213
 endloop
endfacet
facet normal -0.04453562 0.01593509 -0.9988808
 outer loop
  vertex -36.620518 -132.8709 -9.238795
  vertex -43.551357 -125.940056 -8.819213
  vertex -35.355335 -129.33495 -9.238795
 endloop
endfacet
facet normal -0.5267246 0.18846564 0.82887995
 outer loop
  vertex -95.23322 -115.09092 0.9801714
  vertex -93.855194 -115.50892 1.9509033
  vertex -90.61263 -106.446594 1.9509033
 endloop
endfacet
facet normal -0.52672267 0.18846445 0.8288814
 outer loop
  vertex -95.23322 -115.09092 0.9801714
  vertex -90.61263 -106.446594 1.9509033
  vertex -91.94306 -105.89554 0.9801714
 endloop
endfacet
facet normal -0.24459338 0.08751807 0.96566796
 outer loop
  vertex -18.66897 -138.31644 7.3435783
  vertex -9.379652 -141.13432 9.951847
  vertex -9.055599 -140.22867 9.951847
 endloop
endfacet
facet normal -0.2445936 0.08751702 0.965668
 outer loop
  vertex -18.66897 -138.31644 7.3435783
  vertex -9.055599 -140.22867 9.951847
  vertex -18.023985 -136.51382 7.3435783
 endloop
endfacet
facet normal -0.03370799 0.012060906 -0.99935895
 outer loop
  vertex -27.778502 -135.5531 -9.569404
  vertex -36.620518 -132.8709 -9.238795
  vertex -35.355335 -129.33495 -9.238795
 endloop
endfacet
facet normal -0.033707984 0.012060917 -0.99935895
 outer loop
  vertex -27.778502 -135.5531 -9.569404
  vertex -35.355335 -129.33495 -9.238795
  vertex -26.818798 -132.87091 -9.569404
 endloop
endfacet
facet normal -0.049479436 0.017704032 -0.9986182
 outer loop
  vertex -77.31343 -120.29627 0
  vertex -95.23322 -115.09092 0.9801714
  vertex -91.94306 -105.89554 0.9801714
 endloop
endfacet
facet normal -0.04960504 0.017576167 -0.99861425
 outer loop
  vertex -77.31343 -120.29627 0
  vertex -91.94306 -105.89554 0.9801714
  vertex -74.64237 -112.75777 0
 endloop
endfacet
facet normal -0.023605304 0.008446115 0.99968565
 outer loop
  vertex -27.778502 -135.5531 7.1051307
  vertex -18.66897 -138.31644 7.3435783
  vertex -18.023985 -136.51382 7.3435783
 endloop
endfacet
facet normal -0.023605306 0.008446122 0.9996857
 outer loop
  vertex -27.778502 -135.5531 7.1051307
  vertex -18.023985 -136.51382 7.3435783
  vertex -26.818798 -132.87091 7.1051307
 endloop
endfacet
facet normal 0.13012296 -0.046558764 -0.9904041
 outer loop
  vertex -18.66897 -138.31644 -8.242656
  vertex -27.778502 -135.5531 -9.569404
  vertex -26.818798 -132.87091 -9.569404
 endloop
endfacet
facet normal 0.13012296 -0.046558764 -0.9904041
 outer loop
  vertex -18.66897 -138.31644 -8.242656
  vertex -26.818798 -132.87091 -9.569404
  vertex -18.023985 -136.51382 -8.242656
 endloop
endfacet
facet normal -0.049524862 0.017547749 0.9986187
 outer loop
  vertex -95.23322 -115.09092 -0.9801714
  vertex -77.31343 -120.29627 0
  vertex -74.64237 -112.75777 0
 endloop
endfacet
facet normal -0.04954503 0.017727492 0.9986145
 outer loop
  vertex -95.23322 -115.09092 -0.9801714
  vertex -74.64237 -112.75777 0
  vertex -91.94306 -105.89554 -0.9801714
 endloop
endfacet
facet normal 0.21208805 -0.07588637 0.9742997
 outer loop
  vertex -36.620518 -132.8709 9.238795
  vertex -27.778502 -135.5531 7.1051307
  vertex -26.818798 -132.87091 7.1051307
 endloop
endfacet
facet normal 0.21208805 -0.075886264 0.9742997
 outer loop
  vertex -36.620518 -132.8709 9.238795
  vertex -26.818798 -132.87091 7.1051307
  vertex -35.355335 -129.33495 9.238795
 endloop
endfacet
facet normal 0.03275913 -0.011721409 -0.99939454
 outer loop
  vertex -9.379652 -141.13432 -7.905112
  vertex -18.66897 -138.31644 -8.242656
  vertex -18.023985 -136.51382 -8.242656
 endloop
endfacet
facet normal 0.032759063 -0.011721543 -0.9993945
 outer loop
  vertex -9.379652 -141.13432 -7.905112
  vertex -18.023985 -136.51382 -8.242656
  vertex -9.055599 -140.22867 -7.905112
 endloop
endfacet
facet normal -0.5267247 0.18846518 -0.8288799
 outer loop
  vertex -93.855194 -115.50892 -1.9509033
  vertex -95.23322 -115.09092 -0.9801714
  vertex -91.94306 -105.89554 -0.9801714
 endloop
endfacet
facet normal -0.5267225 0.1884649 -0.8288814
 outer loop
  vertex -93.855194 -115.50892 -1.9509033
  vertex -91.94306 -105.89554 -0.9801714
  vertex -90.61263 -106.446594 -1.9509033
 endloop
endfacet
facet normal -0.2798895 0.10014601 0.95479447
 outer loop
  vertex -45.109833 -130.2957 6.4801226
  vertex -36.620518 -132.8709 9.238795
  vertex -35.355335 -129.33495 9.238795
 endloop
endfacet
facet normal -0.27988952 0.100146145 0.9547945
 outer loop
  vertex -45.109833 -130.2957 6.4801226
  vertex -35.355335 -129.33495 9.238795
  vertex -43.551357 -125.940056 6.4801226
 endloop
endfacet
facet normal 0.5708166 -0.20424415 -0.795269
 outer loop
  vertex -4.689826 -142.55698 -4.1735454
  vertex -9.379652 -141.13432 -7.905112
  vertex -9.055599 -140.22867 -7.905112
 endloop
endfacet
facet normal 0.570818 -0.20424125 -0.7952688
 outer loop
  vertex -4.689826 -142.55698 -4.1735454
  vertex -9.055599 -140.22867 -7.905112
  vertex -4.5277996 -142.10414 -4.1735454
 endloop
endfacet
facet normal -0.34946784 0.12504196 -0.92856705
 outer loop
  vertex -91.573456 -116.20108 -2.9028468
  vertex -93.855194 -115.50892 -1.9509033
  vertex -90.61263 -106.446594 -1.9509033
 endloop
endfacet
facet normal -0.34946913 0.12504205 -0.9285666
 outer loop
  vertex -91.573456 -116.20108 -2.9028468
  vertex -90.61263 -106.446594 -1.9509033
  vertex -88.40974 -107.35908 -2.9028468
 endloop
endfacet
facet normal -0.0564007 0.020180508 0.9982043
 outer loop
  vertex -53.164715 -127.85227 5.975606
  vertex -45.109833 -130.2957 6.4801226
  vertex -43.551357 -125.940056 6.4801226
 endloop
endfacet
facet normal -0.056400705 0.020180516 0.9982043
 outer loop
  vertex -53.164715 -127.85227 5.975606
  vertex -43.551357 -125.940056 6.4801226
  vertex -51.327953 -122.71887 5.975606
 endloop
endfacet
facet normal -0.25371233 0.09077972 -0.9630104
 outer loop
  vertex -88.40969 -117.160805 -3.8268344
  vertex -91.573456 -116.20108 -2.9028468
  vertex -88.40974 -107.35908 -2.9028468
 endloop
endfacet
facet normal -0.25371203 0.09077974 -0.96301055
 outer loop
  vertex -88.40969 -117.160805 -3.8268344
  vertex -88.40974 -107.35908 -2.9028468
  vertex -85.35527 -108.62428 -3.8268344
 endloop
endfacet
facet normal 0.20480464 -0.073280334 0.97605586
 outer loop
  vertex -60.707584 -125.56416 7.730104
  vertex -53.164715 -127.85227 5.975606
  vertex -51.327953 -122.71887 5.975606
 endloop
endfacet
facet normal 0.20480464 -0.07328034 0.97605586
 outer loop
  vertex -60.707584 -125.56416 7.730104
  vertex -51.327953 -122.71887 5.975606
  vertex -58.61023 -119.70245 7.730104
 endloop
endfacet
facet normal -0.19499215 0.069769405 -0.9783201
 outer loop
  vertex -84.39455 -118.3788 -4.713968
  vertex -88.40969 -117.160805 -3.8268344
  vertex -85.35527 -108.62428 -3.8268344
 endloop
endfacet
facet normal -0.1949927 0.06976934 -0.97832006
 outer loop
  vertex -84.39455 -118.3788 -4.713968
  vertex -85.35527 -108.62428 -3.8268344
  vertex -81.47885 -110.22996 -4.713968
 endloop
endfacet
facet normal -0.08508898 0.030445348 0.99590814
 outer loop
  vertex -67.6659 -123.453384 7.071068
  vertex -60.707584 -125.56416 7.730104
  vertex -58.61023 -119.70245 7.730104
 endloop
endfacet
facet normal -0.08508897 0.030445352 0.9959081
 outer loop
  vertex -67.6659 -123.453384 7.071068
  vertex -58.61023 -119.70245 7.730104
  vertex -65.32815 -116.91981 7.071068
 endloop
endfacet
facet normal -0.15512894 0.055505894 -0.9863336
 outer loop
  vertex -79.56668 -119.84332 -5.5557027
  vertex -84.39455 -118.3788 -4.713968
  vertex -81.47885 -110.22996 -4.713968
 endloop
endfacet
facet normal -0.15512888 0.055505905 -0.98633367
 outer loop
  vertex -79.56668 -119.84332 -5.5557027
  vertex -81.47885 -110.22996 -4.713968
  vertex -76.81778 -112.160645 -5.5557027
 endloop
endfacet
facet normal -0.10338063 0.036990214 0.9939538
 outer loop
  vertex -73.97243 -121.540306 6.3439336
  vertex -67.6659 -123.453384 7.071068
  vertex -65.32815 -116.91981 7.071068
 endloop
endfacet
facet normal -0.10338068 0.036990307 0.99395376
 outer loop
  vertex -73.97243 -121.540306 6.3439336
  vertex -65.32815 -116.91981 7.071068
  vertex -71.41679 -114.39779 6.3439336
 endloop
endfacet
facet normal -0.12596186 0.04506979 -0.9910107
 outer loop
  vertex -73.97243 -121.540306 -6.3439336
  vertex -79.56668 -119.84332 -5.5557027
  vertex -76.81778 -112.160645 -5.5557027
 endloop
endfacet
facet normal -0.12596156 0.045069896 -0.9910108
 outer loop
  vertex -73.97243 -121.540306 -6.3439336
  vertex -76.81778 -112.160645 -5.5557027
  vertex -71.41679 -114.39779 -6.3439336
 endloop
endfacet
facet normal -0.12596181 0.045069993 0.9910108
 outer loop
  vertex -79.56668 -119.84332 5.5557027
  vertex -73.97243 -121.540306 6.3439336
  vertex -71.41679 -114.39779 6.3439336
 endloop
endfacet
facet normal -0.12596162 0.045069706 0.9910107
 outer loop
  vertex -79.56668 -119.84332 5.5557027
  vertex -71.41679 -114.39779 6.3439336
  vertex -76.81778 -112.160645 5.5557027
 endloop
endfacet
facet normal -0.10338061 0.036990285 -0.9939538
 outer loop
  vertex -67.6659 -123.453384 -7.071068
  vertex -73.97243 -121.540306 -6.3439336
  vertex -71.41679 -114.39779 -6.3439336
 endloop
endfacet
facet normal -0.10338071 0.036990248 -0.9939538
 outer loop
  vertex -67.6659 -123.453384 -7.071068
  vertex -71.41679 -114.39779 -6.3439336
  vertex -65.32815 -116.91981 -7.071068
 endloop
endfacet
facet normal -0.15512896 0.055505924 0.98633367
 outer loop
  vertex -84.39455 -118.3788 4.713968
  vertex -79.56668 -119.84332 5.5557027
  vertex -76.81778 -112.160645 5.5557027
 endloop
endfacet
facet normal -0.1551289 0.055505875 0.9863336
 outer loop
  vertex -84.39455 -118.3788 4.713968
  vertex -76.81778 -112.160645 5.5557027
  vertex -81.47885 -110.22996 4.713968
 endloop
endfacet
facet normal -0.08508897 0.030445348 -0.9959081
 outer loop
  vertex -60.707584 -125.56416 -7.730104
  vertex -67.6659 -123.453384 -7.071068
  vertex -65.32815 -116.91981 -7.071068
 endloop
endfacet
facet normal -0.085088976 0.030445348 -0.99590814
 outer loop
  vertex -60.707584 -125.56416 -7.730104
  vertex -65.32815 -116.91981 -7.071068
  vertex -58.61023 -119.70245 -7.730104
 endloop
endfacet
facet normal -0.19499223 0.06976917 0.9783201
 outer loop
  vertex -88.40969 -117.160805 3.8268344
  vertex -84.39455 -118.3788 4.713968
  vertex -81.47885 -110.22996 4.713968
 endloop
endfacet
facet normal -0.19499262 0.06976957 0.97832006
 outer loop
  vertex -88.40969 -117.160805 3.8268344
  vertex -81.47885 -110.22996 4.713968
  vertex -85.35527 -108.62428 3.8268344
 endloop
endfacet
facet normal -0.06972224 0.024947036 -0.9972545
 outer loop
  vertex -53.164715 -127.85227 -8.314696
  vertex -60.707584 -125.56416 -7.730104
  vertex -58.61023 -119.70245 -7.730104
 endloop
endfacet
facet normal -0.069722235 0.024947044 -0.9972545
 outer loop
  vertex -53.164715 -127.85227 -8.314696
  vertex -58.61023 -119.70245 -7.730104
  vertex -51.327953 -122.71887 -8.314696
 endloop
endfacet
facet normal -0.5057141 0.2391852 0.82888097
 outer loop
  vertex -91.94306 -105.89554 0.9801714
  vertex -90.61263 -106.446594 1.9509033
  vertex -86.49743 -97.745735 1.9509033
 endloop
endfacet
facet normal -0.5057144 0.23918545 0.8288807
 outer loop
  vertex -91.94306 -105.89554 0.9801714
  vertex -86.49743 -97.745735 1.9509033
  vertex -87.76743 -97.066925 0.9801714
 endloop
endfacet
facet normal -0.23483811 0.11106873 0.9656681
 outer loop
  vertex -18.023985 -136.51382 7.3435783
  vertex -9.055599 -140.22867 9.951847
  vertex -8.644337 -139.35912 9.951847
 endloop
endfacet
facet normal -0.23483779 0.111069866 0.96566796
 outer loop
  vertex -18.023985 -136.51382 7.3435783
  vertex -8.644337 -139.35912 9.951847
  vertex -17.20542 -134.78311 7.3435783
 endloop
endfacet
facet normal -0.03236349 0.015306797 -0.99935895
 outer loop
  vertex -26.818798 -132.87091 -9.569404
  vertex -35.355335 -129.33495 -9.238795
  vertex -33.74966 -125.94003 -9.238795
 endloop
endfacet
facet normal -0.032363486 0.015306805 -0.99935895
 outer loop
  vertex -26.818798 -132.87091 -9.569404
  vertex -33.74966 -125.94003 -9.238795
  vertex -25.600813 -130.2957 -9.569404
 endloop
endfacet
facet normal -0.047639236 0.022531709 -0.99861044
 outer loop
  vertex -74.64237 -112.75777 0
  vertex -91.94306 -105.89554 0.9801714
  vertex -87.76743 -97.066925 0.9801714
 endloop
endfacet
facet normal -0.047807124 0.022390975 -0.99860555
 outer loop
  vertex -74.64237 -112.75777 0
  vertex -87.76743 -97.066925 0.9801714
  vertex -71.252464 -105.51995 0
 endloop
endfacet
facet normal -0.022663783 0.010719161 0.99968565
 outer loop
  vertex -26.818798 -132.87091 7.1051307
  vertex -18.023985 -136.51382 7.3435783
  vertex -17.20542 -134.78311 7.3435783
 endloop
endfacet
facet normal -0.022663778 0.010719173 0.9996857
 outer loop
  vertex -26.818798 -132.87091 7.1051307
  vertex -17.20542 -134.78311 7.3435783
  vertex -25.600813 -130.2957 7.1051307
 endloop
endfacet
facet normal 0.124932826 -0.05908889 -0.9904042
 outer loop
  vertex -18.023985 -136.51382 -8.242656
  vertex -26.818798 -132.87091 -9.569404
  vertex -25.600813 -130.2957 -9.569404
 endloop
endfacet
facet normal 0.124932885 -0.059088793 -0.9904041
 outer loop
  vertex -18.023985 -136.51382 -8.242656
  vertex -25.600813 -130.2957 -9.569404
  vertex -17.20542 -134.78311 -8.242656
 endloop
endfacet
facet normal -0.047712643 0.022346724 0.9986111
 outer loop
  vertex -91.94306 -105.89554 -0.9801714
  vertex -74.64237 -112.75777 0
  vertex -71.252464 -105.51995 0
 endloop
endfacet
facet normal -0.04771642 0.022568211 0.9986059
 outer loop
  vertex -91.94306 -105.89554 -0.9801714
  vertex -71.252464 -105.51995 0
  vertex -87.76743 -97.066925 -0.9801714
 endloop
endfacet
facet normal 0.20362854 -0.09630923 0.9742997
 outer loop
  vertex -35.355335 -129.33495 9.238795
  vertex -26.818798 -132.87091 7.1051307
  vertex -25.600813 -130.2957 7.1051307
 endloop
endfacet
facet normal 0.20362854 -0.096309185 0.9742997
 outer loop
  vertex -35.355335 -129.33495 9.238795
  vertex -25.600813 -130.2957 7.1051307
  vertex -33.74966 -125.94003 9.238795
 endloop
endfacet
facet normal 0.031452477 -0.014875898 -0.99939454
 outer loop
  vertex -9.055599 -140.22867 -7.905112
  vertex -18.023985 -136.51382 -8.242656
  vertex -17.20542 -134.78311 -8.242656
 endloop
endfacet
facet normal 0.03145256 -0.014875768 -0.9993945
 outer loop
  vertex -9.055599 -140.22867 -7.905112
  vertex -17.20542 -134.78311 -8.242656
  vertex -8.644337 -139.35912 -7.905112
 endloop
endfacet
facet normal -0.5057141 0.23918526 -0.82888097
 outer loop
  vertex -90.61263 -106.446594 -1.9509033
  vertex -91.94306 -105.89554 -0.9801714
  vertex -87.76743 -97.066925 -0.9801714
 endloop
endfacet
facet normal -0.5057145 0.23918535 -0.8288807
 outer loop
  vertex -90.61263 -106.446594 -1.9509033
  vertex -87.76743 -97.066925 -0.9801714
  vertex -86.49743 -97.745735 -1.9509033
 endloop
endfacet
facet normal -0.26872578 0.12709787 0.9547946
 outer loop
  vertex -43.551357 -125.940056 6.4801226
  vertex -35.355335 -129.33495 9.238795
  vertex -33.74966 -125.94003 9.238795
 endloop
endfacet
facet normal -0.26872575 0.12709774 0.9547946
 outer loop
  vertex -43.551357 -125.940056 6.4801226
  vertex -33.74966 -125.94003 9.238795
  vertex -41.57346 -121.75814 6.4801226
 endloop
endfacet
facet normal 0.5480511 -0.25920555 -0.79526883
 outer loop
  vertex -4.5277996 -142.10414 -4.1735454
  vertex -9.055599 -140.22867 -7.905112
  vertex -8.644337 -139.35912 -7.905112
 endloop
endfacet
facet normal 0.548049 -0.25920904 -0.79526913
 outer loop
  vertex -4.5277996 -142.10414 -4.1735454
  vertex -8.644337 -139.35912 -7.905112
  vertex -4.3221684 -141.66937 -4.1735454
 endloop
endfacet
facet normal -0.33552983 0.15869395 -0.92856663
 outer loop
  vertex -88.40974 -107.35908 -2.9028468
  vertex -90.61263 -106.446594 -1.9509033
  vertex -86.49743 -97.745735 -1.9509033
 endloop
endfacet
facet normal -0.33552942 0.15869388 -0.9285668
 outer loop
  vertex -88.40974 -107.35908 -2.9028468
  vertex -86.49743 -97.745735 -1.9509033
  vertex -84.39458 -98.86975 -2.9028468
 endloop
endfacet
facet normal -0.054151084 0.025611544 0.9982042
 outer loop
  vertex -51.327953 -122.71887 5.975606
  vertex -43.551357 -125.940056 6.4801226
  vertex -41.57346 -121.75814 6.4801226
 endloop
endfacet
facet normal -0.05415109 0.025611559 0.9982043
 outer loop
  vertex -51.327953 -122.71887 5.975606
  vertex -41.57346 -121.75814 6.4801226
  vertex -48.99688 -117.79023 5.975606
 endloop
endfacet
facet normal -0.24359232 0.115210794 -0.96301055
 outer loop
  vertex -85.35527 -108.62428 -3.8268344
  vertex -88.40974 -107.35908 -2.9028468
  vertex -84.39458 -98.86975 -2.9028468
 endloop
endfacet
facet normal -0.24359217 0.11521079 -0.96301055
 outer loop
  vertex -85.35527 -108.62428 -3.8268344
  vertex -84.39458 -98.86975 -2.9028468
  vertex -81.47883 -100.42825 -3.8268344
 endloop
endfacet
facet normal 0.19663575 -0.09300177 0.9760559
 outer loop
  vertex -58.61023 -119.70245 7.730104
  vertex -51.327953 -122.71887 5.975606
  vertex -48.99688 -117.79023 5.975606
 endloop
endfacet
facet normal 0.19663577 -0.09300189 0.97605586
 outer loop
  vertex -58.61023 -119.70245 7.730104
  vertex -48.99688 -117.79023 5.975606
  vertex -55.948425 -114.07455 7.730104
 endloop
endfacet
facet normal -0.187215 0.0885463 -0.97832006
 outer loop
  vertex -81.47885 -110.22996 -4.713968
  vertex -85.35527 -108.62428 -3.8268344
  vertex -81.47883 -100.42825 -3.8268344
 endloop
endfacet
facet normal -0.18721552 0.088546276 -0.9783199
 outer loop
  vertex -81.47885 -110.22996 -4.713968
  vertex -81.47883 -100.42825 -3.8268344
  vertex -77.778465 -102.40614 -4.713968
 endloop
endfacet
facet normal -0.081695095 0.03863894 0.99590814
 outer loop
  vertex -65.32815 -116.91981 7.071068
  vertex -58.61023 -119.70245 7.730104
  vertex -55.948425 -114.07455 7.730104
 endloop
endfacet
facet normal -0.08169509 0.038638912 0.99590814
 outer loop
  vertex -65.32815 -116.91981 7.071068
  vertex -55.948425 -114.07455 7.730104
  vertex -62.361248 -110.64683 7.071068
 endloop
endfacet
facet normal -0.14894134 0.07044396 -0.9863337
 outer loop
  vertex -76.81778 -112.160645 -5.5557027
  vertex -81.47885 -110.22996 -4.713968
  vertex -77.778465 -102.40614 -4.713968
 endloop
endfacet
facet normal -0.14894122 0.07044398 -0.9863337
 outer loop
  vertex -76.81778 -112.160645 -5.5557027
  vertex -77.778465 -102.40614 -4.713968
  vertex -73.32908 -104.78441 -5.5557027
 endloop
endfacet
facet normal -0.0992572 0.046945184 0.9939538
 outer loop
  vertex -71.41679 -114.39779 6.3439336
  vertex -65.32815 -116.91981 7.071068
  vertex -62.361248 -110.64683 7.071068
 endloop
endfacet
facet normal -0.09925724 0.04694528 0.99395376
 outer loop
  vertex -71.41679 -114.39779 6.3439336
  vertex -62.361248 -110.64683 7.071068
  vertex -68.17336 -107.54016 6.3439336
 endloop
endfacet
facet normal -0.12093747 0.057199176 -0.9910107
 outer loop
  vertex -71.41679 -114.39779 -6.3439336
  vertex -76.81778 -112.160645 -5.5557027
  vertex -73.32908 -104.78441 -5.5557027
 endloop
endfacet
facet normal -0.12093732 0.05719922 -0.9910108
 outer loop
  vertex -71.41679 -114.39779 -6.3439336
  vertex -73.32908 -104.78441 -5.5557027
  vertex -68.17336 -107.54016 -6.3439336
 endloop
endfacet
facet normal -0.12093744 0.05719927 0.9910108
 outer loop
  vertex -76.81778 -112.160645 5.5557027
  vertex -71.41679 -114.39779 6.3439336
  vertex -68.17336 -107.54016 6.3439336
 endloop
endfacet
facet normal -0.12093735 0.057199124 0.9910107
 outer loop
  vertex -76.81778 -112.160645 5.5557027
  vertex -68.17336 -107.54016 6.3439336
  vertex -73.32908 -104.78441 5.5557027
 endloop
endfacet
facet normal -0.09925717 0.046945248 -0.99395376
 outer loop
  vertex -65.32815 -116.91981 -7.071068
  vertex -71.41679 -114.39779 -6.3439336
  vertex -68.17336 -107.54016 -6.3439336
 endloop
endfacet
facet normal -0.09925729 0.046945225 -0.9939538
 outer loop
  vertex -65.32815 -116.91981 -7.071068
  vertex -68.17336 -107.54016 -6.3439336
  vertex -62.361248 -110.64683 -7.071068
 endloop
endfacet
facet normal -0.14894131 0.07044402 0.98633367
 outer loop
  vertex -81.47885 -110.22996 4.713968
  vertex -76.81778 -112.160645 5.5557027
  vertex -73.32908 -104.78441 5.5557027
 endloop
endfacet
facet normal -0.14894125 0.07044391 0.98633367
 outer loop
  vertex -81.47885 -110.22996 4.713968
  vertex -73.32908 -104.78441 5.5557027
  vertex -77.778465 -102.40614 4.713968
 endloop
endfacet
facet normal -0.0816951 0.038638923 -0.99590814
 outer loop
  vertex -58.61023 -119.70245 -7.730104
  vertex -65.32815 -116.91981 -7.071068
  vertex -62.361248 -110.64683 -7.071068
 endloop
endfacet
facet normal -0.08169508 0.038638927 -0.9959081
 outer loop
  vertex -58.61023 -119.70245 -7.730104
  vertex -62.361248 -110.64683 -7.071068
  vertex -55.948425 -114.07455 -7.730104
 endloop
endfacet
facet normal -0.18721509 0.08854608 0.97832006
 outer loop
  vertex -85.35527 -108.62428 3.8268344
  vertex -81.47885 -110.22996 4.713968
  vertex -77.778465 -102.40614 4.713968
 endloop
endfacet
facet normal -0.18721542 0.0885465 0.97831994
 outer loop
  vertex -85.35527 -108.62428 3.8268344
  vertex -77.778465 -102.40614 4.713968
  vertex -81.47883 -100.42825 3.8268344
 endloop
endfacet
facet normal -0.066941276 0.031660896 -0.9972545
 outer loop
  vertex -51.327953 -122.71887 -8.314696
  vertex -58.61023 -119.70245 -7.730104
  vertex -55.948425 -114.07455 -7.730104
 endloop
endfacet
facet normal -0.0669413 0.031660873 -0.9972545
 outer loop
  vertex -51.327953 -122.71887 -8.314696
  vertex -55.948425 -114.07455 -7.730104
  vertex -48.99688 -117.79023 -8.314696
 endloop
endfacet
facet normal -0.24359228 0.11521083 0.9630105
 outer loop
  vertex -88.40974 -107.35908 2.9028468
  vertex -85.35527 -108.62428 3.8268344
  vertex -81.47883 -100.42825 3.8268344
 endloop
endfacet
facet normal -0.24359222 0.115210734 0.9630106
 outer loop
  vertex -88.40974 -107.35908 2.9028468
  vertex -81.47883 -100.42825 3.8268344
  vertex -84.39458 -98.86975 2.9028468
 endloop
endfacet
facet normal -0.05415108 0.02561155 -0.9982042
 outer loop
  vertex -43.551357 -125.940056 -8.819213
  vertex -51.327953 -122.71887 -8.314696
  vertex -48.99688 -117.79023 -8.314696
 endloop
endfacet
facet normal -0.054151084 0.025611542 -0.9982042
 outer loop
  vertex -43.551357 -125.940056 -8.819213
  vertex -48.99688 -117.79023 -8.314696
  vertex -41.57346 -121.75814 -8.819213
 endloop
endfacet
facet normal -0.3355298 0.15869406 0.92856663
 outer loop
  vertex -90.61263 -106.446594 1.9509033
  vertex -88.40974 -107.35908 2.9028468
  vertex -84.39458 -98.86975 2.9028468
 endloop
endfacet
facet normal -0.33552948 0.15869378 0.9285668
 outer loop
  vertex -90.61263 -106.446594 1.9509033
  vertex -84.39458 -98.86975 2.9028468
  vertex -86.49743 -97.745735 1.9509033
 endloop
endfacet
facet normal -0.0044463472 0.002102939 0.99998796
 outer loop
  vertex -9.055599 -140.22867 9.951847
  vertex 0 -143.97961 10
  vertex -8.644337 -139.35912 9.951847
 endloop
endfacet
facet normal -0.04275925 0.02022361 -0.9988807
 outer loop
  vertex -35.355335 -129.33495 -9.238795
  vertex -43.551357 -125.940056 -8.819213
  vertex -41.57346 -121.75814 -8.819213
 endloop
endfacet
facet normal -0.042759247 0.020223623 -0.9988808
 outer loop
  vertex -35.355335 -129.33495 -9.238795
  vertex -41.57346 -121.75814 -8.819213
  vertex -33.74966 -125.94003 -9.238795
 endloop
endfacet
facet normal -0.04545755 0.026980978 0.99860185
 outer loop
  vertex -87.76743 -97.066925 -0.9801714
  vertex -71.252464 -105.51995 0
  vertex -67.17635 -98.65252 0
 endloop
endfacet
facet normal -0.045437753 0.027234323 0.9985959
 outer loop
  vertex -87.76743 -97.066925 -0.9801714
  vertex -67.17635 -98.65252 0
  vertex -82.74657 -88.69011 -0.9801714
 endloop
endfacet
facet normal 0.19320822 -0.11580422 0.9742998
 outer loop
  vertex -33.74966 -125.94003 9.238795
  vertex -25.600813 -130.2957 7.1051307
  vertex -24.136278 -127.852264 7.1051307
 endloop
endfacet
facet normal 0.19320811 -0.11580468 0.97429967
 outer loop
  vertex -33.74966 -125.94003 9.238795
  vertex -24.136278 -127.852264 7.1051307
  vertex -31.818958 -122.71886 9.238795
 endloop
endfacet
facet normal 0.029842889 -0.017887251 -0.99939454
 outer loop
  vertex -8.644337 -139.35912 -7.905112
  vertex -17.20542 -134.78311 -8.242656
  vertex -16.221155 -133.14098 -8.242656
 endloop
endfacet
facet normal 0.029842934 -0.017887194 -0.9993945
 outer loop
  vertex -8.644337 -139.35912 -7.905112
  vertex -16.221155 -133.14098 -8.242656
  vertex -8.149824 -138.53407 -7.905112
 endloop
endfacet
facet normal -0.47983566 0.28760222 -0.82888037
 outer loop
  vertex -86.49743 -97.745735 -1.9509033
  vertex -87.76743 -97.066925 -0.9801714
  vertex -82.74657 -88.69011 -0.9801714
 endloop
endfacet
facet normal -0.47983247 0.2876011 -0.82888263
 outer loop
  vertex -86.49743 -97.745735 -1.9509033
  vertex -82.74657 -88.69011 -0.9801714
  vertex -81.5492 -89.490135 -1.9509033
 endloop
endfacet
facet normal -0.2549739 0.15282576 0.9547945
 outer loop
  vertex -41.57346 -121.75814 6.4801226
  vertex -33.74966 -125.94003 9.238795
  vertex -31.818958 -122.71886 9.238795
 endloop
endfacet
facet normal -0.25497398 0.15282544 0.9547946
 outer loop
  vertex -41.57346 -121.75814 6.4801226
  vertex -31.818958 -122.71886 9.238795
  vertex -39.195187 -117.79023 6.4801226
 endloop
endfacet
facet normal 0.5200033 -0.31167865 -0.79526913
 outer loop
  vertex -4.3221684 -141.66937 -4.1735454
  vertex -8.644337 -139.35912 -7.905112
  vertex -8.149824 -138.53407 -7.905112
 endloop
endfacet
facet normal 0.5200034 -0.3116785 -0.7952691
 outer loop
  vertex -4.3221684 -141.66937 -4.1735454
  vertex -8.149824 -138.53407 -7.905112
  vertex -4.074912 -141.25685 -4.1735454
 endloop
endfacet
facet normal -0.31835884 0.19081736 -0.9285669
 outer loop
  vertex -84.39458 -98.86975 -2.9028468
  vertex -86.49743 -97.745735 -1.9509033
  vertex -81.5492 -89.490135 -1.9509033
 endloop
endfacet
facet normal -0.31835952 0.19081753 -0.9285666
 outer loop
  vertex -84.39458 -98.86975 -2.9028468
  vertex -81.5492 -89.490135 -1.9509033
  vertex -79.56665 -90.81485 -2.9028468
 endloop
endfacet
facet normal -0.05137996 0.030795947 0.9982042
 outer loop
  vertex -48.99688 -117.79023 5.975606
  vertex -41.57346 -121.75814 6.4801226
  vertex -39.195187 -117.79023 6.4801226
 endloop
endfacet
facet normal -0.051379964 0.030796021 0.9982043
 outer loop
  vertex -48.99688 -117.79023 5.975606
  vertex -39.195187 -117.79023 6.4801226
  vertex -46.193935 -113.11381 5.975606
 endloop
endfacet
facet normal -0.23112664 0.13853212 -0.9630105
 outer loop
  vertex -81.47883 -100.42825 -3.8268344
  vertex -84.39458 -98.86975 -2.9028468
  vertex -79.56665 -90.81485 -2.9028468
 endloop
endfacet
facet normal -0.23112671 0.13853213 -0.96301055
 outer loop
  vertex -81.47883 -100.42825 -3.8268344
  vertex -79.56665 -90.81485 -2.9028468
  vertex -76.8177 -92.65164 -3.8268344
 endloop
endfacet
facet normal 0.18657307 -0.11182779 0.9760558
 outer loop
  vertex -55.948425 -114.07455 7.730104
  vertex -48.99688 -117.79023 5.975606
  vertex -46.193935 -113.11381 5.975606
 endloop
endfacet
facet normal 0.1865731 -0.11182772 0.97605586
 outer loop
  vertex -55.948425 -114.07455 7.730104
  vertex -46.193935 -113.11381 5.975606
  vertex -52.747807 -108.73464 7.730104
 endloop
endfacet
facet normal -0.17763491 0.106470354 -0.97831994
 outer loop
  vertex -77.778465 -102.40614 -4.713968
  vertex -81.47883 -100.42825 -3.8268344
  vertex -76.8177 -92.65164 -3.8268344
 endloop
endfacet
facet normal -0.17763476 0.10647033 -0.97832
 outer loop
  vertex -77.778465 -102.40614 -4.713968
  vertex -76.8177 -92.65164 -3.8268344
  vertex -73.329025 -94.98271 -4.713968
 endloop
endfacet
facet normal -0.077514425 0.046460405 0.99590814
 outer loop
  vertex -62.361248 -110.64683 7.071068
  vertex -55.948425 -114.07455 7.730104
  vertex -52.747807 -108.73464 7.730104
 endloop
endfacet
facet normal -0.07751441 0.046460345 0.9959081
 outer loop
  vertex -62.361248 -110.64683 7.071068
  vertex -52.747807 -108.73464 7.730104
  vertex -58.793777 -104.69486 7.071068
 endloop
endfacet
facet normal -0.14131923 0.08470361 -0.9863337
 outer loop
  vertex -73.32908 -104.78441 -5.5557027
  vertex -77.778465 -102.40614 -4.713968
  vertex -73.329025 -94.98271 -4.713968
 endloop
endfacet
facet normal -0.14131925 0.08470361 -0.9863338
 outer loop
  vertex -73.32908 -104.78441 -5.5557027
  vertex -73.329025 -94.98271 -4.713968
  vertex -69.13417 -97.78564 -5.5557027
 endloop
endfacet
facet normal -0.09417787 0.056448042 0.9939538
 outer loop
  vertex -68.17336 -107.54016 6.3439336
  vertex -62.361248 -110.64683 7.071068
  vertex -58.793777 -104.69486 7.071068
 endloop
endfacet
facet normal -0.09417793 0.056448232 0.99395376
 outer loop
  vertex -68.17336 -107.54016 6.3439336
  vertex -58.793777 -104.69486 7.071068
  vertex -64.27339 -101.03347 6.3439336
 endloop
endfacet
facet normal -0.11474855 0.068777725 -0.9910107
 outer loop
  vertex -68.17336 -107.54016 -6.3439336
  vertex -73.32908 -104.78441 -5.5557027
  vertex -69.13417 -97.78564 -5.5557027
 endloop
endfacet
facet normal -0.11474842 0.06877774 -0.9910108
 outer loop
  vertex -68.17336 -107.54016 -6.3439336
  vertex -69.13417 -97.78564 -5.5557027
  vertex -64.27339 -101.03347 -6.3439336
 endloop
endfacet
facet normal -0.11474851 0.06877779 0.9910108
 outer loop
  vertex -73.32908 -104.78441 5.5557027
  vertex -68.17336 -107.54016 6.3439336
  vertex -64.27339 -101.03347 6.3439336
 endloop
endfacet
facet normal -0.11474846 0.06877767 0.9910107
 outer loop
  vertex -73.32908 -104.78441 5.5557027
  vertex -64.27339 -101.03347 6.3439336
  vertex -69.13417 -97.78564 5.5557027
 endloop
endfacet
facet normal -0.09417781 0.056448154 -0.99395376
 outer loop
  vertex -62.361248 -110.64683 -7.071068
  vertex -68.17336 -107.54016 -6.3439336
  vertex -64.27339 -101.03347 -6.3439336
 endloop
endfacet
facet normal -0.094178006 0.056448117 -0.9939538
 outer loop
  vertex -62.361248 -110.64683 -7.071068
  vertex -64.27339 -101.03347 -6.3439336
  vertex -58.793777 -104.69486 -7.071068
 endloop
endfacet
facet normal -0.14131925 0.08470361 0.9863338
 outer loop
  vertex -77.778465 -102.40614 4.713968
  vertex -73.32908 -104.78441 5.5557027
  vertex -69.13417 -97.78564 5.5557027
 endloop
endfacet
facet normal -0.14131922 0.08470361 0.9863337
 outer loop
  vertex -77.778465 -102.40614 4.713968
  vertex -69.13417 -97.78564 5.5557027
  vertex -73.329025 -94.98271 4.713968
 endloop
endfacet
facet normal -0.07751444 0.046460364 -0.9959081
 outer loop
  vertex -55.948425 -114.07455 -7.730104
  vertex -62.361248 -110.64683 -7.071068
  vertex -58.793777 -104.69486 -7.071068
 endloop
endfacet
facet normal -0.07751438 0.046460375 -0.9959081
 outer loop
  vertex -55.948425 -114.07455 -7.730104
  vertex -58.793777 -104.69486 -7.071068
  vertex -52.747807 -108.73464 -7.730104
 endloop
endfacet
facet normal -0.17763485 0.10647038 0.9783199
 outer loop
  vertex -81.47883 -100.42825 3.8268344
  vertex -77.778465 -102.40614 4.713968
  vertex -73.329025 -94.98271 4.713968
 endloop
endfacet
facet normal -0.1776348 0.106470294 0.97831994
 outer loop
  vertex -81.47883 -100.42825 3.8268344
  vertex -73.329025 -94.98271 4.713968
  vertex -76.8177 -92.65164 3.8268344
 endloop
endfacet
facet normal -0.06351563 0.038069844 -0.9972545
 outer loop
  vertex -48.99688 -117.79023 -8.314696
  vertex -55.948425 -114.07455 -7.730104
  vertex -52.747807 -108.73464 -7.730104
 endloop
endfacet
facet normal -0.0635156 0.03806986 -0.9972545
 outer loop
  vertex -48.99688 -117.79023 -8.314696
  vertex -52.747807 -108.73464 -7.730104
  vertex -46.193935 -113.11381 -8.314696
 endloop
endfacet
facet normal -0.23112667 0.1385321 0.9630106
 outer loop
  vertex -84.39458 -98.86975 2.9028468
  vertex -81.47883 -100.42825 3.8268344
  vertex -76.8177 -92.65164 3.8268344
 endloop
endfacet
facet normal -0.2311267 0.13853213 0.96301055
 outer loop
  vertex -84.39458 -98.86975 2.9028468
  vertex -76.8177 -92.65164 3.8268344
  vertex -79.56665 -90.81485 2.9028468
 endloop
endfacet
facet normal -0.051379934 0.030795999 -0.9982043
 outer loop
  vertex -41.57346 -121.75814 -8.819213
  vertex -48.99688 -117.79023 -8.314696
  vertex -46.193935 -113.11381 -8.314696
 endloop
endfacet
facet normal -0.05137999 0.030795965 -0.9982042
 outer loop
  vertex -41.57346 -121.75814 -8.819213
  vertex -46.193935 -113.11381 -8.314696
  vertex -39.195187 -117.79023 -8.819213
 endloop
endfacet
facet normal -0.31835896 0.19081719 0.9285669
 outer loop
  vertex -86.49743 -97.745735 1.9509033
  vertex -84.39458 -98.86975 2.9028468
  vertex -79.56665 -90.81485 2.9028468
 endloop
endfacet
facet normal -0.3183594 0.1908177 0.9285666
 outer loop
  vertex -86.49743 -97.745735 1.9509033
  vertex -79.56665 -90.81485 2.9028468
  vertex -81.5492 -89.490135 1.9509033
 endloop
endfacet
facet normal -0.0042187963 0.0025286549 0.99998796
 outer loop
  vertex -8.644337 -139.35912 9.951847
  vertex 0 -143.97961 10
  vertex -8.149824 -138.53407 9.951847
 endloop
endfacet
facet normal -0.040571094 0.024317367 -0.9988807
 outer loop
  vertex -33.74966 -125.94003 -9.238795
  vertex -41.57346 -121.75814 -8.819213
  vertex -39.195187 -117.79023 -8.819213
 endloop
endfacet
facet normal -0.040571053 0.024317399 -0.9988807
 outer loop
  vertex -33.74966 -125.94003 -9.238795
  vertex -39.195187 -117.79023 -8.819213
  vertex -31.818958 -122.71886 -9.238795
 endloop
endfacet
facet normal -0.47983533 0.28760287 0.82888037
 outer loop
  vertex -87.76743 -97.066925 0.9801714
  vertex -86.49743 -97.745735 1.9509033
  vertex -81.5492 -89.490135 1.9509033
 endloop
endfacet
facet normal -0.4798328 0.2876005 0.8288826
 outer loop
  vertex -87.76743 -97.066925 0.9801714
  vertex -81.5492 -89.490135 1.9509033
  vertex -82.74657 -88.69011 0.9801714
 endloop
endfacet
facet normal -0.22282001 0.13355343 0.965668
 outer loop
  vertex -17.20542 -134.78311 7.3435783
  vertex -8.644337 -139.35912 9.951847
  vertex -8.149824 -138.53407 9.951847
 endloop
endfacet
facet normal -0.22281985 0.13355392 0.965668
 outer loop
  vertex -17.20542 -134.78311 7.3435783
  vertex -8.149824 -138.53407 9.951847
  vertex -16.221155 -133.14098 7.3435783
 endloop
endfacet
facet normal -0.030707305 0.018405283 -0.99935895
 outer loop
  vertex -25.600813 -130.2957 -9.569404
  vertex -33.74966 -125.94003 -9.238795
  vertex -31.818958 -122.71886 -9.238795
 endloop
endfacet
facet normal -0.030707361 0.018405229 -0.99935895
 outer loop
  vertex -25.600813 -130.2957 -9.569404
  vertex -31.818958 -122.71886 -9.238795
  vertex -24.136278 -127.852264 -9.569404
 endloop
endfacet
facet normal -0.04535364 0.027183903 -0.998601
 outer loop
  vertex -71.252464 -105.51995 0
  vertex -87.76743 -97.066925 0.9801714
  vertex -82.74657 -88.69011 0.9801714
 endloop
endfacet
facet normal -0.045560688 0.027042186 -0.9985955
 outer loop
  vertex -71.252464 -105.51995 0
  vertex -82.74657 -88.69011 0.9801714
  vertex -67.17635 -98.65252 0
 endloop
endfacet
facet normal -0.021503963 0.012889058 0.99968565
 outer loop
  vertex -25.600813 -130.2957 7.1051307
  vertex -17.20542 -134.78311 7.3435783
  vertex -16.221155 -133.14098 7.3435783
 endloop
endfacet
facet normal -0.021503992 0.01288896 0.9996857
 outer loop
  vertex -25.600813 -130.2957 7.1051307
  vertex -16.221155 -133.14098 7.3435783
  vertex -24.136278 -127.852264 7.1051307
 endloop
endfacet
facet normal 0.118539676 -0.07104974 -0.9904041
 outer loop
  vertex -17.20542 -134.78311 -8.242656
  vertex -25.600813 -130.2957 -9.569404
  vertex -24.136278 -127.852264 -9.569404
 endloop
endfacet
facet normal 0.11853926 -0.07105011 -0.9904042
 outer loop
  vertex -17.20542 -134.78311 -8.242656
  vertex -24.136278 -127.852264 -9.569404
  vertex -16.221155 -133.14098 -8.242656
 endloop
endfacet
facet normal -0.29812297 0.2211033 -0.92856663
 outer loop
  vertex -79.56665 -90.81485 -2.9028468
  vertex -81.5492 -89.490135 -1.9509033
  vertex -75.81561 -81.75929 -1.9509033
 endloop
endfacet
facet normal -0.29812336 0.22110344 -0.9285665
 outer loop
  vertex -79.56665 -90.81485 -2.9028468
  vertex -75.81561 -81.75929 -1.9509033
  vertex -73.97246 -83.27196 -2.9028468
 endloop
endfacet
facet normal -0.048114035 0.035683814 0.9982043
 outer loop
  vertex -46.193935 -113.11381 5.975606
  vertex -39.195187 -117.79023 6.4801226
  vertex -36.43944 -114.07454 6.4801226
 endloop
endfacet
facet normal -0.04811404 0.035683785 0.9982043
 outer loop
  vertex -46.193935 -113.11381 5.975606
  vertex -36.43944 -114.07454 6.4801226
  vertex -42.94612 -108.734634 5.975606
 endloop
endfacet
facet normal -0.21643525 0.1605194 -0.96301055
 outer loop
  vertex -76.8177 -92.65164 -3.8268344
  vertex -79.56665 -90.81485 -2.9028468
  vertex -73.97246 -83.27196 -2.9028468
 endloop
endfacet
facet normal -0.21643549 0.16051945 -0.9630105
 outer loop
  vertex -76.8177 -92.65164 -3.8268344
  vertex -73.97246 -83.27196 -2.9028468
  vertex -71.41679 -85.36935 -3.8268344
 endloop
endfacet
facet normal 0.17471375 -0.12957647 0.9760559
 outer loop
  vertex -52.747807 -108.73464 7.730104
  vertex -46.193935 -113.11381 5.975606
  vertex -42.94612 -108.734634 5.975606
 endloop
endfacet
facet normal 0.17471373 -0.12957664 0.97605586
 outer loop
  vertex -52.747807 -108.73464 7.730104
  vertex -42.94612 -108.734634 5.975606
  vertex -49.0392 -103.73417 7.730104
 endloop
endfacet
facet normal -0.16634355 0.123368755 -0.97831994
 outer loop
  vertex -73.329025 -94.98271 -4.713968
  vertex -76.8177 -92.65164 -3.8268344
  vertex -71.41679 -85.36935 -3.8268344
 endloop
endfacet
facet normal -0.1663436 0.12336877 -0.9783199
 outer loop
  vertex -73.329025 -94.98271 -4.713968
  vertex -71.41679 -85.36935 -3.8268344
  vertex -68.17339 -88.03114 -4.713968
 endloop
endfacet
facet normal -0.07258724 0.053834405 0.9959081
 outer loop
  vertex -58.793777 -104.69486 7.071068
  vertex -52.747807 -108.73464 7.730104
  vertex -49.0392 -103.73417 7.730104
 endloop
endfacet
facet normal -0.07258723 0.05383435 0.9959081
 outer loop
  vertex -58.793777 -104.69486 7.071068
  vertex -49.0392 -103.73417 7.730104
  vertex -54.66009 -99.12123 7.071068
 endloop
endfacet
facet normal -0.1323364 0.09814731 -0.9863337
 outer loop
  vertex -69.13417 -97.78564 -5.5557027
  vertex -73.329025 -94.98271 -4.713968
  vertex -68.17339 -88.03114 -4.713968
 endloop
endfacet
facet normal -0.13233623 0.098147295 -0.9863338
 outer loop
  vertex -69.13417 -97.78564 -5.5557027
  vertex -68.17339 -88.03114 -4.713968
  vertex -64.27347 -91.23174 -5.5557027
 endloop
endfacet
facet normal -0.0881916 0.065407336 0.9939538
 outer loop
  vertex -64.27339 -101.03347 6.3439336
  vertex -58.793777 -104.69486 7.071068
  vertex -54.66009 -99.12123 7.071068
 endloop
endfacet
facet normal -0.08819161 0.065407425 0.99395376
 outer loop
  vertex -64.27339 -101.03347 6.3439336
  vertex -54.66009 -99.12123 7.071068
  vertex -59.75444 -94.94038 6.3439336
 endloop
endfacet
facet normal -0.10745461 0.079693824 -0.99101084
 outer loop
  vertex -64.27339 -101.03347 -6.3439336
  vertex -69.13417 -97.78564 -5.5557027
  vertex -64.27347 -91.23174 -5.5557027
 endloop
endfacet
facet normal -0.10745456 0.079693824 -0.9910108
 outer loop
  vertex -64.27339 -101.03347 -6.3439336
  vertex -64.27347 -91.23174 -5.5557027
  vertex -59.75444 -94.94038 -6.3439336
 endloop
endfacet
facet normal -0.10745459 0.07969385 0.9910108
 outer loop
  vertex -69.13417 -97.78564 5.5557027
  vertex -64.27339 -101.03347 6.3439336
  vertex -59.75444 -94.94038 6.3439336
 endloop
endfacet
facet normal -0.107454576 0.0796938 0.9910107
 outer loop
  vertex -69.13417 -97.78564 5.5557027
  vertex -59.75444 -94.94038 6.3439336
  vertex -64.27347 -91.23174 5.5557027
 endloop
endfacet
facet normal -0.08819156 0.06540739 -0.9939539
 outer loop
  vertex -58.793777 -104.69486 -7.071068
  vertex -64.27339 -101.03347 -6.3439336
  vertex -59.75444 -94.94038 -6.3439336
 endloop
endfacet
facet normal -0.08819165 0.06540737 -0.99395376
 outer loop
  vertex -58.793777 -104.69486 -7.071068
  vertex -59.75444 -94.94038 -6.3439336
  vertex -54.66009 -99.12123 -7.071068
 endloop
endfacet
facet normal -0.13233632 0.09814738 0.98633367
 outer loop
  vertex -73.329025 -94.98271 4.713968
  vertex -69.13417 -97.78564 5.5557027
  vertex -64.27347 -91.23174 5.5557027
 endloop
endfacet
facet normal -0.13233629 0.09814721 0.9863337
 outer loop
  vertex -73.329025 -94.98271 4.713968
  vertex -64.27347 -91.23174 5.5557027
  vertex -68.17339 -88.03114 4.713968
 endloop
endfacet
facet normal -0.07258726 0.053834375 -0.99590814
 outer loop
  vertex -52.747807 -108.73464 -7.730104
  vertex -58.793777 -104.69486 -7.071068
  vertex -54.66009 -99.12123 -7.071068
 endloop
endfacet
facet normal -0.07258721 0.053834382 -0.99590814
 outer loop
  vertex -52.747807 -108.73464 -7.730104
  vertex -54.66009 -99.12123 -7.071068
  vertex -49.0392 -103.73417 -7.730104
 endloop
endfacet
facet normal -0.16634358 0.123368755 0.97832
 outer loop
  vertex -76.8177 -92.65164 3.8268344
  vertex -73.329025 -94.98271 4.713968
  vertex -68.17339 -88.03114 4.713968
 endloop
endfacet
facet normal -0.1663436 0.12336879 0.97831994
 outer loop
  vertex -76.8177 -92.65164 3.8268344
  vertex -68.17339 -88.03114 4.713968
  vertex -71.41679 -85.36935 3.8268344
 endloop
endfacet
facet normal -0.059478275 0.044112135 -0.9972545
 outer loop
  vertex -46.193935 -113.11381 -8.314696
  vertex -52.747807 -108.73464 -7.730104
  vertex -49.0392 -103.73417 -7.730104
 endloop
endfacet
facet normal 0.24801815 0.13502401 -0.9592995
 outer loop
  vertex -46.193935 -113.11381 -8.314696
  vertex -49.0392 -103.73417 -7.730104
  vertex -42.94612 -108.734634 -6.858623
 endloop
endfacet
facet normal -0.2164353 0.16051933 0.96301055
 outer loop
  vertex -79.56665 -90.81485 2.9028468
  vertex -76.8177 -92.65164 3.8268344
  vertex -71.41679 -85.36935 3.8268344
 endloop
endfacet
facet normal -0.21643542 0.1605195 0.9630105
 outer loop
  vertex -79.56665 -90.81485 2.9028468
  vertex -71.41679 -85.36935 3.8268344
  vertex -73.97246 -83.27196 2.9028468
 endloop
endfacet
facet normal 0.096713394 0.24871445 -0.96373636
 outer loop
  vertex -39.195187 -117.79023 -8.819213
  vertex -46.193935 -113.11381 -8.314696
  vertex -42.94612 -108.734634 -6.858623
 endloop
endfacet
facet normal 0.1445885 0.2662217 -0.9530058
 outer loop
  vertex -39.195187 -117.79023 -8.819213
  vertex -42.94612 -108.734634 -6.858623
  vertex -36.43944 -114.07454 -7.3631396
 endloop
endfacet
facet normal -0.29812306 0.22110322 0.9285667
 outer loop
  vertex -81.5492 -89.490135 1.9509033
  vertex -79.56665 -90.81485 2.9028468
  vertex -73.97246 -83.27196 2.9028468
 endloop
endfacet
facet normal -0.29812327 0.22110349 0.9285665
 outer loop
  vertex -81.5492 -89.490135 1.9509033
  vertex -73.97246 -83.27196 2.9028468
  vertex -75.81561 -81.75929 1.9509033
 endloop
endfacet
facet normal -0.003950628 0.002929995 0.99998796
 outer loop
  vertex -8.149824 -138.53407 9.951847
  vertex 0 -143.97961 10
  vertex -7.576824 -137.76147 9.951847
 endloop
endfacet
facet normal 0.13048744 0.27634752 -0.95215815
 outer loop
  vertex -31.818958 -122.71886 -9.238795
  vertex -39.195187 -117.79023 -8.819213
  vertex -36.43944 -114.07454 -7.3631396
 endloop
endfacet
facet normal 0.19407892 0.30597436 -0.9320478
 outer loop
  vertex -31.818958 -122.71886 -9.238795
  vertex -36.43944 -114.07454 -7.3631396
  vertex -29.581821 -119.70243 -7.782722
 endloop
endfacet
facet normal -0.44933277 0.3332482 0.8288822
 outer loop
  vertex -82.74657 -88.69011 0.9801714
  vertex -81.5492 -89.490135 1.9509033
  vertex -75.81561 -81.75929 1.9509033
 endloop
endfacet
facet normal -0.44933212 0.33324748 0.8288828
 outer loop
  vertex -82.74657 -88.69011 0.9801714
  vertex -75.81561 -81.75929 1.9509033
  vertex -76.9288 -80.845764 0.9801714
 endloop
endfacet
facet normal -0.20865649 0.15475075 0.96566796
 outer loop
  vertex -16.221155 -133.14098 7.3435783
  vertex -8.149824 -138.53407 9.951847
  vertex -7.576824 -137.76147 9.951847
 endloop
endfacet
facet normal -0.20865689 0.15475012 0.965668
 outer loop
  vertex -16.221155 -133.14098 7.3435783
  vertex -7.576824 -137.76147 9.951847
  vertex -15.080673 -131.60321 7.3435783
 endloop
endfacet
facet normal 0.17402506 0.32041612 -0.9311546
 outer loop
  vertex -24.136278 -127.852264 -9.569404
  vertex -31.818958 -122.71886 -9.238795
  vertex -29.581821 -119.70243 -7.782722
 endloop
endfacet
facet normal -0.15266578 0.11322482 -0.9817705
 outer loop
  vertex -24.136278 -127.852264 -9.569404
  vertex -29.581821 -119.70243 -7.782722
  vertex -22.439299 -125.564156 -9.569404
 endloop
endfacet
facet normal -0.042632367 0.031618323 -0.9985904
 outer loop
  vertex -67.17635 -98.65252 0
  vertex -82.74657 -88.69011 0.9801714
  vertex -76.9288 -80.845764 0.9801714
 endloop
endfacet
facet normal -0.042872194 0.031486638 -0.99858433
 outer loop
  vertex -67.17635 -98.65252 0
  vertex -76.9288 -80.845764 0.9801714
  vertex -62.453304 -92.22162 0
 endloop
endfacet
facet normal -0.0201371 0.014934656 0.99968565
 outer loop
  vertex -24.136278 -127.852264 7.1051307
  vertex -16.221155 -133.14098 7.3435783
  vertex -15.080673 -131.60321 7.3435783
 endloop
endfacet
facet normal -0.02013708 0.014934704 0.9996857
 outer loop
  vertex -24.136278 -127.852264 7.1051307
  vertex -15.080673 -131.60321 7.3435783
  vertex -22.439299 -125.564156 7.1051307
 endloop
endfacet
facet normal 0.11100452 -0.08232667 -0.99040407
 outer loop
  vertex -16.221155 -133.14098 -8.242656
  vertex -24.136278 -127.852264 -9.569404
  vertex -22.439299 -125.564156 -9.569404
 endloop
endfacet
facet normal 0.11100471 -0.082326524 -0.9904041
 outer loop
  vertex -16.221155 -133.14098 -8.242656
  vertex -22.439299 -125.564156 -9.569404
  vertex -15.080673 -131.60321 -8.242656
 endloop
endfacet
facet normal -0.042766396 0.03140894 0.9985913
 outer loop
  vertex -82.74657 -88.69011 -0.9801714
  vertex -67.17635 -98.65252 0
  vertex -62.453304 -92.22162 0
 endloop
endfacet
facet normal -0.04271852 0.031682223 0.99858475
 outer loop
  vertex -82.74657 -88.69011 -0.9801714
  vertex -62.453304 -92.22162 0
  vertex -76.9288 -80.845764 -0.9801714
 endloop
endfacet
facet normal 0.18092692 -0.13418475 0.97429967
 outer loop
  vertex -31.818958 -122.71886 9.238795
  vertex -24.136278 -127.852264 7.1051307
  vertex -22.439299 -125.564156 7.1051307
 endloop
endfacet
facet normal 0.18092696 -0.13418475 0.97429967
 outer loop
  vertex -31.818958 -122.71886 9.238795
  vertex -22.439299 -125.564156 7.1051307
  vertex -29.581821 -119.70243 9.238795
 endloop
endfacet
facet normal 0.02794602 -0.020726131 -0.99939454
 outer loop
  vertex -8.149824 -138.53407 -7.905112
  vertex -16.221155 -133.14098 -8.242656
  vertex -15.080673 -131.60321 -8.242656
 endloop
endfacet
facet normal 0.02794597 -0.020726189 -0.9993946
 outer loop
  vertex -8.149824 -138.53407 -7.905112
  vertex -15.080673 -131.60321 -8.242656
  vertex -7.576824 -137.76147 -7.905112
 endloop
endfacet
facet normal -0.44933283 0.33324802 -0.82888216
 outer loop
  vertex -81.5492 -89.490135 -1.9509033
  vertex -82.74657 -88.69011 -0.9801714
  vertex -76.9288 -80.845764 -0.9801714
 endloop
endfacet
facet normal -0.44933206 0.3332477 -0.8288828
 outer loop
  vertex -81.5492 -89.490135 -1.9509033
  vertex -76.9288 -80.845764 -0.9801714
  vertex -75.81561 -81.75929 -1.9509033
 endloop
endfacet
facet normal -0.23876655 0.17708157 0.9547945
 outer loop
  vertex -39.195187 -117.79023 6.4801226
  vertex -31.818958 -122.71886 9.238795
  vertex -29.581821 -119.70243 9.238795
 endloop
endfacet
facet normal -0.23876657 0.1770814 0.9547946
 outer loop
  vertex -39.195187 -117.79023 6.4801226
  vertex -29.581821 -119.70243 9.238795
  vertex -36.43944 -114.07454 6.4801226
 endloop
endfacet
facet normal 0.48694924 -0.36114743 -0.79526913
 outer loop
  vertex -4.074912 -141.25685 -4.1735454
  vertex -8.149824 -138.53407 -7.905112
  vertex -7.576824 -137.76147 -7.905112
 endloop
endfacet
facet normal 0.48695305 -0.36114314 -0.7952687
 outer loop
  vertex -4.074912 -141.25685 -4.1735454
  vertex -7.576824 -137.76147 -7.905112
  vertex -3.788412 -140.87054 -4.1735454
 endloop
endfacet
facet normal -0.1534502 0.13907938 -0.97831994
 outer loop
  vertex -68.17339 -88.03114 -4.713968
  vertex -71.41679 -85.36935 -3.8268344
  vertex -65.32808 -78.651505 -3.8268344
 endloop
endfacet
facet normal -0.15345019 0.13907936 -0.97831994
 outer loop
  vertex -68.17339 -88.03114 -4.713968
  vertex -65.32808 -78.651505 -3.8268344
  vertex -62.361206 -81.61839 -4.713968
 endloop
endfacet
facet normal -0.06696101 0.06068992 0.9959081
 outer loop
  vertex -54.66009 -99.12123 7.071068
  vertex -49.0392 -103.73417 7.730104
  vertex -44.85832 -99.12128 7.730104
 endloop
endfacet
facet normal -0.06696101 0.060689952 0.99590814
 outer loop
  vertex -54.66009 -99.12123 7.071068
  vertex -44.85832 -99.12128 7.730104
  vertex -50 -93.979614 7.071068
 endloop
endfacet
facet normal -0.12207879 0.110645935 -0.9863337
 outer loop
  vertex -64.27347 -91.23174 -5.5557027
  vertex -68.17339 -88.03114 -4.713968
  vertex -62.361206 -81.61839 -4.713968
 endloop
endfacet
facet normal -0.12207901 0.11064597 -0.98633367
 outer loop
  vertex -64.27347 -91.23174 -5.5557027
  vertex -62.361206 -81.61839 -4.713968
  vertex -58.793777 -85.18584 -5.5557027
 endloop
endfacet
facet normal -0.0813559 0.07373671 0.99395376
 outer loop
  vertex -59.75444 -94.94038 6.3439336
  vertex -54.66009 -99.12123 7.071068
  vertex -50 -93.979614 7.071068
 endloop
endfacet
facet normal -0.08135591 0.073736705 0.99395376
 outer loop
  vertex -59.75444 -94.94038 6.3439336
  vertex -50 -93.979614 7.071068
  vertex -54.66002 -89.31955 6.3439336
 endloop
endfacet
facet normal -0.09912588 0.08984247 -0.99101084
 outer loop
  vertex -59.75444 -94.94038 -6.3439336
  vertex -64.27347 -91.23174 -5.5557027
  vertex -58.793777 -85.18584 -5.5557027
 endloop
endfacet
facet normal -0.09912588 0.08984246 -0.9910108
 outer loop
  vertex -59.75444 -94.94038 -6.3439336
  vertex -58.793777 -85.18584 -5.5557027
  vertex -54.66002 -89.31955 -6.3439336
 endloop
endfacet
facet normal -0.09912586 0.08984246 0.9910108
 outer loop
  vertex -64.27347 -91.23174 5.5557027
  vertex -59.75444 -94.94038 6.3439336
  vertex -54.66002 -89.31955 6.3439336
 endloop
endfacet
facet normal -0.099125855 0.08984246 0.9910107
 outer loop
  vertex -64.27347 -91.23174 5.5557027
  vertex -54.66002 -89.31955 6.3439336
  vertex -58.793777 -85.18584 5.5557027
 endloop
endfacet
facet normal -0.0813559 0.073736705 -0.99395376
 outer loop
  vertex -54.66009 -99.12123 -7.071068
  vertex -59.75444 -94.94038 -6.3439336
  vertex -54.66002 -89.31955 -6.3439336
 endloop
endfacet
facet normal -0.081355885 0.0737367 -0.99395376
 outer loop
  vertex -54.66009 -99.12123 -7.071068
  vertex -54.66002 -89.31955 -6.3439336
  vertex -50 -93.979614 -7.071068
 endloop
endfacet
facet normal -0.12207888 0.11064586 0.9863338
 outer loop
  vertex -68.17339 -88.03114 4.713968
  vertex -64.27347 -91.23174 5.5557027
  vertex -58.793777 -85.18584 5.5557027
 endloop
endfacet
facet normal -0.122078925 0.11064606 0.9863337
 outer loop
  vertex -68.17339 -88.03114 4.713968
  vertex -58.793777 -85.18584 5.5557027
  vertex -62.361206 -81.61839 4.713968
 endloop
endfacet
facet normal -0.066961005 0.060689937 -0.99590814
 outer loop
  vertex -49.0392 -103.73417 -7.730104
  vertex -54.66009 -99.12123 -7.071068
  vertex -50 -93.979614 -7.071068
 endloop
endfacet
facet normal -0.06696102 0.06068993 -0.9959081
 outer loop
  vertex -49.0392 -103.73417 -7.730104
  vertex -50 -93.979614 -7.071068
  vertex -44.85832 -99.12128 -7.730104
 endloop
endfacet
facet normal -0.15345019 0.13907936 0.97831994
 outer loop
  vertex -71.41679 -85.36935 3.8268344
  vertex -68.17339 -88.03114 4.713968
  vertex -62.361206 -81.61839 4.713968
 endloop
endfacet
facet normal -0.1534502 0.13907938 0.97831994
 outer loop
  vertex -71.41679 -85.36935 3.8268344
  vertex -62.361206 -81.61839 4.713968
  vertex -65.32808 -78.651505 3.8268344
 endloop
endfacet
facet normal 0.081521966 -0.0738872 -0.99392897
 outer loop
  vertex -42.94612 -108.734634 -6.858623
  vertex -49.0392 -103.73417 -7.730104
  vertex -44.85832 -99.12128 -7.730104
 endloop
endfacet
facet normal 0.081521794 -0.07388725 -0.993929
 outer loop
  vertex -42.94612 -108.734634 -6.858623
  vertex -44.85832 -99.12128 -7.730104
  vertex -39.28471 -104.6949 -6.858623
 endloop
endfacet
facet normal -0.19965944 0.18096106 0.9630105
 outer loop
  vertex -73.97246 -83.27196 2.9028468
  vertex -71.41679 -85.36935 3.8268344
  vertex -65.32808 -78.651505 3.8268344
 endloop
endfacet
facet normal -0.19965945 0.18096107 0.9630105
 outer loop
  vertex -73.97246 -83.27196 2.9028468
  vertex -65.32808 -78.651505 3.8268344
  vertex -67.66586 -76.31371 2.9028468
 endloop
endfacet
facet normal -0.04438467 0.040228028 -0.9982043
 outer loop
  vertex -36.43944 -114.07454 -7.3631396
  vertex -42.94612 -108.734634 -6.858623
  vertex -39.28471 -104.6949 -6.858623
 endloop
endfacet
facet normal -0.04438477 0.04022799 -0.9982042
 outer loop
  vertex -36.43944 -114.07454 -7.3631396
  vertex -39.28471 -104.6949 -6.858623
  vertex -33.332767 -110.64685 -7.3631396
 endloop
endfacet
facet normal -0.27501553 0.24925992 0.92856663
 outer loop
  vertex -75.81561 -81.75929 1.9509033
  vertex -73.97246 -83.27196 2.9028468
  vertex -67.66586 -76.31371 2.9028468
 endloop
endfacet
facet normal -0.27501562 0.24926004 0.9285666
 outer loop
  vertex -75.81561 -81.75929 1.9509033
  vertex -67.66586 -76.31371 2.9028468
  vertex -69.35188 -74.62768 1.9509033
 endloop
endfacet
facet normal -0.0036444322 0.0033030936 0.99998796
 outer loop
  vertex -7.576824 -137.76147 9.951847
  vertex 0 -143.97961 10
  vertex -6.9308553 -137.04875 9.951847
 endloop
endfacet
facet normal -0.035047434 0.031765126 -0.9988807
 outer loop
  vertex -29.581821 -119.70243 -7.782722
  vertex -36.43944 -114.07454 -7.3631396
  vertex -33.332767 -110.64685 -7.3631396
 endloop
endfacet
facet normal -0.03504741 0.031765137 -0.9988807
 outer loop
  vertex -29.581821 -119.70243 -7.782722
  vertex -33.332767 -110.64685 -7.3631396
  vertex -27.059797 -116.91981 -7.782722
 endloop
endfacet
facet normal -0.4145049 0.375686 0.8288822
 outer loop
  vertex -76.9288 -80.845764 0.9801714
  vertex -75.81561 -81.75929 1.9509033
  vertex -69.35188 -74.62768 1.9509033
 endloop
endfacet
facet normal -0.41450354 0.3756841 0.8288838
 outer loop
  vertex -76.9288 -80.845764 0.9801714
  vertex -69.35188 -74.62768 1.9509033
  vertex -70.37017 -73.60943 0.9801714
 endloop
endfacet
facet normal -0.19248442 0.17445625 0.965668
 outer loop
  vertex -15.080673 -131.60321 7.3435783
  vertex -7.576824 -137.76147 9.951847
  vertex -6.9308553 -137.04875 9.951847
 endloop
endfacet
facet normal -0.19248345 0.17445765 0.96566796
 outer loop
  vertex -15.080673 -131.60321 7.3435783
  vertex -6.9308553 -137.04875 9.951847
  vertex -13.794956 -130.18465 7.3435783
 endloop
endfacet
facet normal -0.1408327 0.1276434 -0.9817705
 outer loop
  vertex -22.439299 -125.564156 -9.569404
  vertex -29.581821 -119.70243 -7.782722
  vertex -27.059797 -116.91981 -7.782722
 endloop
endfacet
facet normal -0.14083256 0.12764347 -0.9817705
 outer loop
  vertex -22.439299 -125.564156 -9.569404
  vertex -27.059797 -116.91981 -7.782722
  vertex -20.526217 -123.4534 -9.569404
 endloop
endfacet
facet normal -0.03948921 0.03579093 -0.99857885
 outer loop
  vertex -62.453304 -92.22162 0
  vertex -76.9288 -80.845764 0.9801714
  vertex -70.37017 -73.60943 0.9801714
 endloop
endfacet
facet normal -0.039752364 0.03567866 -0.99857247
 outer loop
  vertex -62.453304 -92.22162 0
  vertex -70.37017 -73.60943 0.9801714
  vertex -57.128796 -86.28917 0
 endloop
endfacet
facet normal -0.018576238 0.016836597 0.99968565
 outer loop
  vertex -22.439299 -125.564156 7.1051307
  vertex -15.080673 -131.60321 7.3435783
  vertex -13.794956 -130.18465 7.3435783
 endloop
endfacet
facet normal -0.018576253 0.016836574 0.9996857
 outer loop
  vertex -22.439299 -125.564156 7.1051307
  vertex -13.794956 -130.18465 7.3435783
  vertex -20.526217 -123.4534 7.1051307
 endloop
endfacet
facet normal 0.1024006 -0.09281071 -0.9904041
 outer loop
  vertex -15.080673 -131.60321 -8.242656
  vertex -22.439299 -125.564156 -9.569404
  vertex -20.526217 -123.4534 -9.569404
 endloop
endfacet
facet normal 0.10240045 -0.092810765 -0.99040407
 outer loop
  vertex -15.080673 -131.60321 -8.242656
  vertex -20.526217 -123.4534 -9.569404
  vertex -13.794956 -130.18465 -8.242656
 endloop
endfacet
facet normal -0.039649826 0.035586625 0.9985798
 outer loop
  vertex -76.9288 -80.845764 -0.9801714
  vertex -62.453304 -92.22162 0
  vertex -57.128796 -86.28917 0
 endloop
endfacet
facet normal -0.039572548 0.035866465 0.99857277
 outer loop
  vertex -76.9288 -80.845764 -0.9801714
  vertex -57.128796 -86.28917 0
  vertex -70.37017 -73.60943 -0.9801714
 endloop
endfacet
facet normal 0.16690326 -0.15127265 0.9742997
 outer loop
  vertex -29.581821 -119.70243 9.238795
  vertex -22.439299 -125.564156 7.1051307
  vertex -20.526217 -123.4534 7.1051307
 endloop
endfacet
facet normal 0.16690333 -0.15127243 0.97429967
 outer loop
  vertex -29.581821 -119.70243 9.238795
  vertex -20.526217 -123.4534 7.1051307
  vertex -27.059797 -116.91981 9.238795
 endloop
endfacet
facet normal 0.025779849 -0.023365596 -0.99939454
 outer loop
  vertex -7.576824 -137.76147 -7.905112
  vertex -15.080673 -131.60321 -8.242656
  vertex -13.794956 -130.18465 -8.242656
 endloop
endfacet
facet normal 0.025780015 -0.02336544 -0.9993945
 outer loop
  vertex -7.576824 -137.76147 -7.905112
  vertex -13.794956 -130.18465 -8.242656
  vertex -6.9308553 -137.04875 -7.905112
 endloop
endfacet
facet normal -0.4145052 0.37568563 -0.8288822
 outer loop
  vertex -75.81561 -81.75929 -1.9509033
  vertex -76.9288 -80.845764 -0.9801714
  vertex -70.37017 -73.60943 -0.9801714
 endloop
endfacet
facet normal -0.4145032 0.37568444 -0.8288838
 outer loop
  vertex -75.81561 -81.75929 -1.9509033
  vertex -70.37017 -73.60943 -0.9801714
  vertex -69.35188 -74.62768 -1.9509033
 endloop
endfacet
facet normal -0.22025985 0.199632 0.9547945
 outer loop
  vertex -36.43944 -114.07454 6.4801226
  vertex -29.581821 -119.70243 9.238795
  vertex -27.059797 -116.91981 9.238795
 endloop
endfacet
facet normal -0.22025989 0.19963183 0.9547946
 outer loop
  vertex -36.43944 -114.07454 6.4801226
  vertex -27.059797 -116.91981 9.238795
  vertex -33.332767 -110.64685 6.4801226
 endloop
endfacet
facet normal 0.44920838 -0.40713537 -0.79526895
 outer loop
  vertex -3.788412 -140.87054 -4.1735454
  vertex -7.576824 -137.76147 -7.905112
  vertex -6.9308553 -137.04875 -7.905112
 endloop
endfacet
facet normal 0.44920367 -0.40713996 -0.7952693
 outer loop
  vertex -3.788412 -140.87054 -4.1735454
  vertex -6.9308553 -137.04875 -7.905112
  vertex -3.4654276 -140.51419 -4.1735454
 endloop
endfacet
facet normal -0.2750155 0.24925996 -0.92856663
 outer loop
  vertex -73.97246 -83.27196 -2.9028468
  vertex -75.81561 -81.75929 -1.9509033
  vertex -69.35188 -74.62768 -1.9509033
 endloop
endfacet
facet normal -0.27501562 0.24926 -0.9285666
 outer loop
  vertex -73.97246 -83.27196 -2.9028468
  vertex -69.35188 -74.62768 -1.9509033
  vertex -67.66586 -76.31371 -2.9028468
 endloop
endfacet
facet normal -0.04438472 0.04022795 0.9982042
 outer loop
  vertex -42.94612 -108.734634 5.975606
  vertex -36.43944 -114.07454 6.4801226
  vertex -33.332767 -110.64685 6.4801226
 endloop
endfacet
facet normal -0.044384707 0.040228065 0.9982043
 outer loop
  vertex -42.94612 -108.734634 5.975606
  vertex -33.332767 -110.64685 6.4801226
  vertex -39.28471 -104.6949 5.975606
 endloop
endfacet
facet normal -0.19965945 0.18096107 -0.9630105
 outer loop
  vertex -71.41679 -85.36935 -3.8268344
  vertex -73.97246 -83.27196 -2.9028468
  vertex -67.66586 -76.31371 -2.9028468
 endloop
endfacet
facet normal -0.19965944 0.18096106 -0.9630105
 outer loop
  vertex -71.41679 -85.36935 -3.8268344
  vertex -67.66586 -76.31371 -2.9028468
  vertex -65.32808 -78.651505 -3.8268344
 endloop
endfacet
facet normal 0.16117159 -0.1460778 0.97605586
 outer loop
  vertex -49.0392 -103.73417 7.730104
  vertex -42.94612 -108.734634 5.975606
  vertex -39.28471 -104.6949 5.975606
 endloop
endfacet
facet normal 0.16117162 -0.14607742 0.97605586
 outer loop
  vertex -49.0392 -103.73417 7.730104
  vertex -39.28471 -104.6949 5.975606
  vertex -44.85832 -99.12128 7.730104
 endloop
endfacet
facet normal -0.08984251 0.09912593 -0.99101084
 outer loop
  vertex -54.66002 -89.31955 -6.3439336
  vertex -58.793777 -85.18584 -5.5557027
  vertex -52.74787 -79.70615 -5.5557027
 endloop
endfacet
facet normal -0.08984235 0.09912588 -0.9910108
 outer loop
  vertex -54.66002 -89.31955 -6.3439336
  vertex -52.74787 -79.70615 -5.5557027
  vertex -49.039192 -84.225136 -6.3439336
 endloop
endfacet
facet normal -0.089842446 0.09912598 0.9910108
 outer loop
  vertex -58.793777 -85.18584 5.5557027
  vertex -54.66002 -89.31955 6.3439336
  vertex -49.039192 -84.225136 6.3439336
 endloop
endfacet
facet normal -0.08984243 0.09912583 0.9910107
 outer loop
  vertex -58.793777 -85.18584 5.5557027
  vertex -49.039192 -84.225136 6.3439336
  vertex -52.74787 -79.70615 5.5557027
 endloop
endfacet
facet normal -0.07373661 0.081355914 -0.99395376
 outer loop
  vertex -50 -93.979614 -7.071068
  vertex -54.66002 -89.31955 -6.3439336
  vertex -49.039192 -84.225136 -6.3439336
 endloop
endfacet
facet normal -0.073736735 0.08135593 -0.99395376
 outer loop
  vertex -50 -93.979614 -7.071068
  vertex -49.039192 -84.225136 -6.3439336
  vertex -44.85838 -89.31952 -7.071068
 endloop
endfacet
facet normal -0.110645965 0.12207899 0.9863337
 outer loop
  vertex -62.361206 -81.61839 4.713968
  vertex -58.793777 -85.18584 5.5557027
  vertex -52.74787 -79.70615 5.5557027
 endloop
endfacet
facet normal -0.11064598 0.12207905 0.9863337
 outer loop
  vertex -62.361206 -81.61839 4.713968
  vertex -52.74787 -79.70615 5.5557027
  vertex -55.948452 -75.80621 4.713968
 endloop
endfacet
facet normal -0.060689967 0.06696103 -0.99590814
 outer loop
  vertex -44.85832 -99.12128 -7.730104
  vertex -50 -93.979614 -7.071068
  vertex -44.85838 -89.31952 -7.071068
 endloop
endfacet
facet normal -0.060689878 0.06696102 -0.9959081
 outer loop
  vertex -44.85832 -99.12128 -7.730104
  vertex -44.85838 -89.31952 -7.071068
  vertex -40.245426 -94.9404 -7.730104
 endloop
endfacet
facet normal -0.13907918 0.1534503 0.97831994
 outer loop
  vertex -65.32808 -78.651505 3.8268344
  vertex -62.361206 -81.61839 4.713968
  vertex -55.948452 -75.80621 4.713968
 endloop
endfacet
facet normal -0.13907923 0.1534504 0.97831994
 outer loop
  vertex -65.32808 -78.651505 3.8268344
  vertex -55.948452 -75.80621 4.713968
  vertex -58.61023 -72.562805 3.8268344
 endloop
endfacet
facet normal 0.07388709 -0.08152191 -0.99392897
 outer loop
  vertex -39.28471 -104.6949 -6.858623
  vertex -44.85832 -99.12128 -7.730104
  vertex -40.245426 -94.9404 -7.730104
 endloop
endfacet
facet normal 0.07388714 -0.08152191 -0.993929
 outer loop
  vertex -39.28471 -104.6949 -6.858623
  vertex -40.245426 -94.9404 -7.730104
  vertex -35.24497 -101.03349 -6.858623
 endloop
endfacet
facet normal -0.18096077 0.19965962 0.9630105
 outer loop
  vertex -67.66586 -76.31371 2.9028468
  vertex -65.32808 -78.651505 3.8268344
  vertex -58.61023 -72.562805 3.8268344
 endloop
endfacet
facet normal -0.18096071 0.19965942 0.96301055
 outer loop
  vertex -67.66586 -76.31371 2.9028468
  vertex -58.61023 -72.562805 3.8268344
  vertex -60.707615 -70.007126 2.9028468
 endloop
endfacet
facet normal -0.040227994 0.044384766 -0.9982043
 outer loop
  vertex -33.332767 -110.64685 -7.3631396
  vertex -39.28471 -104.6949 -6.858623
  vertex -35.24497 -101.03349 -6.858623
 endloop
endfacet
facet normal -0.040227983 0.044384763 -0.9982042
 outer loop
  vertex -33.332767 -110.64685 -7.3631396
  vertex -35.24497 -101.03349 -6.858623
  vertex -29.905079 -107.54018 -7.3631396
 endloop
endfacet
facet normal -0.24925967 0.2750157 0.9285666
 outer loop
  vertex -69.35188 -74.62768 1.9509033
  vertex -67.66586 -76.31371 2.9028468
  vertex -60.707615 -70.007126 2.9028468
 endloop
endfacet
facet normal -0.24925958 0.27501556 0.9285667
 outer loop
  vertex -69.35188 -74.62768 1.9509033
  vertex -60.707615 -70.007126 2.9028468
  vertex -62.220257 -68.16395 1.9509033
 endloop
endfacet
facet normal -0.0033031015 0.0036444298 0.99998784
 outer loop
  vertex -6.9308553 -137.04875 9.951847
  vertex 0 -143.97961 10
  vertex -6.2181387 -136.40279 9.951847
 endloop
endfacet
facet normal -0.031765122 0.035047434 -0.9988807
 outer loop
  vertex -27.059797 -116.91981 -7.782722
  vertex -33.332767 -110.64685 -7.3631396
  vertex -29.905079 -107.54018 -7.3631396
 endloop
endfacet
facet normal -0.03176516 0.03504743 -0.9988808
 outer loop
  vertex -27.059797 -116.91981 -7.782722
  vertex -29.905079 -107.54018 -7.3631396
  vertex -24.277172 -114.39778 -7.782722
 endloop
endfacet
facet normal -0.3756846 0.414504 0.82888335
 outer loop
  vertex -70.37017 -73.60943 0.9801714
  vertex -69.35188 -74.62768 1.9509033
  vertex -62.220257 -68.16395 1.9509033
 endloop
endfacet
facet normal -0.37568465 0.4145042 0.8288831
 outer loop
  vertex -70.37017 -73.60943 0.9801714
  vertex -62.220257 -68.16395 1.9509033
  vertex -63.133835 -67.0508 0.9801714
 endloop
endfacet
facet normal -0.17445679 0.19248432 0.96566796
 outer loop
  vertex -13.794956 -130.18465 7.3435783
  vertex -6.9308553 -137.04875 9.951847
  vertex -6.2181387 -136.40279 9.951847
 endloop
endfacet
facet normal -0.1744575 0.1924835 0.96566796
 outer loop
  vertex -13.794956 -130.18465 7.3435783
  vertex -6.2181387 -136.40279 9.951847
  vertex -12.376387 -128.89893 7.3435783
 endloop
endfacet
facet normal -0.12764336 0.14083265 -0.9817705
 outer loop
  vertex -20.526217 -123.4534 -9.569404
  vertex -27.059797 -116.91981 -7.782722
  vertex -24.277172 -114.39778 -7.782722
 endloop
endfacet
facet normal -0.12764351 0.1408326 -0.9817706
 outer loop
  vertex -20.526217 -123.4534 -9.569404
  vertex -24.277172 -114.39778 -7.782722
  vertex -18.415457 -121.54031 -9.569404
 endloop
endfacet
facet normal -0.035942685 0.039656647 -0.99856675
 outer loop
  vertex -57.128796 -86.28917 0
  vertex -70.37017 -73.60943 0.9801714
  vertex -63.133835 -67.0508 0.9801714
 endloop
endfacet
facet normal -0.036217324 0.03957059 -0.9985602
 outer loop
  vertex -57.128796 -86.28917 0
  vertex -63.133835 -67.0508 0.9801714
  vertex -51.254105 -80.91231 0
 endloop
endfacet
facet normal -0.016836582 0.018576244 0.99968565
 outer loop
  vertex -20.526217 -123.4534 7.1051307
  vertex -13.794956 -130.18465 7.3435783
  vertex -12.376387 -128.89893 7.3435783
 endloop
endfacet
facet normal -0.01683658 0.018576251 0.9996857
 outer loop
  vertex -20.526217 -123.4534 7.1051307
  vertex -12.376387 -128.89893 7.3435783
  vertex -18.415457 -121.54031 7.1051307
 endloop
endfacet
facet normal 0.092810705 -0.10240058 -0.9904042
 outer loop
  vertex -13.794956 -130.18465 -8.242656
  vertex -20.526217 -123.4534 -9.569404
  vertex -18.415457 -121.54031 -9.569404
 endloop
endfacet
facet normal 0.092810735 -0.10240055 -0.9904041
 outer loop
  vertex -13.794956 -130.18465 -8.242656
  vertex -18.415457 -121.54031 -9.569404
  vertex -12.376387 -128.89893 -8.242656
 endloop
endfacet
facet normal -0.036123414 0.039467983 0.9985677
 outer loop
  vertex -70.37017 -73.60943 -0.9801714
  vertex -57.128796 -86.28917 0
  vertex -51.254105 -80.91231 0
 endloop
endfacet
facet normal -0.036018863 0.039740693 0.9985606
 outer loop
  vertex -70.37017 -73.60943 -0.9801714
  vertex -51.254105 -80.91231 0
  vertex -63.133835 -67.0508 -0.9801714
 endloop
endfacet
facet normal 0.15127258 -0.16690315 0.9742997
 outer loop
  vertex -27.059797 -116.91981 9.238795
  vertex -20.526217 -123.4534 7.1051307
  vertex -18.415457 -121.54031 7.1051307
 endloop
endfacet
facet normal 0.15127246 -0.1669034 0.9742997
 outer loop
  vertex -27.059797 -116.91981 9.238795
  vertex -18.415457 -121.54031 7.1051307
  vertex -24.277172 -114.39778 9.238795
 endloop
endfacet
facet normal 0.023365594 -0.025779875 -0.99939454
 outer loop
  vertex -6.9308553 -137.04875 -7.905112
  vertex -13.794956 -130.18465 -8.242656
  vertex -12.376387 -128.89893 -8.242656
 endloop
endfacet
facet normal 0.023365468 -0.025779944 -0.9993946
 outer loop
  vertex -6.9308553 -137.04875 -7.905112
  vertex -12.376387 -128.89893 -8.242656
  vertex -6.2181387 -136.40279 -7.905112
 endloop
endfacet
facet normal -0.37568453 0.414504 -0.82888323
 outer loop
  vertex -69.35188 -74.62768 -1.9509033
  vertex -70.37017 -73.60943 -0.9801714
  vertex -63.133835 -67.0508 -0.9801714
 endloop
endfacet
facet normal -0.37568474 0.4145042 -0.8288831
 outer loop
  vertex -69.35188 -74.62768 -1.9509033
  vertex -63.133835 -67.0508 -0.9801714
  vertex -62.220257 -68.16395 -1.9509033
 endloop
endfacet
facet normal -0.19963199 0.2202598 0.9547946
 outer loop
  vertex -33.332767 -110.64685 6.4801226
  vertex -27.059797 -116.91981 9.238795
  vertex -24.277172 -114.39778 9.238795
 endloop
endfacet
facet normal -0.19963191 0.22026 0.9547945
 outer loop
  vertex -33.332767 -110.64685 6.4801226
  vertex -24.277172 -114.39778 9.238795
  vertex -29.905079 -107.54018 6.4801226
 endloop
endfacet
facet normal 0.40713584 -0.44920728 -0.79526925
 outer loop
  vertex -3.4654276 -140.51419 -4.1735454
  vertex -6.9308553 -137.04875 -7.905112
  vertex -6.2181387 -136.40279 -7.905112
 endloop
endfacet
facet normal 0.40713584 -0.4492074 -0.7952692
 outer loop
  vertex -3.4654276 -140.51419 -4.1735454
  vertex -6.2181387 -136.40279 -7.905112
  vertex -3.1090693 -140.19121 -4.1735454
 endloop
endfacet
facet normal -0.24925971 0.27501568 -0.92856663
 outer loop
  vertex -67.66586 -76.31371 -2.9028468
  vertex -69.35188 -74.62768 -1.9509033
  vertex -62.220257 -68.16395 -1.9509033
 endloop
endfacet
facet normal -0.24925955 0.27501556 -0.9285667
 outer loop
  vertex -67.66586 -76.31371 -2.9028468
  vertex -62.220257 -68.16395 -1.9509033
  vertex -60.707615 -70.007126 -2.9028468
 endloop
endfacet
facet normal -0.04022799 0.04438477 0.9982043
 outer loop
  vertex -39.28471 -104.6949 5.975606
  vertex -33.332767 -110.64685 6.4801226
  vertex -29.905079 -107.54018 6.4801226
 endloop
endfacet
facet normal -0.040227994 0.044384763 0.9982043
 outer loop
  vertex -39.28471 -104.6949 5.975606
  vertex -29.905079 -107.54018 6.4801226
  vertex -35.24497 -101.03349 5.975606
 endloop
endfacet
facet normal -0.18096085 0.19965956 -0.9630105
 outer loop
  vertex -65.32808 -78.651505 -3.8268344
  vertex -67.66586 -76.31371 -2.9028468
  vertex -60.707615 -70.007126 -2.9028468
 endloop
endfacet
facet normal -0.18096067 0.19965948 -0.9630106
 outer loop
  vertex -65.32808 -78.651505 -3.8268344
  vertex -60.707615 -70.007126 -2.9028468
  vertex -58.61023 -72.562805 -3.8268344
 endloop
endfacet
facet normal 0.14607741 -0.16117162 0.9760559
 outer loop
  vertex -44.85832 -99.12128 7.730104
  vertex -39.28471 -104.6949 5.975606
  vertex -35.24497 -101.03349 5.975606
 endloop
endfacet
facet normal 0.14607738 -0.16117172 0.97605586
 outer loop
  vertex -44.85832 -99.12128 7.730104
  vertex -35.24497 -101.03349 5.975606
  vertex -40.245426 -94.9404 7.730104
 endloop
endfacet
facet normal -0.13907918 0.15345034 -0.97831994
 outer loop
  vertex -62.361206 -81.61839 -4.713968
  vertex -65.32808 -78.651505 -3.8268344
  vertex -58.61023 -72.562805 -3.8268344
 endloop
endfacet
facet normal -0.13907926 0.15345037 -0.9783199
 outer loop
  vertex -62.361206 -81.61839 -4.713968
  vertex -58.61023 -72.562805 -3.8268344
  vertex -55.948452 -75.80621 -4.713968
 endloop
endfacet
facet normal -0.06068992 0.066961065 0.9959081
 outer loop
  vertex -50 -93.979614 7.071068
  vertex -44.85832 -99.12128 7.730104
  vertex -40.245426 -94.9404 7.730104
 endloop
endfacet
facet normal -0.060689926 0.06696099 0.9959081
 outer loop
  vertex -50 -93.979614 7.071068
  vertex -40.245426 -94.9404 7.730104
  vertex -44.85838 -89.31952 7.071068
 endloop
endfacet
facet normal -0.110645935 0.122079015 -0.9863337
 outer loop
  vertex -58.793777 -85.18584 -5.5557027
  vertex -62.361206 -81.61839 -4.713968
  vertex -55.948452 -75.80621 -4.713968
 endloop
endfacet
facet normal -0.110645995 0.12207903 -0.98633367
 outer loop
  vertex -58.793777 -85.18584 -5.5557027
  vertex -55.948452 -75.80621 -4.713968
  vertex -52.74787 -79.70615 -5.5557027
 endloop
endfacet
facet normal -0.073736675 0.081355855 0.99395376
 outer loop
  vertex -54.66002 -89.31955 6.3439336
  vertex -50 -93.979614 7.071068
  vertex -44.85838 -89.31952 7.071068
 endloop
endfacet
facet normal -0.073736675 0.08135599 0.99395376
 outer loop
  vertex -54.66002 -89.31955 6.3439336
  vertex -44.85838 -89.31952 7.071068
  vertex -49.039192 -84.225136 6.3439336
 endloop
endfacet
facet normal -0.053834297 0.072587274 -0.99590814
 outer loop
  vertex -40.245426 -94.9404 -7.730104
  vertex -44.85838 -89.31952 -7.071068
  vertex -39.284744 -85.18584 -7.071068
 endloop
endfacet
facet normal -0.05383434 0.072587274 -0.9959081
 outer loop
  vertex -40.245426 -94.9404 -7.730104
  vertex -39.284744 -85.18584 -7.071068
  vertex -35.24495 -91.2318 -7.730104
 endloop
endfacet
facet normal -0.12336872 0.16634363 0.97832
 outer loop
  vertex -58.61023 -72.562805 3.8268344
  vertex -55.948452 -75.80621 4.713968
  vertex -48.99688 -70.65058 4.713968
 endloop
endfacet
facet normal -0.12336875 0.16634385 0.97831994
 outer loop
  vertex -58.61023 -72.562805 3.8268344
  vertex -48.99688 -70.65058 4.713968
  vertex -51.32793 -67.161896 3.8268344
 endloop
endfacet
facet normal 0.06554077 -0.088371575 -0.99392897
 outer loop
  vertex -35.24497 -101.03349 -6.858623
  vertex -40.245426 -94.9404 -7.730104
  vertex -35.24495 -91.2318 -7.730104
 endloop
endfacet
facet normal -0.2566201 -0.085595645 -0.9627147
 outer loop
  vertex -35.24497 -101.03349 -6.858623
  vertex -35.24495 -91.2318 -7.730104
  vertex -30.865795 -97.785675 -8.314696
 endloop
endfacet
facet normal -0.16051908 0.21643539 0.96301055
 outer loop
  vertex -60.707615 -70.007126 2.9028468
  vertex -58.61023 -72.562805 3.8268344
  vertex -51.32793 -67.161896 3.8268344
 endloop
endfacet
facet normal -0.160519 0.21643516 0.96301055
 outer loop
  vertex -60.707615 -70.007126 2.9028468
  vertex -51.32793 -67.161896 3.8268344
  vertex -53.16472 -64.41294 2.9028468
 endloop
endfacet
facet normal -0.23399265 -0.117196605 -0.9651489
 outer loop
  vertex -29.905079 -107.54018 -7.3631396
  vertex -35.24497 -101.03349 -6.858623
  vertex -30.865795 -97.785675 -8.314696
 endloop
endfacet
facet normal -0.28330168 -0.120712176 -0.9514036
 outer loop
  vertex -29.905079 -107.54018 -7.3631396
  vertex -30.865795 -97.785675 -8.314696
  vertex -26.189388 -104.78443 -8.819213
 endloop
endfacet
facet normal -0.22110277 0.29812303 0.9285668
 outer loop
  vertex -62.220257 -68.16395 1.9509033
  vertex -60.707615 -70.007126 2.9028468
  vertex -53.16472 -64.41294 2.9028468
 endloop
endfacet
facet normal -0.22110283 0.29812318 0.9285667
 outer loop
  vertex -62.220257 -68.16395 1.9509033
  vertex -53.16472 -64.41294 2.9028468
  vertex -54.489414 -62.430374 1.9509033
 endloop
endfacet
facet normal -0.0029299865 0.0039506378 0.99998796
 outer loop
  vertex -6.2181387 -136.40279 9.951847
  vertex 0 -143.97961 10
  vertex -5.445538 -135.82979 9.951847
 endloop
endfacet
facet normal -0.2591503 -0.1543445 -0.9534248
 outer loop
  vertex -24.277172 -114.39778 -7.782722
  vertex -29.905079 -107.54018 -7.3631396
  vertex -26.189388 -104.78443 -8.819213
 endloop
endfacet
facet normal -0.32661337 -0.16530183 -0.93059075
 outer loop
  vertex -24.277172 -114.39778 -7.782722
  vertex -26.189388 -104.78443 -8.819213
  vertex -21.260744 -112.160645 -9.238795
 endloop
endfacet
facet normal -0.33324727 0.4493327 0.8288826
 outer loop
  vertex -63.133835 -67.0508 0.9801714
  vertex -62.220257 -68.16395 1.9509033
  vertex -54.489414 -62.430374 1.9509033
 endloop
endfacet
facet normal -0.3332468 0.44933158 0.8288834
 outer loop
  vertex -63.133835 -67.0508 0.9801714
  vertex -54.489414 -62.430374 1.9509033
  vertex -55.289482 -61.233032 0.9801714
 endloop
endfacet
facet normal -0.15475008 0.20865692 0.965668
 outer loop
  vertex -12.376387 -128.89893 7.3435783
  vertex -6.2181387 -136.40279 9.951847
  vertex -5.445538 -135.82979 9.951847
 endloop
endfacet
facet normal -0.15474959 0.20865741 0.96566796
 outer loop
  vertex -12.376387 -128.89893 7.3435783
  vertex -5.445538 -135.82979 9.951847
  vertex -10.838625 -127.75845 7.3435783
 endloop
endfacet
facet normal -0.38227805 -0.08352572 -0.9202646
 outer loop
  vertex -18.415457 -121.54031 -9.569404
  vertex -24.277172 -114.39778 -7.782722
  vertex -21.260744 -112.160645 -9.238795
 endloop
endfacet
facet normal -0.021326441 0.028755447 -0.99935895
 outer loop
  vertex -18.415457 -121.54031 -9.569404
  vertex -21.260744 -112.160645 -9.238795
  vertex -16.127344 -119.84334 -9.569404
 endloop
endfacet
facet normal -0.032017015 0.04316998 -0.9985546
 outer loop
  vertex -51.254105 -80.91231 0
  vertex -63.133835 -67.0508 0.9801714
  vertex -55.289482 -61.233032 0.9801714
 endloop
endfacet
facet normal -0.032289695 0.04311375 -0.9985482
 outer loop
  vertex -51.254105 -80.91231 0
  vertex -55.289482 -61.233032 0.9801714
  vertex -44.885807 -76.14282 0
 endloop
endfacet
facet normal -0.014934611 0.020137157 0.99968565
 outer loop
  vertex -18.415457 -121.54031 7.1051307
  vertex -12.376387 -128.89893 7.3435783
  vertex -10.838625 -127.75845 7.3435783
 endloop
endfacet
facet normal -0.014934655 0.020137103 0.9996857
 outer loop
  vertex -18.415457 -121.54031 7.1051307
  vertex -10.838625 -127.75845 7.3435783
  vertex -16.127344 -119.84334 7.1051307
 endloop
endfacet
facet normal 0.08232652 -0.11100475 -0.99040407
 outer loop
  vertex -12.376387 -128.89893 -8.242656
  vertex -18.415457 -121.54031 -9.569404
  vertex -16.127344 -119.84334 -9.569404
 endloop
endfacet
facet normal 0.08232613 -0.111004904 -0.99040407
 outer loop
  vertex -12.376387 -128.89893 -8.242656
  vertex -16.127344 -119.84334 -9.569404
  vertex -10.838625 -127.75845 -8.242656
 endloop
endfacet
facet normal -0.032208774 0.043005697 0.99855554
 outer loop
  vertex -63.133835 -67.0508 -0.9801714
  vertex -51.254105 -80.91231 0
  vertex -44.885807 -76.14282 0
 endloop
endfacet
facet normal -0.03208254 0.043258324 0.9985486
 outer loop
  vertex -63.133835 -67.0508 -0.9801714
  vertex -44.885807 -76.14282 0
  vertex -55.289482 -61.233032 -0.9801714
 endloop
endfacet
facet normal 0.13418439 -0.18092716 0.9742997
 outer loop
  vertex -24.277172 -114.39778 9.238795
  vertex -18.415457 -121.54031 7.1051307
  vertex -16.127344 -119.84334 7.1051307
 endloop
endfacet
facet normal 0.13418461 -0.18092687 0.9742997
 outer loop
  vertex -24.277172 -114.39778 9.238795
  vertex -16.127344 -119.84334 7.1051307
  vertex -21.260744 -112.160645 9.238795
 endloop
endfacet
facet normal 0.02072605 -0.027946072 -0.99939454
 outer loop
  vertex -6.2181387 -136.40279 -7.905112
  vertex -12.376387 -128.89893 -8.242656
  vertex -10.838625 -127.75845 -8.242656
 endloop
endfacet
facet normal 0.020726128 -0.02794602 -0.9993945
 outer loop
  vertex -6.2181387 -136.40279 -7.905112
  vertex -10.838625 -127.75845 -8.242656
  vertex -5.445538 -135.82979 -7.905112
 endloop
endfacet
facet normal -0.33324748 0.44933257 -0.82888263
 outer loop
  vertex -62.220257 -68.16395 -1.9509033
  vertex -63.133835 -67.0508 -0.9801714
  vertex -55.289482 -61.233032 -0.9801714
 endloop
endfacet
facet normal -0.3332466 0.44933173 -0.8288834
 outer loop
  vertex -62.220257 -68.16395 -1.9509033
  vertex -55.289482 -61.233032 -0.9801714
  vertex -54.489414 -62.430374 -1.9509033
 endloop
endfacet
facet normal -0.17708151 0.23876664 0.9547946
 outer loop
  vertex -29.905079 -107.54018 6.4801226
  vertex -24.277172 -114.39778 9.238795
  vertex -21.260744 -112.160645 9.238795
 endloop
endfacet
facet normal -0.17708151 0.2387667 0.9547945
 outer loop
  vertex -29.905079 -107.54018 6.4801226
  vertex -21.260744 -112.160645 9.238795
  vertex -26.189388 -104.78443 6.4801226
 endloop
endfacet
facet normal 0.36114585 -0.4869502 -0.7952693
 outer loop
  vertex -3.1090693 -140.19121 -4.1735454
  vertex -6.2181387 -136.40279 -7.905112
  vertex -5.445538 -135.82979 -7.905112
 endloop
endfacet
facet normal 0.36114576 -0.48695025 -0.79526925
 outer loop
  vertex -3.1090693 -140.19121 -4.1735454
  vertex -5.445538 -135.82979 -7.905112
  vertex -2.722769 -139.90471 -4.1735454
 endloop
endfacet
facet normal -0.22110276 0.29812306 -0.92856675
 outer loop
  vertex -60.707615 -70.007126 -2.9028468
  vertex -62.220257 -68.16395 -1.9509033
  vertex -54.489414 -62.430374 -1.9509033
 endloop
endfacet
facet normal -0.22110286 0.29812315 -0.9285667
 outer loop
  vertex -60.707615 -70.007126 -2.9028468
  vertex -54.489414 -62.430374 -1.9509033
  vertex -53.16472 -64.41294 -2.9028468
 endloop
endfacet
facet normal -0.03568383 0.048114054 0.9982043
 outer loop
  vertex -35.24497 -101.03349 5.975606
  vertex -29.905079 -107.54018 6.4801226
  vertex -26.189388 -104.78443 6.4801226
 endloop
endfacet
facet normal -0.03568383 0.048114046 0.9982043
 outer loop
  vertex -35.24497 -101.03349 5.975606
  vertex -26.189388 -104.78443 6.4801226
  vertex -30.865795 -97.785675 5.975606
 endloop
endfacet
facet normal -0.16051915 0.21643536 -0.9630106
 outer loop
  vertex -58.61023 -72.562805 -3.8268344
  vertex -60.707615 -70.007126 -2.9028468
  vertex -53.16472 -64.41294 -2.9028468
 endloop
endfacet
facet normal -0.16051896 0.21643521 -0.96301067
 outer loop
  vertex -58.61023 -72.562805 -3.8268344
  vertex -53.16472 -64.41294 -2.9028468
  vertex -51.32793 -67.161896 -3.8268344
 endloop
endfacet
facet normal 0.1295765 -0.1747136 0.9760559
 outer loop
  vertex -40.245426 -94.9404 7.730104
  vertex -35.24497 -101.03349 5.975606
  vertex -30.865795 -97.785675 5.975606
 endloop
endfacet
facet normal 0.12957644 -0.17471378 0.97605586
 outer loop
  vertex -40.245426 -94.9404 7.730104
  vertex -30.865795 -97.785675 5.975606
  vertex -35.24495 -91.2318 7.730104
 endloop
endfacet
facet normal -0.12336862 0.16634369 -0.97831994
 outer loop
  vertex -55.948452 -75.80621 -4.713968
  vertex -58.61023 -72.562805 -3.8268344
  vertex -51.32793 -67.161896 -3.8268344
 endloop
endfacet
facet normal -0.123368844 0.1663438 -0.9783199
 outer loop
  vertex -55.948452 -75.80621 -4.713968
  vertex -51.32793 -67.161896 -3.8268344
  vertex -48.99688 -70.65058 -4.713968
 endloop
endfacet
facet normal -0.05383433 0.07258726 0.99590814
 outer loop
  vertex -44.85838 -89.31952 7.071068
  vertex -40.245426 -94.9404 7.730104
  vertex -35.24495 -91.2318 7.730104
 endloop
endfacet
facet normal -0.053834315 0.0725873 0.99590814
 outer loop
  vertex -44.85838 -89.31952 7.071068
  vertex -35.24495 -91.2318 7.730104
  vertex -39.284744 -85.18584 7.071068
 endloop
endfacet
facet normal -0.09814729 0.13233642 -0.9863337
 outer loop
  vertex -52.74787 -79.70615 -5.5557027
  vertex -55.948452 -75.80621 -4.713968
  vertex -48.99688 -70.65058 -4.713968
 endloop
endfacet
facet normal -0.098147534 0.13233654 -0.98633367
 outer loop
  vertex -52.74787 -79.70615 -5.5557027
  vertex -48.99688 -70.65058 -4.713968
  vertex -46.193977 -74.84544 -5.5557027
 endloop
endfacet
facet normal -0.06540729 0.08819167 0.9939538
 outer loop
  vertex -49.039192 -84.225136 6.3439336
  vertex -44.85838 -89.31952 7.071068
  vertex -39.284744 -85.18584 7.071068
 endloop
endfacet
facet normal -0.06540729 0.08819169 0.99395376
 outer loop
  vertex -49.039192 -84.225136 6.3439336
  vertex -39.284744 -85.18584 7.071068
  vertex -42.94609 -79.70619 6.3439336
 endloop
endfacet
facet normal -0.07969384 0.10745463 -0.9910107
 outer loop
  vertex -49.039192 -84.225136 -6.3439336
  vertex -52.74787 -79.70615 -5.5557027
  vertex -46.193977 -74.84544 -5.5557027
 endloop
endfacet
facet normal -0.07969359 0.10745456 -0.9910108
 outer loop
  vertex -49.039192 -84.225136 -6.3439336
  vertex -46.193977 -74.84544 -5.5557027
  vertex -42.94609 -79.70619 -6.3439336
 endloop
endfacet
facet normal -0.07969373 0.10745475 0.9910108
 outer loop
  vertex -52.74787 -79.70615 5.5557027
  vertex -49.039192 -84.225136 6.3439336
  vertex -42.94609 -79.70619 6.3439336
 endloop
endfacet
facet normal -0.07969373 0.107454486 0.99101084
 outer loop
  vertex -52.74787 -79.70615 5.5557027
  vertex -42.94609 -79.70619 6.3439336
  vertex -46.193977 -74.84544 5.5557027
 endloop
endfacet
facet normal -0.06540728 0.08819168 -0.99395376
 outer loop
  vertex -44.85838 -89.31952 -7.071068
  vertex -49.039192 -84.225136 -6.3439336
  vertex -42.94609 -79.70619 -6.3439336
 endloop
endfacet
facet normal -0.06540729 0.08819169 -0.9939538
 outer loop
  vertex -44.85838 -89.31952 -7.071068
  vertex -42.94609 -79.70619 -6.3439336
  vertex -39.284744 -85.18584 -7.071068
 endloop
endfacet
facet normal -0.0981474 0.13233635 0.9863337
 outer loop
  vertex -55.948452 -75.80621 4.713968
  vertex -52.74787 -79.70615 5.5557027
  vertex -46.193977 -74.84544 5.5557027
 endloop
endfacet
facet normal -0.09814742 0.13233662 0.9863337
 outer loop
  vertex -55.948452 -75.80621 4.713968
  vertex -46.193977 -74.84544 5.5557027
  vertex -48.99688 -70.65058 4.713968
 endloop
endfacet
facet normal -0.030795975 0.051380005 -0.9982043
 outer loop
  vertex -26.189388 -104.78443 -8.819213
  vertex -30.865795 -97.785675 -8.314696
  vertex -26.18937 -94.982735 -8.314696
 endloop
endfacet
facet normal -0.03079598 0.051380005 -0.9982043
 outer loop
  vertex -26.189388 -104.78443 -8.819213
  vertex -26.18937 -94.982735 -8.314696
  vertex -22.221478 -102.40616 -8.819213
 endloop
endfacet
facet normal -0.19081709 0.3183593 0.92856675
 outer loop
  vertex -54.489414 -62.430374 1.9509033
  vertex -53.16472 -64.41294 2.9028468
  vertex -45.109818 -59.585022 2.9028468
 endloop
endfacet
facet normal -0.19081719 0.31835973 0.92856663
 outer loop
  vertex -54.489414 -62.430374 1.9509033
  vertex -45.109818 -59.585022 2.9028468
  vertex -46.23381 -57.482162 1.9509033
 endloop
endfacet
facet normal -0.0025286295 0.0042188116 0.99998796
 outer loop
  vertex -5.445538 -135.82979 9.951847
  vertex 0 -143.97961 10
  vertex -4.620494 -135.33528 9.951847
 endloop
endfacet
facet normal -0.024317367 0.040571094 -0.9988807
 outer loop
  vertex -21.260744 -112.160645 -9.238795
  vertex -26.189388 -104.78443 -8.819213
  vertex -22.221478 -102.40616 -8.819213
 endloop
endfacet
facet normal -0.024317287 0.040571105 -0.9988807
 outer loop
  vertex -21.260744 -112.160645 -9.238795
  vertex -22.221478 -102.40616 -8.819213
  vertex -18.039562 -110.22995 -9.238795
 endloop
endfacet
facet normal -0.2876001 0.47983244 0.82888293
 outer loop
  vertex -55.289482 -61.233032 0.9801714
  vertex -54.489414 -62.430374 1.9509033
  vertex -46.23381 -57.482162 1.9509033
 endloop
endfacet
facet normal -0.28759944 0.4798306 0.82888424
 outer loop
  vertex -55.289482 -61.233032 0.9801714
  vertex -46.23381 -57.482162 1.9509033
  vertex -46.912663 -56.21216 0.9801714
 endloop
endfacet
facet normal -0.13355224 0.22282095 0.9656679
 outer loop
  vertex -10.838625 -127.75845 7.3435783
  vertex -5.445538 -135.82979 9.951847
  vertex -4.620494 -135.33528 9.951847
 endloop
endfacet
facet normal -0.13355377 0.22281983 0.965668
 outer loop
  vertex -10.838625 -127.75845 7.3435783
  vertex -4.620494 -135.33528 9.951847
  vertex -9.196482 -126.774185 7.3435783
 endloop
endfacet
facet normal -0.018405205 0.03070735 -0.99935895
 outer loop
  vertex -16.127344 -119.84334 -9.569404
  vertex -21.260744 -112.160645 -9.238795
  vertex -18.039562 -110.22995 -9.238795
 endloop
endfacet
facet normal -0.018405333 0.030707328 -0.99935895
 outer loop
  vertex -16.127344 -119.84334 -9.569404
  vertex -18.039562 -110.22995 -9.238795
  vertex -13.683918 -118.3788 -9.569404
 endloop
endfacet
facet normal -0.027742824 0.04628609 -0.99854296
 outer loop
  vertex -44.885807 -76.14282 0
  vertex -55.289482 -61.233032 0.9801714
  vertex -46.912663 -56.21216 0.9801714
 endloop
endfacet
facet normal -0.027999595 0.046259683 -0.99853694
 outer loop
  vertex -44.885807 -76.14282 0
  vertex -46.912663 -56.21216 0.9801714
  vertex -38.085236 -72.02664 0
 endloop
endfacet
facet normal -0.012889039 0.021503944 0.99968565
 outer loop
  vertex -16.127344 -119.84334 7.1051307
  vertex -10.838625 -127.75845 7.3435783
  vertex -9.196482 -126.774185 7.3435783
 endloop
endfacet
facet normal -0.012889028 0.021503959 0.9996857
 outer loop
  vertex -16.127344 -119.84334 7.1051307
  vertex -9.196482 -126.774185 7.3435783
  vertex -13.683918 -118.3788 7.1051307
 endloop
endfacet
facet normal 0.07105003 -0.118539385 -0.9904041
 outer loop
  vertex -10.838625 -127.75845 -8.242656
  vertex -16.127344 -119.84334 -9.569404
  vertex -13.683918 -118.3788 -9.569404
 endloop
endfacet
facet normal 0.071050145 -0.11853936 -0.9904041
 outer loop
  vertex -10.838625 -127.75845 -8.242656
  vertex -13.683918 -118.3788 -9.569404
  vertex -9.196482 -126.774185 -8.242656
 endloop
endfacet
facet normal -0.027934605 0.046152323 0.99854386
 outer loop
  vertex -55.289482 -61.233032 -0.9801714
  vertex -44.885807 -76.14282 0
  vertex -38.085236 -72.02664 0
 endloop
endfacet
facet normal -0.027795346 0.046373714 0.99853736
 outer loop
  vertex -55.289482 -61.233032 -0.9801714
  vertex -38.085236 -72.02664 0
  vertex -46.912663 -56.21216 -0.9801714
 endloop
endfacet
facet normal 0.115804754 -0.19320786 0.9742998
 outer loop
  vertex -21.260744 -112.160645 9.238795
  vertex -16.127344 -119.84334 7.1051307
  vertex -13.683918 -118.3788 7.1051307
 endloop
endfacet
facet normal 0.115804225 -0.19320847 0.97429967
 outer loop
  vertex -21.260744 -112.160645 9.238795
  vertex -13.683918 -118.3788 7.1051307
  vertex -18.039562 -110.22995 9.238795
 endloop
endfacet
facet normal 0.01788725 -0.029842911 -0.99939454
 outer loop
  vertex -5.445538 -135.82979 -7.905112
  vertex -10.838625 -127.75845 -8.242656
  vertex -9.196482 -126.774185 -8.242656
 endloop
endfacet
facet normal 0.017887011 -0.02984301 -0.9993945
 outer loop
  vertex -5.445538 -135.82979 -7.905112
  vertex -9.196482 -126.774185 -8.242656
  vertex -4.620494 -135.33528 -7.905112
 endloop
endfacet
facet normal -0.28760046 0.4798322 -0.82888293
 outer loop
  vertex -54.489414 -62.430374 -1.9509033
  vertex -55.289482 -61.233032 -0.9801714
  vertex -46.912663 -56.21216 -0.9801714
 endloop
endfacet
facet normal -0.28759912 0.47983083 -0.82888436
 outer loop
  vertex -54.489414 -62.430374 -1.9509033
  vertex -46.912663 -56.21216 -0.9801714
  vertex -46.23381 -57.482162 -1.9509033
 endloop
endfacet
facet normal -0.15282512 0.2549743 0.9547945
 outer loop
  vertex -26.189388 -104.78443 6.4801226
  vertex -21.260744 -112.160645 9.238795
  vertex -18.039562 -110.22995 9.238795
 endloop
endfacet
facet normal -0.15282542 0.25497392 0.9547946
 outer loop
  vertex -26.189388 -104.78443 6.4801226
  vertex -18.039562 -110.22995 9.238795
  vertex -22.221478 -102.40616 6.4801226
 endloop
endfacet
facet normal 0.31167552 -0.52000505 -0.7952692
 outer loop
  vertex -2.722769 -139.90471 -4.1735454
  vertex -5.445538 -135.82979 -7.905112
  vertex -4.620494 -135.33528 -7.905112
 endloop
endfacet
facet normal 0.31169087 -0.5199979 -0.7952678
 outer loop
  vertex -2.722769 -139.90471 -4.1735454
  vertex -4.620494 -135.33528 -7.905112
  vertex -2.310247 -139.65744 -4.1735454
 endloop
endfacet
facet normal -0.190817 0.31835935 -0.92856675
 outer loop
  vertex -53.16472 -64.41294 -2.9028468
  vertex -54.489414 -62.430374 -1.9509033
  vertex -46.23381 -57.482162 -1.9509033
 endloop
endfacet
facet normal -0.19081731 0.31835964 -0.9285666
 outer loop
  vertex -53.16472 -64.41294 -2.9028468
  vertex -46.23381 -57.482162 -1.9509033
  vertex -45.109818 -59.585022 -2.9028468
 endloop
endfacet
facet normal -0.030795975 0.051380005 0.9982043
 outer loop
  vertex -30.865795 -97.785675 5.975606
  vertex -26.189388 -104.78443 6.4801226
  vertex -22.221478 -102.40616 6.4801226
 endloop
endfacet
facet normal -0.030795975 0.051380005 0.9982043
 outer loop
  vertex -30.865795 -97.785675 5.975606
  vertex -22.221478 -102.40616 6.4801226
  vertex -26.18937 -94.982735 5.975606
 endloop
endfacet
facet normal -0.13853182 0.2311265 -0.9630106
 outer loop
  vertex -51.32793 -67.161896 -3.8268344
  vertex -53.16472 -64.41294 -2.9028468
  vertex -45.109818 -59.585022 -2.9028468
 endloop
endfacet
facet normal -0.13853176 0.23112647 -0.96301067
 outer loop
  vertex -51.32793 -67.161896 -3.8268344
  vertex -45.109818 -59.585022 -2.9028468
  vertex -43.55132 -62.50078 -3.8268344
 endloop
endfacet
facet normal 0.11182759 -0.18657315 0.9760559
 outer loop
  vertex -35.24495 -91.2318 7.730104
  vertex -30.865795 -97.785675 5.975606
  vertex -26.18937 -94.982735 5.975606
 endloop
endfacet
facet normal 0.111827485 -0.18657339 0.9760558
 outer loop
  vertex -35.24495 -91.2318 7.730104
  vertex -26.18937 -94.982735 5.975606
  vertex -29.905045 -88.03119 7.730104
 endloop
endfacet
facet normal -0.106470235 0.17763501 -0.97831994
 outer loop
  vertex -48.99688 -70.65058 -4.713968
  vertex -51.32793 -67.161896 -3.8268344
  vertex -43.55132 -62.50078 -3.8268344
 endloop
endfacet
facet normal -0.10647016 0.17763495 -0.9783199
 outer loop
  vertex -48.99688 -70.65058 -4.713968
  vertex -43.55132 -62.50078 -3.8268344
  vertex -41.57344 -66.20115 -4.713968
 endloop
endfacet
facet normal -0.046460275 0.07751449 0.99590814
 outer loop
  vertex -39.284744 -85.18584 7.071068
  vertex -35.24495 -91.2318 7.730104
  vertex -29.905045 -88.03119 7.730104
 endloop
endfacet
facet normal -0.046460334 0.07751431 0.99590814
 outer loop
  vertex -39.284744 -85.18584 7.071068
  vertex -29.905045 -88.03119 7.730104
  vertex -33.33278 -81.61836 7.071068
 endloop
endfacet
facet normal -0.08470353 0.14131948 -0.9863337
 outer loop
  vertex -46.193977 -74.84544 -5.5557027
  vertex -48.99688 -70.65058 -4.713968
  vertex -41.57344 -66.20115 -4.713968
 endloop
endfacet
facet normal -0.08470363 0.14131953 -0.98633367
 outer loop
  vertex -46.193977 -74.84544 -5.5557027
  vertex -41.57344 -66.20115 -4.713968
  vertex -39.195206 -70.65054 -5.5557027
 endloop
endfacet
facet normal -0.05644814 0.09417793 0.99395376
 outer loop
  vertex -42.94609 -79.70619 6.3439336
  vertex -39.284744 -85.18584 7.071068
  vertex -33.33278 -81.61836 7.071068
 endloop
endfacet
facet normal -0.056448095 0.09417813 0.99395376
 outer loop
  vertex -42.94609 -79.70619 6.3439336
  vertex -33.33278 -81.61836 7.071068
  vertex -36.439396 -75.80624 6.3439336
 endloop
endfacet
facet normal -0.06877757 0.11474849 -0.9910107
 outer loop
  vertex -42.94609 -79.70619 -6.3439336
  vertex -46.193977 -74.84544 -5.5557027
  vertex -39.195206 -70.65054 -5.5557027
 endloop
endfacet
facet normal -0.06877745 0.11474844 -0.9910108
 outer loop
  vertex -42.94609 -79.70619 -6.3439336
  vertex -39.195206 -70.65054 -5.5557027
  vertex -36.439396 -75.80624 -6.3439336
 endloop
endfacet
facet normal -0.06877751 0.114748545 0.9910108
 outer loop
  vertex -46.193977 -74.84544 5.5557027
  vertex -42.94609 -79.70619 6.3439336
  vertex -36.439396 -75.80624 6.3439336
 endloop
endfacet
facet normal -0.068777524 0.11474841 0.99101084
 outer loop
  vertex -46.193977 -74.84544 5.5557027
  vertex -36.439396 -75.80624 6.3439336
  vertex -39.195206 -70.65054 5.5557027
 endloop
endfacet
facet normal -0.056448027 0.094178006 -0.99395376
 outer loop
  vertex -39.284744 -85.18584 -7.071068
  vertex -42.94609 -79.70619 -6.3439336
  vertex -36.439396 -75.80624 -6.3439336
 endloop
endfacet
facet normal -0.056448225 0.09417808 -0.9939538
 outer loop
  vertex -39.284744 -85.18584 -7.071068
  vertex -36.439396 -75.80624 -6.3439336
  vertex -33.33278 -81.61836 -7.071068
 endloop
endfacet
facet normal -0.08470357 0.14131944 0.98633367
 outer loop
  vertex -48.99688 -70.65058 4.713968
  vertex -46.193977 -74.84544 5.5557027
  vertex -39.195206 -70.65054 5.5557027
 endloop
endfacet
facet normal -0.08470357 0.14131956 0.9863336
 outer loop
  vertex -48.99688 -70.65058 4.713968
  vertex -39.195206 -70.65054 5.5557027
  vertex -41.57344 -66.20115 4.713968
 endloop
endfacet
facet normal -0.046460398 0.07751441 -0.9959081
 outer loop
  vertex -35.24495 -91.2318 -7.730104
  vertex -39.284744 -85.18584 -7.071068
  vertex -33.33278 -81.61836 -7.071068
 endloop
endfacet
facet normal -0.0464602 0.077514365 -0.9959081
 outer loop
  vertex -35.24495 -91.2318 -7.730104
  vertex -33.33278 -81.61836 -7.071068
  vertex -29.905045 -88.03119 -7.730104
 endloop
endfacet
facet normal -0.106470205 0.17763503 0.9783199
 outer loop
  vertex -51.32793 -67.161896 3.8268344
  vertex -48.99688 -70.65058 4.713968
  vertex -41.57344 -66.20115 4.713968
 endloop
endfacet
facet normal -0.1064702 0.17763492 0.97831994
 outer loop
  vertex -51.32793 -67.161896 3.8268344
  vertex -41.57344 -66.20115 4.713968
  vertex -43.55132 -62.50078 3.8268344
 endloop
endfacet
facet normal -0.038069732 0.06351568 -0.9972545
 outer loop
  vertex -30.865795 -97.785675 -8.314696
  vertex -35.24495 -91.2318 -7.730104
  vertex -29.905045 -88.03119 -7.730104
 endloop
endfacet
facet normal -0.038069822 0.06351569 -0.9972545
 outer loop
  vertex -30.865795 -97.785675 -8.314696
  vertex -29.905045 -88.03119 -7.730104
  vertex -26.18937 -94.982735 -8.314696
 endloop
endfacet
facet normal -0.1385318 0.23112653 0.96301067
 outer loop
  vertex -53.16472 -64.41294 2.9028468
  vertex -51.32793 -67.161896 3.8268344
  vertex -43.55132 -62.50078 3.8268344
 endloop
endfacet
facet normal -0.13853177 0.23112644 0.96301067
 outer loop
  vertex -53.16472 -64.41294 2.9028468
  vertex -43.55132 -62.50078 3.8268344
  vertex -45.109818 -59.585022 2.9028468
 endloop
endfacet
facet normal -0.11107152 0.23483676 0.9656681
 outer loop
  vertex -9.196482 -126.774185 7.3435783
  vertex -4.620494 -135.33528 9.951847
  vertex -3.750952 -134.92401 9.951847
 endloop
endfacet
facet normal -0.11106915 0.23483823 0.96566796
 outer loop
  vertex -9.196482 -126.774185 7.3435783
  vertex -3.750952 -134.92401 9.951847
  vertex -7.465771 -125.95563 7.3435783
 endloop
endfacet
facet normal -0.015306755 0.032363545 -0.99935895
 outer loop
  vertex -13.683918 -118.3788 -9.569404
  vertex -18.039562 -110.22995 -9.238795
  vertex -14.64465 -108.62428 -9.238795
 endloop
endfacet
facet normal -0.0153067615 0.032363545 -0.99935895
 outer loop
  vertex -13.683918 -118.3788 -9.569404
  vertex -14.64465 -108.62428 -9.238795
  vertex -11.108707 -117.16082 -9.569404
 endloop
endfacet
facet normal -0.0231574 0.048962228 -0.9985321
 outer loop
  vertex -38.085236 -72.02664 0
  vertex -46.912663 -56.21216 0.9801714
  vertex -38.08405 -52.036537 0.9801714
 endloop
endfacet
facet normal -0.023384972 0.048961986 -0.9985268
 outer loop
  vertex -38.085236 -72.02664 0
  vertex -38.08405 -52.036537 0.9801714
  vertex -30.917883 -68.60341 0
 endloop
endfacet
facet normal -0.01071909 0.022663815 0.99968565
 outer loop
  vertex -13.683918 -118.3788 7.1051307
  vertex -9.196482 -126.774185 7.3435783
  vertex -7.465771 -125.95563 7.3435783
 endloop
endfacet
facet normal -0.010719127 0.022663783 0.9996857
 outer loop
  vertex -13.683918 -118.3788 7.1051307
  vertex -7.465771 -125.95563 7.3435783
  vertex -11.108707 -117.16082 7.1051307
 endloop
endfacet
facet normal 0.05908865 -0.124932915 -0.99040407
 outer loop
  vertex -9.196482 -126.774185 -8.242656
  vertex -13.683918 -118.3788 -9.569404
  vertex -11.108707 -117.16082 -9.569404
 endloop
endfacet
facet normal 0.059088346 -0.124932975 -0.99040407
 outer loop
  vertex -9.196482 -126.774185 -8.242656
  vertex -11.108707 -117.16082 -9.569404
  vertex -7.465771 -125.95563 -8.242656
 endloop
endfacet
facet normal -0.023337174 0.048861925 0.9985329
 outer loop
  vertex -46.912663 -56.21216 -0.9801714
  vertex -38.085236 -72.02664 0
  vertex -30.917883 -68.60341 0
 endloop
endfacet
facet normal -0.02319596 0.049043767 0.9985273
 outer loop
  vertex -46.912663 -56.21216 -0.9801714
  vertex -30.917883 -68.60341 0
  vertex -38.08405 -52.036537 -0.9801714
 endloop
endfacet
facet normal 0.09630894 -0.20362888 0.97429967
 outer loop
  vertex -18.039562 -110.22995 9.238795
  vertex -13.683918 -118.3788 7.1051307
  vertex -11.108707 -117.16082 7.1051307
 endloop
endfacet
facet normal 0.096308924 -0.2036289 0.97429967
 outer loop
  vertex -18.039562 -110.22995 9.238795
  vertex -11.108707 -117.16082 7.1051307
  vertex -14.64465 -108.62428 9.238795
 endloop
endfacet
facet normal 0.014875804 -0.03145253 -0.99939454
 outer loop
  vertex -4.620494 -135.33528 -7.905112
  vertex -9.196482 -126.774185 -8.242656
  vertex -7.465771 -125.95563 -8.242656
 endloop
endfacet
facet normal 0.014876164 -0.031452417 -0.9993946
 outer loop
  vertex -4.620494 -135.33528 -7.905112
  vertex -7.465771 -125.95563 -8.242656
  vertex -3.750952 -134.92401 -7.905112
 endloop
endfacet
facet normal -0.23918301 0.50571024 -0.8288839
 outer loop
  vertex -46.23381 -57.482162 -1.9509033
  vertex -46.912663 -56.21216 -0.9801714
  vertex -38.08405 -52.036537 -0.9801714
 endloop
endfacet
facet normal -0.23918252 0.5057096 -0.82888454
 outer loop
  vertex -46.23381 -57.482162 -1.9509033
  vertex -38.08405 -52.036537 -0.9801714
  vertex -37.532948 -53.366966 -1.9509033
 endloop
endfacet
facet normal -0.12709737 0.2687259 0.9547945
 outer loop
  vertex -22.221478 -102.40616 6.4801226
  vertex -18.039562 -110.22995 9.238795
  vertex -14.64465 -108.62428 9.238795
 endloop
endfacet
facet normal -0.12709768 0.2687255 0.95479465
 outer loop
  vertex -22.221478 -102.40616 6.4801226
  vertex -14.64465 -108.62428 9.238795
  vertex -18.039564 -100.42826 6.4801226
 endloop
endfacet
facet normal 0.25921232 -0.5480485 -0.7952684
 outer loop
  vertex -2.310247 -139.65744 -4.1735454
  vertex -4.620494 -135.33528 -7.905112
  vertex -3.750952 -134.92401 -7.905112
 endloop
endfacet
facet normal 0.25920427 -0.5480513 -0.795269
 outer loop
  vertex -2.310247 -139.65744 -4.1735454
  vertex -3.750952 -134.92401 -7.905112
  vertex -1.875476 -139.45181 -4.1735454
 endloop
endfacet
facet normal -0.15869367 0.33553 -0.92856663
 outer loop
  vertex -45.109818 -59.585022 -2.9028468
  vertex -46.23381 -57.482162 -1.9509033
  vertex -37.532948 -53.366966 -1.9509033
 endloop
endfacet
facet normal -0.15869376 0.3355301 -0.9285666
 outer loop
  vertex -45.109818 -59.585022 -2.9028468
  vertex -37.532948 -53.366966 -1.9509033
  vertex -36.620483 -55.56987 -2.9028468
 endloop
endfacet
facet normal -0.025611572 0.054151118 0.9982043
 outer loop
  vertex -26.18937 -94.982735 5.975606
  vertex -22.221478 -102.40616 6.4801226
  vertex -18.039564 -100.42826 6.4801226
 endloop
endfacet
facet normal -0.025611538 0.054151166 0.9982043
 outer loop
  vertex -26.18937 -94.982735 5.975606
  vertex -18.039564 -100.42826 6.4801226
  vertex -21.260725 -92.651665 5.975606
 endloop
endfacet
facet normal -0.1152103 0.24359196 -0.9630106
 outer loop
  vertex -43.55132 -62.50078 -3.8268344
  vertex -45.109818 -59.585022 -2.9028468
  vertex -36.620483 -55.56987 -2.9028468
 endloop
endfacet
facet normal -0.11521047 0.24359214 -0.9630106
 outer loop
  vertex -43.55132 -62.50078 -3.8268344
  vertex -36.620483 -55.56987 -2.9028468
  vertex -35.355286 -58.624344 -3.8268344
 endloop
endfacet
facet normal 0.093001686 -0.19663596 0.97605586
 outer loop
  vertex -29.905045 -88.03119 7.730104
  vertex -26.18937 -94.982735 5.975606
  vertex -21.260725 -92.651665 5.975606
 endloop
endfacet
facet normal 0.09300186 -0.1966357 0.97605586
 outer loop
  vertex -29.905045 -88.03119 7.730104
  vertex -21.260725 -92.651665 5.975606
  vertex -24.277138 -85.369385 7.730104
 endloop
endfacet
facet normal -0.08854628 0.18721542 -0.97831994
 outer loop
  vertex -41.57344 -66.20115 -4.713968
  vertex -43.55132 -62.50078 -3.8268344
  vertex -35.355286 -58.624344 -3.8268344
 endloop
endfacet
facet normal -0.08854628 0.18721542 -0.9783199
 outer loop
  vertex -41.57344 -66.20115 -4.713968
  vertex -35.355286 -58.624344 -3.8268344
  vertex -33.74963 -62.500763 -4.713968
 endloop
endfacet
facet normal -0.03863888 0.08169497 0.99590814
 outer loop
  vertex -33.33278 -81.61836 7.071068
  vertex -29.905045 -88.03119 7.730104
  vertex -24.277138 -85.369385 7.730104
 endloop
endfacet
facet normal -0.03863885 0.081695035 0.99590814
 outer loop
  vertex -33.33278 -81.61836 7.071068
  vertex -24.277138 -85.369385 7.730104
  vertex -27.059801 -78.65147 7.071068
 endloop
endfacet
facet normal -0.07044402 0.14894138 -0.9863336
 outer loop
  vertex -39.195206 -70.65054 -5.5557027
  vertex -41.57344 -66.20115 -4.713968
  vertex -33.74963 -62.500763 -4.713968
 endloop
endfacet
facet normal -0.070443995 0.1489414 -0.98633367
 outer loop
  vertex -39.195206 -70.65054 -5.5557027
  vertex -33.74963 -62.500763 -4.713968
  vertex -31.818964 -67.16184 -5.5557027
 endloop
endfacet
facet normal -0.04694526 0.09925746 0.9939538
 outer loop
  vertex -36.439396 -75.80624 6.3439336
  vertex -33.33278 -81.61836 7.071068
  vertex -27.059801 -78.65147 7.071068
 endloop
endfacet
facet normal -0.046945237 0.09925754 0.99395376
 outer loop
  vertex -36.439396 -75.80624 6.3439336
  vertex -27.059801 -78.65147 7.071068
  vertex -29.581772 -72.56283 6.3439336
 endloop
endfacet
facet normal -0.05719906 0.12093731 -0.99101084
 outer loop
  vertex -36.439396 -75.80624 -6.3439336
  vertex -39.195206 -70.65054 -5.5557027
  vertex -31.818964 -67.16184 -5.5557027
 endloop
endfacet
facet normal -0.057198945 0.12093723 -0.9910108
 outer loop
  vertex -36.439396 -75.80624 -6.3439336
  vertex -31.818964 -67.16184 -5.5557027
  vertex -29.581772 -72.56283 -6.3439336
 endloop
endfacet
facet normal -0.057198986 0.12093734 0.9910108
 outer loop
  vertex -39.195206 -70.65054 5.5557027
  vertex -36.439396 -75.80624 6.3439336
  vertex -29.581772 -72.56283 6.3439336
 endloop
endfacet
facet normal -0.057199012 0.12093721 0.99101084
 outer loop
  vertex -39.195206 -70.65054 5.5557027
  vertex -29.581772 -72.56283 6.3439336
  vertex -31.818964 -67.16184 5.5557027
 endloop
endfacet
facet normal -0.046945203 0.099257484 -0.99395376
 outer loop
  vertex -33.33278 -81.61836 -7.071068
  vertex -36.439396 -75.80624 -6.3439336
  vertex -29.581772 -72.56283 -6.3439336
 endloop
endfacet
facet normal -0.04694528 0.09925752 -0.99395376
 outer loop
  vertex -33.33278 -81.61836 -7.071068
  vertex -29.581772 -72.56283 -6.3439336
  vertex -27.059801 -78.65147 -7.071068
 endloop
endfacet
facet normal -0.070444 0.1489414 0.98633367
 outer loop
  vertex -41.57344 -66.20115 4.713968
  vertex -39.195206 -70.65054 5.5557027
  vertex -31.818964 -67.16184 5.5557027
 endloop
endfacet
facet normal -0.07044402 0.14894138 0.9863337
 outer loop
  vertex -41.57344 -66.20115 4.713968
  vertex -31.818964 -67.16184 5.5557027
  vertex -33.74963 -62.500763 4.713968
 endloop
endfacet
facet normal -0.038638834 0.08169499 -0.99590814
 outer loop
  vertex -29.905045 -88.03119 -7.730104
  vertex -33.33278 -81.61836 -7.071068
  vertex -27.059801 -78.65147 -7.071068
 endloop
endfacet
facet normal -0.0386389 0.08169501 -0.9959081
 outer loop
  vertex -29.905045 -88.03119 -7.730104
  vertex -27.059801 -78.65147 -7.071068
  vertex -24.277138 -85.369385 -7.730104
 endloop
endfacet
facet normal -0.088546276 0.18721542 0.9783199
 outer loop
  vertex -43.55132 -62.50078 3.8268344
  vertex -41.57344 -66.20115 4.713968
  vertex -33.74963 -62.500763 4.713968
 endloop
endfacet
facet normal -0.08854629 0.18721542 0.97831994
 outer loop
  vertex -43.55132 -62.50078 3.8268344
  vertex -33.74963 -62.500763 4.713968
  vertex -35.355286 -58.624344 3.8268344
 endloop
endfacet
facet normal -0.03166092 0.06694132 -0.9972545
 outer loop
  vertex -26.18937 -94.982735 -8.314696
  vertex -29.905045 -88.03119 -7.730104
  vertex -24.277138 -85.369385 -7.730104
 endloop
endfacet
facet normal -0.031660806 0.06694129 -0.9972545
 outer loop
  vertex -26.18937 -94.982735 -8.314696
  vertex -24.277138 -85.369385 -7.730104
  vertex -21.260725 -92.651665 -8.314696
 endloop
endfacet
facet normal -0.11521038 0.24359193 0.9630106
 outer loop
  vertex -45.109818 -59.585022 2.9028468
  vertex -43.55132 -62.50078 3.8268344
  vertex -35.355286 -58.624344 3.8268344
 endloop
endfacet
facet normal -0.11521041 0.24359214 0.96301055
 outer loop
  vertex -45.109818 -59.585022 2.9028468
  vertex -35.355286 -58.624344 3.8268344
  vertex -36.620483 -55.56987 2.9028468
 endloop
endfacet
facet normal -0.025611527 0.054151144 -0.9982043
 outer loop
  vertex -22.221478 -102.40616 -8.819213
  vertex -26.18937 -94.982735 -8.314696
  vertex -21.260725 -92.651665 -8.314696
 endloop
endfacet
facet normal -0.025611589 0.054151148 -0.9982043
 outer loop
  vertex -22.221478 -102.40616 -8.819213
  vertex -21.260725 -92.651665 -8.314696
  vertex -18.039564 -100.42826 -8.819213
 endloop
endfacet
facet normal -0.15869369 0.33552995 0.9285666
 outer loop
  vertex -46.23381 -57.482162 1.9509033
  vertex -45.109818 -59.585022 2.9028468
  vertex -36.620483 -55.56987 2.9028468
 endloop
endfacet
facet normal -0.15869372 0.33553013 0.9285666
 outer loop
  vertex -46.23381 -57.482162 1.9509033
  vertex -36.620483 -55.56987 2.9028468
  vertex -37.532948 -53.366966 1.9509033
 endloop
endfacet
facet normal -0.0021029906 0.0044463226 0.99998796
 outer loop
  vertex -4.620494 -135.33528 9.951847
  vertex 0 -143.97961 10
  vertex -3.750952 -134.92401 9.951847
 endloop
endfacet
facet normal -0.020223608 0.042759232 -0.9988807
 outer loop
  vertex -18.039562 -110.22995 -9.238795
  vertex -22.221478 -102.40616 -8.819213
  vertex -18.039564 -100.42826 -8.819213
 endloop
endfacet
facet normal -0.020223528 0.04275923 -0.9988808
 outer loop
  vertex -18.039562 -110.22995 -9.238795
  vertex -18.039564 -100.42826 -8.819213
  vertex -14.64465 -108.62428 -9.238795
 endloop
endfacet
facet normal -0.23918287 0.50571036 0.82888395
 outer loop
  vertex -46.912663 -56.21216 0.9801714
  vertex -46.23381 -57.482162 1.9509033
  vertex -37.532948 -53.366966 1.9509033
 endloop
endfacet
facet normal -0.23918267 0.50570947 0.8288845
 outer loop
  vertex -46.912663 -56.21216 0.9801714
  vertex -37.532948 -53.366966 1.9509033
  vertex -38.08405 -52.036537 0.9801714
 endloop
endfacet
facet normal 0.075886205 -0.21208827 0.97429967
 outer loop
  vertex -14.64465 -108.62428 9.238795
  vertex -11.108707 -117.16082 7.1051307
  vertex -8.426515 -116.20112 7.1051307
 endloop
endfacet
facet normal 0.07588641 -0.21208814 0.97429967
 outer loop
  vertex -14.64465 -108.62428 9.238795
  vertex -8.426515 -116.20112 7.1051307
  vertex -11.108704 -107.3591 9.238795
 endloop
endfacet
facet normal 0.011721494 -0.032759123 -0.99939454
 outer loop
  vertex -3.750952 -134.92401 -7.905112
  vertex -7.465771 -125.95563 -8.242656
  vertex -5.6631618 -125.31064 -8.242656
 endloop
endfacet
facet normal 0.011721358 -0.03275915 -0.9993946
 outer loop
  vertex -3.750952 -134.92401 -7.905112
  vertex -5.6631618 -125.31064 -8.242656
  vertex -2.8452861 -134.59996 -7.905112
 endloop
endfacet
facet normal -0.18846267 0.5267189 -0.8288842
 outer loop
  vertex -37.532948 -53.366966 -1.9509033
  vertex -38.08405 -52.036537 -0.9801714
  vertex -28.888668 -48.746384 -0.9801714
 endloop
endfacet
facet normal -0.18846278 0.5267191 -0.82888395
 outer loop
  vertex -37.532948 -53.366966 -1.9509033
  vertex -28.888668 -48.746384 -0.9801714
  vertex -28.470623 -50.12442 -1.9509033
 endloop
endfacet
facet normal -0.100146025 0.2798893 0.9547946
 outer loop
  vertex -18.039564 -100.42826 6.4801226
  vertex -14.64465 -108.62428 9.238795
  vertex -11.108704 -107.3591 9.238795
 endloop
endfacet
facet normal -0.100145824 0.2798895 0.9547946
 outer loop
  vertex -18.039564 -100.42826 6.4801226
  vertex -11.108704 -107.3591 9.238795
  vertex -13.683918 -98.86979 6.4801226
 endloop
endfacet
facet normal 0.20424093 -0.5708179 -0.7952689
 outer loop
  vertex -1.875476 -139.45181 -4.1735454
  vertex -3.750952 -134.92401 -7.905112
  vertex -2.8452861 -134.59996 -7.905112
 endloop
endfacet
facet normal 0.204232 -0.5708201 -0.7952696
 outer loop
  vertex -1.875476 -139.45181 -4.1735454
  vertex -2.8452861 -134.59996 -7.905112
  vertex -1.4226431 -139.2898 -4.1735454
 endloop
endfacet
facet normal -0.12504183 0.3494691 -0.9285666
 outer loop
  vertex -36.620483 -55.56987 -2.9028468
  vertex -37.532948 -53.366966 -1.9509033
  vertex -28.470623 -50.12442 -1.9509033
 endloop
endfacet
facet normal -0.12504148 0.34946865 -0.9285668
 outer loop
  vertex -36.620483 -55.56987 -2.9028468
  vertex -28.470623 -50.12442 -1.9509033
  vertex -27.778475 -52.40616 -2.9028468
 endloop
endfacet
facet normal -0.020180475 0.05640077 0.9982042
 outer loop
  vertex -21.260725 -92.651665 5.975606
  vertex -18.039564 -100.42826 6.4801226
  vertex -13.683918 -98.86979 6.4801226
 endloop
endfacet
facet normal -0.020180475 0.056400783 0.9982043
 outer loop
  vertex -21.260725 -92.651665 5.975606
  vertex -13.683918 -98.86979 6.4801226
  vertex -16.127329 -90.81491 5.975606
 endloop
endfacet
facet normal -0.09077926 0.25371182 -0.96301055
 outer loop
  vertex -35.355286 -58.624344 -3.8268344
  vertex -36.620483 -55.56987 -2.9028468
  vertex -27.778475 -52.40616 -2.9028468
 endloop
endfacet
facet normal -0.09077949 0.2537121 -0.9630105
 outer loop
  vertex -35.355286 -58.624344 -3.8268344
  vertex -27.778475 -52.40616 -2.9028468
  vertex -26.81876 -55.56993 -3.8268344
 endloop
endfacet
facet normal 0.0732801 -0.20480469 0.9760559
 outer loop
  vertex -24.277138 -85.369385 7.730104
  vertex -21.260725 -92.651665 5.975606
  vertex -16.127329 -90.81491 5.975606
 endloop
endfacet
facet normal 0.07328001 -0.2048048 0.97605586
 outer loop
  vertex -24.277138 -85.369385 7.730104
  vertex -16.127329 -90.81491 5.975606
  vertex -18.41543 -83.27204 7.730104
 endloop
endfacet
facet normal -0.06976949 0.19499296 -0.97831994
 outer loop
  vertex -33.74963 -62.500763 -4.713968
  vertex -35.355286 -58.624344 -3.8268344
  vertex -26.81876 -55.56993 -3.8268344
 endloop
endfacet
facet normal -0.069769725 0.1949932 -0.9783199
 outer loop
  vertex -33.74963 -62.500763 -4.713968
  vertex -26.81876 -55.56993 -3.8268344
  vertex -25.600792 -59.58506 -4.713968
 endloop
endfacet
facet normal -0.030445185 0.08508896 0.9959081
 outer loop
  vertex -27.059801 -78.65147 7.071068
  vertex -24.277138 -85.369385 7.730104
  vertex -18.41543 -83.27204 7.730104
 endloop
endfacet
facet normal -0.030445218 0.08508891 0.9959081
 outer loop
  vertex -27.059801 -78.65147 7.071068
  vertex -18.41543 -83.27204 7.730104
  vertex -20.526222 -76.31372 7.071068
 endloop
endfacet
facet normal -0.055506025 0.15512885 -0.9863337
 outer loop
  vertex -31.818964 -67.16184 -5.5557027
  vertex -33.74963 -62.500763 -4.713968
  vertex -25.600792 -59.58506 -4.713968
 endloop
endfacet
facet normal -0.055506077 0.15512888 -0.98633367
 outer loop
  vertex -31.818964 -67.16184 -5.5557027
  vertex -25.600792 -59.58506 -4.713968
  vertex -24.136288 -64.41293 -5.5557027
 endloop
endfacet
facet normal -0.036990218 0.103381015 0.9939538
 outer loop
  vertex -29.581772 -72.56283 6.3439336
  vertex -27.059801 -78.65147 7.071068
  vertex -20.526222 -76.31372 7.071068
 endloop
endfacet
facet normal -0.036990225 0.10338099 0.99395376
 outer loop
  vertex -29.581772 -72.56283 6.3439336
  vertex -20.526222 -76.31372 7.071068
  vertex -22.439259 -70.0072 6.3439336
 endloop
endfacet
facet normal -0.04506976 0.12596138 -0.99101084
 outer loop
  vertex -29.581772 -72.56283 -6.3439336
  vertex -31.818964 -67.16184 -5.5557027
  vertex -24.136288 -64.41293 -5.5557027
 endloop
endfacet
facet normal -0.04506954 0.12596123 -0.99101084
 outer loop
  vertex -29.581772 -72.56283 -6.3439336
  vertex -24.136288 -64.41293 -5.5557027
  vertex -22.439259 -70.0072 -6.3439336
 endloop
endfacet
facet normal -0.04506962 0.12596144 0.9910108
 outer loop
  vertex -31.818964 -67.16184 5.5557027
  vertex -29.581772 -72.56283 6.3439336
  vertex -22.439259 -70.0072 6.3439336
 endloop
endfacet
facet normal -0.04506969 0.12596118 0.99101084
 outer loop
  vertex -31.818964 -67.16184 5.5557027
  vertex -22.439259 -70.0072 6.3439336
  vertex -24.136288 -64.41293 5.5557027
 endloop
endfacet
facet normal -0.036990225 0.10338101 -0.99395376
 outer loop
  vertex -27.059801 -78.65147 -7.071068
  vertex -29.581772 -72.56283 -6.3439336
  vertex -22.439259 -70.0072 -6.3439336
 endloop
endfacet
facet normal -0.036990214 0.10338099 -0.9939538
 outer loop
  vertex -27.059801 -78.65147 -7.071068
  vertex -22.439259 -70.0072 -6.3439336
  vertex -20.526222 -76.31372 -7.071068
 endloop
endfacet
facet normal -0.055506054 0.15512884 0.98633367
 outer loop
  vertex -33.74963 -62.500763 4.713968
  vertex -31.818964 -67.16184 5.5557027
  vertex -24.136288 -64.41293 5.5557027
 endloop
endfacet
facet normal -0.05550604 0.15512888 0.9863336
 outer loop
  vertex -33.74963 -62.500763 4.713968
  vertex -24.136288 -64.41293 5.5557027
  vertex -25.600792 -59.58506 4.713968
 endloop
endfacet
facet normal -0.030445233 0.08508895 -0.99590814
 outer loop
  vertex -24.277138 -85.369385 -7.730104
  vertex -27.059801 -78.65147 -7.071068
  vertex -20.526222 -76.31372 -7.071068
 endloop
endfacet
facet normal -0.03044517 0.08508892 -0.99590814
 outer loop
  vertex -24.277138 -85.369385 -7.730104
  vertex -20.526222 -76.31372 -7.071068
  vertex -18.41543 -83.27204 -7.730104
 endloop
endfacet
facet normal -0.06976963 0.19499291 0.97831994
 outer loop
  vertex -35.355286 -58.624344 3.8268344
  vertex -33.74963 -62.500763 4.713968
  vertex -25.600792 -59.58506 4.713968
 endloop
endfacet
facet normal -0.06976959 0.19499326 0.9783199
 outer loop
  vertex -35.355286 -58.624344 3.8268344
  vertex -25.600792 -59.58506 4.713968
  vertex -26.81876 -55.56993 3.8268344
 endloop
endfacet
facet normal -0.02494692 0.06972227 -0.9972545
 outer loop
  vertex -21.260725 -92.651665 -8.314696
  vertex -24.277138 -85.369385 -7.730104
  vertex -18.41543 -83.27204 -7.730104
 endloop
endfacet
facet normal -0.024946962 0.06972229 -0.9972545
 outer loop
  vertex -21.260725 -92.651665 -8.314696
  vertex -18.41543 -83.27204 -7.730104
  vertex -16.127329 -90.81491 -8.314696
 endloop
endfacet
facet normal -0.09077939 0.2537118 0.9630106
 outer loop
  vertex -36.620483 -55.56987 2.9028468
  vertex -35.355286 -58.624344 3.8268344
  vertex -26.81876 -55.56993 3.8268344
 endloop
endfacet
facet normal -0.09077937 0.25371215 0.9630105
 outer loop
  vertex -36.620483 -55.56987 2.9028468
  vertex -26.81876 -55.56993 3.8268344
  vertex -27.778475 -52.40616 2.9028468
 endloop
endfacet
facet normal -0.02018047 0.056400776 -0.9982043
 outer loop
  vertex -18.039564 -100.42826 -8.819213
  vertex -21.260725 -92.651665 -8.314696
  vertex -16.127329 -90.81491 -8.314696
 endloop
endfacet
facet normal -0.020180477 0.056400776 -0.9982042
 outer loop
  vertex -18.039564 -100.42826 -8.819213
  vertex -16.127329 -90.81491 -8.314696
  vertex -13.683918 -98.86979 -8.819213
 endloop
endfacet
facet normal -0.12504168 0.34946913 0.92856663
 outer loop
  vertex -37.532948 -53.366966 1.9509033
  vertex -36.620483 -55.56987 2.9028468
  vertex -27.778475 -52.40616 2.9028468
 endloop
endfacet
facet normal -0.12504163 0.34946856 0.9285668
 outer loop
  vertex -37.532948 -53.366966 1.9509033
  vertex -27.778475 -52.40616 2.9028468
  vertex -28.470623 -50.12442 1.9509033
 endloop
endfacet
facet normal -0.0016570116 0.0046310523 0.99998796
 outer loop
  vertex -3.750952 -134.92401 9.951847
  vertex 0 -143.97961 10
  vertex -2.8452861 -134.59996 9.951847
 endloop
endfacet
facet normal -0.01593505 0.04453558 -0.9988807
 outer loop
  vertex -14.64465 -108.62428 -9.238795
  vertex -18.039564 -100.42826 -8.819213
  vertex -13.683918 -98.86979 -8.819213
 endloop
endfacet
facet normal -0.015935093 0.044535585 -0.9988808
 outer loop
  vertex -14.64465 -108.62428 -9.238795
  vertex -13.683918 -98.86979 -8.819213
  vertex -11.108704 -107.3591 -9.238795
 endloop
endfacet
facet normal -0.18846272 0.5267189 0.8288842
 outer loop
  vertex -38.08405 -52.036537 0.9801714
  vertex -37.532948 -53.366966 1.9509033
  vertex -28.470623 -50.12442 1.9509033
 endloop
endfacet
facet normal -0.18846278 0.5267192 0.828884
 outer loop
  vertex -38.08405 -52.036537 0.9801714
  vertex -28.470623 -50.12442 1.9509033
  vertex -28.888668 -48.746384 0.9801714
 endloop
endfacet
facet normal -0.08751672 0.24459401 0.965668
 outer loop
  vertex -7.465771 -125.95563 7.3435783
  vertex -3.750952 -134.92401 9.951847
  vertex -2.8452861 -134.59996 9.951847
 endloop
endfacet
facet normal -0.0875176 0.24459346 0.96566796
 outer loop
  vertex -7.465771 -125.95563 7.3435783
  vertex -2.8452861 -134.59996 9.951847
  vertex -5.6631618 -125.31064 7.3435783
 endloop
endfacet
facet normal -0.0120609235 0.03370801 -0.99935895
 outer loop
  vertex -11.108707 -117.16082 -9.569404
  vertex -14.64465 -108.62428 -9.238795
  vertex -11.108704 -107.3591 -9.238795
 endloop
endfacet
facet normal -0.012060886 0.03370801 -0.99935895
 outer loop
  vertex -11.108707 -117.16082 -9.569404
  vertex -11.108704 -107.3591 -9.238795
  vertex -8.426515 -116.20112 -9.569404
 endloop
endfacet
facet normal -0.018304994 0.051159132 -0.99852276
 outer loop
  vertex -30.917883 -68.60341 0
  vertex -38.08405 -52.036537 0.9801714
  vertex -28.888668 -48.746384 0.9801714
 endloop
endfacet
facet normal -0.018491816 0.05117801 -0.99851835
 outer loop
  vertex -30.917883 -68.60341 0
  vertex -28.888668 -48.746384 0.9801714
  vertex -23.452774 -65.90609 0
 endloop
endfacet
facet normal -0.008446169 0.023605276 0.99968565
 outer loop
  vertex -11.108707 -117.16082 7.1051307
  vertex -7.465771 -125.95563 7.3435783
  vertex -5.6631618 -125.31064 7.3435783
 endloop
endfacet
facet normal -0.008446097 0.023605322 0.9996857
 outer loop
  vertex -11.108707 -117.16082 7.1051307
  vertex -5.6631618 -125.31064 7.3435783
  vertex -8.426515 -116.20112 7.1051307
 endloop
endfacet
facet normal 0.04655863 -0.13012297 -0.99040407
 outer loop
  vertex -7.465771 -125.95563 -8.242656
  vertex -11.108707 -117.16082 -9.569404
  vertex -8.426515 -116.20112 -9.569404
 endloop
endfacet
facet normal 0.04655908 -0.13012291 -0.9904041
 outer loop
  vertex -7.465771 -125.95563 -8.242656
  vertex -8.426515 -116.20112 -9.569404
  vertex -5.6631618 -125.31064 -8.242656
 endloop
endfacet
facet normal -0.018460676 0.051091827 0.9985233
 outer loop
  vertex -38.08405 -52.036537 -0.9801714
  vertex -30.917883 -68.60341 0
  vertex -23.452774 -65.90609 0
 endloop
endfacet
facet normal -0.018330082 0.051229257 0.99851865
 outer loop
  vertex -38.08405 -52.036537 -0.9801714
  vertex -23.452774 -65.90609 0
  vertex -28.888668 -48.746384 -0.9801714
 endloop
endfacet
facet normal -0.014555149 0.058107205 0.9982043
 outer loop
  vertex -16.127329 -90.81491 5.975606
  vertex -13.683918 -98.86979 6.4801226
  vertex -9.196489 -97.74574 6.4801226
 endloop
endfacet
facet normal -0.014555106 0.058107246 0.9982043
 outer loop
  vertex -16.127329 -90.81491 5.975606
  vertex -9.196489 -97.74574 6.4801226
  vertex -10.838619 -89.49016 5.975606
 endloop
endfacet
facet normal -0.06547425 0.2613883 -0.9630105
 outer loop
  vertex -26.81876 -55.56993 -3.8268344
  vertex -27.778475 -52.40616 -2.9028468
  vertex -18.668945 -50.124344 -2.9028468
 endloop
endfacet
facet normal -0.065474264 0.2613883 -0.96301055
 outer loop
  vertex -26.81876 -55.56993 -3.8268344
  vertex -18.668945 -50.124344 -2.9028468
  vertex -18.023956 -53.36695 -3.8268344
 endloop
endfacet
facet normal 0.052853063 -0.21100125 0.97605586
 outer loop
  vertex -18.41543 -83.27204 7.730104
  vertex -16.127329 -90.81491 5.975606
  vertex -10.838619 -89.49016 5.975606
 endloop
endfacet
facet normal 0.052852996 -0.21100132 0.9760558
 outer loop
  vertex -18.41543 -83.27204 7.730104
  vertex -10.838619 -89.49016 5.975606
  vertex -12.376373 -81.75934 7.730104
 endloop
endfacet
facet normal -0.05032097 0.2008929 -0.9783199
 outer loop
  vertex -25.600792 -59.58506 -4.713968
  vertex -26.81876 -55.56993 -3.8268344
  vertex -18.023956 -53.36695 -3.8268344
 endloop
endfacet
facet normal -0.05032109 0.20089303 -0.9783199
 outer loop
  vertex -25.600792 -59.58506 -4.713968
  vertex -18.023956 -53.36695 -3.8268344
  vertex -17.205402 -57.482124 -4.713968
 endloop
endfacet
facet normal -0.021958495 0.08766334 0.9959081
 outer loop
  vertex -20.526222 -76.31372 7.071068
  vertex -18.41543 -83.27204 7.730104
  vertex -12.376373 -81.75934 7.730104
 endloop
endfacet
facet normal -0.021958563 0.087663256 0.99590814
 outer loop
  vertex -20.526222 -76.31372 7.071068
  vertex -12.376373 -81.75934 7.730104
  vertex -13.794966 -74.627625 7.071068
 endloop
endfacet
facet normal -0.040033434 0.1598224 -0.9863336
 outer loop
  vertex -24.136288 -64.41293 -5.5557027
  vertex -25.600792 -59.58506 -4.713968
  vertex -17.205402 -57.482124 -4.713968
 endloop
endfacet
facet normal -0.04003345 0.15982243 -0.98633367
 outer loop
  vertex -24.136288 -64.41293 -5.5557027
  vertex -17.205402 -57.482124 -4.713968
  vertex -16.221167 -62.430298 -5.5557027
 endloop
endfacet
facet normal -0.026679132 0.10650879 0.9939538
 outer loop
  vertex -22.439259 -70.0072 6.3439336
  vertex -20.526222 -76.31372 7.071068
  vertex -13.794966 -74.627625 7.071068
 endloop
endfacet
facet normal -0.02667902 0.106508985 0.99395376
 outer loop
  vertex -22.439259 -70.0072 6.3439336
  vertex -13.794966 -74.627625 7.071068
  vertex -15.080643 -68.16397 6.3439336
 endloop
endfacet
facet normal -0.032506287 0.12977232 -0.99101084
 outer loop
  vertex -22.439259 -70.0072 -6.3439336
  vertex -24.136288 -64.41293 -5.5557027
  vertex -16.221167 -62.430298 -5.5557027
 endloop
endfacet
facet normal -0.032506134 0.1297722 -0.99101084
 outer loop
  vertex -22.439259 -70.0072 -6.3439336
  vertex -16.221167 -62.430298 -5.5557027
  vertex -15.080643 -68.16397 -6.3439336
 endloop
endfacet
facet normal -0.032506175 0.12977235 0.99101084
 outer loop
  vertex -24.136288 -64.41293 5.5557027
  vertex -22.439259 -70.0072 6.3439336
  vertex -15.080643 -68.16397 6.3439336
 endloop
endfacet
facet normal -0.032506254 0.12977217 0.99101084
 outer loop
  vertex -24.136288 -64.41293 5.5557027
  vertex -15.080643 -68.16397 6.3439336
  vertex -16.221167 -62.430298 5.5557027
 endloop
endfacet
facet normal -0.026678983 0.10650883 -0.99395376
 outer loop
  vertex -20.526222 -76.31372 -7.071068
  vertex -22.439259 -70.0072 -6.3439336
  vertex -15.080643 -68.16397 -6.3439336
 endloop
endfacet
facet normal -0.026679175 0.106508955 -0.9939537
 outer loop
  vertex -20.526222 -76.31372 -7.071068
  vertex -15.080643 -68.16397 -6.3439336
  vertex -13.794966 -74.627625 -7.071068
 endloop
endfacet
facet normal -0.040033445 0.1598224 0.98633367
 outer loop
  vertex -25.600792 -59.58506 4.713968
  vertex -24.136288 -64.41293 5.5557027
  vertex -16.221167 -62.430298 5.5557027
 endloop
endfacet
facet normal -0.040033445 0.15982243 0.9863337
 outer loop
  vertex -25.600792 -59.58506 4.713968
  vertex -16.221167 -62.430298 5.5557027
  vertex -17.205402 -57.482124 4.713968
 endloop
endfacet
facet normal -0.021958573 0.08766332 -0.99590814
 outer loop
  vertex -18.41543 -83.27204 -7.730104
  vertex -20.526222 -76.31372 -7.071068
  vertex -13.794966 -74.627625 -7.071068
 endloop
endfacet
facet normal -0.021958472 0.08766326 -0.9959081
 outer loop
  vertex -18.41543 -83.27204 -7.730104
  vertex -13.794966 -74.627625 -7.071068
  vertex -12.376373 -81.75934 -7.730104
 endloop
endfacet
facet normal -0.050321046 0.20089287 0.9783199
 outer loop
  vertex -26.81876 -55.56993 3.8268344
  vertex -25.600792 -59.58506 4.713968
  vertex -17.205402 -57.482124 4.713968
 endloop
endfacet
facet normal -0.050321005 0.20089304 0.97831976
 outer loop
  vertex -26.81876 -55.56993 3.8268344
  vertex -17.205402 -57.482124 4.713968
  vertex -18.023956 -53.36695 3.8268344
 endloop
endfacet
facet normal -0.0179929 0.071831785 -0.9972545
 outer loop
  vertex -16.127329 -90.81491 -8.314696
  vertex -18.41543 -83.27204 -7.730104
  vertex -12.376373 -81.75934 -7.730104
 endloop
endfacet
facet normal -0.017992927 0.07183179 -0.9972545
 outer loop
  vertex -16.127329 -90.81491 -8.314696
  vertex -12.376373 -81.75934 -7.730104
  vertex -10.838619 -89.49016 -8.314696
 endloop
endfacet
facet normal -0.06547426 0.2613883 0.96301055
 outer loop
  vertex -27.778475 -52.40616 2.9028468
  vertex -26.81876 -55.56993 3.8268344
  vertex -18.023956 -53.36695 3.8268344
 endloop
endfacet
facet normal -0.06547425 0.26138833 0.9630105
 outer loop
  vertex -27.778475 -52.40616 2.9028468
  vertex -18.023956 -53.36695 3.8268344
  vertex -18.668945 -50.124344 2.9028468
 endloop
endfacet
facet normal -0.014555099 0.058107216 -0.9982043
 outer loop
  vertex -13.683918 -98.86979 -8.819213
  vertex -16.127329 -90.81491 -8.314696
  vertex -10.838619 -89.49016 -8.314696
 endloop
endfacet
facet normal -0.014555155 0.05810723 -0.9982043
 outer loop
  vertex -13.683918 -98.86979 -8.819213
  vertex -10.838619 -89.49016 -8.314696
  vertex -9.196489 -97.74574 -8.819213
 endloop
endfacet
facet normal -0.09018564 0.3600419 0.9285668
 outer loop
  vertex -28.470623 -50.12442 1.9509033
  vertex -27.778475 -52.40616 2.9028468
  vertex -18.668945 -50.124344 2.9028468
 endloop
endfacet
facet normal -0.09018564 0.36004218 0.9285668
 outer loop
  vertex -28.470623 -50.12442 1.9509033
  vertex -18.668945 -50.124344 2.9028468
  vertex -19.13411 -47.78575 1.9509033
 endloop
endfacet
facet normal -0.0011951012 0.004771171 0.99998796
 outer loop
  vertex -2.8452861 -134.59996 9.951847
  vertex 0 -143.97961 10
  vertex -1.9122186 -134.36624 9.951847
 endloop
endfacet
facet normal -0.011493144 0.04588304 -0.9988807
 outer loop
  vertex -11.108704 -107.3591 -9.238795
  vertex -13.683918 -98.86979 -8.819213
  vertex -9.196489 -97.74574 -8.819213
 endloop
endfacet
facet normal -0.011493089 0.045883037 -0.9988808
 outer loop
  vertex -11.108704 -107.3591 -9.238795
  vertex -9.196489 -97.74574 -8.819213
  vertex -7.4657736 -106.446594 -9.238795
 endloop
endfacet
facet normal -0.13592792 0.54265606 0.82888365
 outer loop
  vertex -28.888668 -48.746384 0.9801714
  vertex -28.470623 -50.12442 1.9509033
  vertex -19.13411 -47.78575 1.9509033
 endloop
endfacet
facet normal -0.13592787 0.5426552 0.8288841
 outer loop
  vertex -28.888668 -48.746384 0.9801714
  vertex -19.13411 -47.78575 1.9509033
  vertex -19.415073 -46.373375 0.9801714
 endloop
endfacet
facet normal -0.063120626 0.25199425 0.965668
 outer loop
  vertex -5.6631618 -125.31064 7.3435783
  vertex -2.8452861 -134.59996 9.951847
  vertex -1.9122186 -134.36624 9.951847
 endloop
endfacet
facet normal -0.063120656 0.25199422 0.965668
 outer loop
  vertex -5.6631618 -125.31064 7.3435783
  vertex -1.9122186 -134.36624 9.951847
  vertex -3.8060126 -124.84545 7.3435783
 endloop
endfacet
facet normal -0.008698873 0.034727864 -0.99935895
 outer loop
  vertex -8.426515 -116.20112 -9.569404
  vertex -11.108704 -107.3591 -9.238795
  vertex -7.4657736 -106.446594 -9.238795
 endloop
endfacet
facet normal -0.008698912 0.034727868 -0.99935895
 outer loop
  vertex -8.426515 -116.20112 -9.569404
  vertex -7.4657736 -106.446594 -9.238795
  vertex -5.66317 -115.508934 -9.569404
 endloop
endfacet
facet normal -0.013236377 0.052842654 -0.9985151
 outer loop
  vertex -23.452774 -65.90609 0
  vertex -28.888668 -48.746384 0.9801714
  vertex -19.415073 -46.373375 0.9801714
 endloop
endfacet
facet normal -0.013373658 0.052870862 -0.9985118
 outer loop
  vertex -23.452774 -65.90609 0
  vertex -19.415073 -46.373375 0.9801714
  vertex -15.761801 -63.960663 0
 endloop
endfacet
facet normal -0.006091666 0.024319533 0.99968565
 outer loop
  vertex -8.426515 -116.20112 7.1051307
  vertex -5.6631618 -125.31064 7.3435783
  vertex -3.8060126 -124.84545 7.3435783
 endloop
endfacet
facet normal -0.0060917404 0.024319494 0.9996857
 outer loop
  vertex -8.426515 -116.20112 7.1051307
  vertex -3.8060126 -124.84545 7.3435783
  vertex -5.66317 -115.508934 7.1051307
 endloop
endfacet
facet normal 0.033580404 -0.13405998 -0.99040407
 outer loop
  vertex -5.6631618 -125.31064 -8.242656
  vertex -8.426515 -116.20112 -9.569404
  vertex -5.66317 -115.508934 -9.569404
 endloop
endfacet
facet normal 0.033579927 -0.13405998 -0.9904041
 outer loop
  vertex -5.6631618 -125.31064 -8.242656
  vertex -5.66317 -115.508934 -9.569404
  vertex -3.8060126 -124.84545 -8.242656
 endloop
endfacet
facet normal -0.013356867 0.052804507 0.9985155
 outer loop
  vertex -28.888668 -48.746384 -0.9801714
  vertex -23.452774 -65.90609 0
  vertex -15.761801 -63.960663 0
 endloop
endfacet
facet normal -0.0132498825 0.052896585 0.9985121
 outer loop
  vertex -28.888668 -48.746384 -0.9801714
  vertex -15.761801 -63.960663 0
  vertex -19.415073 -46.373375 -0.9801714
 endloop
endfacet
facet normal 0.054732855 -0.21850498 0.97429967
 outer loop
  vertex -11.108704 -107.3591 9.238795
  vertex -8.426515 -116.20112 7.1051307
  vertex -5.66317 -115.508934 7.1051307
 endloop
endfacet
facet normal 0.054732643 -0.2185051 0.97429967
 outer loop
  vertex -11.108704 -107.3591 9.238795
  vertex -5.66317 -115.508934 7.1051307
  vertex -7.4657736 -106.446594 9.238795
 endloop
endfacet
facet normal 0.00845393 -0.03375031 -0.99939454
 outer loop
  vertex -2.8452861 -134.59996 -7.905112
  vertex -5.6631618 -125.31064 -8.242656
  vertex -3.8060126 -124.84545 -8.242656
 endloop
endfacet
facet normal 0.008453918 -0.033750307 -0.9993946
 outer loop
  vertex -2.8452861 -134.59996 -7.905112
  vertex -3.8060126 -124.84545 -8.242656
  vertex -1.9122186 -134.36624 -7.905112
 endloop
endfacet
facet normal -0.13592806 0.54265594 -0.82888365
 outer loop
  vertex -28.470623 -50.12442 -1.9509033
  vertex -28.888668 -48.746384 -0.9801714
  vertex -19.415073 -46.373375 -0.9801714
 endloop
endfacet
facet normal -0.13592774 0.5426553 -0.8288842
 outer loop
  vertex -28.470623 -50.12442 -1.9509033
  vertex -19.415073 -46.373375 -0.9801714
  vertex -19.13411 -47.78575 -1.9509033
 endloop
endfacet
facet normal -0.072229825 0.28835773 0.9547946
 outer loop
  vertex -13.683918 -98.86979 6.4801226
  vertex -11.108704 -107.3591 9.238795
  vertex -7.4657736 -106.446594 9.238795
 endloop
endfacet
facet normal -0.072230056 0.28835756 0.9547946
 outer loop
  vertex -13.683918 -98.86979 6.4801226
  vertex -7.4657736 -106.446594 9.238795
  vertex -9.196489 -97.74574 6.4801226
 endloop
endfacet
facet normal 0.14730684 -0.5880879 -0.7952693
 outer loop
  vertex -1.4226431 -139.2898 -4.1735454
  vertex -2.8452861 -134.59996 -7.905112
  vertex -1.9122186 -134.36624 -7.905112
 endloop
endfacet
facet normal 0.14731579 -0.58808655 -0.79526865
 outer loop
  vertex -1.4226431 -139.2898 -4.1735454
  vertex -1.9122186 -134.36624 -7.905112
  vertex -0.9561093 -139.17293 -4.1735454
 endloop
endfacet
facet normal -0.090185575 0.36004192 -0.9285669
 outer loop
  vertex -27.778475 -52.40616 -2.9028468
  vertex -28.470623 -50.12442 -1.9509033
  vertex -19.13411 -47.78575 -1.9509033
 endloop
endfacet
facet normal -0.09018571 0.36004215 -0.9285667
 outer loop
  vertex -27.778475 -52.40616 -2.9028468
  vertex -19.13411 -47.78575 -1.9509033
  vertex -18.668945 -50.124344 -2.9028468
 endloop
endfacet
facet normal -0.34649926 0.017745689 0.9378824
 outer loop
  vertex -13.794966 -74.627625 7.071068
  vertex -12.376373 -81.75934 7.730104
  vertex -6.2181234 -80.84585 9.987976
 endloop
endfacet
facet normal -0.31931415 0.05471038 0.9460683
 outer loop
  vertex -13.794966 -74.627625 7.071068
  vertex -6.2181234 -80.84585 9.987976
  vertex -6.9308558 -73.60943 9.32894
 endloop
endfacet
facet normal -0.024175232 0.16297677 -0.9863337
 outer loop
  vertex -16.221167 -62.430298 -5.5557027
  vertex -17.205402 -57.482124 -4.713968
  vertex -8.644316 -56.21221 -4.713968
 endloop
endfacet
facet normal -0.024175221 0.16297676 -0.98633367
 outer loop
  vertex -16.221167 -62.430298 -5.5557027
  vertex -8.644316 -56.21221 -4.713968
  vertex -8.149826 -61.233032 -5.5557027
 endloop
endfacet
facet normal -0.31796527 0.04330023 0.94711304
 outer loop
  vertex -15.080643 -68.16397 6.3439336
  vertex -13.794966 -74.627625 7.071068
  vertex -6.9308558 -73.60943 9.32894
 endloop
endfacet
facet normal -0.29764336 0.076191515 0.9516319
 outer loop
  vertex -15.080643 -68.16397 6.3439336
  vertex -6.9308558 -73.60943 9.32894
  vertex -7.5767927 -67.05088 8.601806
 endloop
endfacet
facet normal -0.019629749 0.13233353 -0.99101084
 outer loop
  vertex -15.080643 -68.16397 -6.3439336
  vertex -16.221167 -62.430298 -5.5557027
  vertex -8.149826 -61.233032 -5.5557027
 endloop
endfacet
facet normal -0.019629823 0.13233359 -0.99101084
 outer loop
  vertex -15.080643 -68.16397 -6.3439336
  vertex -8.149826 -61.233032 -5.5557027
  vertex -7.5767927 -67.05088 -6.3439336
 endloop
endfacet
facet normal -0.29714033 0.07178709 0.9521314
 outer loop
  vertex -16.221167 -62.430298 5.5557027
  vertex -15.080643 -68.16397 6.3439336
  vertex -7.5767927 -67.05088 8.601806
 endloop
endfacet
facet normal -0.2819397 0.101489365 0.9540492
 outer loop
  vertex -16.221167 -62.430298 5.5557027
  vertex -7.5767927 -67.05088 8.601806
  vertex -8.149826 -61.233032 7.8135753
 endloop
endfacet
facet normal -0.016110925 0.10861107 -0.99395376
 outer loop
  vertex -13.794966 -74.627625 -7.071068
  vertex -15.080643 -68.16397 -6.3439336
  vertex -7.5767927 -67.05088 -6.3439336
 endloop
endfacet
facet normal -0.016110955 0.10861109 -0.9939537
 outer loop
  vertex -13.794966 -74.627625 -7.071068
  vertex -7.5767927 -67.05088 -6.3439336
  vertex -6.9308558 -73.60943 -7.071068
 endloop
endfacet
facet normal -0.17770499 0.13057542 0.97538245
 outer loop
  vertex -17.205402 -57.482124 4.713968
  vertex -16.221167 -62.430298 5.5557027
  vertex -8.182598 -62.06868 6.97184
 endloop
endfacet
facet normal 0.0921981 0.7048487 -0.70334053
 outer loop
  vertex -16.221167 -62.430298 5.5557027
  vertex -8.149826 -61.233032 7.8135753
  vertex -8.182598 -62.06868 6.97184
 endloop
endfacet
facet normal -0.013260287 0.08939346 -0.99590814
 outer loop
  vertex -12.376373 -81.75934 -7.730104
  vertex -13.794966 -74.627625 -7.071068
  vertex -6.9308558 -73.60943 -7.071068
 endloop
endfacet
facet normal -0.324036 0.2893461 -0.9007106
 outer loop
  vertex -12.376373 -81.75934 -7.730104
  vertex -6.9308558 -73.60943 -7.071068
  vertex -6.2181234 -80.84585 -9.65212
 endloop
endfacet
facet normal -0.15209283 0.17928067 0.97197026
 outer loop
  vertex -18.023956 -53.36695 3.8268344
  vertex -17.205402 -57.482124 4.713968
  vertex -8.182598 -62.06868 6.97184
 endloop
endfacet
facet normal 0.31274843 0.6152486 0.7236418
 outer loop
  vertex -18.023956 -53.36695 3.8268344
  vertex -8.182598 -62.06868 6.97184
  vertex -8.571888 -58.171707 3.8268344
 endloop
endfacet
facet normal -0.29960242 0.012544018 -0.95398164
 outer loop
  vertex -10.838619 -89.49016 -8.314696
  vertex -12.376373 -81.75934 -7.730104
  vertex -6.2181234 -80.84585 -9.65212
 endloop
endfacet
facet normal -0.3402801 0.036509506 -0.93961513
 outer loop
  vertex -10.838619 -89.49016 -8.314696
  vertex -6.2181234 -80.84585 -9.65212
  vertex -5.4455276 -88.69017 -10.2367115
 endloop
endfacet
facet normal 0.1518284 0.29868162 0.9421982
 outer loop
  vertex -18.668945 -50.124344 2.9028468
  vertex -18.023956 -53.36695 3.8268344
  vertex -8.571888 -58.171707 3.8268344
 endloop
endfacet
facet normal -0.014290935 0.0963419 0.9952457
 outer loop
  vertex -18.668945 -50.124344 2.9028468
  vertex -8.571888 -58.171707 3.8268344
  vertex -9.379622 -48.746407 2.9028468
 endloop
endfacet
facet normal -0.33451134 -0.0089491205 -0.9423492
 outer loop
  vertex -9.196489 -97.74574 -8.819213
  vertex -10.838619 -89.49016 -8.314696
  vertex -5.4455276 -88.69017 -10.2367115
 endloop
endfacet
facet normal -0.3893498 0.017118512 -0.92093086
 outer loop
  vertex -9.196489 -97.74574 -8.819213
  vertex -5.4455276 -88.69017 -10.2367115
  vertex -4.620494 -97.06696 -10.741228
 endloop
endfacet
facet normal -0.05446113 0.36714807 0.92856675
 outer loop
  vertex -19.13411 -47.78575 1.9509033
  vertex -18.668945 -50.124344 2.9028468
  vertex -9.379622 -48.746407 2.9028468
 endloop
endfacet
facet normal -0.054461103 0.3671483 0.9285667
 outer loop
  vertex -19.13411 -47.78575 1.9509033
  vertex -9.379622 -48.746407 2.9028468
  vertex -9.613326 -46.37348 1.9509033
 endloop
endfacet
facet normal -0.0007217297 0.004865332 0.99998796
 outer loop
  vertex -1.9122186 -134.36624 9.951847
  vertex 0 -143.97961 10
  vertex -0.9607354 -134.2251 9.951847
 endloop
endfacet
facet normal -0.38305706 -0.03167647 -0.9231814
 outer loop
  vertex -7.4657736 -106.446594 -9.238795
  vertex -9.196489 -97.74574 -8.819213
  vertex -4.620494 -97.06696 -10.741228
 endloop
endfacet
facet normal -0.4591731 -0.003006293 -0.8883417
 outer loop
  vertex -7.4657736 -106.446594 -9.238795
  vertex -4.620494 -97.06696 -10.741228
  vertex -3.7509441 -105.89555 -11.16081
 endloop
endfacet
facet normal -0.08208381 0.5533661 0.82888365
 outer loop
  vertex -19.415073 -46.373375 0.9801714
  vertex -19.13411 -47.78575 1.9509033
  vertex -9.613326 -46.37348 1.9509033
 endloop
endfacet
facet normal -0.08208382 0.5533659 0.8288838
 outer loop
  vertex -19.415073 -46.373375 0.9801714
  vertex -9.613326 -46.37348 1.9509033
  vertex -9.7545 -44.94037 0.9801714
 endloop
endfacet
facet normal -0.038118754 0.25696737 0.96566796
 outer loop
  vertex -3.8060126 -124.84545 7.3435783
  vertex -1.9122186 -134.36624 9.951847
  vertex -0.9607354 -134.2251 9.951847
 endloop
endfacet
facet normal -0.03811695 0.2569679 0.9656679
 outer loop
  vertex -3.8060126 -124.84545 7.3435783
  vertex -0.9607354 -134.2251 9.951847
  vertex -1.9122099 -124.56454 7.3435783
 endloop
endfacet
facet normal -0.45203382 -0.057440683 -0.8901494
 outer loop
  vertex -5.66317 -115.508934 -9.569404
  vertex -7.4657736 -106.446594 -9.238795
  vertex -3.7509441 -105.89555 -11.16081
 endloop
endfacet
facet normal -0.5607192 -0.025469638 -0.82761425
 outer loop
  vertex -5.66317 -115.508934 -9.569404
  vertex -3.7509441 -105.89555 -11.16081
  vertex -2.8452854 -115.09094 -11.49142
 endloop
endfacet
facet normal -0.008007942 0.053985316 -0.9985096
 outer loop
  vertex -15.761801 -63.960663 0
  vertex -19.415073 -46.373375 0.9801714
  vertex -9.7545 -44.94037 0.9801714
 endloop
endfacet
facet normal -0.00809061 0.054011323 -0.99850756
 outer loop
  vertex -15.761801 -63.960663 0
  vertex -9.7545 -44.94037 0.9801714
  vertex -7.9190335 -62.78586 0
 endloop
endfacet
facet normal -0.003678596 0.024799502 0.99968565
 outer loop
  vertex -5.66317 -115.508934 7.1051307
  vertex -3.8060126 -124.84545 7.3435783
  vertex -1.9122099 -124.56454 7.3435783
 endloop
endfacet
facet normal -0.003678633 0.024799485 0.9996857
 outer loop
  vertex -5.66317 -115.508934 7.1051307
  vertex -1.9122099 -124.56454 7.3435783
  vertex -2.8452854 -115.09094 7.1051307
 endloop
endfacet
facet normal -0.52687013 -0.2214113 -0.82060033
 outer loop
  vertex -3.8060126 -124.84545 -8.242656
  vertex -5.66317 -115.508934 -9.569404
  vertex -2.8452854 -115.09094 -11.49142
 endloop
endfacet
facet normal -0.6900778 -0.16660221 -0.7042985
 outer loop
  vertex -3.8060126 -124.84545 -8.242656
  vertex -2.8452854 -115.09094 -11.49142
  vertex -1.9122099 -124.56454 -10.164671
 endloop
endfacet
facet normal -0.008084337 0.053969465 0.9985099
 outer loop
  vertex -19.415073 -46.373375 -0.9801714
  vertex -15.761801 -63.960663 0
  vertex -7.9190335 -62.78586 0
 endloop
endfacet
facet normal -0.008012989 0.054019313 0.99850774
 outer loop
  vertex -19.415073 -46.373375 -0.9801714
  vertex -7.9190335 -62.78586 0
  vertex -9.7545 -44.94037 -0.9801714
 endloop
endfacet
facet normal 0.03305172 -0.22281767 0.97429967
 outer loop
  vertex -7.4657736 -106.446594 9.238795
  vertex -5.66317 -115.508934 7.1051307
  vertex -2.8452854 -115.09094 7.1051307
 endloop
endfacet
facet normal 0.033051733 -0.22281767 0.97429967
 outer loop
  vertex -7.4657736 -106.446594 9.238795
  vertex -2.8452854 -115.09094 7.1051307
  vertex -3.7509441 -105.89555 9.238795
 endloop
endfacet
facet normal -0.69088924 -0.16240208 -0.704484
 outer loop
  vertex -1.9122186 -134.36624 -7.905112
  vertex -3.8060126 -124.84545 -8.242656
  vertex -1.9122099 -124.56454 -10.164671
 endloop
endfacet
facet normal -0.8883862 -0.10312875 -0.44736397
 outer loop
  vertex -1.9122186 -134.36624 -7.905112
  vertex -1.9122099 -124.56454 -10.164671
  vertex -0.9607354 -134.2251 -9.827127
 endloop
endfacet
facet normal -0.08208385 0.55336607 -0.82888365
 outer loop
  vertex -19.13411 -47.78575 -1.9509033
  vertex -19.415073 -46.373375 -0.9801714
  vertex -9.7545 -44.94037 -0.9801714
 endloop
endfacet
facet normal -0.08208377 0.5533658 -0.8288838
 outer loop
  vertex -19.13411 -47.78575 -1.9509033
  vertex -9.7545 -44.94037 -0.9801714
  vertex -9.613326 -46.37348 -1.9509033
 endloop
endfacet
facet normal -0.04361786 0.29404894 0.95479465
 outer loop
  vertex -9.196489 -97.74574 6.4801226
  vertex -7.4657736 -106.446594 9.238795
  vertex -3.7509441 -105.89555 9.238795
 endloop
endfacet
facet normal -0.043617737 0.294049 0.9547946
 outer loop
  vertex -9.196489 -97.74574 6.4801226
  vertex -3.7509441 -105.89555 9.238795
  vertex -4.620494 -97.06696 6.4801226
 endloop
endfacet
facet normal -0.77275276 -0.4779394 -0.41764456
 outer loop
  vertex -0.9561093 -139.17293 -4.1735454
  vertex -1.9122186 -134.36624 -7.905112
  vertex -0.9607354 -134.2251 -9.827127
 endloop
endfacet
facet normal -0.77275276 -0.47793943 -0.41764462
 outer loop
  vertex -0.9561093 -139.17293 -4.1735454
  vertex -0.9607354 -134.2251 -9.827127
  vertex -0.4803677 -139.10236 -5.134553
 endloop
endfacet
facet normal -0.054461073 0.36714807 -0.92856675
 outer loop
  vertex -18.668945 -50.124344 -2.9028468
  vertex -19.13411 -47.78575 -1.9509033
  vertex -9.613326 -46.37348 -1.9509033
 endloop
endfacet
facet normal -0.05446116 0.36714822 -0.9285667
 outer loop
  vertex -18.668945 -50.124344 -2.9028468
  vertex -9.613326 -46.37348 -1.9509033
  vertex -9.379622 -48.746407 -2.9028468
 endloop
endfacet
facet normal -0.008789446 0.05925409 0.9982042
 outer loop
  vertex -10.838619 -89.49016 5.975606
  vertex -9.196489 -97.74574 6.4801226
  vertex -4.620494 -97.06696 6.4801226
 endloop
endfacet
facet normal -0.00878949 0.05925406 0.9982043
 outer loop
  vertex -10.838619 -89.49016 5.975606
  vertex -4.620494 -97.06696 6.4801226
  vertex -5.4455276 -88.69017 5.975606
 endloop
endfacet
facet normal -0.039538443 0.26654723 -0.9630105
 outer loop
  vertex -18.023956 -53.36695 -3.8268344
  vertex -18.668945 -50.124344 -2.9028468
  vertex -9.379622 -48.746407 -2.9028468
 endloop
endfacet
facet normal -0.039538406 0.26654717 -0.96301055
 outer loop
  vertex -18.023956 -53.36695 -3.8268344
  vertex -9.379622 -48.746407 -2.9028468
  vertex -9.055572 -52.03662 -3.8268344
 endloop
endfacet
facet normal 0.031916756 -0.21516578 0.9760558
 outer loop
  vertex -12.376373 -81.75934 7.730104
  vertex -10.838619 -89.49016 5.975606
  vertex -5.4455276 -88.69017 5.975606
 endloop
endfacet
facet normal -0.24453661 -0.4605421 0.85328937
 outer loop
  vertex -12.376373 -81.75934 7.730104
  vertex -5.4455276 -88.69017 5.975606
  vertex -6.2181234 -80.84585 9.987976
 endloop
endfacet
facet normal -0.030387718 0.20485802 -0.9783199
 outer loop
  vertex -17.205402 -57.482124 -4.713968
  vertex -18.023956 -53.36695 -3.8268344
  vertex -9.055572 -52.03662 -3.8268344
 endloop
endfacet
facet normal -0.030387709 0.20485798 -0.9783199
 outer loop
  vertex -17.205402 -57.482124 -4.713968
  vertex -9.055572 -52.03662 -3.8268344
  vertex -8.644316 -56.21221 -4.713968
 endloop
endfacet
facet normal -0.006564309 0.13362041 0.99101084
 outer loop
  vertex -8.149826 -61.233032 7.8135753
  vertex -7.5767927 -67.05088 8.601806
  vertex 2.6226044e-05 -66.67866 8.601806
 endloop
endfacet
facet normal -0.0065643475 0.13362037 0.99101084
 outer loop
  vertex -8.149826 -61.233032 7.8135753
  vertex 2.6226044e-05 -66.67866 8.601806
  vertex 0 -60.832657 7.8135753
 endloop
endfacet
facet normal -0.0053887987 0.109667115 -0.99395376
 outer loop
  vertex -6.9308558 -73.60943 -7.071068
  vertex -7.5767927 -67.05088 -6.3439336
  vertex 0 -66.67857 -6.3439336
 endloop
endfacet
facet normal -0.0053875633 0.10966587 -0.9939539
 outer loop
  vertex -6.9308558 -73.60943 -7.071068
  vertex 0 -66.67857 -6.3439336
  vertex 0 -73.268936 -7.071068
 endloop
endfacet
facet normal -0.03487591 0.7099153 -0.703423
 outer loop
  vertex -8.182598 -62.06868 6.97184
  vertex -8.149826 -61.233032 7.8135753
  vertex 0 -60.832657 7.8135753
 endloop
endfacet
facet normal -0.034270752 0.7075497 -0.7058321
 outer loop
  vertex -8.182598 -62.06868 6.97184
  vertex 0 -60.832657 7.8135753
  vertex 1.8697816e-05 -61.672348 6.97184
 endloop
endfacet
facet normal -0.016431235 0.3344643 -0.9422652
 outer loop
  vertex -6.2181234 -80.84585 -9.65212
  vertex -6.9308558 -73.60943 -7.071068
  vertex 0 -73.268936 -7.071068
 endloop
endfacet
facet normal -0.016436094 0.33446783 -0.94226384
 outer loop
  vertex -6.2181234 -80.84585 -9.65212
  vertex 0 -73.268936 -7.071068
  vertex 0 -80.54028 -9.65212
 endloop
endfacet
facet normal -0.030316204 0.62590456 0.7793102
 outer loop
  vertex -8.571888 -58.171707 3.8268344
  vertex -8.182598 -62.06868 6.97184
  vertex 1.8697816e-05 -61.672348 6.97184
 endloop
endfacet
facet normal -0.030315956 0.625905 0.7793099
 outer loop
  vertex -8.571888 -58.171707 3.8268344
  vertex 1.8697816e-05 -61.672348 6.97184
  vertex 2.2308759e-05 -57.756523 3.8268344
 endloop
endfacet
facet normal -0.0036345492 0.07396163 -0.9972545
 outer loop
  vertex -5.4455276 -88.69017 -10.2367115
  vertex -6.2181234 -80.84585 -9.65212
  vertex 0 -80.54028 -9.65212
 endloop
endfacet
facet normal -0.0036333967 0.073960856 -0.9972545
 outer loop
  vertex -5.4455276 -88.69017 -10.2367115
  vertex 0 -80.54028 -9.65212
  vertex 7.6293945e-06 -88.42265 -10.2367115
 endloop
endfacet
facet normal -0.0047062 0.097164445 0.99525726
 outer loop
  vertex -9.379622 -48.746407 2.9028468
  vertex -8.571888 -58.171707 3.8268344
  vertex 2.2308759e-05 -57.756523 3.8268344
 endloop
endfacet
facet normal -0.0047705355 0.0970981 0.9952634
 outer loop
  vertex -9.379622 -48.746407 2.9028468
  vertex 2.2308759e-05 -57.756523 3.8268344
  vertex 0 -48.285576 2.9028468
 endloop
endfacet
facet normal -0.0029392184 0.059830256 -0.9982043
 outer loop
  vertex -4.620494 -97.06696 -10.741228
  vertex -5.4455276 -88.69017 -10.2367115
  vertex 7.6293945e-06 -88.42265 -10.2367115
 endloop
endfacet
facet normal -0.0029392662 0.059830282 -0.9982042
 outer loop
  vertex -4.620494 -97.06696 -10.741228
  vertex 7.6293945e-06 -88.42265 -10.2367115
  vertex -1.4305115e-06 -96.83997 -10.741228
 endloop
endfacet
facet normal -0.018213775 0.3707182 0.92856675
 outer loop
  vertex -9.613326 -46.37348 1.9509033
  vertex -9.379622 -48.746407 2.9028468
  vertex 0 -48.285576 2.9028468
 endloop
endfacet
facet normal -0.018216219 0.370708 0.9285708
 outer loop
  vertex -9.613326 -46.37348 1.9509033
  vertex 0 -48.285576 2.9028468
  vertex 0 -45.901093 1.9509033
 endloop
endfacet
facet normal -0.00024132786 0.0049126456 0.99998796
 outer loop
  vertex -0.9607354 -134.2251 9.951847
  vertex 0 -143.97961 10
  vertex 0 -134.1779 9.951847
 endloop
endfacet
facet normal -0.0023209252 0.047243617 -0.9988807
 outer loop
  vertex -3.7509441 -105.89555 -11.16081
  vertex -4.620494 -97.06696 -10.741228
  vertex -1.4305115e-06 -96.83997 -10.741228
 endloop
endfacet
facet normal -0.0023210323 0.04724367 -0.9988808
 outer loop
  vertex -3.7509441 -105.89555 -11.16081
  vertex -1.4305115e-06 -96.83997 -10.741228
  vertex 8.821487e-06 -105.71127 -11.16081
 endloop
endfacet
facet normal -0.027456267 0.558747 0.8288835
 outer loop
  vertex -9.7545 -44.94037 0.9801714
  vertex -9.613326 -46.37348 1.9509033
  vertex 0 -45.901093 1.9509033
 endloop
endfacet
facet normal -0.0274518 0.55877405 0.82886547
 outer loop
  vertex -9.7545 -44.94037 0.9801714
  vertex 0 -45.901093 1.9509033
  vertex 0 -44.461143 0.9801714
 endloop
endfacet
facet normal -0.012746115 0.2594667 0.965668
 outer loop
  vertex -1.9122099 -124.56454 7.3435783
  vertex -0.9607354 -134.2251 9.951847
  vertex 0 -134.1779 9.951847
 endloop
endfacet
facet normal -0.012748781 0.2594662 0.965668
 outer loop
  vertex -1.9122099 -124.56454 7.3435783
  vertex 0 -134.1779 9.951847
  vertex 0 -124.47058 7.3435783
 endloop
endfacet
facet normal -0.0017567406 0.035757747 -0.99935895
 outer loop
  vertex -2.8452854 -115.09094 -11.49142
  vertex -3.7509441 -105.89555 -11.16081
  vertex 8.821487e-06 -105.71127 -11.16081
 endloop
endfacet
facet normal -0.0017568349 0.035757773 -0.99935895
 outer loop
  vertex -2.8452854 -115.09094 -11.49142
  vertex 8.821487e-06 -105.71127 -11.16081
  vertex 0 -114.95115 -11.49142
 endloop
endfacet
facet normal -0.0026808346 0.054567672 -0.9985065
 outer loop
  vertex -7.9190335 -62.78586 0
  vertex -9.7545 -44.94037 0.9801714
  vertex 0 -44.461143 0.9801714
 endloop
endfacet
facet normal -0.0027076586 0.054579232 -0.99850583
 outer loop
  vertex -7.9190335 -62.78586 0
  vertex 0 -44.461143 0.9801714
  vertex -1.5581641e-06 -62.392998 0
 endloop
endfacet
facet normal -0.0012303651 0.025040621 0.99968565
 outer loop
  vertex -2.8452854 -115.09094 7.1051307
  vertex -1.9122099 -124.56454 7.3435783
  vertex 0 -124.47058 7.3435783
 endloop
endfacet
facet normal -0.0012302217 0.025040664 0.9996857
 outer loop
  vertex -2.8452854 -115.09094 7.1051307
  vertex 0 -124.47058 7.3435783
  vertex 7.1525574e-07 -114.95116 7.1051307
 endloop
endfacet
facet normal 0.0067818887 -0.1380352 -0.99040407
 outer loop
  vertex -1.9122099 -124.56454 -10.164671
  vertex -2.8452854 -115.09094 -11.49142
  vertex 0 -114.95115 -11.49142
 endloop
endfacet
facet normal 0.0067823683 -0.13803528 -0.99040407
 outer loop
  vertex -1.9122099 -124.56454 -10.164671
  vertex 0 -114.95115 -11.49142
  vertex 0 -124.47058 -10.164671
 endloop
endfacet
facet normal -0.0027069503 0.054564994 0.99850655
 outer loop
  vertex -9.7545 -44.94037 -0.9801714
  vertex -7.9190335 -62.78586 0
  vertex -1.5581641e-06 -62.392998 0
 endloop
endfacet
facet normal -0.0026814023 0.054579232 0.99850583
 outer loop
  vertex -9.7545 -44.94037 -0.9801714
  vertex -1.5581641e-06 -62.392998 0
  vertex 0 -44.461143 -0.9801714
 endloop
endfacet
facet normal 0.011053232 -0.22498432 0.97429967
 outer loop
  vertex -3.7509441 -105.89555 9.238795
  vertex -2.8452854 -115.09094 7.1051307
  vertex 7.1525574e-07 -114.95116 7.1051307
 endloop
endfacet
facet normal 0.011053236 -0.22498432 0.97429967
 outer loop
  vertex -3.7509441 -105.89555 9.238795
  vertex 7.1525574e-07 -114.95116 7.1051307
  vertex 8.821487e-06 -105.71127 9.238795
 endloop
endfacet
facet normal 0.0017074842 -0.034751035 -0.99939454
 outer loop
  vertex -0.9607354 -134.2251 -9.827127
  vertex -1.9122099 -124.56454 -10.164671
  vertex 0 -124.47058 -10.164671
 endloop
endfacet
facet normal 0.0017071075 -0.034751 -0.9993946
 outer loop
  vertex -0.9607354 -134.2251 -9.827127
  vertex 0 -124.47058 -10.164671
  vertex 0 -134.1779 -9.827127
 endloop
endfacet
facet normal -0.02745049 0.5587474 -0.82888347
 outer loop
  vertex -9.613326 -46.37348 -1.9509033
  vertex -9.7545 -44.94037 -0.9801714
  vertex 0 -44.461143 -0.9801714
 endloop
endfacet
facet normal -0.027457595 0.55877393 -0.82886535
 outer loop
  vertex -9.613326 -46.37348 -1.9509033
  vertex 0 -44.461143 -0.9801714
  vertex 0 -45.901093 -1.9509033
 endloop
endfacet
facet normal -0.014586795 0.2969083 0.9547946
 outer loop
  vertex -4.620494 -97.06696 6.4801226
  vertex -3.7509441 -105.89555 9.238795
  vertex 8.821487e-06 -105.71127 9.238795
 endloop
endfacet
facet normal -0.01458615 0.29690862 0.9547945
 outer loop
  vertex -4.620494 -97.06696 6.4801226
  vertex 8.821487e-06 -105.71127 9.238795
  vertex -1.4305115e-06 -96.83997 6.4801226
 endloop
endfacet
facet normal 0.033954363 -0.6911931 -0.72187203
 outer loop
  vertex -0.4803677 -139.10236 -5.134553
  vertex -0.9607354 -134.2251 -9.827127
  vertex 0 -134.1779 -9.827127
 endloop
endfacet
facet normal 0.033965185 -0.69119346 -0.7218712
 outer loop
  vertex -0.4803677 -139.10236 -5.134553
  vertex 0 -134.1779 -9.827127
  vertex 0 -139.07875 -5.134553
 endloop
endfacet
facet normal -0.018216709 0.37071794 -0.9285668
 outer loop
  vertex -9.379622 -48.746407 -2.9028468
  vertex -9.613326 -46.37348 -1.9509033
  vertex 0 -45.901093 -1.9509033
 endloop
endfacet
facet normal -0.01821328 0.37070802 -0.92857087
 outer loop
  vertex -9.379622 -48.746407 -2.9028468
  vertex 0 -45.901093 -1.9509033
  vertex 0 -48.285576 -2.9028468
 endloop
endfacet
facet normal -0.0029392652 0.059830252 0.9982043
 outer loop
  vertex -5.4455276 -88.69017 5.975606
  vertex -4.620494 -97.06696 6.4801226
  vertex -1.4305115e-06 -96.83997 6.4801226
 endloop
endfacet
facet normal -0.0029392203 0.059830282 0.9982043
 outer loop
  vertex -5.4455276 -88.69017 5.975606
  vertex -1.4305115e-06 -96.83997 6.4801226
  vertex 7.6293945e-06 -88.42265 5.975606
 endloop
endfacet
facet normal -0.01322308 0.269139 -0.9630106
 outer loop
  vertex -9.055572 -52.03662 -3.8268344
  vertex -9.379622 -48.746407 -2.9028468
  vertex 0 -48.285576 -2.9028468
 endloop
endfacet
facet normal -0.013221715 0.2691359 -0.9630115
 outer loop
  vertex -9.055572 -52.03662 -3.8268344
  vertex 0 -48.285576 -2.9028468
  vertex 2.2888184e-05 -51.59175 -3.8268344
 endloop
endfacet
facet normal 0.022280201 -0.45353222 0.89096135
 outer loop
  vertex -6.2181234 -80.84585 9.987976
  vertex -5.4455276 -88.69017 5.975606
  vertex 7.6293945e-06 -88.42265 5.975606
 endloop
endfacet
facet normal 0.022286829 -0.4535279 0.8909634
 outer loop
  vertex -6.2181234 -80.84585 9.987976
  vertex 7.6293945e-06 -88.42265 5.975606
  vertex 0 -80.54028 9.987976
 endloop
endfacet
facet normal -0.010161826 0.20685004 -0.9783199
 outer loop
  vertex -8.644316 -56.21221 -4.713968
  vertex -9.055572 -52.03662 -3.8268344
  vertex 2.2888184e-05 -51.59175 -3.8268344
 endloop
endfacet
facet normal -0.010163287 0.20685267 -0.97831935
 outer loop
  vertex -8.644316 -56.21221 -4.713968
  vertex 2.2888184e-05 -51.59175 -3.8268344
  vertex 0 -55.78749 -4.713968
 endloop
endfacet
facet normal -0.004435593 0.09026254 0.99590814
 outer loop
  vertex -6.9308558 -73.60943 9.32894
  vertex -6.2181234 -80.84585 9.987976
  vertex 0 -80.54028 9.987976
 endloop
endfacet
facet normal -0.00443438 0.09026374 0.995908
 outer loop
  vertex -6.9308558 -73.60943 9.32894
  vertex 0 -80.54028 9.987976
  vertex 2.3841858e-06 -73.268936 9.32894
 endloop
endfacet
facet normal -0.008085389 0.16456142 -0.98633367
 outer loop
  vertex -8.149826 -61.233032 -5.5557027
  vertex -8.644316 -56.21221 -4.713968
  vertex 0 -55.78749 -4.713968
 endloop
endfacet
facet normal -0.008084308 0.16455984 -0.98633397
 outer loop
  vertex -8.149826 -61.233032 -5.5557027
  vertex 0 -55.78749 -4.713968
  vertex 0 -60.832657 -5.5557027
 endloop
endfacet
facet normal -0.005387625 0.1096673 0.9939537
 outer loop
  vertex -7.5767927 -67.05088 8.601806
  vertex -6.9308558 -73.60943 9.32894
  vertex 2.3841858e-06 -73.268936 9.32894
 endloop
endfacet
facet normal -0.0053875763 0.10966735 0.99395376
 outer loop
  vertex -7.5767927 -67.05088 8.601806
  vertex 2.3841858e-06 -73.268936 9.32894
  vertex 2.6226044e-05 -66.67866 8.601806
 endloop
endfacet
facet normal -0.0065643555 0.1336205 -0.99101084
 outer loop
  vertex -7.5767927 -67.05088 -6.3439336
  vertex -8.149826 -61.233032 -5.5557027
  vertex 0 -60.832657 -5.5557027
 endloop
endfacet
facet normal -0.0065659056 0.13362235 -0.9910106
 outer loop
  vertex -7.5767927 -67.05088 -6.3439336
  vertex 0 -60.832657 -5.5557027
  vertex 0 -66.67857 -6.3439336
 endloop
endfacet
facet normal -0.022117311 0.45008627 -0.8927111
 outer loop
  vertex 0 -143.97961 -7.605466
  vertex -0.4803677 -139.10236 -5.134553
  vertex 0 -139.07875 -5.134553
 endloop
endfacet
facet normal -0.8922627 0.13102396 -0.432088
 outer loop
  vertex 0 -143.97961 -7.605466
  vertex -0.9561093 -139.17293 -4.1735454
  vertex -0.4803677 -139.10236 -5.134553
 endloop
endfacet
facet normal -0.13949601 0.5568687 -0.8188029
 outer loop
  vertex 0 -143.97961 -7.605466
  vertex -1.4226431 -139.2898 -4.1735454
  vertex -0.9561093 -139.17293 -4.1735454
 endloop
endfacet
facet normal -0.19339107 0.54051983 -0.8188029
 outer loop
  vertex 0 -143.97961 -7.605466
  vertex -1.875476 -139.45181 -4.1735454
  vertex -1.4226431 -139.2898 -4.1735454
 endloop
endfacet
facet normal -0.24544458 0.5189588 -0.8188033
 outer loop
  vertex 0 -143.97961 -7.605466
  vertex -2.310247 -139.65744 -4.1735454
  vertex -1.875476 -139.45181 -4.1735454
 endloop
endfacet
facet normal -0.29514423 0.49239358 -0.818803
 outer loop
  vertex 0 -143.97961 -7.605466
  vertex -2.722769 -139.90471 -4.1735454
  vertex -2.310247 -139.65744 -4.1735454
 endloop
endfacet
facet normal -0.3419754 0.46110177 -0.81880283
 outer loop
  vertex 0 -143.97961 -7.605466
  vertex -3.1090693 -140.19121 -4.1735454
  vertex -2.722769 -139.90471 -4.1735454
 endloop
endfacet
facet normal -0.3855241 0.42536232 -0.8188029
 outer loop
  vertex 0 -143.97961 -7.605466
  vertex -3.4654276 -140.51419 -4.1735454
  vertex -3.1090693 -140.19121 -4.1735454
 endloop
endfacet
facet normal -0.42535874 0.38552773 -0.818803
 outer loop
  vertex 0 -143.97961 -7.605466
  vertex -3.788412 -140.87054 -4.1735454
  vertex -3.4654276 -140.51419 -4.1735454
 endloop
endfacet
facet normal -0.46110374 0.3419723 -0.81880295
 outer loop
  vertex 0 -143.97961 -7.605466
  vertex -4.074912 -141.25685 -4.1735454
  vertex -3.788412 -140.87054 -4.1735454
 endloop
endfacet
facet normal -0.49240008 0.29513383 -0.8188029
 outer loop
  vertex 0 -143.97961 -7.605466
  vertex -4.3221684 -141.66937 -4.1735454
  vertex -4.074912 -141.25685 -4.1735454
 endloop
endfacet
facet normal -0.51895684 0.24544948 -0.81880295
 outer loop
  vertex 0 -143.97961 -7.605466
  vertex -4.5277996 -142.10414 -4.1735454
  vertex -4.3221684 -141.66937 -4.1735454
 endloop
endfacet
facet normal -0.5405168 0.1933993 -0.818803
 outer loop
  vertex 0 -143.97961 -7.605466
  vertex -4.689826 -142.55698 -4.1735454
  vertex -4.5277996 -142.10414 -4.1735454
 endloop
endfacet
facet normal -0.5568693 0.13949224 -0.8188031
 outer loop
  vertex 0 -143.97961 -7.605466
  vertex -4.806687 -143.0235 -4.1735454
  vertex -4.689826 -142.55698 -4.1735454
 endloop
endfacet
facet normal -0.13102996 0.8922576 -0.4320967
 outer loop
  vertex 0 -143.97961 -7.605466
  vertex -4.8772564 -143.49925 -5.134553
  vertex -4.806687 -143.0235 -4.1735454
 endloop
endfacet
facet normal -0.45008695 0.022111803 -0.8927109
 outer loop
  vertex 0 -143.97961 -7.605466
  vertex -4.9008555 -143.97961 -5.134553
  vertex -4.8772564 -143.49925 -5.134553
 endloop
endfacet
facet normal -0.45008695 -0.022111803 -0.8927109
 outer loop
  vertex 0 -143.97961 -7.605466
  vertex -4.8772564 -144.45998 -5.134553
  vertex -4.9008555 -143.97961 -5.134553
 endloop
endfacet
facet normal -0.13102996 -0.8922576 -0.4320967
 outer loop
  vertex 0 -143.97961 -7.605466
  vertex -4.806687 -144.93573 -4.1735454
  vertex -4.8772564 -144.45998 -5.134553
 endloop
endfacet
facet normal -0.55686945 -0.1394917 -0.8188031
 outer loop
  vertex 0 -143.97961 -7.605466
  vertex -4.6898265 -145.40225 -4.1735454
  vertex -4.806687 -144.93573 -4.1735454
 endloop
endfacet
facet normal -0.5405168 -0.1933993 -0.818803
 outer loop
  vertex 0 -143.97961 -7.605466
  vertex -4.5278 -145.85509 -4.1735454
  vertex -4.6898265 -145.40225 -4.1735454
 endloop
endfacet
facet normal -0.51895684 -0.24544948 -0.818803
 outer loop
  vertex 0 -143.97961 -7.605466
  vertex -4.322169 -146.28986 -4.1735454
  vertex -4.5278 -145.85509 -4.1735454
 endloop
endfacet
facet normal -0.49240002 -0.29513383 -0.8188029
 outer loop
  vertex 0 -143.97961 -7.605466
  vertex -4.0749125 -146.70238 -4.1735454
  vertex -4.322169 -146.28986 -4.1735454
 endloop
endfacet
facet normal -0.46110386 -0.3419721 -0.818803
 outer loop
  vertex 0 -143.97961 -7.605466
  vertex -3.7884128 -147.08868 -4.1735454
  vertex -4.0749125 -146.70238 -4.1735454
 endloop
endfacet
facet normal -0.42535865 -0.38552767 -0.818803
 outer loop
  vertex 0 -143.97961 -7.605466
  vertex -3.4654284 -147.44504 -4.1735454
  vertex -3.7884128 -147.08868 -4.1735454
 endloop
endfacet
facet normal -0.38552403 -0.42536226 -0.81880283
 outer loop
  vertex 0 -143.97961 -7.605466
  vertex -3.10907 -147.76802 -4.1735454
  vertex -3.4654284 -147.44504 -4.1735454
 endloop
endfacet
facet normal -0.34197536 -0.46110174 -0.81880283
 outer loop
  vertex 0 -143.97961 -7.605466
  vertex -2.7227697 -148.05452 -4.1735454
  vertex -3.10907 -147.76802 -4.1735454
 endloop
endfacet
facet normal -0.2951441 -0.49239367 -0.81880313
 outer loop
  vertex 0 -143.97961 -7.605466
  vertex -2.3102474 -148.30179 -4.1735454
  vertex -2.7227697 -148.05452 -4.1735454
 endloop
endfacet
facet normal -0.2454445 -0.51895875 -0.81880325
 outer loop
  vertex 0 -143.97961 -7.605466
  vertex -1.8754764 -148.50742 -4.1735454
  vertex -2.3102474 -148.30179 -4.1735454
 endloop
endfacet
facet normal -0.19339105 -0.5405198 -0.81880295
 outer loop
  vertex 0 -143.97961 -7.605466
  vertex -1.4226434 -148.66943 -4.1735454
  vertex -1.8754764 -148.50742 -4.1735454
 endloop
endfacet
facet normal -0.13949601 -0.5568687 -0.81880295
 outer loop
  vertex 0 -143.97961 -7.605466
  vertex -0.9561096 -148.7863 -4.1735454
  vertex -1.4226434 -148.66943 -4.1735454
 endloop
endfacet
facet normal -0.8922627 -0.13102394 -0.43208805
 outer loop
  vertex 0 -143.97961 -7.605466
  vertex -0.48036793 -148.85687 -5.134553
  vertex -0.9561096 -148.7863 -4.1735454
 endloop
endfacet
facet normal -0.02210307 -0.45008755 -0.89271086
 outer loop
  vertex 0 -143.97961 -7.605466
  vertex -2.9802322e-08 -148.88046 -5.134553
  vertex -0.48036793 -148.85687 -5.134553
 endloop
endfacet
facet normal 0.02210307 -0.45008755 -0.89271086
 outer loop
  vertex 0 -143.97961 -7.605466
  vertex 0.48036784 -148.85687 -5.134553
  vertex -2.9802322e-08 -148.88046 -5.134553
 endloop
endfacet
facet normal 0.8922627 -0.13102397 -0.43208805
 outer loop
  vertex 0 -143.97961 -7.605466
  vertex 0.9561095 -148.7863 -4.1735454
  vertex 0.48036784 -148.85687 -5.134553
 endloop
endfacet
facet normal 0.13949598 -0.5568686 -0.8188029
 outer loop
  vertex 0 -143.97961 -7.605466
  vertex 1.4226434 -148.66943 -4.1735454
  vertex 0.9561095 -148.7863 -4.1735454
 endloop
endfacet
facet normal 0.19339105 -0.5405198 -0.81880295
 outer loop
  vertex 0 -143.97961 -7.605466
  vertex 1.8754764 -148.50742 -4.1735454
  vertex 1.4226434 -148.66943 -4.1735454
 endloop
endfacet
facet normal 0.2454445 -0.51895875 -0.81880325
 outer loop
  vertex 0 -143.97961 -7.605466
  vertex 2.3102474 -148.30179 -4.1735454
  vertex 1.8754764 -148.50742 -4.1735454
 endloop
endfacet
facet normal 0.29513043 -0.49240124 -0.8188034
 outer loop
  vertex 0 -143.97961 -7.605466
  vertex 2.7227697 -148.05453 -4.1735454
  vertex 2.3102474 -148.30179 -4.1735454
 endloop
endfacet
facet normal 0.3419867 -0.46109274 -0.81880313
 outer loop
  vertex 0 -143.97961 -7.605466
  vertex 3.1090703 -147.76802 -4.1735454
  vertex 2.7227697 -148.05453 -4.1735454
 endloop
endfacet
facet normal 0.38552403 -0.42536226 -0.81880283
 outer loop
  vertex 0 -143.97961 -7.605466
  vertex 3.4654286 -147.44504 -4.1735454
  vertex 3.1090703 -147.76802 -4.1735454
 endloop
endfacet
facet normal 0.42535865 -0.38552767 -0.818803
 outer loop
  vertex 0 -143.97961 -7.605466
  vertex 3.788413 -147.08868 -4.1735454
  vertex 3.4654286 -147.44504 -4.1735454
 endloop
endfacet
facet normal 0.4611037 -0.34197226 -0.8188031
 outer loop
  vertex 0 -143.97961 -7.605466
  vertex 4.074913 -146.70238 -4.1735454
  vertex 3.788413 -147.08868 -4.1735454
 endloop
endfacet
facet normal 0.4924 -0.2951338 -0.81880295
 outer loop
  vertex 0 -143.97961 -7.605466
  vertex 4.3221693 -146.28986 -4.1735454
  vertex 4.074913 -146.70238 -4.1735454
 endloop
endfacet
facet normal 0.51895684 -0.24544947 -0.818803
 outer loop
  vertex 0 -143.97961 -7.605466
  vertex 4.5278006 -145.85509 -4.1735454
  vertex 4.3221693 -146.28986 -4.1735454
 endloop
endfacet
facet normal 0.54051673 -0.19339928 -0.8188031
 outer loop
  vertex 0 -143.97961 -7.605466
  vertex 4.689827 -145.40225 -4.1735454
  vertex 4.5278006 -145.85509 -4.1735454
 endloop
endfacet
facet normal 0.55686927 -0.13949223 -0.81880313
 outer loop
  vertex 0 -143.97961 -7.605466
  vertex 4.806688 -144.93573 -4.1735454
  vertex 4.689827 -145.40225 -4.1735454
 endloop
endfacet
facet normal 0.13102993 -0.89225763 -0.43209666
 outer loop
  vertex 0 -143.97961 -7.605466
  vertex 4.8772573 -144.45998 -5.134553
  vertex 4.806688 -144.93573 -4.1735454
 endloop
endfacet
facet normal 0.45008686 -0.022111798 -0.892711
 outer loop
  vertex 0 -143.97961 -7.605466
  vertex 4.9008565 -143.97961 -5.134553
  vertex 4.8772573 -144.45998 -5.134553
 endloop
endfacet
facet normal 0.45008686 0.022111798 -0.892711
 outer loop
  vertex 0 -143.97961 -7.605466
  vertex 4.8772573 -143.49925 -5.134553
  vertex 4.9008565 -143.97961 -5.134553
 endloop
endfacet
facet normal 0.13102995 0.89225763 -0.43209672
 outer loop
  vertex 0 -143.97961 -7.605466
  vertex 4.806688 -143.0235 -4.1735454
  vertex 4.8772573 -143.49925 -5.134553
 endloop
endfacet
facet normal 0.5568693 0.13949168 -0.8188031
 outer loop
  vertex 0 -143.97961 -7.605466
  vertex 4.6898274 -142.55698 -4.1735454
  vertex 4.806688 -143.0235 -4.1735454
 endloop
endfacet
facet normal 0.54051673 0.19339928 -0.8188031
 outer loop
  vertex 0 -143.97961 -7.605466
  vertex 4.527801 -142.10414 -4.1735454
  vertex 4.6898274 -142.55698 -4.1735454
 endloop
endfacet
facet normal 0.5189568 0.24544945 -0.818803
 outer loop
  vertex 0 -143.97961 -7.605466
  vertex 4.32217 -141.66937 -4.1735454
  vertex 4.527801 -142.10414 -4.1735454
 endloop
endfacet
facet normal 0.4924 0.2951338 -0.818803
 outer loop
  vertex 0 -143.97961 -7.605466
  vertex 4.0749135 -141.25685 -4.1735454
  vertex 4.32217 -141.66937 -4.1735454
 endloop
endfacet
facet normal 0.46110377 0.34197205 -0.818803
 outer loop
  vertex 0 -143.97961 -7.605466
  vertex 3.7884138 -140.87054 -4.1735454
  vertex 4.0749135 -141.25685 -4.1735454
 endloop
endfacet
facet normal 0.42535865 0.38552767 -0.818803
 outer loop
  vertex 0 -143.97961 -7.605466
  vertex 3.4654293 -140.51419 -4.1735454
  vertex 3.7884138 -140.87054 -4.1735454
 endloop
endfacet
facet normal 0.3855239 0.42536238 -0.81880295
 outer loop
  vertex 0 -143.97961 -7.605466
  vertex 3.1090708 -140.19121 -4.1735454
  vertex 3.4654293 -140.51419 -4.1735454
 endloop
endfacet
facet normal 0.3419867 0.46109274 -0.81880313
 outer loop
  vertex 0 -143.97961 -7.605466
  vertex 2.7227702 -139.9047 -4.1735454
  vertex 3.1090708 -140.19121 -4.1735454
 endloop
endfacet
facet normal 0.29513043 0.49240124 -0.8188034
 outer loop
  vertex 0 -143.97961 -7.605466
  vertex 2.310248 -139.65744 -4.1735454
  vertex 2.7227702 -139.9047 -4.1735454
 endloop
endfacet
facet normal 0.2454444 0.51895887 -0.81880325
 outer loop
  vertex 0 -143.97961 -7.605466
  vertex 1.8754766 -139.45181 -4.1735454
  vertex 2.310248 -139.65744 -4.1735454
 endloop
endfacet
facet normal 0.193407 0.54051346 -0.8188033
 outer loop
  vertex 0 -143.97961 -7.605466
  vertex 1.4226437 -139.28978 -4.1735454
  vertex 1.8754766 -139.45181 -4.1735454
 endloop
endfacet
facet normal 0.1394787 0.55687237 -0.8188033
 outer loop
  vertex 0 -143.97961 -7.605466
  vertex 0.95610976 -139.17293 -4.1735454
  vertex 1.4226437 -139.28978 -4.1735454
 endloop
endfacet
facet normal 0.8922626 0.13102397 -0.43208817
 outer loop
  vertex 0 -143.97961 -7.605466
  vertex 0.480368 -139.10236 -5.134553
  vertex 0.95610976 -139.17293 -4.1735454
 endloop
endfacet
facet normal 0.0221173 0.4500863 -0.89271116
 outer loop
  vertex 0 -143.97961 -7.605466
  vertex 0 -139.07875 -5.134553
  vertex 0.480368 -139.10236 -5.134553
 endloop
endfacet
endsolid 
